지점,지점명,일시,기온(°C),기온 QC플래그,강수량(mm),강수량 QC플래그,풍속(m/s),풍속 QC플래그,풍향(16방위),풍향 QC플래그,습도(%),습도 QC플래그,증기압(hPa),이슬점온도(°C),현지기압(hPa),현지기압 QC플래그,해면기압(hPa),해면기압 QC플래그,일조(hr),일조 QC플래그,일사(MJ/m2),일사 QC플래그,전운량(10분위),중하층운량(10분위),운형(운형약어),최저운고(100m ),시정(10m),지면상태(지면상태코드),현상번호(국내식),지면온도(°C),지면온도 QC플래그,5cm 지중온도(°C),10cm 지중온도(°C),20cm 지중온도(°C),30cm 지중온도(°C)
108,서울,2017-05-01 01:00,14.6,0,,,1.1,0,270,0,82,0,13.6,11.5,1001.8,0,1011.9,0,,9,,9,,0,,,293,,4019,11.6,0,16.1,18.1,17.9,17
108,서울,2017-05-01 02:00,14.2,0,,,2,0,270,0,83,0,13.4,11.3,1002.2,0,1012.4,0,,9,,9,,0,,,248,,19,11.8,0,15.7,17.7,17.6,17
108,서울,2017-05-01 03:00,13.8,0,,,.2,0,0,0,86,0,13.5,11.4,1002.7,0,1012.9,0,,9,,9,0,0,,,230,,19,10.4,0,15.2,17.3,17.5,16.9
108,서울,2017-05-01 04:00,13.4,0,,,.3,0,0,0,86,0,13.1,11,1003.4,0,1013.6,0,,9,,9,0,0,,,218,,19,9.9,0,14.6,16.9,17.2,16.8
108,서울,2017-05-01 05:00,13.1,0,,,.7,0,360,0,84,0,12.6,10.4,1004,0,1014.2,0,,9,,9,0,0,,,236,,19,9.5,0,14.2,16.6,17,16.8
108,서울,2017-05-01 06:00,12.8,0,,,1.4,0,50,0,84,0,12.4,10.1,1004.8,0,1015.1,0,0,0,.02,0,0,0,,,235,,19,9.5,0,13.8,16.2,16.8,16.7
108,서울,2017-05-01 07:00,13.7,0,,,1.9,0,70,0,65,0,10.2,7.2,1005.7,0,1015.9,0,.5,0,.3,0,0,0,,,468,,4019,12.7,0,14.1,16,16.6,16.6
108,서울,2017-05-01 08:00,16.6,0,,,2.7,0,70,0,44,0,8.2,4.2,1006.3,0,1016.4,0,1,0,.92,0,0,0,,,1134,,40,20.5,0,15.4,15.9,16.4,16.5
108,서울,2017-05-01 09:00,19.4,0,,,3.6,0,50,0,37,0,8.3,4.3,1006.8,0,1016.8,0,1,0,1.64,0,0,0,,,1462,,,29,0,17.6,16.1,16.3,16.3
108,서울,2017-05-01 10:00,21.5,0,,,1.9,0,70,0,37,0,9.4,6.1,1006.8,0,1016.7,0,1,0,2.26,0,0,0,,,1284,,,37.4,0,20.2,16.7,16.2,16.2
108,서울,2017-05-01 11:00,23.1,0,,,1.5,0,90,0,34,0,9.5,6.3,1006.8,0,1016.6,0,1,0,2.75,0,0,0,,,1352,,,43.8,0,23,17.8,16.3,16.2
108,서울,2017-05-01 12:00,24.7,0,,,2.4,0,90,0,30,0,9.3,5.9,1006.5,0,1016.3,0,1,0,3.05,0,0,0,,,1461,,,48.5,0,25.4,19,16.5,16.2
108,서울,2017-05-01 13:00,26.3,0,,,2.1,0,50,0,25,0,8.5,4.6,1005.8,0,1015.6,0,1,0,3.13,0,0,0,,,1667,,,50.2,0,27.2,20.4,16.9,16.2
108,서울,2017-05-01 14:00,27.4,0,,,1.7,0,90,0,23,0,8.4,4.4,1005.4,0,1015.1,0,1,0,2.99,0,0,0,,,1661,,,49.9,0,28.6,21.5,17.3,16.3
108,서울,2017-05-01 15:00,27.8,0,,,1.5,0,270,0,22,0,8.2,4.1,1004.8,0,1014.5,0,1,0,2.64,0,0,0,,,1644,,,47.3,0,29.1,22.5,17.8,16.4
108,서울,2017-05-01 16:00,28.1,0,,,2,0,200,0,19,0,7.2,2.2,1004.4,0,1014.1,0,1,0,2.18,0,0,0,,,1665,,,42.3,0,28.9,23.1,18.3,16.6
108,서울,2017-05-01 17:00,26.7,0,,,4.2,0,250,0,32,0,11.2,8.6,1004.8,0,1014.5,0,1,0,1.47,0,0,0,,,913,,40,34.1,0,27.5,23.3,18.8,16.8
108,서울,2017-05-01 18:00,24.4,0,,,3.6,0,290,0,39,0,11.9,9.5,1005.4,0,1015.2,0,1,0,.7,0,0,0,,,696,,40,26,0,25.6,23.2,19.1,17
108,서울,2017-05-01 19:00,22.7,0,,,3.1,0,290,0,41,0,11.2,8.7,1005.7,0,1015.6,0,.4,0,.23,0,,0,,,732,,40,21.4,0,23.6,22.7,19.3,17.2
108,서울,2017-05-01 20:00,21.3,0,,,.8,0,270,0,47,0,11.9,9.5,1006.4,0,1016.3,0,0,0,.02,0,,0,,,715,,40,18.2,0,21.8,22,19.4,17.4
108,서울,2017-05-01 21:00,20.3,0,,,.9,0,290,0,49,0,11.6,9.2,1007.3,0,1017.3,0,,9,,9,0,0,,,730,,40,16.3,0,20.3,21.3,19.3,17.5
108,서울,2017-05-01 22:00,19.3,0,,,3.7,0,270,0,52,0,11.6,9.1,1007.9,0,1017.9,0,,9,,9,,0,,,812,,40,15.7,0,19.4,20.7,19.2,17.6
108,서울,2017-05-01 23:00,18.6,0,,,.3,0,0,0,58,0,12.4,10.1,1008.5,0,1018.5,0,,9,,9,,0,,,554,,40,14.1,0,18.6,20,19,17.7
108,서울,2017-05-02 00:00,17.8,0,,,1.2,0,290,0,59,0,11.9,9.6,1008.6,0,1018.7,0,,9,,9,0,0,,,676,,40,13.2,0,17.7,19.5,18.9,17.7
108,서울,2017-05-02 01:00,17.1,0,,,.8,0,50,0,53,0,10.3,7.4,1009,0,1019.1,0,,9,,9,,0,,,956,,40,12.3,0,16.9,19,18.6,17.7
108,서울,2017-05-02 02:00,16.3,0,,,2.4,0,50,0,59,0,10.9,8.2,1008.8,0,1019,0,,9,,9,,0,,,792,,40,11.7,0,16.4,18.5,18.4,17.6
108,서울,2017-05-02 03:00,15.9,0,,,1.7,0,90,0,59,0,10.6,7.8,1009.1,0,1019.3,0,,9,,9,0,0,,,669,,40,11.4,0,15.9,18.1,18.2,17.6
108,서울,2017-05-02 04:00,15.7,0,,,1.2,0,20,0,63,0,11.2,8.6,1009.9,0,1020.1,0,,9,,9,0,0,,,688,,40,11.1,0,15.6,17.7,18,17.5
108,서울,2017-05-02 05:00,15.5,0,,,.4,0,0,0,66,0,11.6,9.1,1010.6,0,1020.8,0,,9,,9,0,0,,,465,,40,10.4,0,15.1,17.4,17.8,17.4
108,서울,2017-05-02 06:00,15.3,0,,,2.6,0,270,0,69,0,11.9,9.6,1011.5,0,1021.8,0,0,0,.02,0,0,0,,,291,,40,11.3,0,14.8,17,17.5,17.4
108,서울,2017-05-02 07:00,15.3,0,,,1.5,0,290,0,68,0,11.8,9.4,1012.2,0,1022.5,0,.1,0,.26,0,0,0,,,272,,40,13.6,0,15.2,16.8,17.4,17.3
108,서울,2017-05-02 08:00,17,0,,,.4,0,0,0,59,0,11.4,8.9,1012.4,0,1022.6,0,1,0,.76,0,0,0,,,318,,40,20.3,0,16.3,16.7,17.2,17.1
108,서울,2017-05-02 09:00,19.8,0,,,2.1,0,70,0,48,0,11,8.4,1012.5,0,1022.6,0,1,0,1.35,0,0,0,,,488,,40,28.2,0,18.3,16.9,17,17
108,서울,2017-05-02 10:00,22.2,0,,,2.2,0,70,0,38,0,10.1,7.1,1012.7,0,1022.7,0,1,0,2.09,0,5,0,Ci,,676,,40,37.1,0,20.9,17.5,17,16.9
108,서울,2017-05-02 11:00,24,0,,,1.5,0,20,0,34,0,10.1,7.1,1012.7,0,1022.6,0,1,0,2.45,0,7,0,Ci,,838,,40,41.8,0,23.5,18.5,17,16.8
108,서울,2017-05-02 12:00,25.4,0,,,1.7,0,20,0,30,0,9.7,6.5,1012.1,0,1022,0,1,0,2.75,0,8,0,Ci,,974,,40,47,0,25.6,19.6,17.2,16.8
108,서울,2017-05-02 13:00,27.1,0,,,2.2,0,200,0,29,0,10.4,7.5,1011.5,0,1021.3,0,1,0,2.71,0,8,0,Ci,,856,,40,47.5,0,27.2,20.7,17.5,16.8
108,서울,2017-05-02 14:00,26.8,0,,,2.6,0,230,0,30,0,10.5,7.7,1010.9,0,1020.7,0,.9,0,2.2,0,9,0,Ci,,990,,40,40.8,0,27.9,21.7,17.9,16.9
108,서울,2017-05-02 15:00,27.7,0,,,1.3,0,90,0,27,0,9.9,6.9,1010,0,1019.7,0,1,0,2.39,0,8,0,Ci,,764,,40,45.3,0,28.5,22.4,18.3,17
108,서울,2017-05-02 16:00,26.6,0,,,3.1,0,270,0,33,0,11.4,8.9,1009.7,0,1019.5,0,.4,0,1.34,0,9,0,Ci,,783,,40,35.9,0,27.6,22.9,18.7,17.2
108,서울,2017-05-02 17:00,24.8,0,,,3.6,0,270,0,33,0,10.3,7.4,1010.2,0,1020.1,0,0,0,.91,0,9,0,Ci,,1262,,40,30.3,0,26,23,19.1,17.3
108,서울,2017-05-02 18:00,23.5,0,,,4.4,0,290,0,33,0,9.5,6.2,1010.1,0,1020,0,.3,0,.68,0,9,0,Ci,,1428,,,26,0,24.7,22.7,19.3,17.5
108,서울,2017-05-02 19:00,21.6,0,,,3.7,0,270,0,36,0,9.2,5.8,1010.1,0,1020.1,0,0,0,.29,0,,0,,,1729,,,21.3,0,23.1,22.3,19.5,17.7
108,서울,2017-05-02 20:00,20.1,0,,,1.2,0,250,0,42,0,9.8,6.7,1010.7,0,1020.8,0,0,0,.01,0,,0,,,1716,,,18.1,0,21.5,21.8,19.5,17.8
108,서울,2017-05-02 21:00,19.4,0,,,2.4,0,270,0,39,0,8.7,5,1011.5,0,1021.5,0,,9,,9,0,0,,,1757,,,16.5,0,20.2,21.1,19.4,17.9
108,서울,2017-05-02 22:00,19.2,0,,,3,0,290,0,29,0,6.4,.7,1011.7,0,1021.7,0,,9,,9,,0,,,2000,,,15.4,0,19.3,20.5,19.3,18
108,서울,2017-05-02 23:00,18.8,0,,,2.9,0,320,0,31,0,6.7,1.2,1011.7,0,1021.7,0,,9,,9,,0,,,2000,,,14.5,0,18.5,20,19.2,18
108,서울,2017-05-03 00:00,18.4,0,,,3.1,0,290,0,31,0,6.5,.9,1011.9,0,1022,0,,9,,9,0,0,,,2000,,,14.1,0,18,19.5,19,18
108,서울,2017-05-03 01:00,17.6,0,,,2.3,0,270,0,34,0,6.8,1.5,1012,0,1022.1,0,,9,,9,,0,,,2000,,,13.1,0,17.4,19.1,18.8,18
108,서울,2017-05-03 02:00,16.8,0,,,1.6,0,270,0,40,0,7.6,3.1,1011.8,0,1022,0,,9,,9,,0,,,1994,,,12.3,0,16.8,18.6,18.6,17.9
108,서울,2017-05-03 03:00,16.1,0,,,.6,0,290,0,45,0,8.2,4.1,1012,0,1022.2,0,,9,,9,0,0,,,1968,,,11.4,0,16.2,18.2,18.4,17.9
108,서울,2017-05-03 04:00,15.4,0,,,.9,0,20,0,50,0,8.7,5,1011.6,0,1021.8,0,,9,,9,0,0,,,1979,,,10.2,0,15.5,17.9,18.2,17.8
108,서울,2017-05-03 05:00,14.8,0,,,.9,0,20,0,51,0,8.5,4.7,1011.6,0,1021.9,0,,9,,9,0,0,,,1538,,,9.6,0,14.9,17.5,18,17.7
108,서울,2017-05-03 06:00,14.6,0,,,.6,0,360,0,53,0,8.8,5.1,1011.9,0,1022.1,0,0,0,.03,0,0,0,,,1532,,,9.8,0,14.5,17.1,17.8,17.6
108,서울,2017-05-03 07:00,15,0,,,1.1,0,270,0,50,0,8.5,4.6,1012.4,0,1022.7,0,.8,0,.34,0,0,0,,,1465,,,13,0,14.6,16.8,17.5,17.5
108,서울,2017-05-03 08:00,17.4,0,,,.3,0,0,0,39,0,7.7,3.2,1012.7,0,1022.8,0,1,0,.94,0,0,0,,,1457,,,22.5,0,16.3,16.7,17.3,17.4
108,서울,2017-05-03 09:00,20,0,,,1,0,250,0,32,0,7.4,2.7,1012.7,0,1022.8,0,1,0,1.59,0,0,0,,,1777,,,31.6,0,18.7,17,17.1,17.2
108,서울,2017-05-03 10:00,23.3,0,,,1.2,0,90,0,32,0,9.1,5.6,1012.3,0,1022.2,0,1,0,2.2,0,0,0,,,1001,,,39.5,0,21.6,17.6,17.1,17.1
108,서울,2017-05-03 11:00,25.6,0,,,1.8,0,20,0,29,0,9.5,6.2,1011.8,0,1021.7,0,1,0,2.63,0,0,0,,,869,,40,45.6,0,24.3,18.7,17.2,17
108,서울,2017-05-03 12:00,27.3,0,,,2.7,0,160,0,26,0,9.4,6.1,1010.9,0,1020.7,0,1,0,2.97,0,0,0,,,836,,40,50.2,0,26.7,20,17.4,17
108,서울,2017-05-03 13:00,28.4,0,,,1.9,0,50,0,20,0,7.7,3.2,1010.1,0,1019.8,0,1,0,3.1,0,0,0,,,1346,,40,52.3,0,28.5,21.3,17.8,17.1
108,서울,2017-05-03 14:00,29.6,0,,,2.5,0,270,0,22,0,9.1,5.6,1009.3,0,1019,0,1,0,2.9,0,0,0,,,859,,40,51.8,0,29.9,22.4,18.2,17.1
108,서울,2017-05-03 15:00,30,0,,,3.2,0,230,0,16,0,6.8,1.4,1008.7,0,1018.4,0,1,0,2.59,0,0,0,,,1183,,40,48.7,0,30.3,23.3,18.7,17.3
108,서울,2017-05-03 16:00,29.2,0,,,3.9,0,270,0,25,0,10.1,7.1,1008.2,0,1017.9,0,1,0,2.1,0,0,0,,,769,,40,43.1,0,29.9,23.9,19.2,17.4
108,서울,2017-05-03 17:00,28.1,0,,,4.4,0,270,0,25,0,9.5,6.2,1008.1,0,1017.8,0,1,0,1.44,0,0,0,,,862,,40,35.9,0,28.5,24.1,19.6,17.6
108,서울,2017-05-03 18:00,25.9,0,,,7,0,270,0,25,0,8.3,4.3,1008.2,0,1018,0,1,0,.87,0,0,0,,,1246,,40,27.7,0,26.9,24,19.9,17.8
108,서울,2017-05-03 19:00,22.7,0,,,4.7,0,270,0,34,0,9.3,6,1008.9,0,1018.8,0,.8,0,.33,0,,0,,,1444,,,22.2,0,24.6,23.5,20.1,18.1
108,서울,2017-05-03 20:00,20.7,0,,,3.7,0,270,0,37,0,9,5.4,1009.2,0,1019.2,0,0,0,.02,0,,0,,,1395,,,18.8,0,22.6,22.9,20.2,18.2
108,서울,2017-05-03 21:00,20.2,0,,,2.8,0,270,0,33,0,7.7,3.3,1009.7,0,1019.7,0,,9,,9,0,0,,,1945,,,17.1,0,21.3,22.2,20.2,18.4
108,서울,2017-05-03 22:00,19.4,0,,,.3,0,0,0,42,0,9.4,6.1,1010,0,1020,0,,9,,9,,0,,,1368,,,14.9,0,20,21.5,20,18.5
108,서울,2017-05-03 23:00,18.5,0,,,.6,0,290,0,45,0,9.5,6.3,1009.7,0,1019.7,0,,9,,9,,0,,,1345,,,13.5,0,18.8,20.8,19.9,18.5
108,서울,2017-05-04 00:00,17.7,0,,,1,0,270,0,43,0,8.7,4.9,1009.6,0,1019.7,0,,9,,9,0,0,,,1338,,,12.7,0,18,20.2,19.7,18.5
108,서울,2017-05-04 01:00,17.4,0,,,1.3,0,230,0,44,0,8.7,5,1009.5,0,1019.6,0,,9,,9,,0,,,1319,,,12,0,17.3,19.6,19.4,18.5
108,서울,2017-05-04 02:00,17,0,,,.5,0,340,0,47,0,9,5.5,1009,0,1019.1,0,,9,,9,,0,,,1218,,,11.9,0,17,19.2,19.2,18.4
108,서울,2017-05-04 03:00,16,0,,,.1,0,0,0,52,0,9.4,6.1,1008.6,0,1018.8,0,,9,,9,0,0,,,1162,,,10.7,0,16.3,18.7,18.9,18.4
108,서울,2017-05-04 04:00,15.3,0,,,1.8,0,50,0,52,0,9,5.4,1008.1,0,1018.3,0,,9,,9,0,0,,,1363,,,10.6,0,15.8,18.3,18.7,18.3
108,서울,2017-05-04 05:00,14.9,0,,,.9,0,70,0,51,0,8.6,4.8,1008,0,1018.2,0,,9,,9,0,0,,,1308,,,10.2,0,15.4,18,18.5,18.2
108,서울,2017-05-04 06:00,14.8,0,,,1.3,0,20,0,55,0,9.2,5.8,1008.2,0,1018.4,0,0,0,.04,0,7,0,Ci,,1305,,,11,0,15.2,17.6,18.3,18.1
108,서울,2017-05-04 07:00,15.7,0,,,1.4,0,50,0,51,0,9,5.5,1008.2,0,1018.4,0,.4,0,.33,0,4,0,Ci,,1157,,,14.3,0,15.5,17.4,18.1,18
108,서울,2017-05-04 08:00,18.7,0,,,1.3,0,50,0,43,0,9.2,5.8,1008.3,0,1018.3,0,1,0,.89,0,6,0,Ci,,1108,,,23,0,17,17.3,17.9,17.9
108,서울,2017-05-04 09:00,21.8,0,,,1,0,50,0,34,0,8.8,5.2,1008.1,0,1018,0,1,0,1.56,0,8,0,Ci,,1092,,,32.6,0,19.5,17.6,17.7,17.7
108,서울,2017-05-04 10:00,24,0,,,1.7,0,160,0,34,0,10.1,7.1,1007.3,0,1017.1,0,1,0,2.07,0,9,0,Ci,,1319,,,39.7,0,22.2,18.3,17.7,17.6
108,서울,2017-05-04 11:00,25.2,0,,,1.7,0,320,0,30,0,9.5,6.3,1006.6,0,1016.4,0,1,0,2.29,0,9,0,Ci,,1665,,,43.5,0,24.5,19.3,17.8,17.6
108,서울,2017-05-04 12:00,25.3,0,,,2.4,0,340,0,31,0,9.9,6.9,1006,0,1015.8,0,.8,0,2.04,0,8,0,Ci,,1893,,,42,0,25.7,20.3,17.9,17.5
108,서울,2017-05-04 13:00,26.4,0,,,2.1,0,290,0,28,0,9.6,6.4,1005.1,0,1014.9,0,.9,0,2.43,0,9,0,Ci,,1731,,,45,0,26.9,21.2,18.2,17.5
108,서울,2017-05-04 14:00,26.7,0,,,3.4,0,250,0,30,0,10.4,7.6,1004.5,0,1014.2,0,.8,0,1.83,0,9,0,Ci,,1682,,,42.6,0,27.1,21.9,18.6,17.6
108,서울,2017-05-04 15:00,26.3,0,,,3.9,0,270,0,31,0,10.6,7.8,1004.1,0,1013.9,0,.8,0,2.04,0,9,0,Ci,,1821,,,38.6,0,27.7,22.5,18.9,17.7
108,서울,2017-05-04 16:00,25,0,,,4.9,0,270,0,37,0,11.6,9.2,1004.1,0,1013.9,0,.3,0,1.22,0,9,1,AcCi,35,1368,,,33.2,0,26.8,22.8,19.2,17.9
108,서울,2017-05-04 17:00,23.8,0,,,3.5,0,270,0,39,0,11.5,9,1003.6,0,1013.4,0,0,0,.51,0,9,2,AcCi,35,1777,,,28.3,0,25.2,22.8,19.5,18
108,서울,2017-05-04 18:00,23.3,0,,,3.5,0,290,0,40,0,11.4,8.9,1003.6,0,1013.4,0,0,0,.42,0,9,3,AcCi,35,1942,,,26.1,0,24.1,22.6,19.7,18.1
108,서울,2017-05-04 19:00,22.6,0,,,2.3,0,270,0,43,0,11.7,9.3,1003.4,0,1013.2,0,0,0,.2,0,,6,,47,1963,,,22.9,0,23.1,22.2,19.8,18.3
108,서울,2017-05-04 20:00,21.4,0,,,3.7,0,270,0,49,0,12.4,10.2,1004,0,1013.9,0,0,0,.02,0,,7,,27,1790,,,21,0,22.1,21.9,19.8,18.3
108,서울,2017-05-04 21:00,20.8,0,,,1.8,0,290,0,48,0,11.7,9.3,1004.8,0,1014.8,0,,9,,9,9,9,Ac,26,1781,,,19.8,0,21.3,21.4,19.8,18.4
108,서울,2017-05-04 22:00,20.5,0,,,1.6,0,250,0,54,0,12.9,10.8,1004.9,0,1014.9,0,,9,,9,,9,,33,1808,,,19.2,0,20.7,21,19.7,18.5
108,서울,2017-05-04 23:00,20.3,0,,,2.3,0,270,0,55,0,13,10.9,1005,0,1015,0,,9,,9,,2,,24,1731,,,18.8,0,20.2,20.7,19.6,18.5
108,서울,2017-05-05 00:00,20,0,,,2.2,0,270,0,58,0,13.5,11.4,1004.8,0,1014.8,0,,9,,9,9,9,Sc,18,1617,,,18.5,0,19.9,20.4,19.5,18.5
108,서울,2017-05-05 01:00,19.8,0,,,2.2,0,270,0,58,0,13.3,11.2,1004.8,0,1014.8,0,,9,,9,,9,,20,1632,,,18.4,0,19.7,20.1,19.4,18.5
108,서울,2017-05-05 02:00,19.4,0,,,2.7,0,270,0,59,0,13.2,11.1,1004.8,0,1014.7,0,,9,,9,,9,,18,1529,,,18.4,0,19.4,19.9,19.2,18.5
108,서울,2017-05-05 03:00,18.9,0,,,2.3,0,270,0,60,0,13,10.9,1004.7,0,1014.7,0,,9,,9,9,9,Sc,18,1588,,,17.8,0,19.2,19.7,19.1,18.4
108,서울,2017-05-05 04:00,18.6,0,,,2.3,0,290,0,61,0,13,10.9,1004.9,0,1014.9,0,,9,,9,9,9,Sc,17,1527,,,17.7,0,18.9,19.5,19,18.4
108,서울,2017-05-05 05:00,18.3,0,,,2.3,0,270,0,64,0,13.4,11.3,1004.9,0,1014.9,0,,9,,9,9,9,Sc,17,1403,,,17.4,0,18.7,19.3,18.9,18.4
108,서울,2017-05-05 06:00,17.9,0,,,1.6,0,270,0,67,0,13.7,11.6,1004.9,0,1014.9,0,0,0,.03,0,3,3,Sc,18,1420,,,15.8,0,18.4,19.1,18.8,18.3
108,서울,2017-05-05 07:00,18,0,,,.3,0,0,0,61,0,12.5,10.3,1005,0,1015,0,.4,0,.3,0,2,2,Sc,18,1373,,,17.4,0,18,18.9,18.7,18.2
108,서울,2017-05-05 08:00,19.6,0,,,1.4,0,290,0,54,0,12.3,10,1004.6,0,1014.5,0,1,0,.98,0,0,0,,,1343,,,25.8,0,19.1,18.8,18.5,18.2
108,서울,2017-05-05 09:00,21.7,0,,,.9,0,230,0,47,0,12.1,9.8,1004.2,0,1014.1,0,1,0,1.38,0,3,1,ScCi,13,1849,,,30.4,0,21,19,18.4,18.1
108,서울,2017-05-05 10:00,24,0,,,2.2,0,200,0,42,0,12.4,10.2,1003.4,0,1013.2,0,1,0,2.29,0,1,1,Sc,10,1966,,,42.4,0,23.5,19.5,18.4,18
108,서울,2017-05-05 11:00,25.3,0,,,2.6,0,200,0,39,0,12.5,10.3,1003.1,0,1012.9,0,1,0,2.82,0,2,2,Sc,10,1809,,,48.6,0,26.3,20.4,18.5,18
108,서울,2017-05-05 12:00,26,0,,,3.3,0,230,0,40,0,13.4,11.3,1002.8,0,1012.6,0,1,0,2.92,0,3,3,Sc,15,1766,,,51,0,28.2,21.6,18.7,18
108,서울,2017-05-05 13:00,25.6,0,,,3.9,0,250,0,41,0,13.4,11.3,1002.7,0,1012.5,0,.8,0,2.32,0,6,6,Sc,15,1598,,,43.2,0,28.9,22.6,19,18.1
108,서울,2017-05-05 14:00,26.3,0,,,4.3,0,230,0,39,0,13.3,11.2,1002.3,0,1012,0,1,0,2.35,0,3,3,Sc,16,1925,,,46.2,0,29,23.3,19.4,18.1
108,서울,2017-05-05 15:00,26.6,0,,,4.8,0,230,0,38,0,13.2,11.1,1001.9,0,1011.6,0,1,0,2.75,0,1,1,Sc,16,2000,,,46.3,0,29.9,23.9,19.8,18.3
108,서울,2017-05-05 16:00,25.7,0,,,5.6,0,250,0,41,0,13.5,11.4,1001.6,0,1011.4,0,1,0,2.26,0,1,1,Sc,10,1949,,,41.9,0,29.6,24.4,20.1,18.4
108,서울,2017-05-05 17:00,23.7,0,,,6.4,0,270,0,49,0,14.3,12.3,1001.4,0,1011.2,0,1,0,1.69,0,1,1,Sc,10,1967,,,34.9,0,28.1,24.5,20.4,18.6
108,서울,2017-05-05 18:00,22.5,0,,,4.1,0,270,0,54,0,14.7,12.7,1001.7,0,1011.5,0,1,0,1.01,0,7,0,Ci,,2000,,,26.8,0,26.5,24.4,20.7,18.7
108,서울,2017-05-05 19:00,19.7,0,,,4.3,0,250,0,60,0,13.7,11.7,1002,0,1011.9,0,.4,0,.26,0,,2,,7,1991,,,22.9,0,24.5,23.9,20.8,18.9
108,서울,2017-05-05 20:00,18.8,0,,,4.6,0,270,0,69,0,14.9,12.9,1002,0,1012,0,0,0,.02,0,,4,,22,2000,,,19.3,0,22.9,23.3,20.9,19.1
108,서울,2017-05-05 21:00,18.1,0,,,4.6,0,270,0,73,0,15.1,13.1,1002.9,0,1012.9,0,,9,,9,9,9,Sc,10,1796,,,19,0,21.9,22.7,20.9,19.2
108,서울,2017-05-05 22:00,17.5,0,,,3.1,0,250,0,78,0,15.6,13.6,1002.7,0,1012.7,0,,9,,9,,7,,4,1323,,,17.4,0,21.1,22.2,20.8,19.2
108,서울,2017-05-05 23:00,16.3,0,,,4.5,0,250,0,78,0,14.4,12.4,1003.5,0,1013.6,0,,9,,9,,7,,4,499,,19,17.4,0,20.5,21.6,20.6,19.3
108,서울,2017-05-06 00:00,15.5,0,,,5.4,0,290,0,48,0,8.4,4.5,1004.4,0,1014.6,0,,9,,9,6,6,,,540,,4219,15,0,19.8,21.2,20.4,19.3
108,서울,2017-05-06 01:00,14.2,0,,,4.9,0,340,0,33,0,5.4,-1.8,1005.5,0,1015.7,0,,9,,9,0,0,,,660,,42,12.4,0,18.5,20.7,20.3,19.3
108,서울,2017-05-06 02:00,13.2,0,,,2.5,0,360,0,25,0,3.8,-6.4,1005.6,0,1015.8,0,,9,,9,0,0,,,950,,42,10.6,0,17.5,20.1,20,19.2
108,서울,2017-05-06 03:00,12.3,0,,,2.8,0,360,0,22,0,3.1,-8.8,1005,0,1015.3,0,,9,,9,0,0,,,1082,,42,9.1,0,16.3,19.6,19.8,19.1
108,서울,2017-05-06 04:00,11.8,0,,,2.5,0,320,0,21,0,2.9,-9.8,1005.1,0,1015.4,0,,9,,9,0,0,,,1014,,42,8.3,0,15.6,19,19.6,19.1
108,서울,2017-05-06 05:00,11,0,,,1.3,0,270,0,25,0,3.3,-8.3,1004.8,0,1015.1,0,,9,,9,0,0,,,1056,,42,6.7,0,14.7,18.5,19.3,19
108,서울,2017-05-06 06:00,10.1,0,,,.9,0,270,0,29,0,3.6,-7.1,1005.2,0,1015.6,0,0,0,.03,0,0,0,,,1078,,42,6,0,13.8,18,19,18.9
108,서울,2017-05-06 07:00,10.6,0,,,.7,0,290,0,22,0,2.8,-10.2,1005.7,0,1016.1,0,.6,0,.39,0,0,0,,,974,,42,9.7,0,13.8,17.4,18.8,18.7
108,서울,2017-05-06 08:00,13.4,0,,,2.6,0,250,0,21,0,3.2,-8.5,1006.1,0,1016.3,0,1,0,1.01,0,0,0,,,986,,42,19.1,0,15.3,17.2,18.5,18.6
108,서울,2017-05-06 09:00,15.4,0,,,3.1,0,250,0,19,0,3.3,-8.1,1005.7,0,1015.9,0,1,0,1.68,0,0,0,,,1225,,42,28.1,0,17.4,17.3,18.2,18.5
108,서울,2017-05-06 10:00,16.8,0,,,4.2,0,230,0,16,0,3,-9.2,1005.5,0,1015.6,0,1,0,2.28,0,1,0,Ci,,1228,,42,35.1,0,19.9,17.8,18.1,18.3
108,서울,2017-05-06 11:00,18,0,,,5,0,230,0,18,0,3.7,-6.7,1005.4,0,1015.4,0,1,0,2.77,0,1,0,Ci,,1268,,42,40.9,0,22.2,18.6,18.1,18.2
108,서울,2017-05-06 12:00,19.1,0,,,5.2,0,230,0,18,0,4,-5.8,1005.4,0,1015.4,0,1,0,3.07,0,2,0,Ci,,1450,,42,44.2,0,23.9,19.6,18.2,18.1
108,서울,2017-05-06 13:00,19.2,0,,,5.6,0,230,0,16,0,3.6,-7.2,1005.2,0,1015.2,0,1,0,3.12,0,7,0,Ci,,1424,,42,43.3,0,25.2,20.5,18.4,18.1
108,서울,2017-05-06 14:00,18.7,0,,,6.4,0,250,0,25,0,5.4,-1.7,1004.9,0,1014.9,0,1,0,2.96,0,5,0,Ci,,1157,,42,42.6,0,25.7,21.4,18.7,18.1
108,서울,2017-05-06 15:00,18.7,0,,,4.9,0,230,0,36,0,7.7,3.3,1004.3,0,1014.3,0,1,0,2.72,0,5,0,Ci,,1036,,42,40,0,26,21.9,19,18.2
108,서울,2017-05-06 16:00,18,0,,,7.1,0,230,0,38,0,7.8,3.4,1003.5,0,1013.5,0,1,0,2.23,0,1,0,Ci,,1355,,42,34,0,25.5,22.3,19.3,18.3
108,서울,2017-05-06 17:00,17.8,0,,,6.5,0,230,0,36,0,7.3,2.5,1003.1,0,1013.1,0,1,0,1.62,0,2,0,Ci,,1353,,42,28.2,0,24.4,22.4,19.6,18.4
108,서울,2017-05-06 18:00,16.8,0,,,6.2,0,230,0,41,0,7.8,3.4,1003.2,0,1013.3,0,1,0,.96,0,0,0,,,1467,,42,20.8,0,23,22.3,19.8,18.5
108,서울,2017-05-06 19:00,15.4,0,,,5.3,0,230,0,46,0,8,3.8,1003.8,0,1014,0,.8,0,.36,0,2,0,Ci,,1536,,42,16.6,0,21.2,21.9,19.9,18.6
108,서울,2017-05-06 20:00,14.7,0,,,2.9,0,250,0,46,0,7.6,3.1,1004.7,0,1014.9,0,0,0,.03,0,,0,,,1754,,42,13.8,0,19.6,21.3,19.9,18.7
108,서울,2017-05-06 21:00,14,0,,,2.9,0,270,0,43,0,6.8,1.5,1005.7,0,1015.9,0,,9,,9,0,0,,,1887,,,12,0,18.4,20.6,19.8,18.8
108,서울,2017-05-06 22:00,13.5,0,,,2.2,0,290,0,39,0,6,-.2,1005.8,0,1016,0,,9,,9,,0,,,1924,,,10.4,0,17.3,20,19.7,18.8
108,서울,2017-05-06 23:00,12.9,0,,,1.3,0,250,0,43,0,6.4,.6,1005.7,0,1016,0,,9,,9,,0,,,1844,,,9.2,0,16.3,19.4,19.5,18.8
108,서울,2017-05-07 00:00,12.6,0,,,2.4,0,250,0,48,0,7,1.8,1005.6,0,1015.9,0,,9,,9,0,0,,,1805,,,9.2,0,15.6,18.9,19.3,18.8
108,서울,2017-05-07 01:00,12.3,0,,,1.2,0,250,0,54,0,7.7,3.2,1005.3,0,1015.6,0,,9,,9,,0,,,1814,,,8.7,0,15.3,18.4,19.1,18.7
108,서울,2017-05-07 02:00,11.9,0,,,2.1,0,250,0,58,0,8,3.8,1005.2,0,1015.5,0,,9,,9,,0,,,1716,,,8.4,0,14.7,18,18.8,18.6
108,서울,2017-05-07 03:00,11.5,0,,,2.4,0,270,0,64,0,8.7,4.9,1004.8,0,1015.1,0,,9,,9,0,0,,,1470,,,8.2,0,14.4,17.6,18.6,18.5
108,서울,2017-05-07 04:00,11.5,0,,,2.3,0,250,0,71,0,9.6,6.4,1004.8,0,1015.1,0,,9,,9,0,0,,,1315,,,8.3,0,14.1,17.3,18.4,18.5
108,서울,2017-05-07 05:00,11.1,0,,,1.7,0,250,0,75,0,9.9,6.8,1004.2,0,1014.5,0,,9,,9,0,0,,,1105,,,7.9,0,13.9,17,18.2,18.3
108,서울,2017-05-07 06:00,10.9,0,,,.8,0,270,0,77,0,10,7,1003.9,0,1014.2,0,0,0,.04,0,0,0,,,1092,,,7.6,0,13.5,16.7,18,18.2
108,서울,2017-05-07 07:00,11.9,0,,,2.4,0,230,0,71,0,9.8,6.7,1004,0,1014.3,0,.6,0,.36,0,0,0,,,1339,,,11.3,0,13.7,16.5,17.8,18.1
108,서울,2017-05-07 08:00,13.8,0,,,1.9,0,230,0,64,0,10,7,1004.6,0,1014.8,0,1,0,.97,0,0,0,,,1344,,,20,0,15.2,16.4,17.6,18
108,서울,2017-05-07 09:00,15.4,0,,,2.7,0,250,0,62,0,10.8,8.1,1004.6,0,1014.8,0,1,0,1.58,0,3,3,Sc,10,1362,,,28.4,0,17.3,16.6,17.5,17.8
108,서울,2017-05-07 10:00,17.5,0,,,3.1,0,200,0,56,0,11.2,8.6,1004.2,0,1014.2,0,1,0,2.28,0,0,0,,,1237,,,36.8,0,20.1,17.2,17.4,17.7
108,서울,2017-05-07 11:00,19.7,0,,,3.5,0,230,0,45,0,10.3,7.4,1003.9,0,1013.8,0,1,0,2.73,0,1,1,Sc,11,1307,,42,43.6,0,22.8,18.2,17.4,17.6
108,서울,2017-05-07 12:00,21.2,0,,,4.2,0,250,0,26,0,6.5,.9,1003.1,0,1013,0,1,0,3.08,0,0,0,,,1542,,42,47.2,0,25,19.4,17.6,17.6
108,서울,2017-05-07 13:00,21.4,0,,,5.7,0,230,0,23,0,5.8,-.6,1002.9,0,1012.8,0,1,0,3.19,0,0,0,,,1825,,42,47,0,26.4,20.5,17.9,17.6
108,서울,2017-05-07 14:00,21.9,0,,,5.4,0,270,0,21,0,5.5,-1.4,1002.6,0,1012.5,0,1,0,3.1,0,0,0,,,1907,,42,47.2,0,27.4,21.5,18.3,17.7
108,서울,2017-05-07 15:00,22.5,0,,,5.6,0,230,0,23,0,6.2,.3,1001.9,0,1011.7,0,1,0,2.82,0,0,0,,,1948,,42,44.4,0,27.9,22.3,18.7,17.8
108,서울,2017-05-07 16:00,22.2,0,,,5.7,0,250,0,18,0,4.8,-3.2,1001.6,0,1011.4,0,1,0,2.4,0,0,0,,,1948,,,39.6,0,27.8,22.8,19.1,17.9
108,서울,2017-05-07 17:00,21.9,0,,,4.1,0,250,0,17,0,4.5,-4.2,1001.6,0,1011.5,0,1,0,1.81,0,0,0,,,1987,,,33.4,0,26.5,23.1,19.5,18
108,서울,2017-05-07 18:00,20.7,0,,,4.3,0,230,0,19,0,4.6,-3.7,1002.1,0,1012,0,1,0,1.1,0,0,0,,,2000,,,23.4,0,24.9,23,19.8,18.3
108,서울,2017-05-07 19:00,18.5,0,,,5.3,0,270,0,21,0,4.5,-4.2,1002.4,0,1012.4,0,1,0,.41,0,,0,,,2000,,,18.3,0,22.7,22.6,19.9,18.4
108,서울,2017-05-07 20:00,17,0,,,2.4,0,270,0,27,0,5.2,-2.1,1002.8,0,1012.9,0,0,0,.03,0,,0,,,2000,,,14.8,0,20.7,22,20,18.5
108,서울,2017-05-07 21:00,16.2,0,,,3.5,0,270,0,29,0,5.4,-1.8,1003.6,0,1013.7,0,,9,,9,0,0,,,2000,,,13.4,0,19.1,21.2,20,18.6
108,서울,2017-05-07 22:00,15.4,0,,,2.2,0,270,0,33,0,5.8,-.8,1003.9,0,1014.1,0,,9,,9,,0,,,2000,,,11.8,0,18.1,20.5,19.8,18.7
108,서울,2017-05-07 23:00,14.9,0,,,2.4,0,250,0,35,0,5.9,-.4,1004.1,0,1014.3,0,,9,,9,,0,,,2000,,,11.1,0,17.2,19.9,19.7,18.7
108,서울,2017-05-08 00:00,14.1,0,,,2,0,270,0,41,0,6.6,1,1004.1,0,1014.3,0,,9,,9,1,0,Ci,,2000,,,9.9,0,16.4,19.3,19.4,18.7
108,서울,2017-05-08 01:00,13,0,,,.5,0,200,0,48,0,7.2,2.2,1004.2,0,1014.4,0,,9,,9,,0,,,1992,,,8,0,15.5,18.8,19.2,18.7
108,서울,2017-05-08 02:00,12.2,0,,,.5,0,250,0,48,0,6.8,1.4,1004.3,0,1014.6,0,,9,,9,,0,,,1961,,,7.3,0,14.5,18.3,19,18.6
108,서울,2017-05-08 03:00,12.3,0,,,.7,0,250,0,49,0,7,1.8,1003.9,0,1014.2,0,,9,,9,0,0,,,1506,,,7.3,0,14.1,17.8,18.8,18.5
108,서울,2017-05-08 04:00,11.8,0,,,.8,0,20,0,51,0,7,1.9,1003.8,0,1014.1,0,,9,,9,0,0,,,1694,,,7.1,0,13.8,17.4,18.5,18.5
108,서울,2017-05-08 05:00,11.3,0,,,2,0,50,0,51,0,6.8,1.5,1003.5,0,1013.8,0,,9,,9,0,0,,,1577,,,7,0,13.4,17,18.3,18.4
108,서울,2017-05-08 06:00,11.2,0,,,1.8,0,50,0,52,0,6.9,1.6,1003.8,0,1014.1,0,0,0,.04,0,1,0,Ci,,1655,,,7.5,0,13.2,16.7,18.1,18.2
108,서울,2017-05-08 07:00,12.5,0,,,1.6,0,50,0,48,0,6.9,1.7,1004.3,0,1014.6,0,.6,0,.38,0,7,0,Ci,,1521,,,11.9,0,13.7,16.4,17.9,18.1
108,서울,2017-05-08 08:00,15.3,0,,,1.5,0,160,0,43,0,7.4,2.7,1004.4,0,1014.6,0,1,0,.86,0,8,0,Ci,,1084,,,19.9,0,15.3,16.4,17.6,18
108,서울,2017-05-08 09:00,17.8,0,,,2.1,0,200,0,47,0,9.5,6.3,1004.3,0,1014.3,0,1,0,1.46,0,7,0,Ci,,764,,42,28.7,0,17.6,16.6,17.5,17.8
108,서울,2017-05-08 10:00,19.6,0,,,2.9,0,200,0,50,0,11.3,8.8,1004.2,0,1014.1,0,1,0,2.11,0,0,0,,,602,,42,36.6,0,20.4,17.3,17.4,17.7
108,서울,2017-05-08 11:00,21.4,0,,,3,0,230,0,46,0,11.6,9.2,1004,0,1013.9,0,1,0,2.45,0,8,0,Cs,,565,,42,42.1,0,23.2,18.3,17.5,17.6
108,서울,2017-05-08 12:00,23.2,0,,,3.7,0,200,0,45,0,12.7,10.5,1003.8,0,1013.6,0,1,0,2.53,0,10,0,Cs,,527,,42,44.3,0,25.3,19.4,17.6,17.6
108,서울,2017-05-08 13:00,23.1,0,,,3.6,0,230,0,44,0,12.4,10.1,1003.4,0,1013.2,0,.5,0,2.03,0,10,0,Cs,,620,,42,40.3,0,26,20.4,17.9,17.6
108,서울,2017-05-08 14:00,23.3,0,,,3.6,0,230,0,45,0,12.8,10.6,1003.4,0,1013.2,0,0,0,1.7,0,10,0,Cs,,680,,42,37.5,0,26.2,21.2,18.3,17.7
108,서울,2017-05-08 15:00,22.8,0,,,4.3,0,200,0,40,0,11,8.4,1003.1,0,1012.9,0,0,0,1.32,0,10,0,Cs,,716,,42,34.1,0,25.6,21.6,18.6,17.8
108,서울,2017-05-08 16:00,22.3,0,,,2.7,0,250,0,42,0,11.2,8.7,1002.6,0,1012.5,0,0,0,.95,0,10,0,Cs,,819,,42,30.5,0,24.9,21.8,18.9,17.9
108,서울,2017-05-08 17:00,21.1,0,,,3.3,0,230,0,42,0,10.4,7.6,1002.3,0,1012.2,0,0,0,.61,0,10,0,Cs,,832,,42,26.6,0,23.8,21.8,19.1,18
108,서울,2017-05-08 18:00,20.2,0,,,3,0,200,0,40,0,9.4,6.1,1002.4,0,1012.4,0,0,0,.34,0,10,0,Cs,,928,,42,23,0,22.6,21.6,19.3,18.1
108,서울,2017-05-08 19:00,19.3,0,,,2.4,0,250,0,36,0,8,3.8,1002.6,0,1012.5,0,0,0,.13,0,9,0,Ci,,935,,42,19.8,0,21.4,21.3,19.4,18.2
108,서울,2017-05-08 20:00,18.6,0,,,2.3,0,270,0,35,0,7.5,2.8,1003.3,0,1013.3,0,0,0,.01,0,9,0,Ci,,987,,42,17.8,0,20.3,20.9,19.4,18.3
108,서울,2017-05-08 21:00,18.3,0,,,1,0,250,0,37,0,7.7,3.3,1003.5,0,1013.5,0,,9,,9,10,0,Cs,,970,,42,16.8,0,19.5,20.4,19.4,18.4
108,서울,2017-05-08 22:00,18,0,,,1.4,0,230,0,36,0,7.4,2.6,1004,0,1014,0,,9,,9,10,0,Cs,,1051,,42,16.1,0,18.8,20,19.3,18.4
108,서울,2017-05-08 23:00,17.7,0,,,1.1,0,270,0,36,0,7.3,2.4,1003.9,0,1013.9,0,,9,,9,10,0,Cs,,1111,,42,15.4,0,18.3,19.6,19.2,18.4
108,서울,2017-05-09 00:00,17.3,0,,,1.3,0,250,0,39,0,7.6,3.1,1003.9,0,1014,0,,9,,9,10,0,Cs,,1050,,42,14.8,0,17.8,19.3,19,18.4
108,서울,2017-05-09 01:00,17.2,0,,,.4,0,0,0,44,0,8.6,4.8,1003.2,0,1013.3,0,,9,,9,10,10,As,38,1048,,42,14.6,0,17.5,19,18.9,18.4
108,서울,2017-05-09 02:00,16.5,0,,,1.1,0,50,0,43,0,8,3.8,1002.8,0,1012.9,0,,9,,9,10,10,As,38,1068,,42,14.2,0,17.1,18.7,18.8,18.4
108,서울,2017-05-09 03:00,16.6,0,,,2.8,0,270,0,48,0,9,5.5,1003.5,0,1013.6,0,,9,,9,10,10,As,38,1070,,42,14.5,0,16.9,18.5,18.6,18.3
108,서울,2017-05-09 04:00,15.7,0,,,2.4,0,270,0,56,0,9.9,6.9,1003.6,0,1013.7,0,,9,,9,10,10,As,40,1179,,42,14.4,0,16.8,18.3,18.5,18.3
108,서울,2017-05-09 05:00,15.4,0,,,1.7,0,270,0,57,0,9.9,6.9,1003.3,0,1013.5,0,,9,,9,10,10,As,37,1234,,42,14.1,0,16.7,18.1,18.4,18.2
108,서울,2017-05-09 06:00,15.3,0,,,1.1,0,230,0,54,0,9.3,6,1003.9,0,1014.1,0,0,0,.01,0,10,10,As,37,1326,,42,14.2,0,16.5,17.9,18.3,18.1
108,서울,2017-05-09 07:00,15.6,0,,,2.2,0,290,0,53,0,9.3,6,1003.6,0,1013.8,0,0,0,.1,0,10,3,ScAs,18,1036,,42,15.1,0,16.5,17.8,18.1,18.1
108,서울,2017-05-09 08:00,16,0,,,.5,0,230,0,54,0,9.7,6.6,1004.4,0,1014.5,0,0,0,.2,0,10,3,ScAs,10,1192,,42,16.7,0,16.8,17.7,18,18
108,서울,2017-05-09 09:00,16.6,0,0,0,.9,0,320,0,53,0,9.9,6.9,1003.6,0,1013.7,0,0,0,.35,0,10,4,ScAs,9,1145,,4201,19.1,0,17.3,17.7,17.9,18
108,서울,2017-05-09 10:00,17.2,0,0,0,.2,0,0,0,52,0,10.2,7.2,1003.3,0,1013.4,0,0,0,.39,0,10,2,ScAs,15,1114,,4201,19.6,0,17.9,17.7,17.9,17.9
108,서울,2017-05-09 11:00,18,0,0,0,2.3,0,50,0,53,0,10.9,8.2,1002.5,0,1012.5,0,0,0,.64,0,10,3,ScAs,10,978,,4201,22.6,0,18.4,17.9,17.8,17.8
108,서울,2017-05-09 12:00,19.3,0,0,0,3.2,0,160,0,52,0,11.6,9.1,1001.9,0,1011.8,0,.3,0,1.44,0,10,2,ScAs,10,929,,4201,33,0,20,18.2,17.8,17.8
108,서울,2017-05-09 13:00,20,0,,9,1.9,0,70,0,44,0,10.2,7.3,1001.1,0,1011.1,0,0,0,1.39,0,10,10,As,26,930,,42,30.6,0,21.8,18.7,17.9,17.7
108,서울,2017-05-09 14:00,22.5,0,,9,2.9,0,70,0,37,0,10,7,999.5,0,1009.3,0,.6,0,2.17,0,9,9,As,28,848,,42,45,0,23.4,19.3,18,17.7
108,서울,2017-05-09 15:00,21.3,0,,9,2.3,0,70,0,43,0,10.9,8.2,998.2,0,1008.1,0,.4,0,1.14,0,10,4,ScAs,15,951,,42,30,0,24.1,20,18.1,17.7
108,서울,2017-05-09 16:00,19.9,0,.3,0,.9,0,20,0,56,0,12.9,10.8,997.9,0,1007.8,0,0,0,.16,0,10,7,ScAs,14,1082,,4201,20.7,0,22.1,20.4,18.3,17.7
108,서울,2017-05-09 17:00,18,0,.7,0,1.9,0,270,0,82,0,16.8,14.8,998.1,0,1008.1,0,0,0,.09,0,10,6,ScAs,15,685,,401901,18.5,0,20.4,20.2,18.5,17.8
108,서울,2017-05-09 18:00,16.7,0,1,0,.7,0,340,0,88,0,16.6,14.6,997.7,0,1007.7,0,0,0,.13,0,10,4,StNs,8,577,,1901,17.4,0,19.3,19.9,18.6,17.9
108,서울,2017-05-09 19:00,16.3,0,.5,0,1.5,0,20,0,89,0,16.4,14.4,997.9,0,1008,0,0,0,.11,0,10,2,ScAs,12,576,,1901,16.7,0,18.7,19.5,18.6,17.9
108,서울,2017-05-09 20:00,15.8,0,0,0,1.1,0,50,0,87,0,15.6,13.6,998,0,1008.1,0,0,0,.02,0,10,7,ScAs,10,620,,1901,15.7,0,18.1,19.2,18.6,18
108,서울,2017-05-09 21:00,15.6,0,0,0,.3,0,0,0,86,0,15.2,13.2,997.9,0,1008,0,,9,,9,7,7,Sc,10,507,,1901,15.3,0,17.6,18.8,18.5,18
108,서울,2017-05-09 22:00,15.4,0,,9,1.4,0,50,0,87,0,15.2,13.2,998,0,1008.1,0,,9,,9,,5,,6,423,,19,14.9,0,17.3,18.6,18.4,18
108,서울,2017-05-09 23:00,15.3,0,,9,1.2,0,20,0,87,0,15.1,13.1,997.9,0,1008,0,,9,,9,,4,,5,391,,19,14.8,0,17,18.3,18.4,18
108,서울,2017-05-10 00:00,15.3,0,,9,1.4,0,140,0,77,0,13.3,11.2,997.4,0,1007.5,0,,9,,9,8,8,Sc,9,1542,,19,14.1,0,16.7,18.1,18.2,17.9
108,서울,2017-05-10 01:00,15.4,0,,,1.3,0,180,0,76,0,13.2,11.1,997.1,0,1007.2,0,,9,,9,,10,,8,1276,,,14.3,0,16.5,17.9,18.1,17.9
108,서울,2017-05-10 02:00,15.4,0,0,0,1.6,0,180,0,77,0,13.4,11.3,996.9,0,1007,0,,9,,9,10,4,ScAs,10,1104,,01,14.3,0,16.4,17.7,18,17.8
108,서울,2017-05-10 03:00,15.3,0,0,0,.4,0,0,0,78,0,13.5,11.4,996.8,0,1006.9,0,,9,,9,10,5,ScAs,9,1196,,01,14.4,0,16.3,17.5,17.9,17.8
108,서울,2017-05-10 04:00,15,0,.4,0,1.2,0,290,0,88,0,15,13,996.9,0,1007,0,,9,,9,10,6,StNs,5,203,,1901,14.4,0,16.2,17.4,17.8,17.7
108,서울,2017-05-10 05:00,14.7,0,.6,0,.1,0,0,0,93,0,15.5,13.5,997,0,1007.1,0,,9,,9,10,7,StNs,5,153,,1901,14.4,0,16.1,17.3,17.7,17.7
108,서울,2017-05-10 06:00,14.6,0,.5,0,.9,0,270,0,94,0,15.6,13.6,997.4,0,1007.5,0,0,0,.01,0,10,8,StNs,3,108,,1901,14.5,0,16,17.2,17.6,17.6
108,서울,2017-05-10 07:00,14.5,0,.5,0,1.9,0,290,0,94,0,15.5,13.5,998.2,0,1008.3,0,0,0,.09,0,10,5,StNs,5,128,,1901,14.9,0,16,17.1,17.5,17.6
108,서울,2017-05-10 08:00,15,0,.5,0,1.4,0,290,0,94,0,16,14,998.1,0,1008.2,0,.3,0,.59,0,8,5,StAs,3,361,,1901,19.3,0,16.3,17,17.4,17.5
108,서울,2017-05-10 09:00,16,0,,9,2.8,0,290,0,84,0,15.2,13.2,998.5,0,1008.6,0,.5,0,1.14,0,8,6,ScAc,7,976,,19,23.3,0,17.8,17.1,17.3,17.5
108,서울,2017-05-10 10:00,17.2,0,,9,2.9,0,290,0,74,0,14.5,12.5,998.6,0,1008.6,0,1,0,2.11,0,9,9,Sc,7,1307,,19,29.1,0,20.3,17.6,17.3,17.4
108,서울,2017-05-10 11:00,17.4,0,,9,2.8,0,290,0,74,0,14.7,12.7,999.2,0,1009.2,0,.5,0,1.38,0,9,9,Sc,7,1167,,,23.4,0,21.7,18.5,17.4,17.4
108,서울,2017-05-10 12:00,17.9,0,,9,3.4,0,290,0,67,0,13.7,11.6,999.3,0,1009.3,0,.6,0,1.38,0,7,7,Sc,7,1467,,,24,0,21.9,19.1,17.6,17.4
108,서울,2017-05-10 13:00,19.1,0,,9,2.2,0,230,0,67,0,14.8,12.8,999.1,0,1009,0,.5,0,1.77,0,9,9,Sc,7,1181,,,25.3,0,23.2,19.5,17.8,17.4
108,서울,2017-05-10 14:00,19.7,0,,9,3.4,0,250,0,61,0,13.9,11.9,999.1,0,1009,0,.7,0,1.62,0,8,8,Sc,7,1053,,,26.8,0,23.3,20.1,18,17.4
108,서울,2017-05-10 15:00,19.3,0,,9,4.3,0,270,0,65,0,14.5,12.5,999.1,0,1009,0,.6,0,1.48,0,9,9,Sc,8,1270,,,23.1,0,23.9,20.5,18.2,17.5
108,서울,2017-05-10 16:00,20.6,0,,9,3.2,0,270,0,56,0,13.6,11.5,998.9,0,1008.8,0,.6,0,1.44,0,2,2,Sc,9,1539,,,27.2,0,23.4,20.7,18.4,17.6
108,서울,2017-05-10 17:00,20.7,0,,9,3.1,0,250,0,56,0,13.6,11.5,999.5,0,1009.4,0,1,0,1.33,0,3,3,Sc,10,1804,,,22.8,0,23.5,20.8,18.6,17.7
108,서울,2017-05-10 18:00,18.9,0,,9,2.8,0,230,0,59,0,12.9,10.7,1000,0,1009.9,0,.7,0,.65,0,1,1,Sc,10,1806,,,18.7,0,22,20.8,18.8,17.8
108,서울,2017-05-10 19:00,16.9,0,,9,3.4,0,250,0,63,0,12.1,9.8,1000.6,0,1010.6,0,0,0,.26,0,,1,,,1966,,,15.7,0,20,20.5,18.9,17.9
108,서울,2017-05-10 20:00,15.5,0,,9,3.2,0,270,0,64,0,11.2,8.7,1001.2,0,1011.3,0,0,0,.04,0,,0,,,1994,,,13.6,0,18.4,19.9,18.9,18
108,서울,2017-05-10 21:00,14.9,0,,9,2.5,0,250,0,66,0,11.1,8.5,1002.1,0,1012.3,0,,9,,9,0,0,,,1975,,,12.6,0,17.1,19.2,18.8,18
108,서울,2017-05-10 22:00,14.5,0,,9,1.8,0,250,0,68,0,11.2,8.6,1002.8,0,1013,0,,9,,9,,0,,,1794,,,12.1,0,16.3,18.6,18.7,18
108,서울,2017-05-10 23:00,14.5,0,,9,2.2,0,200,0,67,0,11,8.4,1002.8,0,1013,0,,9,,9,,9,,38,1661,,,12.5,0,15.9,18.1,18.5,18
108,서울,2017-05-11 00:00,14.5,0,0,0,1.7,0,250,0,71,0,11.6,9.2,1003.6,0,1013.8,0,,9,,9,10,1,ScAs,10,1307,,01,12.7,0,15.7,17.7,18.3,18
108,서울,2017-05-11 01:00,14.1,0,0,0,.3,0,0,0,75,0,12,9.7,1002.6,0,1012.8,0,,9,,9,9,9,As,30,990,,1901,12,0,15.3,17.4,18.1,17.9
108,서울,2017-05-11 02:00,13.8,0,0,0,1,0,20,0,81,0,12.7,10.5,1001.6,0,1011.8,0,,9,,9,8,1,ScAs,7,849,,1901,11.6,0,15.1,17.1,17.9,17.9
108,서울,2017-05-11 03:00,13.4,0,,9,1.4,0,50,0,79,0,12.1,9.8,1001.6,0,1011.8,0,,9,,9,8,3,ScAs,10,815,,19,11.6,0,14.6,16.8,17.7,17.8
108,서울,2017-05-11 04:00,13.2,0,,9,1,0,20,0,81,0,12.3,10,1001.3,0,1011.5,0,,9,,9,4,3,ScAc,16,722,,19,11,0,14.3,16.6,17.6,17.7
108,서울,2017-05-11 05:00,13.4,0,,9,1.9,0,70,0,78,0,11.9,9.6,1001.3,0,1011.5,0,,9,,9,9,9,Sc,15,815,,19,12.2,0,14.5,16.3,17.4,17.6
108,서울,2017-05-11 06:00,13.7,0,,9,2.5,0,50,0,77,0,12,9.7,1001.4,0,1011.6,0,0,0,.03,0,9,9,Sc,14,772,,19,12.9,0,14.7,16.2,17.3,17.6
108,서울,2017-05-11 07:00,14.2,0,,9,2.1,0,50,0,75,0,12.1,9.8,1001.6,0,1011.8,0,0,0,.12,0,9,9,Sc,12,768,,19,13.8,0,15,16.2,17.1,17.5
108,서울,2017-05-11 08:00,15.1,0,,9,2.2,0,70,0,71,0,12.1,9.8,1001.6,0,1011.8,0,0,0,.37,0,9,9,Sc,11,791,,19,15.9,0,15.7,16.2,17,17.3
108,서울,2017-05-11 09:00,16.8,0,,9,1.8,0,50,0,62,0,11.8,9.4,1001.3,0,1011.4,0,0,0,.83,0,9,9,Sc,11,955,,4019,20,0,17,16.4,16.9,17.3
108,서울,2017-05-11 10:00,18.3,0,,9,.8,0,50,0,58,0,12.1,9.8,1001.5,0,1011.5,0,0,0,1.09,0,9,9,Sc,10,941,,40,21.8,0,18.8,16.9,16.9,17.2
108,서울,2017-05-11 11:00,19.1,0,,9,1.7,0,180,0,59,0,12.9,10.8,1002.1,0,1012,0,0,0,1,0,9,9,Sc,10,842,,40,25.1,0,19.8,17.5,17,17.1
108,서울,2017-05-11 12:00,21.4,0,,9,1.8,0,160,0,54,0,13.7,11.6,1001.7,0,1011.6,0,.7,0,2.52,0,3,3,Sc,10,737,,40,38.1,0,22.8,18.2,17.1,17.1
108,서울,2017-05-11 13:00,22.9,0,,9,1.8,0,250,0,54,0,15,13,1001.2,0,1011,0,1,0,2.86,0,6,1,ScCs,10,666,,40,36.9,0,26.1,19.5,17.3,17.1
108,서울,2017-05-11 14:00,23.5,0,,9,2.9,0,250,0,53,0,15.3,13.3,1001.1,0,1010.9,0,.3,0,1.93,0,10,1,ScCs,11,650,,40,37.2,0,26.2,20.7,17.6,17.1
108,서울,2017-05-11 15:00,24.4,0,,9,3.3,0,200,0,52,0,15.8,13.8,1000.9,0,1010.6,0,.9,0,2.02,0,9,0,Cs,,549,,40,36.9,0,26.7,21.5,18,17.2
108,서울,2017-05-11 16:00,24.1,0,,9,2.8,0,230,0,53,0,15.9,13.9,1000.5,0,1010.2,0,.5,0,1.44,0,9,0,Cs,,525,,40,32.8,0,26.2,22,18.4,17.3
108,서울,2017-05-11 17:00,24.8,0,,9,2.5,0,200,0,48,0,15,13,1000.5,0,1010.3,0,.9,0,1.41,0,8,0,Cs,,671,,40,31,0,26,22.3,18.8,17.5
108,서울,2017-05-11 18:00,24.6,0,,9,1.6,0,250,0,49,0,15.1,13.1,1000.3,0,1010,0,1,0,.79,0,7,0,Ci,,740,,40,25.9,0,24.9,22.3,19,17.7
108,서울,2017-05-11 19:00,23.2,0,,9,2.5,0,270,0,55,0,15.6,13.6,1000.7,0,1010.5,0,0,0,.25,0,,0,,,692,,40,22.1,0,23.3,22.1,19.3,17.8
108,서울,2017-05-11 20:00,22.2,0,,9,1.8,0,250,0,63,0,16.8,14.8,1000.9,0,1010.7,0,0,0,.03,0,,0,,,649,,40,19.6,0,21.7,21.6,19.4,18
108,서울,2017-05-11 21:00,21.3,0,,9,1.2,0,270,0,71,0,17.9,15.8,1001.1,0,1011,0,,9,,9,8,0,Ci,,471,,40,17.9,0,20.5,21,19.4,18.1
108,서울,2017-05-11 22:00,20.7,0,,9,1.7,0,250,0,66,0,16.1,14.1,1001.2,0,1011.1,0,,9,,9,,0,,,464,,40,17.1,0,19.6,20.5,19.3,18.2
108,서울,2017-05-11 23:00,19.9,0,,9,.8,0,250,0,73,0,16.9,14.9,1000.9,0,1010.9,0,,9,,9,,3,,45,314,,40,16.1,0,19.1,20,19.2,18.2
108,서울,2017-05-12 00:00,19,0,,9,.6,0,20,0,78,0,17,15,1000.5,0,1010.4,0,,9,,9,8,8,,,258,,40,15.5,0,18.2,19.6,19.1,18.2
108,서울,2017-05-12 01:00,18.6,0,,,1,0,20,0,75,0,16,14,1000.4,0,1010.3,0,,9,,9,,9,,37,274,,40,14.9,0,17.7,19.2,18.9,18.2
108,서울,2017-05-12 02:00,18.1,0,,,.8,0,20,0,77,0,15.9,13.9,999.8,0,1009.8,0,,9,,9,,0,,,272,,40,13.7,0,17.1,18.8,18.8,18.2
108,서울,2017-05-12 03:00,18,0,,,1.3,0,20,0,75,0,15.4,13.4,999.4,0,1009.4,0,,9,,9,7,0,Ci,,259,,40,14.4,0,16.6,18.4,18.6,18.2
108,서울,2017-05-12 04:00,19,0,,,1.7,0,200,0,65,0,14.2,12.2,999,0,1008.9,0,,9,,9,8,0,Ci,,517,,40,14.8,0,16.8,18.1,18.5,18.1
108,서울,2017-05-12 05:00,19.4,0,,,2.3,0,200,0,65,0,14.6,12.6,999.2,0,1009.1,0,,9,,9,8,3,ScCi,16,613,,40,15.3,0,17.1,18,18.3,18.1
108,서울,2017-05-12 06:00,19.5,0,,,3.3,0,230,0,67,0,15.2,13.2,999.2,0,1009.1,0,0,0,.03,0,8,4,ScCi,16,620,,40,16.4,0,17.3,17.9,18.1,18
108,서울,2017-05-12 07:00,19.4,0,,,2.7,0,200,0,71,0,15.9,13.9,999.2,0,1009.1,0,0,0,.17,0,10,8,ScAs,8,627,,40,17.9,0,17.6,17.9,18,18
108,서울,2017-05-12 08:00,19.7,0,,,2.7,0,230,0,71,0,16.2,14.2,999.1,0,1009,0,0,0,.29,0,10,7,ScAs,8,718,,40,19.5,0,18.2,17.9,18,17.9
108,서울,2017-05-12 09:00,19.8,0,,,2.8,0,230,0,71,0,16.3,14.3,999.1,0,1009.1,0,0,0,.25,0,10,9,ScAs,8,679,,40,20.2,0,18.6,18.1,17.9,17.8
108,서울,2017-05-12 10:00,20.3,0,,,2.4,0,230,0,69,0,16.4,14.4,999.1,0,1009,0,0,0,.62,0,10,9,ScAs,8,670,,40,24.6,0,19.2,18.2,17.9,17.8
108,서울,2017-05-12 11:00,20.7,0,,,2.7,0,230,0,70,0,17,15,998.9,0,1008.8,0,0,0,.59,0,10,9,ScAs,7,625,,40,23.2,0,20.1,18.5,17.9,17.7
108,서울,2017-05-12 12:00,20.8,0,,,2.2,0,270,0,70,0,17.2,15.1,998.9,0,1008.8,0,0,0,.46,0,10,8,ScAs,7,570,,40,23,0,20.3,18.8,17.9,17.7
108,서울,2017-05-12 13:00,21,0,,,2.1,0,250,0,71,0,17.6,15.5,998.9,0,1008.8,0,0,0,.46,0,10,9,ScAs,7,575,,40,22.5,0,20.6,19,18,17.7
108,서울,2017-05-12 14:00,20.2,0,,,3.8,0,250,0,75,0,17.7,15.6,999.1,0,1009,0,0,0,.25,0,10,9,ScAs,7,547,,40,21.2,0,20.3,19.2,18.1,17.7
108,서울,2017-05-12 15:00,19.3,0,,,2.7,0,250,0,76,0,16.9,14.9,998.6,0,1008.5,0,0,0,.23,0,10,9,ScAs,7,538,,40,20.4,0,19.9,19.2,18.2,17.7
108,서울,2017-05-12 16:00,19.8,0,,,2.9,0,200,0,68,0,15.7,13.7,998.3,0,1008.3,0,0,0,.79,0,10,10,As,30,636,,40,24.3,0,20.3,19.2,18.2,17.7
108,서울,2017-05-12 17:00,19.8,0,,,3,0,230,0,66,0,15.2,13.2,997.9,0,1007.8,0,0,0,.64,0,10,10,As,30,805,,40,22.7,0,20.4,19.3,18.2,17.8
108,서울,2017-05-12 18:00,19.8,0,,,2.4,0,200,0,65,0,15,13,997.6,0,1007.5,0,0,0,.44,0,10,10,As,30,938,,40,20.9,0,20.1,19.4,18.3,17.8
108,서울,2017-05-12 19:00,19.6,0,,,1.7,0,230,0,66,0,15,13,997.7,0,1007.6,0,0,0,.28,0,,1,,10,1142,,40,19,0,19.6,19.3,18.3,17.8
108,서울,2017-05-12 20:00,19.1,0,,,2.5,0,200,0,66,0,14.5,12.5,998,0,1007.9,0,0,0,.07,0,,0,,,1035,,,16.5,0,18.7,19.1,18.3,17.8
108,서울,2017-05-12 21:00,18.6,0,,,1,0,270,0,70,0,15,13,998.3,0,1008.2,0,,9,,9,9,9,Sc,10,834,,40,15.2,0,17.8,18.8,18.3,17.8
108,서울,2017-05-12 22:00,18.2,0,,,1.3,0,200,0,70,0,14.6,12.6,998.1,0,1008,0,,9,,9,,2,,,738,,40,14.4,0,17.3,18.5,18.2,17.8
108,서울,2017-05-12 23:00,17.6,0,,,1.2,0,200,0,73,0,14.6,12.6,998.2,0,1008.2,0,,9,,9,,0,,,665,,40,13.4,0,16.6,18.1,18.1,17.8
108,서울,2017-05-13 00:00,16.8,0,,,.8,0,250,0,79,0,15.1,13.1,998.4,0,1008.4,0,,9,,9,0,0,,,518,,40,12.4,0,16,17.8,18,17.8
108,서울,2017-05-13 01:00,16.4,0,,,1.4,0,250,0,79,0,14.7,12.7,998.2,0,1008.3,0,,9,,9,,0,,,505,,40,12.1,0,15.4,17.4,17.9,17.8
108,서울,2017-05-13 02:00,16.1,0,,,2.9,0,270,0,83,0,15.2,13.2,998,0,1008.1,0,,9,,9,,5,,4,400,,4019,13,0,15.4,17.1,17.7,17.7
108,서울,2017-05-13 03:00,15.8,0,,,2.3,0,270,0,84,0,15,13,997.5,0,1007.6,0,,9,,9,7,7,St,4,387,,19,13.3,0,15.5,16.9,17.6,17.6
108,서울,2017-05-13 04:00,15.5,0,,,.7,0,360,0,86,0,15.1,13.1,997.5,0,1007.6,0,,9,,9,9,9,St,4,371,,19,12.5,0,15.1,16.8,17.5,17.6
108,서울,2017-05-13 05:00,15.1,0,,,.3,0,0,0,88,0,15.1,13.1,997.8,0,1007.9,0,,9,,9,7,7,St,5,415,,19,11.3,0,14.8,16.6,17.3,17.5
108,서울,2017-05-13 06:00,14.8,0,,,1.3,0,50,0,87,0,14.6,12.6,997.7,0,1007.8,0,0,0,.04,0,9,9,Sc,10,397,,19,12.8,0,14.5,16.4,17.2,17.5
108,서울,2017-05-13 07:00,15.5,0,,,1,0,50,0,83,0,14.6,12.6,997.1,0,1007.2,0,0,0,.21,0,9,9,Sc,10,335,,19,15.5,0,15.2,16.3,17.1,17.4
108,서울,2017-05-13 08:00,17.1,0,,,3.4,0,90,0,76,0,14.8,12.8,996.2,0,1006.2,0,0,0,.59,0,8,8,Sc,12,451,,19,19,0,16.4,16.4,17,17.3
108,서울,2017-05-13 09:00,19.1,0,,,2.4,0,110,0,69,0,15.2,13.2,995.9,0,1005.8,0,.5,0,1.2,0,4,2,ScCi,10,682,,4019,25.9,0,18.1,16.7,16.9,17.2
108,서울,2017-05-13 10:00,20.6,0,,,3.5,0,110,0,63,0,15.3,13.3,995.4,0,1005.3,0,.7,0,1.57,0,9,9,Sc,8,1420,,40,29.2,0,20.4,17.4,16.9,17.1
108,서울,2017-05-13 11:00,20.6,0,,,2.1,0,140,0,62,0,15,13,995.2,0,1005.1,0,0,0,.78,0,10,5,ScAs,12,1330,,,26.6,0,20.5,18.1,17.1,17.1
108,서울,2017-05-13 12:00,22.6,0,,,4.2,0,160,0,55,0,15,13,993.8,0,1003.5,0,.6,0,1.77,0,9,5,ScAs,12,1486,,,35.6,0,22.3,18.6,17.2,17.1
108,서울,2017-05-13 13:00,22,0,,,5.5,0,180,0,57,0,15,13,992.4,0,1002.2,0,.1,0,.68,0,10,9,ScAs,11,1105,,,26.5,0,22,19.2,17.4,17.1
108,서울,2017-05-13 14:00,22.2,0,,,4.9,0,180,0,56,0,14.9,12.9,989.5,0,999.2,0,.1,0,.65,0,10,9,ScAs,11,1501,,,24.4,0,21.7,19.5,17.6,17.2
108,서울,2017-05-13 15:00,18.4,0,4,0,8,0,230,0,77,0,16.2,14.2,991.4,0,1001.3,0,0,0,.06,0,10,8,CbScNs,4,1006,,01,17.1,0,20.1,19.5,17.8,17.3
108,서울,2017-05-13 16:00,16.3,0,2,0,5.9,0,230,0,88,0,16.3,14.3,991.8,0,1001.8,0,0,0,.11,0,10,7,ScAs,8,492,,1901,16.7,0,18.4,19.1,17.9,17.3
108,서울,2017-05-13 17:00,15.2,0,,9,7.4,0,230,0,84,0,14.5,12.5,992.6,0,1002.7,0,0,0,.21,0,10,8,ScAs,8,453,,19,15.9,0,17.9,18.6,17.9,17.4
108,서울,2017-05-13 18:00,14.8,0,,9,3.7,0,230,0,82,0,13.7,11.7,993.6,0,1003.7,0,0,0,.16,0,9,9,Sc,10,892,,19,15.8,0,17.3,18.3,17.8,17.4
108,서울,2017-05-13 19:00,15,0,,9,2.7,0,230,0,81,0,13.7,11.7,994.7,0,1004.8,0,.2,0,.27,0,,8,,4,979,,19,15.2,0,17.2,18,17.8,17.4
108,서울,2017-05-13 20:00,14.2,0,,9,3.4,0,200,0,83,0,13.4,11.3,995.7,0,1005.8,0,0,0,.05,0,,6,,4,952,,19,13.4,0,16.4,17.7,17.7,17.4
108,서울,2017-05-13 21:00,13.6,0,,9,3.1,0,200,0,84,0,13,10.9,996.7,0,1006.8,0,,9,,9,3,3,Sc,10,1038,,19,12.4,0,15.7,17.4,17.6,17.4
108,서울,2017-05-13 22:00,13.1,0,,9,3,0,230,0,84,0,12.6,10.4,997.7,0,1007.9,0,,9,,9,,8,,3,990,,19,12.5,0,15.3,17,17.5,17.4
108,서울,2017-05-13 23:00,12.8,0,,9,1.3,0,200,0,85,0,12.5,10.3,998.2,0,1008.4,0,,9,,9,,8,,3,830,,19,11.7,0,14.9,16.6,17.3,17.4
108,서울,2017-05-14 00:00,12.4,0,,9,3.5,,200,,84,0,12,9.7,998.4,0,1008.6,0,,9,,9,3,3,,,911,,19,10.9,0,14.3,16.3,17.2,17.3
108,서울,2017-05-14 01:00,12.3,0,,,4,,230,,85,0,12.1,9.8,998.3,0,1008.5,0,,9,,9,,9,,3,658,,19,11.5,0,14.1,16,17,17.2
108,서울,2017-05-14 02:00,12.1,0,,,3.2,,230,,85,0,11.9,9.6,998.3,0,1008.5,0,,9,,9,,9,,3,679,,19,11.3,0,14,15.8,16.9,17.2
108,서울,2017-05-14 03:00,11.9,0,,,2.8,,230,,85,0,11.8,9.4,998.1,0,1008.3,0,,9,,9,1,1,Sc,10,742,,19,10.4,0,13.7,15.6,16.7,17.1
108,서울,2017-05-14 04:00,11.7,0,,,2.5,,230,,85,0,11.6,9.2,997.9,0,1008.1,0,,9,,9,0,0,,,776,,19,9.8,0,13.2,15.3,16.5,17
108,서울,2017-05-14 05:00,11.4,0,,,2.4,,250,,84,0,11.2,8.7,998,0,1008.3,0,,9,,9,0,0,,,815,,19,9.4,0,12.8,15.1,16.4,16.9
108,서울,2017-05-14 06:00,11.1,0,,,1.3,,270,,84,0,11,8.4,997.9,0,1008.2,0,.1,,.06,,0,0,,,967,,19,9.2,0,12.4,14.8,16.2,16.8
108,서울,2017-05-14 07:00,11.9,0,,,2.2,,250,,71,0,9.8,6.7,998.2,0,1008.4,0,1,,.49,,0,0,,,1632,,19,11.3,0,12.5,14.5,16,16.7
108,서울,2017-05-14 08:00,14.1,0,,,3.2,,250,,59,0,9.4,6.1,998.7,0,1008.8,0,1,,1.16,,0,0,,,1808,,,17.1,0,13.9,14.5,15.9,16.6
108,서울,2017-05-14 09:00,15.8,0,,,5,,270,,55,0,9.8,6.7,998.9,0,1009,0,1,,1.84,,1,1,Sc,10,1903,,,22,0,16,14.9,15.8,16.5
108,서울,2017-05-14 10:00,17.1,0,,,5.3,,270,,40,0,7.7,3.3,998.9,0,1008.9,0,1,,2.47,,0,0,,,1984,,,26.4,0,18.5,15.7,15.8,16.4
108,서울,2017-05-14 11:00,18.3,0,,,5.3,,290,,37,0,7.7,3.3,998.8,0,1008.7,0,1,,2.93,,0,0,,,1992,,,29.6,0,20.7,16.9,15.9,16.3
108,서울,2017-05-14 12:00,18.6,0,,,6,,270,,43,0,9.2,5.7,998.8,0,1008.7,0,1,,3.24,,1,1,Sc,10,1980,,,31.8,0,22.7,18.2,16.2,16.3
108,서울,2017-05-14 13:00,19.4,0,,,5.7,,250,,40,0,9,5.4,998.8,0,1008.7,0,1,,3.37,,1,1,Sc,15,1971,,,32.9,0,24.1,19.3,16.6,16.4
108,서울,2017-05-14 14:00,20,0,,,4.9,,270,,35,0,8.1,4,998.8,0,1008.7,0,1,,3.23,,1,1,Sc,10,2000,,,34.1,0,25,20.4,17,16.5
108,서울,2017-05-14 15:00,20.5,0,,,4.6,,270,,34,0,8.1,4,998.6,0,1008.5,0,1,,2.96,,1,1,Sc,10,1962,,,34.2,0,25.5,21.1,17.5,16.6
108,서울,2017-05-14 16:00,20.3,0,,,5.5,,270,,35,0,8.3,4.3,998.5,0,1008.4,0,1,,2.45,,1,1,Sc,10,2000,,,31.5,0,25.4,21.6,17.9,16.7
108,서울,2017-05-14 17:00,19.7,0,,,5.7,,250,,35,0,8,3.7,998.8,0,1008.7,0,1,,1.85,,2,1,ScCi,10,2000,,,26.7,0,24.2,21.8,18.3,16.9
108,서울,2017-05-14 18:00,18.9,0,,,5,,270,,40,0,8.7,4.9,999,0,1008.9,0,1,,1.15,,1,1,Sc,10,2000,,,20.4,0,22.7,21.6,18.6,17.2
108,서울,2017-05-14 19:00,17.3,0,,,3.8,,250,,47,0,9.2,5.8,999.8,0,1009.8,0,1,,.46,,,0,,,2000,,,17.1,0,20.7,21,18.8,17.4
108,서울,2017-05-14 20:00,15.7,0,,,3.2,,270,,52,0,9.2,5.8,1000.4,0,1010.5,0,0,,.05,,,0,,,2000,,,14.6,0,18.9,20.3,18.8,17.5
108,서울,2017-05-14 21:00,15,0,,,2.5,,230,,56,0,9.5,6.2,1001,0,1011.2,0,,9,,9,0,0,,,2000,,,13.1,0,17.6,19.5,18.7,17.6
108,서울,2017-05-14 22:00,14.3,0,,,2.6,,250,,60,0,9.7,6.6,1001.3,0,1011.4,0,,9,,9,,0,,,2000,,,12.1,0,16.5,18.8,18.6,17.7
108,서울,2017-05-14 23:00,14,0,,,2.2,,250,,61,0,9.7,6.5,1001.1,0,1011.3,0,,9,,9,,0,,,2000,,,11.4,0,15.8,18.2,18.4,17.7
108,서울,2017-05-15 00:00,13.4,0,,,1.9,,200,,69,0,10.6,7.8,1001.1,0,1011.3,0,,9,,9,0,0,,,2000,,,10.8,0,15.2,17.6,18.1,17.7
108,서울,2017-05-15 01:00,12.9,0,,,1.9,,230,,71,0,10.5,7.7,1000.9,0,1011.1,0,,9,,9,,0,,,2000,,,10.3,0,14.7,17.1,17.9,17.7
108,서울,2017-05-15 02:00,12.9,0,,,2.4,,270,,66,0,9.7,6.6,1001,0,1011.2,0,,9,,9,,0,,,2000,,,10.1,0,14.2,16.7,17.7,17.6
108,서울,2017-05-15 03:00,12.6,0,,,1,,270,,65,0,9.4,6.1,1000.8,0,1011,0,,9,,9,0,0,,,2000,,,9.3,0,13.8,16.3,17.4,17.5
108,서울,2017-05-15 04:00,12.4,0,,,1.3,,250,,64,0,9.2,5.7,1000.6,0,1010.8,0,,9,,9,2,2,Ac,30,2000,,,9.2,0,13.4,15.9,17.2,17.4
108,서울,2017-05-15 05:00,12.5,0,,,2.5,,250,,64,0,9.2,5.8,1000.6,0,1010.8,0,,9,,9,0,0,,,2000,,,9.1,0,13.1,15.6,17,17.3
108,서울,2017-05-15 06:00,12.4,0,,,2.3,,250,,67,0,9.6,6.4,1001,0,1011.2,0,.2,,.06,,0,0,,,2000,,,9.4,0,13,15.3,16.8,17.2
108,서울,2017-05-15 07:00,13.3,0,,,3.3,,250,,65,0,9.9,6.8,1001.6,0,1011.8,0,1,,.52,,0,0,,,1814,,,12,0,13.2,15.1,16.6,17.1
108,서울,2017-05-15 08:00,15,0,,,2.9,,250,,59,0,10,7,1002,0,1012.2,0,1,,1.16,,1,1,Sc,10,1921,,,18.7,0,14.8,15.1,16.4,16.9
108,서울,2017-05-15 09:00,16.6,0,,,3.1,,270,,53,0,9.9,6.9,1002.2,0,1012.3,0,1,,1.88,,4,4,Sc,10,1945,,,26.5,0,17.1,15.5,16.2,16.8
108,서울,2017-05-15 10:00,17.1,0,,,2.4,,270,,55,0,10.6,7.9,1002.3,0,1012.4,0,.7,,1.81,,7,7,Sc,10,1982,,,25.2,0,19.3,16.4,16.2,16.7
108,서울,2017-05-15 11:00,18.4,0,,,2.9,,250,,51,0,10.7,8,1002.2,0,1012.2,0,.9,,2.33,,7,7,Sc,11,1870,,,32.2,0,21.2,17.4,16.4,16.7
108,서울,2017-05-15 12:00,19,0,,,3.2,,270,,49,0,10.7,8,1002,0,1011.9,0,.9,,2.32,,9,9,Sc,12,2000,,,31.8,0,23,18.5,16.6,16.7
108,서울,2017-05-15 13:00,18.8,0,,,3.7,,290,,53,0,11.5,9,1001.9,0,1011.9,0,.2,,1.18,,8,8,Sc,11,1973,,,29.4,0,22.3,19.3,16.9,16.7
108,서울,2017-05-15 14:00,19.6,0,,,4.1,,290,,53,0,12,9.7,1001.2,0,1011.1,0,.8,,2.65,,7,7,CuSc,8,1995,,,34.6,0,24.4,19.9,17.3,16.8
108,서울,2017-05-15 15:00,19.2,0,,,3.5,,290,,54,0,11.9,9.6,1000.7,0,1010.6,0,.7,,1.58,,9,9,Sc,11,2000,,,30.8,0,24,20.6,17.6,16.9
108,서울,2017-05-15 16:00,18.9,0,,,4.2,,270,,55,0,11.9,9.6,1000.7,0,1010.6,0,.4,,.83,,8,8,Sc,11,2000,,,25.6,0,23,20.9,18,17
108,서울,2017-05-15 17:00,18.1,0,,,4.1,,270,,61,0,12.6,10.4,1000.7,0,1010.7,0,0,,.61,,9,9,Sc,9,2000,,,23.4,0,21.9,20.8,18.2,17.1
108,서울,2017-05-15 18:00,17.8,0,,,3.2,,270,,60,0,12.2,9.9,1000.8,0,1010.8,0,.1,,.31,,9,9,Sc,9,2000,,,21.4,0,20.9,20.5,18.4,17.3
108,서울,2017-05-15 19:00,17.1,0,,,2.4,,270,,61,0,11.9,9.5,1000.9,0,1010.9,0,.2,,.24,,,2,,10,2000,,,18.4,0,19.8,20.1,18.5,17.4
108,서울,2017-05-15 20:00,16.6,0,,,1.7,,230,,64,0,12,9.7,1001.5,0,1011.6,0,0,,.02,,,4,,11,2000,,,17.3,0,19,19.7,18.5,17.5
108,서울,2017-05-15 21:00,16.2,0,0,0,2.4,,200,,65,0,11.9,9.6,1002,0,1012.1,0,,9,,9,9,7,ScAs,18,1994,,01,16.3,0,18.3,19.2,18.4,17.6
108,서울,2017-05-15 22:00,15.4,0,0,0,2.8,,230,,71,0,12.4,10.1,1002.4,0,1012.6,0,,9,,9,8,8,Sc,18,1926,,01,15,0,17.7,18.8,18.3,17.6
108,서울,2017-05-15 23:00,14.4,0,,9,3,,200,,75,0,12.3,10,1002.7,0,1012.9,0,,9,,9,,7,,18,1629,,,13.9,0,16.8,18.4,18.2,17.6
108,서울,2017-05-16 00:00,13.8,0,,9,1.6,,250,,78,0,12.3,10,1002.7,0,1012.9,0,,9,,9,4,4,Sc,17,1351,,,12.8,0,16.1,17.9,18.1,17.6
108,서울,2017-05-16 01:00,13.6,0,,,1.7,0,230,0,80,0,12.4,10.2,1002.5,0,1012.7,0,,9,,9,,8,,25,1073,,,13,0,15.7,17.5,17.9,17.6
108,서울,2017-05-16 02:00,13.7,0,,,2,0,200,0,80,0,12.5,10.3,1002.5,0,1012.7,0,,9,,9,,2,,19,1034,,,13.4,0,15.6,17.2,17.7,17.5
108,서울,2017-05-16 03:00,13.5,0,,,1.3,0,270,0,81,0,12.4,10.2,1002.2,0,1012.4,0,,9,,9,10,10,As,25,896,,19,13.2,0,15.5,17,17.6,17.5
108,서울,2017-05-16 04:00,13.4,0,,,.9,0,270,0,81,0,12.4,10.1,1001.8,0,1012,0,,9,,9,10,10,As,25,1009,,19,12.9,0,15.2,16.8,17.4,17.4
108,서울,2017-05-16 05:00,13.4,0,,,1.6,0,250,0,80,0,12.3,10,1001.7,0,1011.9,0,,9,,9,10,10,As,25,1088,,,12.7,0,15,16.6,17.2,17.4
108,서울,2017-05-16 06:00,13.4,0,,,1.3,0,250,0,80,0,12.3,10,1001.9,0,1012.1,0,0,0,.06,0,8,8,Sc,15,912,,19,13.1,0,14.9,16.4,17.1,17.3
108,서울,2017-05-16 07:00,13.5,0,,,.8,0,160,0,78,0,12,9.7,1001.8,0,1012,0,.4,0,.34,0,7,2,ScCi,15,972,,19,14.3,0,15,16.2,17,17.2
108,서울,2017-05-16 08:00,15.1,0,,,1.2,0,160,0,68,0,11.6,9.2,1001.7,0,1011.9,0,1,0,.95,0,7,2,ScCi,10,1269,,19,19.9,0,16.1,16.2,16.8,17.1
108,서울,2017-05-16 09:00,16.8,0,,,2.1,0,180,0,63,0,12,9.7,1001.5,0,1011.6,0,1,0,1.36,0,8,1,ScCi,10,1086,,,25,0,17.9,16.5,16.8,17.1
108,서울,2017-05-16 10:00,18.4,0,,,.9,0,340,0,57,0,12,9.7,1001.6,0,1011.6,0,1,0,1.9,0,8,2,ScCi,10,1437,,,31.6,0,19.9,17.2,16.8,17
108,서울,2017-05-16 11:00,19.5,0,,,1.5,0,200,0,53,0,11.9,9.6,1001.5,0,1011.4,0,.9,0,2.05,0,8,3,ScCi,10,1684,,,34,0,22,18.2,16.9,16.9
108,서울,2017-05-16 12:00,20.6,0,,,1.7,0,200,0,48,0,11.6,9.1,1001.1,0,1011,0,.8,0,2.08,0,9,7,ScCi,11,1813,,,35.1,0,23.5,19.2,17.1,16.9
108,서울,2017-05-16 13:00,21.4,0,,,2,0,250,0,43,0,10.9,8.2,1000.6,0,1010.5,0,.5,0,1.81,0,8,8,Sc,13,1722,,,38.1,0,24,20,17.4,17
108,서울,2017-05-16 14:00,21.3,0,,,2.2,0,250,0,44,0,11.1,8.5,999.9,0,1009.8,0,.6,0,1.35,0,9,9,Sc,13,1867,,,32.4,0,24.4,20.7,17.8,17.1
108,서울,2017-05-16 15:00,21.8,0,,,2.3,0,320,0,38,0,9.9,6.8,999.2,0,1009,0,.3,0,1.15,0,8,8,Sc,13,1992,,,34.7,0,23.8,21,18.1,17.2
108,서울,2017-05-16 16:00,21.1,0,,,3.1,0,250,0,47,0,11.7,9.3,998.9,0,1008.8,0,.5,0,1.1,0,9,9,Sc,13,1973,,,27.5,0,24.1,21.3,18.4,17.3
108,서울,2017-05-16 17:00,20.8,0,,,3.9,0,230,0,48,0,11.7,9.3,998.7,0,1008.6,0,.7,0,1.14,0,7,4,ScCi,13,1966,,,27,0,23.6,21.4,18.6,17.4
108,서울,2017-05-16 18:00,21.2,0,,,1.9,0,270,0,47,0,11.8,9.4,998.5,0,1008.4,0,.9,0,.95,0,8,8,Ac,28,1881,,,26,0,23,21.3,18.8,17.6
108,서울,2017-05-16 19:00,20.1,0,,,2.5,0,250,0,52,0,12.2,9.9,998.7,0,1008.6,0,1,0,.51,0,,9,,28,2000,,,20.9,0,22,21.2,18.9,17.7
108,서울,2017-05-16 20:00,17.3,0,,,3.2,0,290,0,63,0,12.4,10.1,999.2,0,1009.2,0,0,0,.04,0,,0,,,2000,,,17,0,20.2,20.7,19,17.8
108,서울,2017-05-16 21:00,15.7,0,,,3.3,0,270,0,58,0,10.3,7.4,999.9,0,1010,0,,9,,9,0,0,,,2000,,,14.9,0,18.7,20.1,19,17.9
108,서울,2017-05-16 22:00,15.2,0,,,1.4,0,250,0,58,0,9.9,6.9,1000.3,0,1010.4,0,,9,,9,,0,,,2000,,,13.6,0,17.6,19.5,18.9,17.9
108,서울,2017-05-16 23:00,14.8,0,,,1.2,0,250,0,64,0,10.7,8,1000.2,0,1010.4,0,,9,,9,,0,,,2000,,,12.7,0,16.7,18.9,18.7,18
108,서울,2017-05-17 00:00,14.1,0,,,1.3,,270,,69,0,11,8.4,1000.2,0,1010.3,0,,9,,9,0,0,,,1970,,,11.8,0,15.9,18.3,18.6,18
108,서울,2017-05-17 01:00,13.7,0,,,.7,,290,,71,0,11.1,8.5,1000,0,1010.2,0,,9,,9,,0,,,1988,,,11,0,15.2,17.8,18.3,17.9
108,서울,2017-05-17 02:00,13.3,0,,,.6,,290,,72,0,10.9,8.3,1000,0,1010.2,0,,9,,9,,0,,,1879,,,10.3,0,14.7,17.3,18.1,17.9
108,서울,2017-05-17 03:00,13.1,0,,,.4,,0,,73,0,10.9,8.3,1000,0,1010.2,0,,9,,9,1,0,Ci,,1480,,,9.9,0,14.3,16.9,17.9,17.8
108,서울,2017-05-17 04:00,12.8,0,,,.3,,0,,74,0,10.9,8.2,1000,0,1010.2,0,,9,,9,1,1,Sc,19,1333,,,9.6,0,13.7,16.5,17.7,17.8
108,서울,2017-05-17 05:00,12.6,0,,,.4,,0,,78,0,11.3,8.8,1000.4,0,1010.6,0,,9,,9,0,0,,,1192,,,9.1,0,13.5,16.2,17.4,17.7
108,서울,2017-05-17 06:00,12.3,0,,,.1,,0,,78,0,11.1,8.5,1001,0,1011.2,0,.1,,.06,,1,1,Ac,35,1126,,,9.6,0,13.2,15.9,17.2,17.6
108,서울,2017-05-17 07:00,13.3,0,,,.6,,20,,66,0,10,7,1001.3,0,1011.5,0,1,,.45,,0,0,,,1144,,,12.9,0,13.5,15.6,17,17.4
108,서울,2017-05-17 08:00,15.6,0,,,.8,,290,,58,0,10.2,7.3,1001.7,0,1011.8,0,1,,1.07,,0,0,,,963,,40,21.1,0,15.4,15.6,16.8,17.3
108,서울,2017-05-17 09:00,18.2,0,,,1,,250,,52,0,10.8,8.1,1001.9,0,1011.9,0,1,,1.7,,0,0,,,1126,,40,29.6,0,17.9,16.1,16.7,17.1
108,서울,2017-05-17 10:00,20.1,0,,,2.6,,290,,49,0,11.5,9,1001.9,0,1011.9,0,1,,2.33,,0,0,,,1273,,,36.8,0,20.7,17,16.7,17.1
108,서울,2017-05-17 11:00,21.9,0,,,2.6,,320,,41,0,10.7,8,1001.6,0,1011.5,0,1,,2.8,,0,0,,,1618,,,43.5,0,23.7,18.4,16.8,17
108,서울,2017-05-17 12:00,23,0,,,3.4,,270,,36,0,10.1,7.1,1001.2,0,1011,0,1,,3.2,,1,1,Sc,10,2000,,,48.2,0,26.2,19.9,17.1,17
108,서울,2017-05-17 13:00,24.6,0,,,2.6,,340,,32,0,9.8,6.7,1000.9,0,1010.6,0,1,,3.27,,1,1,Sc,10,1867,,,50.6,0,28.2,21.4,17.6,17
108,서울,2017-05-17 14:00,25.6,0,,,2.1,,250,,30,0,9.8,6.7,1000.4,0,1010.1,0,1,,3.1,,1,1,Sc,10,1894,,,51.2,0,29.4,22.7,18.1,17.2
108,서울,2017-05-17 15:00,25.5,0,,,4.3,,290,,36,0,11.7,9.3,999.9,0,1009.6,0,1,,2.78,,1,1,Sc,10,1849,,,47,0,29.9,23.7,18.7,17.4
108,서울,2017-05-17 16:00,25.7,0,,,3.5,,270,,35,0,11.5,9,1000.1,0,1009.8,0,1,,2.38,,0,0,,,1951,,,43.6,0,29.6,24.4,19.3,17.6
108,서울,2017-05-17 17:00,25.4,0,,,3.4,,270,,33,0,10.6,7.9,1000.1,0,1009.9,0,1,,1.78,,0,0,,,2000,,,36.2,0,28.6,24.6,19.8,17.8
108,서울,2017-05-17 18:00,24.1,0,,,4.2,,270,,34,0,10.2,7.2,1000.1,0,1009.8,0,1,,1.11,,0,0,,,2000,,,26.4,0,26.8,24.5,20.2,18.1
108,서울,2017-05-17 19:00,21.8,0,,,4.4,,270,,40,0,10.4,7.5,1000.9,0,1010.8,0,1,,.45,,,0,,,2000,,,22.1,0,24.5,24,20.4,18.3
108,서울,2017-05-17 20:00,19.4,0,,,3.4,,290,,40,0,9,5.4,1001.8,0,1011.7,0,.1,,.05,,,0,,,2000,,,18.7,0,22.6,23.2,20.5,18.5
108,서울,2017-05-17 21:00,17.7,0,,,2.4,,270,,45,0,9.1,5.6,1002.5,0,1012.5,0,,9,,9,0,0,,,2000,,,16.7,0,21,22.4,20.5,18.7
108,서울,2017-05-17 22:00,16.8,0,,,2.2,,270,,45,0,8.5,4.7,1003.3,0,1013.4,0,,9,,9,,0,,,2000,,,15.3,0,19.7,21.6,20.4,18.8
108,서울,2017-05-17 23:00,16.1,0,,,1.8,,270,,45,0,8.2,4.1,1003.6,0,1013.7,0,,9,,9,,0,,,2000,,,13.9,0,18.6,20.8,20.1,18.8
108,서울,2017-05-18 00:00,15.6,0,,,.6,,270,,46,0,8.1,4,1003.8,0,1014,0,,9,,9,0,0,,,2000,,,12.6,0,17.7,20.1,19.9,18.9
108,서울,2017-05-18 01:00,15.1,0,,,.6,0,290,0,47,0,8,3.8,1004,0,1014.2,0,,9,,9,,0,,,2000,,,11.8,0,16.7,19.5,19.7,18.8
108,서울,2017-05-18 02:00,14.9,0,,,.7,0,270,0,47,0,7.9,3.6,1004,0,1014.2,0,,9,,9,,0,,,2000,,,11.4,0,16.2,19,19.4,18.8
108,서울,2017-05-18 03:00,14.6,0,,,.6,0,250,0,49,0,8.1,3.9,1004.2,0,1014.4,0,,9,,9,0,0,,,2000,,,10.9,0,15.7,18.5,19.1,18.7
108,서울,2017-05-18 04:00,14.3,0,,,.7,0,290,0,50,0,8.1,4,1004.5,0,1014.7,0,,9,,9,0,0,,,2000,,,10.4,0,15.2,18.1,18.9,18.7
108,서울,2017-05-18 05:00,14,0,,,.7,0,360,0,51,0,8.1,4,1005.1,0,1015.3,0,,9,,9,0,0,,,2000,,,10.2,0,14.9,17.7,18.6,18.6
108,서울,2017-05-18 06:00,13.9,0,,,.7,0,50,0,54,0,8.5,4.7,1005.4,0,1015.6,0,0,0,.06,0,0,0,,,2000,,,10.8,0,14.6,17.3,18.4,18.4
108,서울,2017-05-18 07:00,14.8,0,,,1.1,0,20,0,52,0,8.7,5,1005.8,0,1016,0,.8,0,.42,0,0,0,,,2000,,,14.5,0,15,17,18.2,18.3
108,서울,2017-05-18 08:00,17.6,0,,,.9,0,50,0,47,0,9.4,6.1,1006.3,0,1016.4,0,1,0,1.01,0,0,0,,,1892,,,23.2,0,16.8,17,17.9,18.2
108,서울,2017-05-18 09:00,20.4,0,,,1.7,0,180,0,39,0,9.3,5.9,1006.5,0,1016.5,0,1,0,1.64,0,3,0,Ci,,1631,,,31.8,0,19.3,17.4,17.8,18
108,서울,2017-05-18 10:00,22,0,,,2,0,200,0,39,0,10.2,7.3,1006.5,0,1016.4,0,1,0,2.22,0,4,0,Ci,,1677,,,39.2,0,22,18.3,17.8,18
108,서울,2017-05-18 11:00,23.7,0,,,2.6,0,200,0,36,0,10.5,7.7,1006.1,0,1015.9,0,1,0,2.45,0,5,0,Ci,,1534,,,43.8,0,24.4,19.5,17.9,17.9
108,서울,2017-05-18 12:00,24.7,0,,,3.4,0,270,0,35,0,10.8,8.1,1005.9,0,1015.7,0,1,0,2.48,0,7,0,Ci,,1492,,,47.5,0,26.1,20.7,18.2,17.9
108,서울,2017-05-18 13:00,26.8,0,,,4.2,0,250,0,28,0,9.8,6.7,1005.2,0,1014.9,0,1,0,3.11,0,7,0,Ci,,1514,,,52.3,0,28.3,21.9,18.5,17.9
108,서울,2017-05-18 14:00,26.3,0,,,3.6,0,270,0,30,0,10.2,7.3,1004.9,0,1014.7,0,1,0,2.77,0,5,0,Ci,,1805,,,50.1,0,29,23.1,19,18
108,서울,2017-05-18 15:00,26.2,0,,,4.3,0,290,0,31,0,10.5,7.7,1004.7,0,1014.5,0,1,0,2.79,0,2,0,Ci,,1718,,,48,0,29.7,23.9,19.5,18.1
108,서울,2017-05-18 16:00,26.4,0,,,4.2,0,270,0,30,0,10.3,7.4,1004.5,0,1014.3,0,1,0,2.28,0,0,0,,,1943,,,43.8,0,29.7,24.5,19.9,18.3
108,서울,2017-05-18 17:00,25.9,0,,,4.5,0,230,0,31,0,10.3,7.4,1004.4,0,1014.2,0,1,0,1.69,0,0,0,,,2000,,,36.4,0,28.7,24.8,20.4,18.5
108,서울,2017-05-18 18:00,24.8,0,,,2.9,0,250,0,32,0,9.9,6.9,1004.5,0,1014.3,0,1,0,1.05,0,0,0,,,1937,,,27.5,0,27,24.8,20.7,18.7
108,서울,2017-05-18 19:00,23.2,0,,,2.3,0,250,0,37,0,10.4,7.6,1005,0,1014.8,0,1,0,.42,0,,0,,,1952,,,23.1,0,25.1,24.3,20.9,18.9
108,서울,2017-05-18 20:00,21.5,0,,,2.9,0,270,0,44,0,11.2,8.7,1005.2,0,1015.1,0,.1,0,.05,0,,0,,,1970,,,19.9,0,23.3,23.7,21,19.1
108,서울,2017-05-18 21:00,20.3,0,,,3.4,0,270,0,44,0,10.4,7.6,1005.9,0,1015.9,0,,9,,9,0,0,,,1888,,,18.2,0,22,22.9,21,19.3
108,서울,2017-05-18 22:00,19.5,0,,,2.7,0,270,0,47,0,10.6,7.8,1006.6,0,1016.6,0,,9,,9,,0,,,1753,,,16.9,0,20.9,22.3,20.9,19.4
108,서울,2017-05-18 23:00,18.8,0,,,2.5,0,270,0,51,0,11,8.4,1006.7,0,1016.7,0,,9,,9,,0,,,1638,,,16,0,20.1,21.6,20.7,19.4
108,서울,2017-05-19 00:00,18.2,0,,,1.7,0,270,0,51,0,10.6,7.8,1006.7,0,1016.7,0,,9,,9,0,0,,,1871,,,14.9,0,19.3,21,20.5,19.4
108,서울,2017-05-19 01:00,17.7,0,,,2.1,0,250,0,54,0,10.9,8.2,1006.6,0,1016.7,0,,9,,9,,0,,,1609,,,14.2,0,18.6,20.5,20.3,19.4
108,서울,2017-05-19 02:00,17.2,0,,,1.6,0,270,0,59,0,11.6,9.1,1006.6,0,1016.7,0,,9,,9,,0,,,1277,,,13.3,0,18.1,20.1,20.1,19.4
108,서울,2017-05-19 03:00,16.5,0,,,.9,0,250,0,64,0,11.9,9.6,1006.5,0,1016.6,0,,9,,9,0,0,,,1014,,,12.2,0,17.3,19.6,19.9,19.3
108,서울,2017-05-19 04:00,15.8,0,,,.9,0,270,0,68,0,12.1,9.8,1006.5,0,1016.7,0,,9,,9,0,0,,,851,,40,11.4,0,16.6,19.2,19.7,19.2
108,서울,2017-05-19 05:00,15.4,0,,,.7,0,270,0,69,0,12,9.7,1006.8,0,1017,0,,9,,9,0,0,,,857,,40,10.8,0,16,18.8,19.4,19.1
108,서울,2017-05-19 06:00,15.1,0,,,.5,0,20,0,67,0,11.5,9,1007.2,0,1017.4,0,.2,0,.07,0,0,0,,,1008,,40,11.4,0,15.6,18.3,19.2,19.1
108,서울,2017-05-19 07:00,15.8,0,,,1.4,0,50,0,57,0,10.2,7.2,1007.2,0,1017.4,0,1,0,.48,0,0,0,,,1077,,,15.1,0,15.9,18,19,18.9
108,서울,2017-05-19 08:00,19.2,0,,,1.6,0,50,0,50,0,11.1,8.5,1007.2,0,1017.2,0,1,0,1.1,0,0,0,,,789,,40,24.8,0,17.7,18,18.7,18.8
108,서울,2017-05-19 09:00,21.1,0,,,1.4,0,250,0,40,0,9.9,6.9,1007.4,0,1017.4,0,1,0,1.71,0,0,0,,,1855,,40,34.2,0,20.2,18.3,18.6,18.7
108,서울,2017-05-19 10:00,23.4,0,,,2.3,0,200,0,34,0,9.7,6.6,1007.1,0,1016.9,0,1,0,2.35,0,0,0,,,1911,,,42.3,0,23,19.2,18.5,18.6
108,서울,2017-05-19 11:00,25,0,,,3.1,0,270,0,31,0,9.7,6.6,1006.8,0,1016.6,0,1,0,2.8,0,0,0,,,1840,,,48.6,0,25.8,20.4,18.6,18.5
108,서울,2017-05-19 12:00,26.4,0,,,4.1,0,250,0,27,0,9.2,5.8,1006.4,0,1016.2,0,1,0,3.13,0,0,0,,,1943,,,53,0,28,21.8,18.9,18.5
108,서울,2017-05-19 13:00,27.2,0,,,4.7,0,230,0,26,0,9.3,6,1006.2,0,1015.9,0,1,0,3.23,0,0,0,,,1866,,,55,0,29.9,23.1,19.3,18.6
108,서울,2017-05-19 14:00,27.4,0,,,3.8,0,270,0,23,0,8.4,4.4,1005.8,0,1015.5,0,1,0,3.13,0,0,0,,,1957,,,54.3,0,30.7,24.3,19.8,18.7
108,서울,2017-05-19 15:00,27.5,0,,,5,0,250,0,24,0,8.8,5.1,1005.6,0,1015.3,0,1,0,2.86,0,0,0,,,1916,,,51.2,0,31.3,25.1,20.3,18.8
108,서울,2017-05-19 16:00,27,0,,,4.7,0,270,0,27,0,9.5,6.3,1005.5,0,1015.2,0,1,0,2.38,0,0,0,,,2000,,,45.8,0,31,25.7,20.8,19
108,서울,2017-05-19 17:00,25.2,0,,,4.9,0,290,0,25,0,8,3.7,1005.7,0,1015.5,0,1,0,1.79,0,0,0,,,2000,,,37.2,0,29.8,25.9,21.2,19.2
108,서울,2017-05-19 18:00,25,0,,,3.7,0,290,0,24,0,7.6,3,1005.8,0,1015.6,0,1,0,1.14,0,0,0,,,2000,,,27.6,0,28,25.7,21.6,19.4
108,서울,2017-05-19 19:00,22.5,0,,,4.8,0,270,0,29,0,7.8,3.5,1006.1,0,1016,0,1,0,.49,0,,0,,,2000,,,23,0,25.8,25.2,21.8,19.6
108,서울,2017-05-19 20:00,20.8,0,,,3.1,0,270,0,35,0,8.5,4.7,1006.5,0,1016.5,0,.1,0,.06,0,,0,,,2000,,,19.6,0,23.9,24.4,21.8,19.8
108,서울,2017-05-19 21:00,19.6,0,,,2.8,0,250,0,42,0,9.5,6.3,1007,0,1017,0,,9,,9,0,0,,,2000,,,17.8,0,22.4,23.7,21.8,19.9
108,서울,2017-05-19 22:00,18.8,0,,,1.3,0,290,0,46,0,9.9,6.9,1007.4,0,1017.4,0,,9,,9,,0,,,2000,,,16,0,21.3,22.9,21.7,20
108,서울,2017-05-19 23:00,18.3,0,,,2.6,0,270,0,47,0,9.8,6.7,1007.6,0,1017.6,0,,9,,9,,0,,,2000,,,15.4,0,20.3,22.3,21.4,20.1
108,서울,2017-05-20 00:00,17.7,0,,,1.1,0,270,0,53,0,10.6,7.9,1007.4,0,1017.5,0,,9,,9,0,0,,,2000,,,14.3,0,19.6,21.7,21.2,20.1
108,서울,2017-05-20 01:00,17.1,0,,,1.7,0,250,0,57,0,11.1,8.5,1007,0,1017.1,0,,9,,9,,0,,,2000,,,13.7,0,18.9,21.1,21,20.1
108,서울,2017-05-20 02:00,16.5,0,,,.8,0,270,0,59,0,11,8.4,1006.7,0,1016.8,0,,9,,9,,0,,,2000,,,12.6,0,18.2,20.6,20.8,20
108,서울,2017-05-20 03:00,16.1,0,,,.6,0,290,0,60,0,10.9,8.3,1006.7,0,1016.9,0,,9,,9,0,0,,,2000,,,11.9,0,17.5,20.2,20.5,20
108,서울,2017-05-20 04:00,15.7,0,,,1,0,270,0,62,0,11,8.4,1006.6,0,1016.8,0,,9,,9,0,0,,,1704,,,11.5,0,17,19.8,20.3,19.9
108,서울,2017-05-20 05:00,15.6,0,,,1.1,0,270,0,63,0,11.1,8.5,1006.8,0,1017,0,,9,,9,0,0,,,1211,,,11.5,0,16.7,19.3,20.1,19.8
108,서울,2017-05-20 06:00,15.5,0,,,1.1,0,290,0,66,0,11.6,9.1,1006.7,0,1016.9,0,.1,0,.07,0,0,0,,,1211,,,12,0,16.4,19,19.8,19.7
108,서울,2017-05-20 07:00,16.1,0,,,1,0,230,0,55,0,10,7,1006.9,0,1017.1,0,1,0,.48,0,1,0,Ci,,945,,40,15.8,0,16.7,18.7,19.6,19.6
108,서울,2017-05-20 08:00,18.8,0,,,.5,0,290,0,49,0,10.6,7.8,1007,0,1017,0,1,0,1.08,0,4,0,Ci,,1132,,40,25.6,0,18.4,18.7,19.4,19.4
108,서울,2017-05-20 09:00,21.6,0,,,1.4,0,160,0,40,0,10.3,7.4,1007.1,0,1017,0,1,0,1.71,0,5,0,Ci,,1739,,,35.1,0,20.8,19,19.2,19.3
108,서울,2017-05-20 10:00,23.5,0,,,3,0,290,0,33,0,9.5,6.2,1007,0,1016.8,0,1,0,2.23,0,7,0,Ci,,1801,,,42.2,0,23.6,19.8,19.2,19.2
108,서울,2017-05-20 11:00,24.5,0,,,3.1,0,290,0,34,0,10.4,7.5,1006.3,0,1016.1,0,1,0,2.64,0,7,0,Ci,,1839,,,49.1,0,25.8,20.9,19.3,19.1
108,서울,2017-05-20 12:00,25.5,0,,,3.7,0,290,0,32,0,10.4,7.5,1006.1,0,1015.9,0,1,0,2.7,0,8,0,Ci,,1841,,,50.9,0,27.7,22,19.5,19.1
108,서울,2017-05-20 13:00,26.8,0,,,2.7,0,290,0,30,0,10.5,7.7,1005.3,0,1015,0,1,0,3.05,0,8,0,Ci,,1835,,,53.7,0,29.6,23.1,19.8,19.1
108,서울,2017-05-20 14:00,26.8,0,,,3.7,0,250,0,34,0,11.9,9.6,1004.6,0,1014.3,0,1,0,2.79,0,9,0,Ci,,1923,,,52.6,0,30.6,24.2,20.2,19.2
108,서울,2017-05-20 15:00,26.2,0,,,3.9,0,270,0,33,0,11.2,8.6,1004.4,0,1014.2,0,1,0,1.95,0,9,0,Ci,,2000,,,45.2,0,30.3,25,20.7,19.3
108,서울,2017-05-20 16:00,25.1,0,,,4.5,0,270,0,33,0,10.4,7.6,1004.1,0,1013.9,0,1,0,1.86,0,8,0,Ci,,2000,,,40.8,0,29.5,25.4,21.1,19.5
108,서울,2017-05-20 17:00,25.3,0,,,4.7,0,270,0,31,0,9.9,6.9,1004.1,0,1013.9,0,1,0,1.76,0,8,0,Ci,,2000,,,38.1,0,28.9,25.4,21.4,19.7
108,서울,2017-05-20 18:00,24.3,0,,,3.9,0,270,0,30,0,9.1,5.6,1003.9,0,1013.7,0,1,0,1.18,0,8,0,Ci,,2000,,,30.7,0,27.8,25.3,21.7,19.8
108,서울,2017-05-20 19:00,22.7,0,,,4,0,270,0,36,0,9.9,6.8,1004.2,0,1014,0,.9,0,.59,0,,0,,,2000,,,26.1,0,26.2,25,21.9,20
108,서울,2017-05-20 20:00,21,0,,,3,0,290,0,41,0,10.2,7.2,1004.6,0,1014.5,0,0,0,.09,0,,0,,,2000,,,21,0,24.4,24.5,22,20.2
108,서울,2017-05-20 21:00,19.9,0,,,2.8,0,290,0,44,0,10.2,7.2,1005.2,0,1015.2,0,,9,,9,4,0,Ci,,2000,,,19,0,22.9,23.9,21.9,20.3
108,서울,2017-05-20 22:00,19.1,0,,,2.2,0,270,0,44,0,9.7,6.5,1005.5,0,1015.5,0,,9,,9,,0,,,2000,,,17.3,0,21.8,23.3,21.8,20.4
108,서울,2017-05-20 23:00,18.4,0,,,2.3,0,270,0,44,0,9.3,5.9,1005.5,0,1015.5,0,,9,,9,,0,,,2000,,,16.3,0,20.8,22.6,21.7,20.4
108,서울,2017-05-21 00:00,18,0,,,1.4,0,270,0,47,0,9.7,6.5,1005.4,0,1015.4,0,,9,,9,7,0,,,2000,,,15.5,0,20.1,22.1,21.5,20.4
108,서울,2017-05-21 01:00,17.8,0,,,1.5,0,270,0,47,0,9.5,6.3,1005.3,0,1015.3,0,,9,,9,,0,,,2000,,,15.1,0,19.6,21.6,21.3,20.4
108,서울,2017-05-21 02:00,17.4,0,,,1,0,340,0,52,0,10.3,7.4,1005.1,0,1015.2,0,,9,,9,,0,,,2000,,,14.1,0,19,21.1,21.1,20.3
108,서울,2017-05-21 03:00,16.8,0,,,1.6,0,250,0,53,0,10.1,7.1,1005.1,0,1015.2,0,,9,,9,7,0,Ci,,2000,,,13.3,0,18.3,20.7,20.9,20.3
108,서울,2017-05-21 04:00,16.5,0,,,1.1,0,290,0,56,0,10.4,7.6,1005.4,0,1015.5,0,,9,,9,6,0,Ci,,2000,,,13,0,17.9,20.3,20.7,20.2
108,서울,2017-05-21 05:00,16.2,0,,,2,0,290,0,61,0,11.2,8.6,1005.7,0,1015.8,0,,9,,9,8,0,Ci,,1721,,,12.9,0,17.6,19.9,20.5,20.2
108,서울,2017-05-21 06:00,16.1,0,,,1.3,0,290,0,64,0,11.6,9.2,1006,0,1016.1,0,0,0,.07,0,8,0,Ci,,1522,,,14.1,0,17.4,19.6,20.2,20
108,서울,2017-05-21 07:00,16.5,0,,,.6,0,290,0,62,0,11.6,9.1,1006.1,0,1016.2,0,0,0,.29,0,8,0,Ci,,1600,,,16.4,0,17.7,19.4,20.1,20
108,서울,2017-05-21 08:00,18.3,0,,,.7,0,200,0,49,0,10.2,7.3,1006.4,0,1016.4,0,.7,0,.84,0,3,0,Ci,,1926,,,25.3,0,18.5,19.3,19.9,19.8
108,서울,2017-05-21 09:00,20.8,0,,,1.8,0,290,0,45,0,11,8.4,1006,0,1016,0,1,0,1.8,0,2,0,Ci,,1988,,,35.6,0,21.1,19.5,19.7,19.7
108,서울,2017-05-21 10:00,22.7,0,,,2.9,0,250,0,38,0,10.4,7.6,1005.8,0,1015.7,0,1,0,2.39,0,2,0,Ci,,1967,,,43.7,0,24,20.2,19.6,19.6
108,서울,2017-05-21 11:00,24.7,0,,,2.7,0,250,0,31,0,9.6,6.4,1005.8,0,1015.6,0,1,0,2.85,0,2,0,Ci,,2000,,,50.6,0,26.8,21.3,19.7,19.5
108,서울,2017-05-21 12:00,25.6,0,,,3.8,0,290,0,32,0,10.4,7.6,1005.5,0,1015.3,0,1,0,3.16,0,1,0,Ci,,1965,,,54.9,0,29.1,22.6,19.9,19.5
108,서울,2017-05-21 13:00,26.4,0,,,3.5,0,290,0,32,0,10.9,8.3,1004.9,0,1014.7,0,1,0,3.2,0,2,0,Ci,,1911,,,56.8,0,31,23.9,20.3,19.5
108,서울,2017-05-21 14:00,26.8,0,,,3.4,0,270,0,30,0,10.5,7.7,1004.2,0,1013.9,0,1,0,3.16,0,1,0,Ci,,1980,,,56.6,0,32.3,25,20.7,19.6
108,서울,2017-05-21 15:00,27.5,0,,,3.4,0,250,0,28,0,10.2,7.3,1003.8,0,1013.5,0,1,0,2.87,0,2,0,Ci,,1984,,,54.5,0,32.6,25.9,21.2,19.7
108,서울,2017-05-21 16:00,27.4,0,,,2.8,0,270,0,21,0,7.6,3.1,1003.4,0,1013.1,0,1,0,2.44,0,2,0,Ci,,2000,,,49.3,0,32.3,26.5,21.7,19.9
108,서울,2017-05-21 17:00,27.1,0,,,2.8,0,270,0,26,0,9.3,5.9,1002.9,0,1012.6,0,1,0,1.85,0,2,0,Ci,,2000,,,41.5,0,31.4,26.8,22.1,20.1
108,서울,2017-05-21 18:00,25.9,0,,,3.1,0,290,0,41,0,13.7,11.6,1003.1,0,1012.9,0,1,0,1.16,0,2,0,Ci,,2000,,,29.9,0,29.6,26.7,22.4,20.3
108,서울,2017-05-21 19:00,23.1,0,,,3,0,270,0,50,0,14.1,12.1,1003.5,0,1013.3,0,1,0,.48,0,,0,,,2000,,,24.7,0,27.2,26.3,22.7,20.5
108,서울,2017-05-21 20:00,21.1,0,,,2.7,0,250,0,55,0,13.7,11.6,1003.9,0,1013.8,0,.2,0,.06,0,,0,,,2000,,,20.9,0,25.1,25.6,22.8,20.7
108,서울,2017-05-21 21:00,20.2,0,,,2.7,0,290,0,58,0,13.7,11.6,1004.4,0,1014.4,0,,9,,9,0,0,,,2000,,,18.8,0,23.4,24.9,22.8,20.9
108,서울,2017-05-21 22:00,19.5,0,,,1.8,0,270,0,61,0,13.7,11.7,1005.1,0,1015,0,,9,,9,,0,,,1994,,,17.4,0,22.3,24.1,22.6,21
108,서울,2017-05-21 23:00,19.2,0,,,1.6,0,270,0,62,0,13.7,11.7,1005.4,0,1015.4,0,,9,,9,,0,,,1976,,,16.6,0,21.4,23.5,22.5,21
108,서울,2017-05-22 00:00,18.7,0,,,2,0,270,0,64,0,13.7,11.7,1005.3,0,1015.3,0,,9,,9,0,0,,,1737,,,16,0,20.8,22.8,22.3,21
108,서울,2017-05-22 01:00,18,0,,,2.1,0,270,0,66,0,13.6,11.5,1005.4,0,1015.4,0,,9,,9,,0,,,1659,,,15.3,0,20.2,22.3,22,21
108,서울,2017-05-22 02:00,17.3,0,,,2.2,0,270,0,69,0,13.6,11.5,1005.4,0,1015.5,0,,9,,9,,0,,,1636,,,14.7,0,19.6,21.9,21.8,21
108,서울,2017-05-22 03:00,16.9,0,,,2,0,290,0,71,0,13.6,11.5,1005.2,0,1015.3,0,,9,,9,0,0,,,1636,,,14.1,0,19.1,21.4,21.6,20.9
108,서울,2017-05-22 04:00,16.4,0,,,1,0,270,0,74,0,13.7,11.7,1005.3,0,1015.4,0,,9,,9,0,0,,,1481,,,13.3,0,18.5,21,21.4,20.8
108,서울,2017-05-22 05:00,16.1,0,,,.2,0,0,0,75,0,13.7,11.6,1005.2,0,1015.3,0,,9,,9,0,0,,,1351,,,12.4,0,18,20.7,21.2,20.7
108,서울,2017-05-22 06:00,16,0,,,.6,0,360,0,75,0,13.6,11.5,1005.6,0,1015.8,0,0,0,.07,0,0,0,,,1159,,,13.1,0,17.5,20.3,20.9,20.7
108,서울,2017-05-22 07:00,17,0,,,1.2,0,20,0,65,0,12.5,10.3,1005.5,0,1015.6,0,.9,0,.45,0,0,0,,,986,,40,16.9,0,17.8,20,20.7,20.5
108,서울,2017-05-22 08:00,19.5,0,,,1.2,0,20,0,57,0,12.9,10.7,1005.7,0,1015.6,0,1,0,1.06,0,1,0,Ci,,906,,40,26.4,0,19.5,19.9,20.5,20.4
108,서울,2017-05-22 09:00,22.3,0,,,1.4,0,50,0,54,0,14.5,12.5,1005.6,0,1015.5,0,1,0,1.68,0,1,0,Ci,,990,,40,35.6,0,21.8,20.2,20.3,20.2
108,서울,2017-05-22 10:00,24,0,,,1.5,0,110,0,48,0,14.3,12.3,1005.1,0,1014.9,0,1,0,2.3,0,3,0,Ci,,1303,,40,44.3,0,24.6,20.9,20.2,20.1
108,서울,2017-05-22 11:00,25.7,0,,,1.6,0,180,0,44,0,14.5,12.5,1004.5,0,1014.3,0,1,0,2.7,0,7,1,ScCi,10,1144,,,49.9,0,27.6,21.9,20.3,20.1
108,서울,2017-05-22 12:00,26.3,0,,,2,0,160,0,42,0,14.3,12.3,1004,0,1013.8,0,1,0,2.05,0,9,5,ScCi,14,1502,,,46,0,28.7,23.1,20.5,20.1
108,서울,2017-05-22 13:00,27.2,0,,,2,0,180,0,36,0,12.9,10.8,1003.8,0,1013.5,0,.5,0,2.04,0,9,5,ScCi,14,1299,,,48,0,29.2,23.9,20.8,20.1
108,서울,2017-05-22 14:00,27,0,,,3.9,0,250,0,43,0,15.3,13.3,1003.3,0,1013,0,.7,0,2.03,0,7,3,ScCi,14,1090,,,47.9,0,29.8,24.6,21.1,20.1
108,서울,2017-05-22 15:00,27.7,0,,,2.3,0,270,0,39,0,14.4,12.4,1002.3,0,1012,0,1,0,2.54,0,3,3,Sc,10,888,,40,47.7,0,31.3,25.2,21.5,20.2
108,서울,2017-05-22 16:00,28,0,,,3.4,0,250,0,37,0,13.9,11.9,1001.7,0,1011.4,0,1,0,2.14,0,1,1,Sc,10,1114,,40,46.7,0,31.4,25.7,21.8,20.3
108,서울,2017-05-22 17:00,27.7,0,,,2.8,0,200,0,35,0,12.9,10.8,1001.5,0,1011.2,0,1,0,1.69,0,0,0,,,1712,,,40.5,0,30.8,26.1,22.1,20.5
108,서울,2017-05-22 18:00,26.5,0,,,4.4,0,250,0,31,0,10.6,7.9,1001.7,0,1011.4,0,1,0,1.06,0,0,0,,,1973,,,29.9,0,29.3,26.2,22.4,20.6
108,서울,2017-05-22 19:00,23.2,0,,,4.7,0,290,0,38,0,10.7,8,1002.2,0,1012,0,.7,0,.4,0,,0,,,2000,,,24.5,0,26.9,25.9,22.6,20.8
108,서울,2017-05-22 20:00,21.2,0,,,3.3,0,270,0,52,0,13,10.9,1002.5,0,1012.4,0,0,0,.06,0,,0,,,2000,,,20.8,0,24.7,25.3,22.7,21
108,서울,2017-05-22 21:00,20.2,0,,,2.8,0,270,0,54,0,12.7,10.5,1002.8,0,1012.8,0,,9,,9,5,0,Ci,,2000,,,18.6,0,23.2,24.6,22.7,21.1
108,서울,2017-05-22 22:00,19.6,0,,,1.2,0,230,0,59,0,13.4,11.3,1003.1,0,1013,0,,9,,9,,0,,,2000,,,17.1,0,22.1,23.9,22.6,21.1
108,서울,2017-05-22 23:00,19.1,0,,,1.4,0,270,0,61,0,13.4,11.3,1003.1,0,1013,0,,9,,9,,0,,,2000,,,16.2,0,21.2,23.3,22.5,21.2
108,서울,2017-05-23 00:00,18.7,0,,,1.1,,270,,63,0,13.6,11.5,1003.1,0,1013.1,0,,9,,9,4,0,,,2000,,,15.3,0,20.3,22.7,22.3,21.2
108,서울,2017-05-23 01:00,18.3,0,,,.9,,230,,64,0,13.4,11.3,1002.7,0,1012.7,0,,9,,9,,0,,,1978,,,14.5,0,19.7,22.2,22,21.2
108,서울,2017-05-23 02:00,18.1,0,,,1.5,,290,,64,0,13.2,11.1,1002.6,0,1012.6,0,,9,,9,,0,,,2000,,,14.3,0,19.1,21.7,21.9,21.1
108,서울,2017-05-23 03:00,18,0,,,1.7,,290,,66,0,13.6,11.5,1002.2,0,1012.2,0,,9,,9,7,0,Ci,,1998,,,14.6,0,19,21.3,21.6,21
108,서울,2017-05-23 04:00,17.4,0,,,1,,290,,71,0,14,12,1002.1,0,1012.1,0,,9,,9,7,2,ScAc,9,1855,,,14,0,18.6,21,21.4,21
108,서울,2017-05-23 05:00,17.4,0,,,1.1,,290,,69,0,13.7,11.6,1002,0,1012,0,,9,,9,9,7,ScCi,9,1698,,,15.9,0,18.6,20.7,21.2,20.9
108,서울,2017-05-23 06:00,17.7,0,,,.6,,360,,66,0,13.3,11.2,1001.7,0,1011.7,0,0,,.05,,8,5,ScCi,12,1996,,,15.9,0,18.8,20.5,21,20.8
108,서울,2017-05-23 07:00,18.2,0,,,.8,,20,,63,0,13.1,11,1001.4,0,1011.4,0,.1,,.3,,9,0,Ci,,1987,,,18.4,0,19,20.3,20.9,20.7
108,서울,2017-05-23 08:00,19.8,0,,,.6,,50,,57,0,13.1,11,1001.6,0,1011.6,0,.1,,.65,,9,0,Ci,,1721,,,23.1,0,20,20.3,20.7,20.6
108,서울,2017-05-23 09:00,21,0,,,.3,,0,,57,0,14.1,12.1,1001.5,0,1011.4,0,.2,,.81,,9,3,AcCi,35,1463,,,26.7,0,21.3,20.5,20.6,20.5
108,서울,2017-05-23 10:00,22.8,0,,,3,,180,,53,0,14.7,12.7,1001.4,0,1011.2,0,.8,,1.71,,9,4,ScCc,10,1838,,,38.4,0,23.3,20.9,20.5,20.4
108,서울,2017-05-23 11:00,23.5,0,,,3.4,,230,,48,0,13.8,11.8,1001.3,0,1011.1,0,.5,,1.63,,9,7,ScCi,11,1663,,,38.9,0,24.9,21.5,20.5,20.3
108,서울,2017-05-23 12:00,24,0,,,3.5,,200,,49,0,14.6,12.6,1000.7,0,1010.4,0,.7,,1.94,,9,7,ScCi,13,1986,,,40.1,0,26.6,22.3,20.7,20.3
108,서울,2017-05-23 13:00,24,0,,,2.6,,290,,51,0,15.2,13.2,1000.6,0,1010.3,0,0,,1,,10,7,ScAs,11,1946,,,36.9,0,26.2,22.9,20.8,20.3
108,서울,2017-05-23 14:00,23.3,0,,,3.4,,290,,58,0,16.5,14.5,1000.2,0,1010,0,0,,.88,,10,7,ScAs,10,1818,,,32.5,0,26.1,23.2,21,20.3
108,서울,2017-05-23 15:00,23.6,0,,,4.4,,200,,51,0,14.8,12.8,999.8,0,1009.6,0,0,,1.08,,10,5,ScAs,10,1991,,,35.1,0,25.9,23.4,21.2,20.3
108,서울,2017-05-23 16:00,22.8,0,,,3.2,,270,,58,0,16,14,999.5,0,1009.3,0,0,,.8,,10,7,ScAs,10,1940,,,30.9,0,25.7,23.5,21.3,20.4
108,서울,2017-05-23 17:00,21.7,0,,,3.4,,270,,60,0,15.5,13.5,999.6,0,1009.5,0,0,,.41,,10,7,ScAs,10,1920,,,27.1,0,24.8,23.5,21.4,20.4
108,서울,2017-05-23 18:00,20,0,0,0,3.8,,290,,72,0,16.7,14.7,999.4,0,1009.4,0,0,,.28,,10,7,ScAs,11,1406,,01,21.2,0,23.8,23.3,21.5,20.5
108,서울,2017-05-23 19:00,18.5,0,1.5,0,2.6,,270,,89,0,18.9,16.6,1000,0,1009.9,0,0,,.1,,10,7,StNs,4,296,,1901,19,0,22.4,23,21.6,20.6
108,서울,2017-05-23 20:00,17.9,0,2.5,0,.2,,0,,91,0,18.6,16.4,999.9,0,1009.9,0,0,,.02,,10,7,StNs,8,553,,1901,18.3,0,21.3,22.6,21.5,20.6
108,서울,2017-05-23 21:00,17.9,0,.5,0,.8,,360,,92,0,18.8,16.5,999.8,0,1009.8,0,,9,,9,10,6,ScAs,10,377,,1901,18.1,0,20.5,22.1,21.5,20.6
108,서울,2017-05-23 22:00,17.7,0,,9,1.1,,360,,92,0,18.5,16.3,999.9,0,1009.9,0,,9,,9,,2,,5,418,,19,17.8,0,20.1,21.7,21.4,20.7
108,서울,2017-05-23 23:00,17.9,0,,9,.7,,340,,87,0,17.7,15.6,999.7,0,1009.7,0,,9,,9,,9,,4,582,,19,17.9,0,19.8,21.3,21.2,20.6
108,서울,2017-05-24 00:00,17.8,0,.5,0,1,,250,,91,0,18.5,16.3,999.7,0,1009.7,0,,9,,9,10,8,,,323,,1901,17.7,0,19.7,21,21.1,20.6
108,서울,2017-05-24 01:00,17.9,0,.1,0,.1,,0,,91,0,18.6,16.4,999.1,0,1009.1,0,,9,,9,10,7,ScAs,10,383,,1901,17.7,0,19.5,20.8,20.9,20.6
108,서울,2017-05-24 02:00,17.8,0,,9,.8,,360,,91,0,18.5,16.3,998.7,0,1008.7,0,,9,,9,,6,,3,330,,19,17.4,0,19.3,20.6,20.8,20.5
108,서울,2017-05-24 03:00,17.8,0,,9,1.8,,290,,91,0,18.5,16.3,998.6,0,1008.6,0,,9,,9,10,10,St,7,328,,19,17.4,0,19.1,20.4,20.6,20.4
108,서울,2017-05-24 04:00,17.4,0,0,0,.9,,360,,91,0,18.1,15.9,998.4,0,1008.4,0,,9,,9,9,9,Sc,10,390,,1901,16.7,0,18.9,20.3,20.5,20.4
108,서울,2017-05-24 05:00,17.3,0,,9,1.2,,360,,90,0,17.7,15.6,998.5,0,1008.5,0,,9,,9,9,9,Sc,10,533,,19,16.9,0,18.7,20,20.4,20.3
108,서울,2017-05-24 06:00,17,0,,9,1.4,,290,,89,0,17.2,15.1,998.8,0,1008.8,0,0,,.07,,4,4,Sc,10,536,,19,15.9,0,18.4,19.9,20.3,20.2
108,서울,2017-05-24 07:00,17.4,0,,9,.8,,20,,80,0,15.9,13.9,999.1,0,1009.1,0,.5,,.43,,3,3,Sc,10,758,,19,17.3,0,18,19.6,20.1,20.1
108,서울,2017-05-24 08:00,19.3,0,,9,1.8,,50,,72,0,16.1,14.1,999.2,0,1009.1,0,1,,1.15,,3,3,Sc,10,795,,19,22.8,0,19.2,19.5,20,20
108,서울,2017-05-24 09:00,21.5,0,,9,1.1,,20,,65,0,16.6,14.6,999.1,0,1009,0,1,,2.05,,3,3,Sc,10,1302,,19,30,0,22,19.8,19.8,19.9
108,서울,2017-05-24 10:00,23.3,0,,9,1.2,,20,,53,0,15.1,13.1,999,0,1008.8,0,1,,2.83,,4,4,Sc,10,1650,,,34.4,0,25.6,20.8,19.8,19.8
108,서울,2017-05-24 11:00,23.5,0,,9,2,,270,,55,0,15.9,13.9,998.7,0,1008.4,0,1,,2.32,,5,5,Sc,10,1788,,,29.4,0,27.6,22.3,20,19.8
108,서울,2017-05-24 12:00,24.7,0,,9,2.2,,270,,48,0,14.9,12.9,998.4,0,1008.1,0,1,,2.03,,5,5,Sc,12,1926,,,30.8,0,28.1,23.2,20.4,19.8
108,서울,2017-05-24 13:00,25,0,,9,3.1,,290,,44,0,13.8,11.8,997.8,0,1007.5,0,.9,,2.25,,3,3,Sc,13,1989,,,33.2,0,28.9,24,20.7,19.9
108,서울,2017-05-24 14:00,26.3,0,,9,3.4,,340,,36,0,12.3,10,997.3,0,1007,0,1,,2.83,,1,1,Sc,10,2000,,,41,0,30.3,24.6,21.1,20
108,서울,2017-05-24 15:00,26.9,0,,9,3.7,,320,,33,0,11.6,9.2,996.9,0,1006.6,0,1,,2.91,,1,1,Sc,10,1997,,,42.1,0,31.5,25.5,21.4,20.1
108,서울,2017-05-24 16:00,27.6,0,,9,3.5,,290,,39,0,14.3,12.3,996.5,0,1006.1,0,1,,2.47,,1,1,Sc,10,1963,,,40.9,0,31.5,26.1,21.8,20.2
108,서울,2017-05-24 17:00,27.5,0,,9,3.4,,290,,34,0,12.4,10.2,996.3,0,1005.9,0,1,,1.87,,0,0,,,2000,,,35.7,0,30.6,26.5,22.2,20.4
108,서울,2017-05-24 18:00,27,0,,9,3.6,,270,,39,0,13.8,11.8,996.3,0,1005.9,0,1,,1.17,,0,0,,,2000,,,27.4,0,28.9,26.4,22.5,20.6
108,서울,2017-05-24 19:00,25,0,,9,3.2,,270,,50,0,15.8,13.8,996.7,0,1006.4,0,1,,.54,,,0,,,2000,,,23.8,0,26.5,25.9,22.7,20.8
108,서울,2017-05-24 20:00,22.1,0,,9,2.6,,290,,56,0,14.9,12.9,997.1,0,1006.9,0,.3,,.07,,,0,,,2000,,,20.4,0,24.3,25.2,22.8,21
108,서울,2017-05-24 21:00,20.8,0,,9,2.1,,270,,57,0,13.9,11.9,997.9,0,1007.8,0,,9,,9,0,0,,,2000,,,18.5,0,22.6,24.3,22.7,21.1
108,서울,2017-05-24 22:00,19.8,0,,9,2.2,,270,,57,0,13.1,11,998.3,0,1008.3,0,,9,,9,,0,,,2000,,,17,0,21.3,23.5,22.6,21.1
108,서울,2017-05-24 23:00,19.5,0,,9,2.4,,290,,55,0,12.4,10.2,998.4,0,1008.3,0,,9,,9,,0,,,2000,,,16,0,20.3,22.7,22.3,21.2
108,서울,2017-05-25 00:00,18.8,0,,9,1.1,,270,,61,0,13.2,11.1,998.1,0,1008,0,,9,,9,0,0,,,2000,,,14.9,0,19.4,22.1,22.1,21.1
108,서울,2017-05-25 01:00,18.2,0,,,2.1,0,250,0,64,0,13.3,11.2,997.7,0,1007.6,0,,9,,9,,0,,,2000,,,14.3,0,18.7,21.5,21.8,21.1
108,서울,2017-05-25 02:00,17.6,0,,,1.3,0,250,0,69,0,13.8,11.8,997.4,0,1007.4,0,,9,,9,,0,,,2000,,,13.5,0,18.1,20.9,21.6,21
108,서울,2017-05-25 03:00,17,0,,,1.7,0,250,0,72,0,13.9,11.9,997.3,0,1007.3,0,,9,,9,0,0,,,1983,,,12.9,0,17.5,20.4,21.3,20.9
108,서울,2017-05-25 04:00,16.6,0,,,1.6,0,250,0,73,0,13.7,11.7,997,0,1007,0,,9,,9,0,0,,,1228,,,12.3,0,16.9,20,21,20.9
108,서울,2017-05-25 05:00,16.1,0,,,2.1,0,200,0,73,0,13.3,11.2,996.6,0,1006.7,0,,9,,9,0,0,,,694,,19,12,0,16.4,19.6,20.8,20.8
108,서울,2017-05-25 06:00,15.8,0,,,2,0,270,0,73,0,13,10.9,996.7,0,1006.8,0,.2,0,.08,0,1,0,Ci,,776,,19,12.4,0,16.1,19.2,20.6,20.7
108,서울,2017-05-25 07:00,16.6,0,,,.9,0,250,0,63,0,11.9,9.5,996.4,0,1006.4,0,1,0,.53,0,3,1,AcCi,42,697,,4019,15.4,0,16.5,18.9,20.3,20.5
108,서울,2017-05-25 08:00,18.5,0,,,3.8,0,200,0,58,0,12.3,10,995.7,0,1005.6,0,1,0,1.12,0,1,0,Ci,,975,,40,22.4,0,18.1,18.8,20.1,20.3
108,서울,2017-05-25 09:00,20.7,0,,,4.1,0,200,0,43,0,10.4,7.6,994.8,0,1004.7,0,1,0,1.79,0,0,0,,,1480,,40,29.9,0,20.4,19.2,19.9,20.2
108,서울,2017-05-25 10:00,22.7,0,,,4.7,0,250,0,41,0,11.2,8.7,994.5,0,1004.3,0,1,0,2.39,0,4,1,AcCi,44,1781,,,36.4,0,23,20,19.8,20.1
108,서울,2017-05-25 11:00,21.8,0,,,3.6,0,200,0,47,0,12.2,9.9,993.9,0,1003.7,0,.5,0,1.44,0,8,8,As,32,1903,,,31.7,0,23.6,21,19.9,20
108,서울,2017-05-25 12:00,22.3,0,,,3.7,0,250,0,49,0,13.1,11,993.4,0,1003.2,0,.7,0,1.77,0,6,6,Sc,15,1819,,,34.8,0,24.7,21.6,20,20
108,서울,2017-05-25 13:00,23.2,0,,,6,0,290,0,42,0,11.9,9.5,993,0,1002.7,0,1,0,2.92,0,4,4,Sc,15,1809,,,44.8,0,27,22.3,20.2,20
108,서울,2017-05-25 14:00,24.2,0,,,5,0,290,0,30,0,9,5.5,992.4,0,1002,0,1,0,2.87,0,2,2,Sc,12,1937,,,45.9,0,28.8,23.4,20.5,20
108,서울,2017-05-25 15:00,23.9,0,,,6,0,290,0,22,0,6.5,.8,992.6,0,1002.3,0,1,0,3.04,0,0,0,,,2000,,,45.2,0,29.4,24.4,20.9,20
108,서울,2017-05-25 16:00,23.5,0,,,4.9,0,290,0,24,0,6.9,1.7,992.8,0,1002.5,0,1,0,2.54,0,0,0,,,2000,,,40.9,0,29.2,24.9,21.3,20.1
108,서울,2017-05-25 17:00,22.9,0,,,5.5,0,270,0,29,0,8.1,3.9,993,0,1002.7,0,1,0,1.92,0,0,0,,,2000,,,33.7,0,28.3,25.2,21.6,20.3
108,서울,2017-05-25 18:00,22.2,0,,,4.2,0,290,0,29,0,7.7,3.3,993.2,0,1003,0,1,0,1.23,0,0,0,,,2000,,,24.2,0,26.6,25.1,21.9,20.4
108,서울,2017-05-25 19:00,20.7,0,,,4.1,0,320,0,31,0,7.5,2.9,993.4,0,1003.3,0,1,0,.57,0,,,,,2000,,,20.5,0,24.4,24.6,22.1,20.6
108,서울,2017-05-25 20:00,18.8,0,,,2.2,0,320,0,34,0,7.3,2.5,994.1,0,1004,0,.4,0,.09,0,,,,,2000,,,17.4,0,22.4,23.8,22.1,20.8
108,서울,2017-05-25 21:00,17.6,0,,,2.4,0,340,0,36,0,7.2,2.3,995.1,0,1005.1,0,,9,,9,0,0,,,2000,,,15.4,0,20.8,23,22.1,20.8
108,서울,2017-05-25 22:00,16.5,0,,,3.3,0,320,0,39,0,7.3,2.4,995.8,0,1005.8,0,,9,,9,,0,,,2000,,,14.1,0,19.6,22.3,21.9,20.8
108,서울,2017-05-25 23:00,15.4,0,,,2.4,0,340,0,41,0,7.1,2.1,996.3,0,1006.4,0,,9,,9,,0,,,2000,,,13,0,18.6,21.5,21.7,20.9
108,서울,2017-05-26 00:00,14.4,0,,,2.6,0,320,0,41,0,6.7,1.2,996.4,0,1006.5,0,,9,,9,0,0,,,2000,,,11.9,0,17.6,20.9,21.5,20.8
108,서울,2017-05-26 01:00,14.1,0,,,4.5,0,320,0,42,0,6.7,1.3,996.4,0,1006.5,0,,9,,9,,0,,,2000,,,11.4,0,17,20.3,21.2,20.8
108,서울,2017-05-26 02:00,13.3,0,,,2.5,0,320,0,43,0,6.5,.9,996.6,0,1006.7,0,,9,,9,,0,,,2000,,,10.4,0,16.3,19.8,20.9,20.7
108,서울,2017-05-26 03:00,12.9,0,,,2.4,0,340,0,44,0,6.5,.9,996.6,0,1006.8,0,,9,,9,0,0,,,2000,,,9.7,0,15.7,19.3,20.6,20.6
108,서울,2017-05-26 04:00,12.5,0,,,2,0,340,0,43,0,6.2,.2,996.5,0,1006.7,0,,9,,9,0,0,,,2000,,,9.1,0,15,18.8,20.3,20.5
108,서울,2017-05-26 05:00,12.7,0,,,3.9,0,320,0,41,0,6,-.2,996.6,0,1006.8,0,,9,,9,0,0,,,2000,,,9,0,14.5,18.4,20.1,20.4
108,서울,2017-05-26 06:00,12.9,0,,,2.7,0,360,0,42,0,6.2,.2,996.7,0,1006.9,0,.3,0,.08,0,0,0,,,2000,,,9.5,0,14.4,18,19.8,20.2
108,서울,2017-05-26 07:00,13.7,0,,,3.3,0,320,0,40,0,6.2,.3,997.1,0,1007.2,0,1,0,.63,0,0,0,,,2000,,,12.5,0,14.5,17.7,19.6,20.1
108,서울,2017-05-26 08:00,14.6,0,,,4.8,0,290,0,38,0,6.3,.4,997.4,0,1007.5,0,1,0,1.3,0,0,0,,,2000,,,22.5,0,16.1,17.5,19.3,19.9
108,서울,2017-05-26 09:00,16.2,0,,,2.9,0,290,0,36,0,6.6,1,997.6,0,1007.7,0,1,0,1.92,0,0,0,,,2000,,,31.5,0,18.4,17.8,19.1,19.8
108,서울,2017-05-26 10:00,18.3,0,,,2.7,0,200,0,33,0,6.9,1.7,997.3,0,1007.2,0,1,0,2.54,0,0,0,,,2000,,,39.4,0,21.5,18.6,19,19.6
108,서울,2017-05-26 11:00,19.5,0,,,2.1,0,320,0,32,0,7.2,2.3,997.6,0,1007.5,0,1,0,2.95,0,1,1,Sc,18,2000,,,45.7,0,24.6,19.9,19.1,19.5
108,서울,2017-05-26 12:00,20.2,0,,,3.6,0,270,0,32,0,7.5,2.9,997.6,0,1007.5,0,1,0,2.99,0,2,2,Sc,18,2000,,,47.2,0,27,21.4,19.3,19.5
108,서울,2017-05-26 13:00,21.6,0,,,4.5,0,250,0,27,0,6.9,1.7,997.5,0,1007.3,0,1,0,3.41,0,3,3,Sc,19,2000,,,52.1,0,29,22.8,19.7,19.5
108,서울,2017-05-26 14:00,22.2,0,,,3.4,0,270,0,27,0,7.2,2.2,997,0,1006.8,0,1,0,2.99,0,3,3,Sc,19,2000,,,51.4,0,29.8,24,20.1,19.5
108,서울,2017-05-26 15:00,23,0,,,2.9,0,320,0,26,0,7.3,2.4,996.9,0,1006.7,0,1,0,2.71,0,6,6,Sc,19,2000,,,46.4,0,30.6,24.9,20.7,19.6
108,서울,2017-05-26 16:00,21.7,0,,,3,0,270,0,35,0,9,5.5,996.9,0,1006.7,0,.5,0,1.03,0,6,6,Sc,19,2000,,,34.8,0,28.6,25.4,21.1,19.8
108,서울,2017-05-26 17:00,23.1,0,,,2.6,0,250,0,31,0,8.7,5,996.9,0,1006.7,0,1,0,1.81,0,6,6,Sc,19,2000,,,36.2,0,28.4,25.3,21.5,20
108,서울,2017-05-26 18:00,21.6,0,,,3.4,0,250,0,36,0,9.2,5.8,997.2,0,1007,0,.5,0,.63,0,6,5,ScAc,19,2000,,,26.3,0,26.8,25.2,21.8,20.2
108,서울,2017-05-26 19:00,20.7,0,,,3.1,0,250,0,37,0,9,5.4,997.9,0,1007.8,0,0,0,.27,0,,9,,26,2000,,,23.3,0,24.9,24.8,22,20.3
108,서울,2017-05-26 20:00,19.4,0,,,2.3,0,230,0,39,0,8.7,5,998.4,0,1008.3,0,0,0,.06,0,,8,,27,2000,,,19.5,0,23.3,24.2,22,20.5
108,서울,2017-05-26 21:00,18.5,0,,,2.9,0,200,0,48,0,10.2,7.2,998.9,0,1008.8,0,,9,,9,1,1,Ac,32,2000,,,16.9,0,21.8,23.5,22,20.6
108,서울,2017-05-26 22:00,17.8,0,,,2.2,0,250,0,52,0,10.6,7.8,999.7,0,1009.7,0,,9,,9,,0,,,2000,,,15.6,0,20.6,22.7,21.9,20.7
108,서울,2017-05-26 23:00,16.8,0,,,.6,0,250,0,62,0,11.8,9.4,999.9,0,1009.9,0,,9,,9,,0,,,2000,,,14.4,0,19.7,22.1,21.7,20.7
108,서울,2017-05-27 00:00,16.1,0,,,1.5,0,200,0,68,0,12.4,10.1,1000.1,0,1010.2,0,,9,,9,0,0,,,1866,,,13.6,0,18.9,21.5,21.5,20.7
108,서울,2017-05-27 01:00,15.6,0,,,.8,0,290,0,71,0,12.5,10.3,1000.1,0,1010.2,0,,9,,9,,0,,,1908,,,12.6,0,18.1,21,21.3,20.7
108,서울,2017-05-27 02:00,15.1,0,,,.8,0,290,0,74,0,12.6,10.4,1000.2,0,1010.4,0,,9,,9,,0,,,1935,,,11.9,0,17.4,20.4,21,20.6
108,서울,2017-05-27 03:00,14.7,0,,,.4,0,0,0,76,0,12.7,10.5,1000.1,0,1010.2,0,,9,,9,0,0,,,1704,,,11.3,0,16.9,20,20.8,20.6
108,서울,2017-05-27 04:00,14.3,0,,,1,0,290,0,79,0,12.8,10.6,1000.4,0,1010.5,0,,9,,9,0,0,,,1593,,,10.7,0,16.4,19.6,20.6,20.5
108,서울,2017-05-27 05:00,13.9,0,,,.7,0,290,0,79,0,12.5,10.3,1000.8,0,1011,0,,9,,9,0,0,,,1382,,,10,0,15.9,19.2,20.3,20.4
108,서울,2017-05-27 06:00,13.7,0,,,.2,0,0,0,80,0,12.5,10.3,1001.6,0,1011.8,0,.1,0,.08,0,0,0,,,1355,,,10.5,0,15.5,18.8,20.1,20.3
108,서울,2017-05-27 07:00,14.7,0,,,1.6,0,200,0,70,0,11.6,9.2,1002,0,1012.1,0,1,0,.55,0,0,0,,,1577,,,14.2,0,15.7,18.5,19.9,20.1
108,서울,2017-05-27 08:00,17,0,,,1.8,0,200,0,60,0,11.6,9.1,1002.5,0,1012.6,0,1,0,1.18,0,0,0,,,1929,,,24.5,0,17.5,18.4,19.7,20
108,서울,2017-05-27 09:00,19.1,0,,,2,0,180,0,54,0,11.9,9.5,1002.5,0,1012.4,0,1,0,1.81,0,0,0,,,1873,,,33.6,0,20,18.7,19.5,19.9
108,서울,2017-05-27 10:00,21.2,0,,,2.3,0,180,0,45,0,11.2,8.7,1002.5,0,1012.4,0,1,0,2.4,0,0,0,,,1929,,,41.5,0,23,19.6,19.4,19.8
108,서울,2017-05-27 11:00,22.8,0,,,2.5,0,180,0,37,0,10.2,7.3,1002.7,0,1012.5,0,1,0,2.85,0,0,0,,,1961,,,47.9,0,26,20.8,19.5,19.7
108,서울,2017-05-27 12:00,23.6,0,,,3.4,0,250,0,36,0,10.4,7.6,1002.4,0,1012.2,0,1,0,3.14,0,1,1,Sc,10,1970,,,52.2,0,28.6,22.2,19.8,19.7
108,서울,2017-05-27 13:00,24.4,0,,,3.4,0,270,0,31,0,9.4,6.1,1002,0,1011.7,0,1,0,2.9,0,1,1,Sc,18,1972,,,46.9,0,30.3,23.6,20.1,19.7
108,서울,2017-05-27 14:00,25.8,0,,,3.2,0,290,0,26,0,8.6,4.8,1001.7,0,1011.5,0,1,0,3.18,0,1,1,Sc,18,1986,,,54.1,0,31.7,24.7,20.6,19.8
108,서울,2017-05-27 15:00,26.1,0,,,3.4,0,270,0,27,0,9.1,5.6,1001.4,0,1011.1,0,1,0,2.86,0,0,0,,,2000,,,51.7,0,32.3,25.7,21.1,19.8
108,서울,2017-05-27 16:00,25.8,0,,,3.2,0,270,0,27,0,8.9,5.3,1001.1,0,1010.8,0,1,0,2.41,0,0,0,,,1997,,,46.4,0,32.1,26.4,21.6,20.1
108,서울,2017-05-27 17:00,24.6,0,,,4.4,0,270,0,29,0,8.9,5.3,1001.1,0,1010.8,0,1,0,1.83,0,0,0,,,2000,,,37.9,0,30.9,26.7,22.1,20.2
108,서울,2017-05-27 18:00,23.7,0,,,4.1,0,270,0,29,0,8.4,4.5,1001.2,0,1011,0,1,0,1.16,0,0,0,,,2000,,,26.8,0,28.8,26.6,22.4,20.5
108,서울,2017-05-27 19:00,22.4,0,,,3.5,0,290,0,32,0,8.6,4.8,1001.5,0,1011.3,0,1,0,.52,0,,0,,,2000,,,22.8,0,26.5,26.1,22.7,20.7
108,서울,2017-05-27 20:00,19.9,0,,,2,0,290,0,33,0,7.6,3.1,1001.6,0,1011.6,0,.4,0,.08,0,,0,,,2000,,,18.8,0,24.4,25.4,22.8,20.9
108,서울,2017-05-27 21:00,18.8,0,,,3,0,290,0,32,0,6.9,1.7,1002.1,0,1012.1,0,,9,,9,0,0,,,2000,,,16.9,0,22.7,24.5,22.7,21
108,서울,2017-05-27 22:00,18,0,,,1.7,0,250,0,34,0,7,1.8,1002.4,0,1012.4,0,,9,,9,,0,,,2000,,,15.3,0,21.4,23.7,22.6,21.2
108,서울,2017-05-27 23:00,17.2,0,,,1.8,0,290,0,35,0,6.8,1.5,1002.6,0,1012.7,0,,9,,9,,0,,,2000,,,14.3,0,20.4,23,22.4,21.2
108,서울,2017-05-28 00:00,16.6,0,,,2.1,0,270,0,35,0,6.6,1,1002.6,0,1012.7,0,,9,,9,0,0,,,2000,,,13.4,0,19.5,22.3,22.2,21.2
108,서울,2017-05-28 01:00,15.8,0,,,1.4,0,270,0,39,0,7,1.8,1002.4,0,1012.5,0,,9,,9,,0,,,2000,,,12,0,18.7,21.7,21.9,21.2
108,서울,2017-05-28 02:00,15.2,0,,,.7,0,270,0,44,0,7.6,3,1002.5,0,1012.7,0,,9,,9,,0,,,2000,,,11,0,17.8,21.2,21.7,21.1
108,서울,2017-05-28 03:00,14.9,0,,,.4,0,0,0,46,0,7.7,3.3,1002.5,0,1012.7,0,,9,,9,0,0,,,2000,,,10.5,0,17.1,20.6,21.4,21
108,서울,2017-05-28 04:00,14.7,0,,,.2,0,0,0,48,0,8,3.7,1002.6,0,1012.7,0,,9,,9,2,2,Sc,15,2000,,,11.2,0,16.7,20.1,21.2,20.9
108,서울,2017-05-28 05:00,14.4,0,,,1.5,0,50,0,52,0,8.5,4.6,1002.4,0,1012.6,0,,9,,9,8,8,Sc,12,2000,,,11.9,0,16.6,19.7,20.9,20.9
108,서울,2017-05-28 06:00,14.7,0,,,2.1,0,50,0,54,0,9,5.4,1002.4,0,1012.5,0,0,0,.07,0,4,4,Ac,32,2000,,,12.8,0,16.7,19.5,20.7,20.7
108,서울,2017-05-28 07:00,16.3,0,,,1.9,0,50,0,49,0,9,5.5,1002.7,0,1012.8,0,.3,0,.41,0,8,8,Ac,32,2000,,,17.6,0,17.2,19.3,20.4,20.6
108,서울,2017-05-28 08:00,18,0,,,1.8,0,90,0,44,0,9,5.5,1002.7,0,1012.7,0,.2,0,.68,0,0,0,,,1961,,,23.6,0,18.5,19.3,20.2,20.5
108,서울,2017-05-28 09:00,20.9,0,,,2.1,0,90,0,35,0,8.6,4.8,1002.5,0,1012.4,0,1,0,1.51,0,0,0,,,1944,,,32.4,0,20.6,19.6,20.1,20.3
108,서울,2017-05-28 10:00,22.9,0,,,2.1,0,90,0,31,0,8.6,4.8,1002.3,0,1012.1,0,1,0,2.09,0,0,0,,,1947,,,40.3,0,23.2,20.2,20,20.2
108,서울,2017-05-28 11:00,25,0,,,1.8,0,180,0,27,0,8.5,4.6,1002.2,0,1012,0,1,0,2.53,0,2,2,Sc,10,2000,,,47.6,0,26.1,21.2,20.1,20.2
108,서울,2017-05-28 12:00,26.1,0,,,3.7,0,200,0,29,0,9.7,6.6,1002.3,0,1012,0,1,0,2.91,0,2,0,Ci,,1890,,,51.6,0,28.6,22.4,20.3,20.1
108,서울,2017-05-28 13:00,26.6,0,,,4.1,0,230,0,31,0,10.7,8,1001.2,0,1010.9,0,1,0,2.91,0,2,0,Ci,,1976,,,51.4,0,30.4,23.7,20.6,20.1
108,서울,2017-05-28 14:00,26.7,0,,,5.2,0,250,0,34,0,11.9,9.5,1001,0,1010.7,0,1,0,2.76,0,0,0,,,1968,,,51.2,0,31.4,24.8,21,20.2
108,서울,2017-05-28 15:00,27.5,0,,,2.9,0,270,0,38,0,13.9,11.9,1000.4,0,1010.1,0,1,0,2.59,0,0,0,,,1863,,,50.1,0,32,25.7,21.4,20.3
108,서울,2017-05-28 16:00,27.2,0,,,4.4,0,230,0,45,0,16.2,14.2,999.5,0,1009.2,0,1,0,2.13,0,1,0,Ci,,1621,,,44.9,0,32,26.3,21.9,20.4
108,서울,2017-05-28 17:00,26.4,0,,,4.4,0,250,0,50,0,17.2,15.1,999.2,0,1008.9,0,1,0,1.53,0,0,0,,,1381,,,38,0,31,26.6,22.3,20.6
108,서울,2017-05-28 18:00,25.1,0,,,4.7,0,250,0,55,0,17.5,15.4,999,0,1008.8,0,1,0,.96,0,0,0,,,1222,,,29.7,0,29.2,26.6,22.6,20.8
108,서울,2017-05-28 19:00,23.6,0,,,4,0,230,0,60,0,17.4,15.3,999.4,0,1009.1,0,.7,0,.41,0,,0,,,1082,,,25.4,0,27.3,26.3,22.9,21
108,서울,2017-05-28 20:00,22,0,,,3.9,0,250,0,66,0,17.4,15.3,999.9,0,1009.7,0,0,0,.08,0,,0,,,984,,40,22,0,25.6,25.7,23,21.2
108,서울,2017-05-28 21:00,20.9,0,,,4.3,0,250,0,70,0,17.3,15.2,1000.6,0,1010.5,0,,9,,9,1,1,Sc,10,839,,40,20.2,0,24.2,25.1,23,21.3
108,서울,2017-05-28 22:00,20.4,0,,,2.7,0,200,0,73,0,17.4,15.3,1001.3,0,1011.2,0,,9,,9,,3,,6,868,,40,19.1,0,23.2,24.5,22.9,21.4
108,서울,2017-05-28 23:00,19.7,0,,,3.4,0,200,0,76,0,17.4,15.3,1001.4,0,1011.3,0,,9,,9,,2,,,749,,40,18.2,0,22.4,23.9,22.8,21.5
108,서울,2017-05-29 00:00,19.3,0,,,1.9,0,230,0,78,0,17.4,15.3,1001.5,0,1011.4,0,,9,,9,1,1,Sc,,715,,40,17.5,0,21.7,23.4,22.7,21.5
108,서울,2017-05-29 01:00,19,0,,,2.2,0,230,0,78,0,17,15,1001.8,0,1011.7,0,,9,,9,,7,,5,759,,40,17,0,21.1,22.9,22.5,21.5
108,서울,2017-05-29 02:00,18.6,0,,,1.3,0,250,0,79,0,16.8,14.8,1002,0,1012,0,,9,,9,,9,,5,748,,40,16.2,0,20.6,22.5,22.3,21.5
108,서울,2017-05-29 03:00,18.5,0,,,1.2,0,270,0,80,0,16.9,14.9,1002,0,1012,0,,9,,9,8,8,Sc,10,724,,4019,16.4,0,20.2,22.1,22.1,21.4
108,서울,2017-05-29 04:00,18.2,0,,,.6,0,230,0,80,0,16.6,14.6,1002,0,1012,0,,9,,9,7,7,Sc,10,715,,19,15.6,0,19.8,21.8,22,21.4
108,서울,2017-05-29 05:00,18.2,0,,,.4,0,0,0,80,0,16.6,14.6,1002.2,0,1012.2,0,,9,,9,8,8,Sc,10,661,,19,16.3,0,19.5,21.5,21.8,21.3
108,서울,2017-05-29 06:00,18.5,0,,,1.2,0,180,0,77,0,16.3,14.3,1002.7,0,1012.7,0,0,0,.06,0,8,8,Sc,10,629,,19,17.9,0,19.6,21.2,21.6,21.3
108,서울,2017-05-29 07:00,19,0,,,1.4,0,200,0,75,0,16.4,14.4,1003.3,0,1013.3,0,0,0,.22,0,9,9,Sc,10,537,,19,20.3,0,20.1,21.1,21.4,21.2
108,서울,2017-05-29 08:00,19.9,0,,,.9,0,180,0,72,0,16.6,14.6,1003.4,0,1013.4,0,0,0,.44,0,9,9,Sc,10,522,,19,23.7,0,20.9,21.1,21.3,21.1
108,서울,2017-05-29 09:00,21.1,0,,,1.1,0,180,0,66,0,16.4,14.4,1003.1,0,1013,0,.2,0,.99,0,7,7,Sc,10,535,,4019,29.4,0,22.1,21.3,21.2,21
108,서울,2017-05-29 10:00,23.4,0,,,1.8,0,90,0,58,0,16.6,14.6,1002.9,0,1012.7,0,1,0,1.99,0,3,3,Sc,10,690,,40,41.2,0,24.5,21.7,21.1,20.9
108,서울,2017-05-29 11:00,25,0,,,1.9,0,270,0,54,0,17,15,1002.6,0,1012.4,0,1,0,2.52,0,1,0,Ci,,699,,40,48.3,0,27.4,22.5,21.1,20.8
108,서울,2017-05-29 12:00,27.1,0,,,2.3,0,200,0,48,0,17.2,15.1,1002.1,0,1011.8,0,1,0,2.77,0,0,0,,,761,,40,53.3,0,29.9,23.6,21.3,20.8
108,서울,2017-05-29 13:00,28.4,0,,,3.4,0,230,0,44,0,16.9,14.9,1001.8,0,1011.4,0,1,0,2.85,0,0,0,,,819,,40,54.8,0,32.1,24.8,21.6,20.8
108,서울,2017-05-29 14:00,28.4,0,,,5.1,0,270,0,43,0,16.6,14.6,1001.3,0,1010.9,0,1,0,2.79,0,0,0,,,990,,40,54.1,0,33.3,26,22,20.9
108,서울,2017-05-29 15:00,29,0,,,4.1,0,250,0,41,0,16.4,14.4,1001,0,1010.6,0,1,0,2.56,0,0,0,,,1207,,40,52.3,0,33.9,26.9,22.4,21
108,서울,2017-05-29 16:00,28.8,0,,,2.9,0,230,0,40,0,15.8,13.8,1000.6,0,1010.2,0,1,0,2.1,0,0,0,,,1354,,,47.7,0,33.6,27.5,22.8,21.1
108,서울,2017-05-29 17:00,27.5,0,,,3.8,0,230,0,47,0,17.2,15.1,1000.3,0,1010,0,1,0,1.55,0,0,0,,,1507,,,39.7,0,32.4,27.8,23.2,21.3
108,서울,2017-05-29 18:00,27.2,0,,,2.6,0,250,0,44,0,15.8,13.8,1000.1,0,1009.8,0,1,0,1.01,0,3,0,Ci,,1566,,,31.9,0,30.8,27.8,23.6,21.5
108,서울,2017-05-29 19:00,24.8,0,,,3.3,0,200,0,55,0,17.2,15.1,1000.4,0,1010.2,0,.5,0,.37,0,,0,,,1442,,,26.6,0,28.6,27.4,23.8,21.7
108,서울,2017-05-29 20:00,22.8,0,,,3.3,0,250,0,62,0,17.2,15.1,1000.9,0,1010.7,0,0,0,.07,0,,0,,,1319,,,22.8,0,26.7,26.8,23.9,21.9
108,서울,2017-05-29 21:00,21.9,0,,,3.1,0,200,0,65,0,17,15,1001.2,0,1011.1,0,,9,,9,5,0,Ci,,1070,,,21.1,0,25.2,26.2,23.9,22
108,서울,2017-05-29 22:00,21.3,0,,,2.3,0,270,0,68,0,17.2,15.1,1001.9,0,1011.8,0,,9,,9,,0,,,900,,40,20.1,0,24.1,25.5,23.8,22.1
108,서울,2017-05-29 23:00,20.6,0,,,2,0,270,0,71,0,17.2,15.1,1002.2,0,1012.1,0,,9,,9,,0,,,827,,40,19.1,0,23.3,24.9,23.7,22.2
108,서울,2017-05-30 00:00,20,0,,,2.1,0,200,0,73,0,17,15,1001.4,0,1011.4,0,,9,,9,6,0,Ci,,729,,40,18.1,0,22.5,24.3,23.5,22.2
108,서울,2017-05-30 01:00,19.4,0,,,1.8,0,200,0,78,0,17.5,15.4,1000.8,0,1010.7,0,,9,,9,,1,,,634,,40,17.2,0,21.9,23.8,23.3,22.2
108,서울,2017-05-30 02:00,19.1,0,,,.9,0,160,0,79,0,17.4,15.3,1000.5,0,1010.4,0,,9,,9,,0,,,489,,4019,16.5,0,21.2,23.4,23.1,22.2
108,서울,2017-05-30 03:00,18.9,0,,,1.7,0,250,0,80,0,17.4,15.3,1000.8,0,1010.7,0,,9,,9,7,0,Ci,,459,,19,16.3,0,20.7,22.9,22.9,22.1
108,서울,2017-05-30 04:00,18.8,0,,,1.4,0,200,0,74,0,16,14,1000.6,0,1010.5,0,,9,,9,6,0,Ci,,618,,19,15.8,0,20.3,22.5,22.7,22.1
108,서울,2017-05-30 05:00,18.7,0,,,1,0,230,0,72,0,15.5,13.5,1001,0,1010.9,0,,9,,9,5,0,Ci,,634,,19,15.2,0,19.9,22.2,22.5,22
108,서울,2017-05-30 06:00,18.7,0,,,2,0,270,0,69,0,14.8,12.8,1001.6,0,1011.6,0,0,0,.08,0,7,0,Ci,,915,,4019,16.4,0,19.7,21.9,22.3,21.9
108,서울,2017-05-30 07:00,19.5,0,,,2,0,230,0,64,0,14.5,12.5,1001.8,0,1011.7,0,0,0,.44,0,8,0,Ci,,901,,40,20.8,0,20.2,21.6,22.1,21.8
108,서울,2017-05-30 08:00,20.8,0,,,2.2,0,230,0,58,0,14.2,12.2,1002.1,0,1012,0,.9,0,.98,0,7,0,Ci,,1095,,40,27.5,0,21.5,21.6,21.9,21.7
108,서울,2017-05-30 09:00,22.5,0,,,1.4,0,290,0,48,0,13,10.9,1002,0,1011.8,0,1,0,1.38,0,8,0,Ci,,1364,,,34,0,23.3,21.9,21.8,21.6
108,서울,2017-05-30 10:00,24.4,0,,,1.9,0,270,0,41,0,12.4,10.2,1001.4,0,1011.1,0,1,0,1.92,0,8,0,Ci,,1362,,,40.5,0,25.6,22.4,21.7,21.5
108,서울,2017-05-30 11:00,26.1,0,,,2.4,0,230,0,36,0,12.1,9.8,1000.6,0,1010.3,0,1,0,1.95,0,8,0,Ci,,1562,,,43.5,0,27.6,23.1,21.8,21.4
108,서울,2017-05-30 12:00,26.7,0,,,2.8,0,200,0,34,0,11.9,9.5,1000.2,0,1009.9,0,.2,0,1.75,0,9,0,Ci,,1687,,,42.2,0,28.6,24,21.9,21.4
108,서울,2017-05-30 13:00,27.9,0,,,3.8,0,200,0,27,0,10.1,7.1,999.3,0,1008.9,0,.7,0,2.24,0,8,0,Ci,,1836,,,47.2,0,30,24.6,22.1,21.4
108,서울,2017-05-30 14:00,29.1,0,,,3.9,0,230,0,20,0,8,3.8,998.9,0,1008.5,0,1,0,2.52,0,8,0,Ci,,1950,,,51.7,0,31.4,25.4,22.4,21.4
108,서울,2017-05-30 15:00,29.6,0,,,3.6,0,250,0,14,0,5.8,-.7,998.5,0,1008.1,0,1,0,2.43,0,7,3,ScCi,15,2000,,,46.2,0,32.7,26.2,22.7,21.5
108,서울,2017-05-30 16:00,29.8,0,,,3.9,0,200,0,12,0,5,-2.6,998.1,0,1007.7,0,1,0,2.26,0,7,3,AcCi,38,2000,,,48.1,0,32.6,26.8,23,21.6
108,서울,2017-05-30 17:00,29.5,0,,,4.8,0,230,0,7,0,2.9,-9.9,997.7,0,1007.2,0,1,0,1.62,0,7,4,AcCi,40,2000,,,40.3,0,31.9,27.2,23.3,21.7
108,서울,2017-05-30 18:00,28.7,0,,,3.3,0,200,0,8,0,3.1,-8.8,997.1,0,1006.7,0,1,0,1.06,0,7,0,Ci,,2000,,,30.5,0,30.2,27.2,23.6,21.9
108,서울,2017-05-30 19:00,27.7,0,,,2.9,0,230,0,9,0,3.3,-8,997.1,0,1006.7,0,1,0,.58,0,,0,,,2000,,,26.6,0,28.2,26.9,23.8,22
108,서울,2017-05-30 20:00,25.6,0,,,2.7,0,270,0,11,0,3.6,-7,997.3,0,1007,0,.3,0,.09,0,,0,,,2000,,,21.8,0,26.2,26.4,23.9,22.1
108,서울,2017-05-30 21:00,23.4,0,,,2.6,0,270,0,37,0,10.6,7.8,997.5,0,1007.2,0,,9,,9,0,0,,,2000,,,19.7,0,24.4,25.7,23.9,22.3
108,서울,2017-05-30 22:00,21.9,0,,,2,0,270,0,49,0,12.8,10.6,997.6,0,1007.4,0,,9,,9,,0,,,2000,,,18.5,0,23.3,25.1,23.8,22.3
108,서울,2017-05-30 23:00,20.7,0,,,1.4,0,270,0,61,0,14.9,12.9,997.5,0,1007.4,0,,9,,9,,0,,,2000,,,17.3,0,22.3,24.5,23.6,22.4
108,서울,2017-05-31 00:00,20,0,,,1.8,,250,,58,0,13.5,11.4,997.3,0,1007.2,0,,9,,9,3,0,,,2000,,,16.5,0,21.4,23.9,23.4,22.4
108,서울,2017-05-31 01:00,19.4,0,,,1.1,,270,,59,0,13.2,11.1,996.7,0,1006.6,0,,9,,9,,1,,67,2000,,,15.8,0,20.8,23.4,23.2,22.3
108,서울,2017-05-31 02:00,18.8,0,,,.5,,50,,54,0,11.6,9.2,996.3,0,1006.2,0,,9,,9,,0,,,2000,,,14.5,0,20.1,22.9,23,22.3
108,서울,2017-05-31 03:00,18.5,0,,,.2,,0,,55,0,11.6,9.2,996.1,0,1006,0,,9,,9,5,5,Ac,33,2000,,,14.8,0,19.4,22.4,22.8,22.3
108,서울,2017-05-31 04:00,18.3,0,,,1.9,,270,,54,0,11.3,8.8,996.2,0,1006.1,0,,9,,9,4,4,Ac,34,2000,,,14.7,0,19.4,22,22.6,22.2
108,서울,2017-05-31 05:00,17.7,0,,,.6,,230,,56,0,11.3,8.8,996,0,1006,0,,9,,9,6,6,Ac,28,2000,,,14.8,0,19.1,21.7,22.3,22
108,서울,2017-05-31 06:00,17.8,0,,,1.2,,50,,58,0,11.8,9.4,995.8,0,1005.7,0,0,,.07,,7,2,ScAcCi,10,2000,,,15.8,0,19,21.4,22.1,22
108,서울,2017-05-31 07:00,19.2,0,,,1.6,,50,,56,0,12.4,10.2,995.8,0,1005.7,0,.3,,.39,,7,3,AcCi,31,2000,,,19.9,0,19.4,21.2,22,21.9
108,서울,2017-05-31 08:00,21.3,0,,,1.2,,70,,45,0,11.3,8.8,995.4,0,1005.2,0,.7,,.84,,9,0,Ci,,1993,,,25.9,0,21.1,21.2,21.8,21.8
108,서울,2017-05-31 09:00,23.3,0,,,1.4,,160,,33,0,9.4,6.1,994.9,0,1004.6,0,.8,,1.32,,8,0,Ci,,1994,,,32.4,0,23,21.5,21.7,21.6
108,서울,2017-05-31 10:00,23.8,0,,,1.8,,200,,34,0,9.9,6.9,994.9,0,1004.6,0,.1,,1.15,,8,0,Ci,,2000,,,32.7,0,24.3,22,21.6,21.6
108,서울,2017-05-31 11:00,25.5,0,,,1.5,,200,,31,0,10.1,7.1,994.5,0,1004.2,0,.8,,1.73,,8,0,Ci,,2000,,,40.5,0,26.3,22.5,21.6,21.5
108,서울,2017-05-31 12:00,26.2,0,,,2.6,,180,,38,0,12.9,10.7,993.9,0,1003.6,0,.7,,2.08,,9,0,Ci,,1610,,,43.4,0,28.5,23.3,21.8,21.4
108,서울,2017-05-31 13:00,26.7,0,,,1.2,,250,,37,0,12.9,10.7,993,0,1002.6,0,.6,,2.06,,9,0,Ci,,1397,,,48.4,0,29.6,24.1,21.9,21.4
108,서울,2017-05-31 14:00,28.4,0,,,2.9,,180,,31,0,11.9,9.6,992.2,0,1001.7,0,1,,2.67,,6,0,Ci,,1247,,,54.2,0,31.7,25,22.2,21.4
108,서울,2017-05-31 15:00,29.4,0,,,2.2,,230,,24,0,9.8,6.7,991.2,0,1000.7,0,1,,2.49,,2,0,Ci,,1703,,,53.4,0,33.2,26,22.5,21.5
108,서울,2017-05-31 16:00,29.1,0,,,2.3,,230,,24,0,9.6,6.4,990.4,0,999.9,0,1,,1.97,,3,3,Ac,45,1900,,,48.2,0,33.1,26.8,22.8,21.6
108,서울,2017-05-31 17:00,29.3,0,,,2.6,,290,,32,0,12.9,10.8,990.1,0,999.6,0,1,,1.68,,2,2,Ac,45,1661,,,41.8,0,32.7,27.2,23.2,21.7
108,서울,2017-05-31 18:00,27.2,0,,,4.1,,320,,44,0,15.8,13.8,989.8,0,999.4,0,1,,1.06,,0,0,,,2000,,,31.6,0,31,27.4,23.5,21.8
108,서울,2017-05-31 19:00,25.7,0,,,2.7,,290,,54,0,17.7,15.6,989.5,0,999.1,0,1,,.51,,,0,,,1978,,,27.4,0,28.8,27.2,23.8,22
108,서울,2017-05-31 20:00,23.8,0,,,3,,270,,62,0,18.2,16,990.4,0,1000.1,0,.2,,.07,,,0,,22,1906,,,23.7,0,26.8,26.7,23.9,22.2
108,서울,2017-05-31 21:00,22.8,0,,,2.5,,270,,67,0,18.5,16.3,990.7,0,1000.4,0,,9,,9,3,3,Sc,17,1899,,,22,0,25.4,26.1,24,22.3
108,서울,2017-05-31 22:00,22.2,0,,,2.5,,270,,69,0,18.4,16.2,990.9,0,1000.6,0,,9,,9,,0,,,1629,,,20.9,0,24.3,25.5,23.9,22.4
108,서울,2017-05-31 23:00,21.5,0,,,2.6,,270,,74,0,18.9,16.6,990.9,0,1000.7,0,,9,,9,,0,,,1348,,,20.2,0,23.6,25,23.8,22.4
108,서울,2017-06-01 00:00,21.4,0,,,1.8,,270,,74,0,18.8,16.5,991.1,0,1000.9,0,,9,,9,9,9,,,1300,,,21,0,23.1,24.5,23.7,22.4
108,서울,2017-06-01 01:00,21.5,0,,9,.9,,270,,75,0,19.1,16.8,990.6,0,1000.4,0,,9,,9,,10,,4,1317,,,21.4,0,23.1,24.1,23.5,22.5
108,서울,2017-06-01 02:00,21.3,0,,,1.7,,290,,77,0,19.4,17,990.8,0,1000.6,0,,9,,9,,7,,4,1247,,,20.6,0,22.8,23.8,23.4,22.4
108,서울,2017-06-01 03:00,20.9,0,,,2.4,,290,,81,0,20,17.5,990.4,0,1000.2,0,,9,,9,9,9,Sc,10,1150,,,20.4,0,22.5,23.6,23.2,22.4
108,서울,2017-06-01 04:00,20.6,0,,,1.1,,250,,82,0,19.9,17.4,990,0,999.8,0,,9,,9,9,9,Sc,10,983,,19,19.8,0,22,23.4,23,22.4
108,서울,2017-06-01 05:00,20.6,0,,,.9,,270,,82,0,19.9,17.4,989.6,0,999.4,0,,9,,9,9,9,Sc,10,1023,,19,19.4,0,21.8,23.1,22.9,22.3
108,서울,2017-06-01 06:00,20.9,0,,,2.1,,270,,80,0,19.7,17.3,990.3,0,1000.1,0,0,,.07,,9,9,Sc,10,1041,,,20.8,0,21.8,22.9,22.8,22.2
108,서울,2017-06-01 07:00,20.9,0,,,1.3,,290,,80,0,19.7,17.3,990,0,999.8,0,0,,.24,,7,3,ScCi,14,731,,19,22,0,22,22.7,22.6,22.2
108,서울,2017-06-01 08:00,21.9,0,,,2,,290,,75,0,19.6,17.2,990.1,0,999.9,0,.2,,.83,,8,5,ScCi,10,934,,19,28.2,0,23.1,22.7,22.5,22.1
108,서울,2017-06-01 09:00,23.2,0,,,1.8,,270,,66,0,18.6,16.4,989.8,0,999.5,0,.7,,1.22,,9,6,ScCi,10,1339,,19,33.4,0,24.6,22.9,22.4,22
108,서울,2017-06-01 10:00,23.7,0,,,3.3,,290,,65,0,19,16.7,989.5,0,999.1,0,.6,,1.29,,9,9,CuSc,7,1383,,,36.1,0,25.8,23.3,22.4,22
108,서울,2017-06-01 11:00,24.5,0,,,3.9,,270,,59,0,18.1,15.9,989.2,0,998.8,0,.6,,1.39,,8,8,CuSc,7,1374,,,40.9,0,26.6,23.7,22.4,21.9
108,서울,2017-06-01 12:00,25.7,0,,,3.9,,270,,52,0,17,15,988.7,0,998.3,0,1,,2.68,,5,5,Sc,10,1293,,,49.5,0,29.4,24.3,22.5,21.9
108,서울,2017-06-01 13:00,26.6,0,,,4.4,,270,,50,0,17.4,15.3,988.2,0,997.8,0,1,,2.57,,4,4,Sc,11,1833,,,51.5,0,31.4,25.2,22.7,21.9
108,서울,2017-06-01 14:00,26.2,0,,,5.7,,250,,50,0,16.9,14.9,988,0,997.6,0,1,,2.53,,3,3,Sc,10,1714,,,49.5,0,32.4,26.2,23,21.9
108,서울,2017-06-01 15:00,26.9,0,,,5.1,,270,,46,0,16.2,14.2,987.5,0,997.1,0,1,,2.8,,2,2,Cu,8,1787,,,51.9,0,33.4,26.9,23.3,22
108,서울,2017-06-01 16:00,26.5,0,,,5.3,,250,,50,0,17.3,15.2,987.4,0,997,0,1,,2.42,,1,1,Sc,12,1811,,,46.2,0,33.5,27.5,23.6,22.1
108,서울,2017-06-01 17:00,26.6,0,,,5,,250,,42,0,14.6,12.6,986.9,0,996.5,0,1,,1.9,,1,1,Sc,10,2000,,,41,0,32.7,27.9,23.9,22.2
108,서울,2017-06-01 18:00,26.3,0,,,4.8,,270,,32,0,10.9,8.2,986.9,0,996.5,0,1,,1.24,,0,0,,,2000,,,29.6,0,30.8,28,24.2,22.4
108,서울,2017-06-01 19:00,25.3,0,,,5.4,,290,,30,0,9.6,6.4,987.5,0,997.1,0,1,,.55,,,0,,,1975,,,25.7,0,28.5,27.6,24.4,22.5
108,서울,2017-06-01 20:00,23.7,0,,,4.3,,290,,25,0,7.3,2.4,988.3,0,997.9,0,.5,,.1,,,0,,,2000,,,21.9,0,26.5,27,24.5,22.7
108,서울,2017-06-01 21:00,22.8,0,,,3.2,,290,,26,0,7.2,2.2,989.1,0,998.8,0,,9,,9,0,0,,,2000,,,19.8,0,24.8,26.4,24.5,22.8
108,서울,2017-06-01 22:00,21.9,0,,,3.9,,340,,26,0,6.8,1.5,990,0,999.8,0,,9,,9,,0,,,2000,,,18.5,0,23.7,25.7,24.4,22.9
108,서울,2017-06-01 23:00,21.1,0,,,1.9,,290,,26,0,6.5,.8,990.7,0,1000.5,0,,9,,9,,0,,,2000,,,16.8,0,22.6,25,24.2,22.9
108,서울,2017-06-02 00:00,20,0,,,1.7,,270,,31,0,7.2,2.3,990.8,0,1000.7,0,,9,,9,0,0,,,2000,,,15.4,0,21.6,24.4,24,22.9
108,서울,2017-06-02 01:00,19.4,0,,,3.8,0,320,0,32,0,7.2,2.2,991.5,0,1001.3,0,,9,,9,,0,,,2000,,,14.7,0,20.5,23.8,23.8,22.9
108,서울,2017-06-02 02:00,18,0,,,2.1,0,20,0,51,0,10.5,7.7,992,0,1001.9,0,,9,,9,,0,,,2000,,,14.1,0,19.8,23.2,23.5,22.8
108,서울,2017-06-02 03:00,17.1,0,,,1.7,0,50,0,56,0,10.9,8.2,992.3,0,1002.3,0,,9,,9,0,0,,,2000,,,12.7,0,19.1,22.7,23.3,22.7
108,서울,2017-06-02 04:00,16.5,0,,,.9,0,270,0,56,0,10.4,7.6,992.6,0,1002.6,0,,9,,9,0,0,,,2000,,,11.6,0,18.4,22.2,23,22.7
108,서울,2017-06-02 05:00,15.9,0,,,1.6,0,290,0,59,0,10.6,7.8,992.9,0,1002.9,0,,9,,9,0,0,,,2000,,,11.2,0,17.8,21.7,22.8,22.6
108,서울,2017-06-02 06:00,15.8,0,,,1.6,0,290,0,54,0,9.6,6.4,993,0,1003,0,.1,0,.1,0,0,0,,,2000,,,11.4,0,17.2,21.3,22.6,22.4
108,서울,2017-06-02 07:00,17.2,0,,,2.1,0,320,0,43,0,8.4,4.4,993.5,0,1003.5,0,1,0,.62,0,0,0,,,2000,,,14.8,0,17.5,20.9,22.3,22.3
108,서울,2017-06-02 08:00,18.8,0,,,2.5,0,320,0,35,0,7.5,2.9,993.9,0,1003.8,0,1,0,1.29,0,0,0,,,2000,,,26.8,0,19.5,20.8,22,22.1
108,서울,2017-06-02 09:00,19.7,0,,,4.3,0,290,0,32,0,7.3,2.5,994.2,0,1004,0,1,0,1.97,0,0,0,,,2000,,,35.3,0,21.9,21,21.8,22
108,서울,2017-06-02 10:00,21.3,0,,,3,0,290,0,28,0,7.1,2,993.9,0,1003.7,0,1,0,2.5,0,0,0,,,2000,,,44.2,0,24.9,21.6,21.7,21.9
108,서울,2017-06-02 11:00,22.8,0,,,3.8,0,270,0,23,0,6.3,.5,994.2,0,1003.9,0,1,0,2.94,0,0,0,,,2000,,,50.3,0,28.3,22.6,21.7,21.8
108,서울,2017-06-02 12:00,23.6,0,,,3.5,0,270,0,27,0,7.8,3.4,994.4,0,1004.1,0,1,0,3.2,0,1,0,Ci,,2000,,,54.5,0,30.7,23.9,21.9,21.7
108,서울,2017-06-02 13:00,24.3,0,,,3.9,0,270,0,23,0,7,1.8,994.3,0,1004,0,1,0,3.23,0,2,1,AcCi,40,2000,,,56.3,0,32.8,25.2,22.2,21.7
108,서울,2017-06-02 14:00,25.3,0,,,3.5,0,290,0,22,0,7.1,2,993.8,0,1003.5,0,.9,0,2.68,0,3,3,Ac,39,2000,,,49.9,0,33.7,26.4,22.6,21.7
108,서울,2017-06-02 15:00,25.4,0,,,3.9,0,270,0,24,0,7.7,3.3,993.9,0,1003.6,0,.9,0,2.23,0,5,5,Ac,36,2000,,,48.3,0,33,27.1,23,21.8
108,서울,2017-06-02 16:00,24,0,,,4,0,250,0,33,0,9.8,6.7,993.7,0,1003.4,0,.7,0,1.66,0,7,6,AcCi,34,2000,,,40.8,0,32.1,27.5,23.4,22
108,서울,2017-06-02 17:00,24.3,0,,,4.5,0,270,0,33,0,9.9,6.9,993.3,0,1003,0,1,0,1.72,0,3,2,AcCi,48,2000,,,38.9,0,31.4,27.7,23.8,22.1
108,서울,2017-06-02 18:00,23.5,0,,,4.4,0,250,0,32,0,9.2,5.8,993.4,0,1003.1,0,1,0,1.06,0,3,0,Ci,,2000,,,28.1,0,29.6,27.5,24,22.3
108,서울,2017-06-02 19:00,22,0,,,2.6,0,250,0,35,0,9.2,5.8,993.9,0,1003.7,0,.6,0,.39,0,,2,,49,2000,,,24.4,0,27.2,27.1,24.2,22.5
108,서울,2017-06-02 20:00,21,0,,,3.5,0,290,0,32,0,7.9,3.6,994.8,0,1004.6,0,0,0,.07,0,,2,,32,2000,,,22,0,25.6,26.5,24.3,22.6
108,서울,2017-06-02 21:00,19.9,0,0,0,3.5,0,270,0,37,0,8.5,4.7,995.1,0,1005,0,,9,,9,7,7,Sc,15,2000,,01,20.2,0,24.3,25.9,24.3,22.7
108,서울,2017-06-02 22:00,19.5,0,,9,3,0,270,0,35,0,7.9,3.6,995.6,0,1005.4,0,,9,,9,,5,,30,2000,,,19.7,0,23.3,25.3,24.2,22.8
108,서울,2017-06-02 23:00,19,0,0,0,2.8,0,270,0,38,0,8.3,4.3,996,0,1005.9,0,,9,,9,9,9,Sc,15,2000,,01,18.8,0,22.7,24.7,24,22.8
108,서울,2017-06-03 00:00,18.6,0,,9,2.4,0,290,0,37,0,7.9,3.6,996,0,1005.9,0,,9,,9,9,9,,,2000,,,18.2,0,22,24.2,23.8,22.8
108,서울,2017-06-03 01:00,18.2,0,,,3,0,290,0,39,0,8.1,4,996.1,0,1006,0,,9,,9,,6,,26,2000,,,17.9,0,21.5,23.8,23.6,22.8
108,서울,2017-06-03 02:00,17.5,0,,,2.9,0,270,0,47,0,9.3,6,996.4,0,1006.4,0,,9,,9,,2,,34,2000,,,15.9,0,20.8,23.4,23.5,22.7
108,서울,2017-06-03 03:00,17.2,0,,,2.4,0,270,0,49,0,9.5,6.3,996.7,0,1006.7,0,,9,,9,9,9,Sc,15,2000,,,16.3,0,20.3,22.9,23.2,22.7
108,서울,2017-06-03 04:00,16.9,0,,,2.3,0,270,0,51,0,9.7,6.6,996.7,0,1006.7,0,,9,,9,8,8,Ac,35,2000,,,15.6,0,20,22.6,23.1,22.6
108,서울,2017-06-03 05:00,16.2,0,,,2.7,0,270,0,52,0,9.5,6.3,997.1,0,1007.2,0,,9,,9,0,0,,,2000,,,13.7,0,19.2,22.3,22.9,22.5
108,서울,2017-06-03 06:00,16.1,0,,,2.9,0,270,0,55,0,10,7,997.3,0,1007.4,0,.1,0,.09,0,0,0,,,2000,,,14,0,18.7,21.9,22.7,22.4
108,서울,2017-06-03 07:00,16.9,0,,,2.1,0,320,0,50,0,9.5,6.3,997.5,0,1007.5,0,1,0,.59,0,0,0,,,2000,,,16.1,0,18.6,21.5,22.5,22.3
108,서울,2017-06-03 08:00,17.8,0,,,3.4,0,320,0,48,0,9.7,6.6,997.7,0,1007.7,0,1,0,1.24,0,0,0,,,2000,,,27,0,20.3,21.3,22.2,22.2
108,서울,2017-06-03 09:00,19.3,0,,,3.6,0,270,0,48,0,10.7,8,997.5,0,1007.4,0,1,0,1.91,0,0,0,,,1949,,,35.7,0,22.6,21.5,22.1,22.1
108,서울,2017-06-03 10:00,21.3,0,,,2.8,0,290,0,43,0,10.9,8.2,997.5,0,1007.4,0,1,0,2.42,0,1,1,Sc,10,1926,,,43.6,0,25.4,22.1,22,22
108,서울,2017-06-03 11:00,22.3,0,,,5,0,290,0,36,0,9.6,6.4,997.2,0,1007,0,1,0,2.93,0,2,2,Sc,10,1938,,,49.1,0,28.5,23,22,21.9
108,서울,2017-06-03 12:00,24,0,,,3.8,0,270,0,31,0,9.2,5.8,997.2,0,1006.9,0,1,0,3.35,0,2,2,Sc,10,1960,,,55.3,0,31.2,24.2,22.2,21.9
108,서울,2017-06-03 13:00,24.6,0,,,2.8,0,320,0,28,0,8.6,4.8,997,0,1006.7,0,1,0,3.41,0,3,3,Sc,10,2000,,,57.5,0,33.2,25.5,22.5,21.8
108,서울,2017-06-03 14:00,25.1,0,,,4.4,0,290,0,27,0,8.5,4.7,996.7,0,1006.4,0,1,0,3.1,0,3,3,Sc,10,2000,,,55.3,0,34.4,26.6,22.8,21.9
108,서울,2017-06-03 15:00,26.2,0,,,3.5,0,270,0,27,0,9.2,5.7,996.2,0,1005.9,0,1,0,2.59,0,4,3,ScCi,10,1992,,,54,0,34.4,27.5,23.3,22
108,서울,2017-06-03 16:00,26.4,0,,,3.1,0,270,0,28,0,9.6,6.4,996.2,0,1005.9,0,1,0,2.48,0,3,2,ScCi,10,1969,,,49.1,0,34.6,28.2,23.7,22.1
108,서울,2017-06-03 17:00,24.3,0,,,5.9,0,230,0,32,0,9.7,6.5,996.4,0,1006.1,0,1,0,1.87,0,2,1,ScCi,10,2000,,,39.5,0,33.3,28.5,24.1,22.3
108,서울,2017-06-03 18:00,23.4,0,,,5.2,0,230,0,34,0,9.7,6.6,996.8,0,1006.5,0,1,0,1.23,0,0,0,,,2000,,,28.3,0,30.7,28.5,24.5,22.5
108,서울,2017-06-03 19:00,22.6,0,,,3.2,0,230,0,35,0,9.5,6.3,997.4,0,1007.2,0,1,0,.56,0,,0,,,2000,,,24.2,0,28.2,28,24.7,22.7
108,서울,2017-06-03 20:00,21.1,0,,,2.9,0,250,0,43,0,10.7,8,997.8,0,1007.7,0,.4,0,.11,0,,0,,,2000,,,20.7,0,26.1,27.3,24.7,22.8
108,서울,2017-06-03 21:00,19.8,0,,,3.1,0,250,0,53,0,12.2,9.9,998.5,0,1008.5,0,,9,,9,0,0,,,2000,,,18.9,0,24.4,26.6,24.7,23
108,서울,2017-06-03 22:00,19.1,0,,,1,0,230,0,59,0,12.9,10.8,999.4,0,1009.3,0,,9,,9,,0,,,2000,,,17.2,0,23.2,25.8,24.6,23
108,서울,2017-06-03 23:00,18.7,0,,,.8,0,180,0,60,0,12.9,10.7,999.6,0,1009.5,0,,9,,9,,,,,2000,,,15.6,0,21.9,25.1,24.4,23.1
108,서울,2017-06-04 00:00,18.1,0,,,1,0,200,0,55,0,11.4,8.9,999.5,0,1009.5,0,,9,,9,0,0,,,2000,,,14.3,0,20.8,24.4,24.2,23.1
108,서울,2017-06-04 01:00,17.6,0,,,.9,0,230,0,52,0,10.4,7.6,999.7,0,1009.7,0,,9,,9,,0,,,2000,,,13.7,0,20,23.8,24,23
108,서울,2017-06-04 02:00,17.2,0,,,1.5,0,270,0,55,0,10.7,8,999.8,0,1009.8,0,,9,,9,,0,,,2000,,,12.9,0,19.3,23.2,23.7,23
108,서울,2017-06-04 03:00,16.4,0,,,1.6,0,270,0,59,0,10.9,8.3,999.9,0,1010,0,,9,,9,0,0,,,2000,,,12.2,0,18.7,22.7,23.5,22.9
108,서울,2017-06-04 04:00,16,0,,,1.9,0,290,0,57,0,10.3,7.4,999.8,0,1009.9,0,,9,,9,0,0,,,2000,,,11.7,0,18.1,22.2,23.2,22.8
108,서울,2017-06-04 05:00,15.5,0,,,1.2,0,290,0,59,0,10.4,7.5,1000.5,0,1010.6,0,,9,,9,0,0,,,2000,,,10.8,0,17.6,21.8,23,22.7
108,서울,2017-06-04 06:00,15.2,0,,,.5,0,270,0,54,0,9.3,5.9,1000.9,0,1011.1,0,.1,0,.09,0,0,0,,,2000,,,11.2,0,17.1,21.4,22.7,22.6
108,서울,2017-06-04 07:00,16.8,0,,,.5,0,20,0,44,0,8.4,4.4,1001.2,0,1011.3,0,1,0,.6,0,0,0,,,2000,,,14.5,0,17.3,21,22.5,22.5
108,서울,2017-06-04 08:00,19.6,0,,,.8,0,180,0,37,0,8.4,4.4,1001.6,0,1011.5,0,1,0,1.24,0,0,0,,,2000,,,27.3,0,19.7,20.8,22.2,22.3
108,서울,2017-06-04 09:00,22,0,,,1.7,0,180,0,30,0,7.9,3.6,1001.7,0,1011.6,0,1,0,1.88,0,0,0,,,2000,,,37.2,0,22.7,21.1,22,22.1
108,서울,2017-06-04 10:00,23.7,0,,,3.2,0,290,0,27,0,7.8,3.5,1001.8,0,1011.6,0,1,0,2.44,0,0,0,,,2000,,,45,0,25.9,21.9,21.9,22
108,서울,2017-06-04 11:00,25.1,0,,,3.5,0,290,0,25,0,7.9,3.6,1001.5,0,1011.3,0,1,0,2.92,0,1,1,Sc,10,2000,,,52.1,0,29.3,23,22,22
108,서울,2017-06-04 12:00,26.4,0,,,4.5,0,290,0,23,0,7.8,3.5,1001.2,0,1010.9,0,1,0,3.24,0,2,2,Sc,10,2000,,,56.6,0,32.2,24.3,22.2,21.9
108,서울,2017-06-04 13:00,26.8,0,,,4.5,0,290,0,22,0,7.7,3.2,1000.8,0,1010.5,0,1,0,3.39,0,2,2,Sc,10,2000,,,58.5,0,34.2,25.7,22.5,21.9
108,서울,2017-06-04 14:00,27.3,0,,,4.1,0,320,0,21,0,7.6,3,1000.4,0,1010.1,0,1,0,3.22,0,3,3,Sc,10,2000,,,56.7,0,35.3,26.9,22.9,22
108,서울,2017-06-04 15:00,27.8,0,,,4.1,0,250,0,24,0,8.9,5.3,1000.2,0,1009.8,0,1,0,2.27,0,4,4,Sc,10,2000,,,52.1,0,34.9,27.8,23.4,22.1
108,서울,2017-06-04 16:00,27.8,0,,,4.4,0,290,0,24,0,8.9,5.3,999.8,0,1009.4,0,1,0,2.37,0,2,2,Sc,10,2000,,,49.8,0,35,28.4,23.8,22.3
108,서울,2017-06-04 17:00,26.7,0,,,5.2,0,270,0,25,0,8.7,5,999.8,0,1009.5,0,1,0,1.9,0,1,1,Sc,10,2000,,,41.6,0,33.9,28.7,24.3,22.4
108,서울,2017-06-04 18:00,25.6,0,,,4.3,0,270,0,21,0,6.9,1.6,1000.4,0,1010.1,0,1,0,1.24,0,1,1,Sc,10,2000,,,29.4,0,31.4,28.7,24.6,22.7
108,서울,2017-06-04 19:00,24.4,0,,,3,0,270,0,26,0,7.9,3.6,1000.8,0,1010.5,0,1,0,.58,0,,0,,,2000,,,25.1,0,28.8,28.2,24.8,22.8
108,서울,2017-06-04 20:00,22.2,0,,,3.1,0,270,0,33,0,8.8,5.1,1001.6,0,1011.4,0,.5,0,.11,0,,0,,,2000,,,21.5,0,26.6,27.6,24.9,23
108,서울,2017-06-04 21:00,20.9,0,,,3.3,0,270,0,42,0,10.3,7.4,1002.7,0,1012.6,0,,9,,9,1,1,Ac,35,2000,,,19.5,0,24.9,26.8,24.9,23.1
108,서울,2017-06-04 22:00,20.2,0,,,3.1,0,270,0,48,0,11.3,8.8,1003.6,0,1013.6,0,,9,,9,,,,39,2000,,,18.3,0,23.7,26.1,24.8,23.2
108,서울,2017-06-04 23:00,19.9,0,,,1.6,0,270,0,51,0,11.8,9.4,1004,0,1014,0,,9,,9,,4,,30,2000,,,18.4,0,22.7,25.4,24.7,23.3
108,서울,2017-06-05 00:00,19.5,0,,,2.6,,50,,42,0,9.5,6.2,1004.3,0,1014.2,0,,9,,9,6,6,Ac,,2000,,,17.8,0,22.1,24.8,24.5,23.3
108,서울,2017-06-05 01:00,19.6,0,0,0,1.8,,50,,39,0,8.8,5.2,1003.9,0,1013.8,0,,9,,9,10,2,ScAs,10,2000,,01,18.4,0,21.8,24.3,24.3,23.3
108,서울,2017-06-05 02:00,19.2,0,0,0,.9,,20,,42,0,9.3,5.9,1003.1,0,1013,0,,9,,9,1,1,Ac,40,2000,,01,15.7,0,21.3,23.9,24,23.2
108,서울,2017-06-05 03:00,18.3,0,,9,1,,320,,46,0,9.6,6.4,1003.3,0,1013.3,0,,9,,9,0,0,,,2000,,,13.6,0,20,23.4,23.8,23.1
108,서울,2017-06-05 04:00,17.5,0,,9,1.9,,270,,49,0,9.7,6.6,1003.8,0,1013.8,0,,9,,9,0,0,,,2000,,,13.1,0,19.2,22.9,23.6,23.1
108,서울,2017-06-05 05:00,17,0,,9,.6,,20,,51,0,9.8,6.7,1004.2,0,1014.3,0,,9,,9,0,0,,,2000,,,12.3,0,18.6,22.5,23.4,23
108,서울,2017-06-05 06:00,16.6,0,,9,1.3,,50,,50,0,9.4,6.1,1004.8,0,1014.9,0,.1,,.09,,1,0,Ci,,2000,,,12.7,0,18,22,23.1,22.9
108,서울,2017-06-05 07:00,18.3,0,,9,1.7,,50,,44,0,9.2,5.8,1005,0,1015,0,1,,.6,,1,0,Ci,,2000,,,15.9,0,18.2,21.6,22.9,22.7
108,서울,2017-06-05 08:00,21.4,0,,9,1.3,,70,,35,0,8.8,5.2,1005.4,0,1015.3,0,1,,1.25,,3,0,Ci,,2000,,,28.6,0,20.6,21.5,22.6,22.6
108,서울,2017-06-05 09:00,23.7,0,,9,2.1,,90,,32,0,9.3,6,1005.7,0,1015.5,0,1,,1.9,,3,0,Ci,,2000,,,38.3,0,23.6,21.8,22.4,22.4
108,서울,2017-06-05 10:00,25.3,0,,9,1.7,,360,,30,0,9.6,6.4,1005.6,0,1015.4,0,1,,2.38,,6,0,Ci,,1985,,,46.2,0,27,22.5,22.4,22.3
108,서울,2017-06-05 11:00,26.9,0,,9,2.5,,70,,26,0,9.2,5.7,1005.3,0,1015,0,1,,2.88,,6,0,Ci,,1922,,,53.7,0,30.5,23.6,22.4,22.3
108,서울,2017-06-05 12:00,27.5,0,,9,3.3,,250,,26,0,9.5,6.2,1005.1,0,1014.8,0,1,,3.04,,8,0,Ci,,2000,,,55.6,0,33.4,25,22.6,22.2
108,서울,2017-06-05 13:00,28.5,0,,9,2,,200,,26,0,10.1,7.1,1004.4,0,1014.1,0,1,,3.05,,8,1,ScCi,15,1984,,,58.9,0,35.4,26.4,22.9,22.2
108,서울,2017-06-05 14:00,29.3,0,,9,2.6,,140,,22,0,8.9,5.3,1003.8,0,1013.4,0,1,,2.95,,7,0,Ci,,2000,,,59.1,0,36.4,27.6,23.3,22.3
108,서울,2017-06-05 15:00,29.7,0,,9,2.3,,200,,20,0,8.3,4.3,1003.4,0,1013,0,1,,2.81,,5,0,Ci,,1985,,,56.2,0,37.4,28.6,23.8,22.4
108,서울,2017-06-05 16:00,29.6,0,,9,2.5,,200,,19,0,7.8,3.5,1003.1,0,1012.7,0,1,,2.24,,4,0,Ci,,2000,,,51.6,0,36.9,29.3,24.3,22.5
108,서울,2017-06-05 17:00,30.1,0,,9,1.3,,230,,19,0,8.1,3.9,1003.2,0,1012.8,0,1,,1.78,,3,0,Ci,,1949,,,45.5,0,36,29.7,24.7,22.7
108,서울,2017-06-05 18:00,29.5,0,,9,1.7,,70,,19,0,7.8,3.4,1003.2,0,1012.8,0,1,,1.11,,4,0,Ci,,2000,,,33.9,0,33.8,29.7,25,22.9
108,서울,2017-06-05 19:00,28,0,,9,2.8,,160,,20,0,7.5,2.9,1003.6,0,1013.3,0,.8,,.47,,,0,,,2000,,,28.8,0,31,29.4,25.3,23.1
108,서울,2017-06-05 20:00,26.2,0,,9,2.3,,250,,30,0,10.2,7.2,1004.3,0,1014.1,0,0,,.07,,,0,,,2000,,,25.1,0,28.8,28.7,25.5,23.3
108,서울,2017-06-05 21:00,25,0,,9,2.9,,270,,35,0,11,8.4,1005.1,0,1014.9,0,,9,,9,9,0,Ci,,2000,,,23.2,0,27.1,28,25.5,23.5
108,서울,2017-06-05 22:00,23.8,0,,9,2.4,,270,,40,0,11.7,9.3,1005.6,0,1015.4,0,,9,,9,,0,,,2000,,,21.7,0,25.8,27.3,25.4,23.6
108,서울,2017-06-05 23:00,22.9,0,,9,.9,,50,,40,0,11.1,8.5,1005.6,0,1015.4,0,,9,,9,,0,,,2000,,,20.4,0,24.8,26.6,25.3,23.6
108,서울,2017-06-06 00:00,22.9,0,,9,2.6,,110,,38,0,10.6,7.8,1005.7,0,1015.5,0,,9,,9,9,0,Ci,,2000,,,20.3,0,24,26,25.1,23.7
108,서울,2017-06-06 01:00,22.3,0,,,2.1,,90,,42,0,11.2,8.7,1005.6,0,1015.5,0,,9,,9,,0,,,2000,,,19.2,0,23.4,25.5,25,23.7
108,서울,2017-06-06 02:00,21.6,0,,,2.6,,140,,41,0,10.5,7.7,1005.7,0,1015.6,0,,9,,9,,0,,,2000,,,19.1,0,22.9,25,24.8,23.6
108,서울,2017-06-06 03:00,21,0,,,2.7,,110,,42,0,10.4,7.5,1005.5,0,1015.5,0,,9,,9,9,0,Ci,,2000,,,18.8,0,22.4,24.6,24.5,23.6
108,서울,2017-06-06 04:00,20.4,0,,,2.2,,110,,44,0,10.5,7.7,1005.6,0,1015.6,0,,9,,9,9,0,Ci,,2000,,,18.2,0,21.9,24.2,24.3,23.6
108,서울,2017-06-06 05:00,20,0,,,1.6,,90,,45,0,10.4,7.6,1005.7,0,1015.7,0,,9,,9,9,0,Ci,,2000,,,17.9,0,21.5,23.9,24.1,23.5
108,서울,2017-06-06 06:00,19.9,0,,,2.6,,140,,45,0,10.4,7.6,1005.8,0,1015.8,0,0,,.06,,9,0,Ci,,2000,,,18.7,0,21.3,23.5,23.9,23.4
108,서울,2017-06-06 07:00,20.1,0,,,1.6,,110,,45,0,10.5,7.7,1005.8,0,1015.8,0,0,,.22,,10,0,Cs,,2000,,,20.7,0,21.5,23.3,23.8,23.3
108,서울,2017-06-06 08:00,20.6,0,,,2.3,,110,,43,0,10.4,7.5,1005.8,0,1015.8,0,0,,.39,,10,0,Cs,,2000,,,23,0,22,23.1,23.6,23.2
108,서울,2017-06-06 09:00,20.9,0,,,2.8,,70,,43,0,10.6,7.8,1005.1,0,1015.1,0,0,,.45,,10,10,As,30,2000,,,23.7,0,22.6,23.1,23.4,23.1
108,서울,2017-06-06 10:00,21.9,0,,,1.7,,70,,40,0,10.4,7.6,1004.8,0,1014.7,0,0,,.82,,10,10,As,30,2000,,,29.3,0,23.5,23.2,23.3,23
108,서울,2017-06-06 11:00,22.7,0,,,2.4,,70,,40,0,10.9,8.3,1004.2,0,1014,0,0,,1.03,,10,10,As,30,2000,,,30.5,0,24.9,23.4,23.2,22.9
108,서울,2017-06-06 12:00,23,0,0,0,1.7,,110,,39,0,10.9,8.2,1004.4,0,1014.2,0,0,,.84,,10,10,As,30,2000,,01,30,0,25.5,23.7,23.2,22.9
108,서울,2017-06-06 13:00,23.3,0,0,0,1.3,,140,,40,0,11.4,8.9,1004,0,1013.8,0,0,,.79,,10,3,ScAs,13,2000,,01,29.2,0,25.8,24,23.2,22.8
108,서울,2017-06-06 14:00,23.9,0,0,0,1.9,,90,,38,0,11.2,8.7,1002.8,0,1012.6,0,0,,1.2,,10,10,As,34,2000,,01,33.3,0,26.5,24.2,23.3,22.8
108,서울,2017-06-06 15:00,22.9,0,0,0,2.8,,110,,40,0,11.1,8.5,1002.2,0,1012,0,0,,.7,,10,3,ScAs,15,2000,,01,28.9,0,26.3,24.5,23.3,22.7
108,서울,2017-06-06 16:00,21.5,0,0,0,3.4,,140,,54,0,13.7,11.7,1002.1,0,1012,0,0,,.41,,10,2,ScAs,17,1937,,01,23.2,0,25.3,24.6,23.4,22.7
108,서울,2017-06-06 17:00,18.8,0,.5,0,1.6,,180,,73,0,15.8,13.8,1002.2,0,1012.2,0,0,,.2,,10,6,ScAs,13,1256,,01,19.4,0,23.4,24.4,23.4,22.8
108,서울,2017-06-06 18:00,17.4,0,1,0,1.5,,90,,80,0,15.9,13.9,1001.2,0,1011.2,0,0,,.17,,10,9,ScAs,15,1136,,01,18.3,0,22.4,24.1,23.4,22.8
108,서울,2017-06-06 19:00,16.6,0,1,0,3.7,,90,,79,0,14.9,12.9,1000.9,0,1011,0,0,,.1,,10,4,ScAs,15,1729,,01,16.8,0,21.4,23.6,23.4,22.7
108,서울,2017-06-06 20:00,15.4,0,.5,0,3.5,,70,,88,0,15.4,13.4,1000.1,0,1010.2,0,0,,.02,,10,4,StNs,7,712,,1901,15.7,0,20.3,23.1,23.3,22.7
108,서울,2017-06-06 21:00,14.6,0,7,0,3.4,,70,,93,0,15.4,13.4,999.3,0,1009.4,0,,9,,9,10,7,StNs,3,218,,1901,15,0,18.6,22.6,23.1,22.7
108,서울,2017-06-06 22:00,14.6,0,2.5,0,3.7,,70,,94,0,15.6,13.6,998.9,0,1009,0,,9,,9,10,6,StNs,3,306,,1901,15.2,0,18.4,21.6,23,22.7
108,서울,2017-06-06 23:00,14.8,0,1,0,2.8,,70,,97,0,16.3,14.3,998.2,0,1008.3,0,,9,,9,10,7,StNs,3,356,,1901,15.5,0,18.3,21,22.7,22.6
108,서울,2017-06-07 00:00,15.1,0,2,0,2.2,,70,,98,0,16.7,14.7,997.3,0,1007.4,0,,9,,9,10,7,StNs,,224,,1901,15.7,0,18.3,20.5,22.3,22.5
108,서울,2017-06-07 01:00,15.3,0,3,0,2.5,,70,,100,0,17.3,15.2,996.3,0,1006.4,0,,9,,9,10,7,StNs,2,237,,1901,15.9,0,18.1,20.2,22,22.4
108,서울,2017-06-07 02:00,15.5,0,1,0,2.4,,70,,100,0,17.5,15.4,995.6,0,1005.7,0,,9,,9,10,7,StNs,2,318,,1901,16.1,0,18.2,20,21.8,22.2
108,서울,2017-06-07 03:00,15.8,0,2.5,0,2.2,,70,,100,0,17.8,15.7,994.7,0,1004.8,0,,9,,9,10,7,StNs,2,188,,1901,16.2,0,18.2,19.9,21.5,22.1
108,서울,2017-06-07 04:00,16.1,0,.5,0,2,,70,,100,0,18.2,16,994.1,0,1004.1,0,,9,,9,10,7,StNs,3,394,,1901,16.5,0,18.3,19.8,21.3,21.9
108,서울,2017-06-07 05:00,16.3,0,.5,0,1.6,,70,,100,0,18.4,16.2,993.6,0,1003.6,0,,9,,9,10,7,StNs,3,377,,1901,16.8,0,18.4,19.7,21.1,21.8
108,서울,2017-06-07 06:00,16.7,0,1.5,0,1.4,,50,,100,0,18.9,16.6,993.7,0,1003.7,0,0,,.02,,10,7,StNs,3,171,,1901,17.1,0,18.5,19.7,20.9,21.7
108,서울,2017-06-07 07:00,17,0,1,0,.9,,360,,100,0,19.2,16.9,993.7,0,1003.7,0,0,,.05,,10,7,StNs,3,200,,1901,17.5,0,18.6,19.7,20.8,21.5
108,서울,2017-06-07 08:00,17.5,0,.5,0,.4,,0,,100,0,19.9,17.4,993.5,0,1003.4,0,0,,.09,,10,8,StNs,7,253,,1901,18,0,18.8,19.7,20.7,21.4
108,서울,2017-06-07 09:00,17.9,0,0,0,.3,,0,,100,0,20.4,17.8,993.6,0,1003.5,0,0,,.09,,10,8,StNs,7,406,,1901,18.5,0,19.1,19.7,20.6,21.3
108,서울,2017-06-07 10:00,18.4,0,1,0,.7,,200,,100,0,21,18.3,993.3,0,1003.2,0,0,,.2,,10,8,StNs,7,238,,1901,19.7,0,19.4,19.8,20.6,21.2
108,서울,2017-06-07 11:00,18.9,0,0,0,2.1,,200,,98,0,21.3,18.5,993.2,0,1003.1,0,0,,.35,,10,10,St,7,203,,190201,20.6,0,19.9,20,20.5,21.1
108,서울,2017-06-07 12:00,19,0,.5,0,2.1,,230,,95,0,20.8,18.1,993.1,0,1003,0,0,,.4,,10,10,St,7,193,,1902,20.7,0,20.3,20.2,20.5,21
108,서울,2017-06-07 13:00,18.9,0,.5,0,2.4,,250,,95,0,20.6,18,993,0,1002.9,0,0,,.35,,10,10,St,7,270,,1902,20.4,0,20.4,20.3,20.6,20.9
108,서울,2017-06-07 14:00,19.1,0,0,0,2.9,,270,,92,0,20.2,17.7,992.8,0,1002.6,0,0,,.43,,10,10,St,7,279,,1902,20.7,0,20.7,20.5,20.6,20.9
108,서울,2017-06-07 15:00,18.1,0,0,0,2.5,,290,,92,0,19,16.7,993.3,0,1003.2,0,0,,.16,,9,9,Sc,10,720,,1901,19.8,0,20.3,20.6,20.7,20.9
108,서울,2017-06-07 16:00,18.4,0,0,0,2.4,,270,,88,0,18.5,16.3,993.6,0,1003.5,0,0,,.4,,9,9,Sc,10,2000,,1901,20.5,0,20.3,20.6,20.7,20.9
108,서울,2017-06-07 17:00,19,0,,9,2.7,,290,,80,0,17.5,15.4,993.9,0,1003.8,0,0,,.55,,9,9,Sc,10,2000,,,21.1,0,20.7,20.6,20.7,20.9
108,서울,2017-06-07 18:00,18.7,0,0,0,3.3,,270,,81,0,17.4,15.3,994.4,0,1004.3,0,0,,.17,,9,9,Sc,10,1637,,01,19.3,0,20.4,20.7,20.7,20.9
108,서울,2017-06-07 19:00,18.3,0,,9,3.9,,270,,79,0,16.5,14.5,995.2,0,1005.1,0,0,,.13,,,8,,8,1910,,,18.2,0,20.1,20.7,20.8,20.8
108,서울,2017-06-07 20:00,18,0,,9,2.9,,270,,80,0,16.4,14.4,995.9,0,1005.8,0,.2,,.08,,,7,,,1931,,,16.9,0,19.6,20.5,20.8,20.8
108,서울,2017-06-07 21:00,17.9,0,,9,2.9,,270,,80,0,16.3,14.3,996.7,0,1006.7,0,,9,,9,9,9,Sc,15,1937,,,16.5,0,19.2,20.3,20.7,20.8
108,서울,2017-06-07 22:00,17.5,0,,9,3.9,,270,,83,0,16.5,14.5,997.5,0,1007.5,0,,9,,9,,5,,,1884,,,16.2,0,18.7,20.1,20.7,20.8
108,서울,2017-06-07 23:00,17.3,0,,9,3.5,,270,,82,0,16.1,14.1,998.1,0,1008.1,0,,9,,9,,8,,11,2000,,,15.7,0,18.5,19.9,20.6,20.8
108,서울,2017-06-08 00:00,16.8,0,,9,3.6,,250,,83,0,15.8,13.8,998.1,0,1008.1,0,,9,,9,3,3,Sc,15,1839,,,15.1,0,18,19.7,20.5,20.7
108,서울,2017-06-08 01:00,16.2,0,,,2.4,0,270,0,86,0,15.8,13.8,998.2,0,1008.3,0,,9,,9,,0,,,1243,,,14.6,0,17.7,19.4,20.3,20.7
108,서울,2017-06-08 02:00,15.8,0,,,2.4,0,270,0,86,0,15.4,13.4,998.4,0,1008.5,0,,9,,9,,0,,,1067,,,14.2,0,17.3,19.2,20.2,20.6
108,서울,2017-06-08 03:00,15.5,0,,,2.3,0,270,0,86,0,15.1,13.1,998.6,0,1008.7,0,,9,,9,0,0,,,798,,19,13.9,0,17,18.9,20.1,20.5
108,서울,2017-06-08 04:00,15.3,0,,,2.4,0,270,0,88,0,15.3,13.3,998.5,0,1008.6,0,,9,,9,0,0,,,435,,19,13.6,0,16.6,18.7,19.9,20.4
108,서울,2017-06-08 05:00,15.2,0,,,1.9,0,270,0,89,0,15.3,13.3,999.1,0,1009.2,0,,9,,9,9,9,St,3,324,,19,14,0,16.4,18.4,19.8,20.4
108,서울,2017-06-08 06:00,15.8,0,,,2.1,0,270,0,87,0,15.6,13.6,1000,0,1010.1,0,0,0,.07,0,9,9,St,3,281,,19,15.4,0,16.8,18.3,19.6,20.2
108,서울,2017-06-08 07:00,16.3,0,,,1.8,0,290,0,84,0,15.5,13.5,1000.8,0,1010.9,0,0,0,.34,0,9,9,St,3,295,,19,17.3,0,17.4,18.3,19.5,20.1
108,서울,2017-06-08 08:00,17.1,0,,,2.4,0,290,0,77,0,15,13,1001.1,0,1011.1,0,.6,0,.88,0,8,8,Sc,10,416,,19,20.8,0,18.4,18.4,19.3,20
108,서울,2017-06-08 09:00,18.4,0,,,2.6,0,290,0,74,0,15.6,13.6,1001.3,0,1011.3,0,1,0,1.58,0,8,8,Sc,10,403,,19,24.8,0,20.2,18.8,19.3,19.9
108,서울,2017-06-08 10:00,20.4,0,,,2.1,0,290,0,66,0,15.8,13.8,1000.8,0,1010.7,0,1,0,2.19,0,5,5,Sc,10,390,,4019,29.2,0,22.4,19.6,19.3,19.8
108,서울,2017-06-08 11:00,22,0,,,3.6,0,200,0,63,0,16.6,14.6,1000.7,0,1010.6,0,1,0,2.73,0,2,2,Sc,10,363,,40,32.4,0,24.8,20.6,19.5,19.8
108,서울,2017-06-08 12:00,23.3,0,,,3.6,0,200,0,55,0,15.7,13.7,1000.3,0,1010.1,0,1,0,2.75,0,1,1,Sc,10,586,,40,33.1,0,26.4,21.8,19.8,19.8
108,서울,2017-06-08 13:00,24.7,0,,,3.4,0,230,0,49,0,15.2,13.2,1000,0,1009.7,0,1,0,3.2,0,1,1,Sc,10,656,,40,35.1,0,28.3,23,20.3,19.9
108,서울,2017-06-08 14:00,25.5,0,,,3.6,0,270,0,40,0,12.9,10.8,999.7,0,1009.4,0,1,0,3.15,0,1,1,Sc,10,1404,,40,35.6,0,29.4,24.1,20.8,20
108,서울,2017-06-08 15:00,25.5,0,,,4.6,0,270,0,45,0,14.6,12.6,999.4,0,1009.1,0,1,0,2.87,0,1,0,Ci,,1320,,,35.8,0,29.7,24.9,21.4,20.2
108,서울,2017-06-08 16:00,24.6,0,,,5.2,0,250,0,49,0,15.1,13.1,999.4,0,1009.1,0,1,0,2.4,0,3,0,Ci,,1127,,,33.4,0,29.4,25.5,21.9,20.4
108,서울,2017-06-08 17:00,24.3,0,,,4.1,0,250,0,46,0,13.9,11.9,999.2,0,1008.9,0,1,0,1.76,0,6,0,Ci,,1246,,,30.2,0,28.2,25.6,22.4,20.7
108,서울,2017-06-08 18:00,23.1,0,,,4.3,0,250,0,51,0,14.4,12.4,999.2,0,1009,0,1,0,1.01,0,7,0,Ci,,1039,,,24.3,0,26.5,25.4,22.7,21
108,서울,2017-06-08 19:00,22,0,,,3.6,0,270,0,52,0,13.7,11.6,998.9,0,1008.7,0,1,0,.57,0,,0,,,1895,,,21.6,0,24.7,24.9,22.9,21.2
108,서울,2017-06-08 20:00,20.7,0,,,3.1,0,200,0,60,0,14.6,12.6,999.1,0,1009,0,.2,0,.11,0,,0,,,1121,,,19,0,23.1,24.3,22.9,21.4
108,서울,2017-06-08 21:00,20.1,0,,,3,0,200,0,68,0,16,14,999.2,0,1009.1,0,,9,,9,0,0,,,631,,40,17.9,0,21.9,23.6,22.9,21.5
108,서울,2017-06-08 22:00,19.8,0,,,2.8,0,200,0,67,0,15.4,13.4,999.7,0,1009.7,0,,9,,9,,,,,674,,40,17.2,0,21.1,22.9,22.7,21.6
108,서울,2017-06-08 23:00,19.3,0,,,2,0,180,0,69,0,15.4,13.4,999.3,0,1009.2,0,,9,,9,,0,,,574,,40,16.6,0,20.5,22.4,22.5,21.6
108,서울,2017-06-09 00:00,18.8,0,,,.9,0,270,0,72,0,15.6,13.6,999.3,0,1009.2,0,,9,,9,5,0,Ci,,503,,40,15.9,0,19.8,21.9,22.3,21.6
108,서울,2017-06-09 01:00,18.3,0,,,.1,0,0,0,74,0,15.5,13.5,999.1,0,1009.1,0,,9,,9,,,,,486,,40,15.4,0,19.2,21.5,22,21.6
108,서울,2017-06-09 02:00,18.2,0,,,2.4,0,200,0,70,0,14.6,12.6,999.3,0,1009.3,0,,9,,9,,,,,459,,40,15.3,0,18.8,21,21.8,21.5
108,서울,2017-06-09 03:00,18.3,0,,,3.1,0,200,0,74,0,15.5,13.5,998.8,0,1008.7,0,,9,,9,7,0,Ci,,391,,40,15.5,0,18.7,20.7,21.6,21.4
108,서울,2017-06-09 04:00,18.1,0,,,3,0,200,0,76,0,15.7,13.7,998.8,0,1008.8,0,,9,,9,7,7,Sc,15,403,,40,15.8,0,18.6,20.4,21.4,21.3
108,서울,2017-06-09 05:00,18.1,0,,,.9,0,180,0,75,0,15.5,13.5,998.8,0,1008.8,0,,9,,9,9,0,Ci,,404,,40,15.7,0,18.6,20.2,21.2,21.2
108,서울,2017-06-09 06:00,18.3,0,,,2.5,0,230,0,77,0,16.1,14.1,998.8,0,1008.7,0,0,0,.06,0,9,0,Ci,,331,,40,16.6,0,18.5,20,21,21.1
108,서울,2017-06-09 07:00,18.3,0,.1,0,3.3,0,180,0,81,0,16.9,14.9,998.2,0,1008.1,0,0,0,.13,0,10,2,ScAs,10,261,,401901,17.4,0,18.8,19.9,20.8,21
108,서울,2017-06-09 08:00,18.9,0,0,0,1.2,0,230,0,78,0,16.9,14.9,998.7,0,1008.6,0,0,0,.31,0,10,3,ScAs,10,292,,1901,19.6,0,19.3,19.9,20.7,20.9
108,서울,2017-06-09 09:00,20.1,0,0,0,2.7,0,200,0,73,0,17.2,15.1,998.5,0,1008.4,0,.4,0,.96,0,9,2,ScAc,10,385,,1901,22.7,0,20.6,20.1,20.6,20.8
108,서울,2017-06-09 10:00,21.9,0,0,0,4.3,0,200,0,65,0,17,15,997.9,0,1007.7,0,.9,0,1.57,0,8,8,Sc,12,475,,401901,26.5,0,22.4,20.6,20.5,20.7
108,서울,2017-06-09 11:00,22,0,,9,3.5,0,230,0,65,0,17.2,15.1,997.7,0,1007.5,0,.7,0,1.2,0,8,4,ScAc,12,536,,40,26.1,0,23.1,21.1,20.6,20.7
108,서울,2017-06-09 12:00,23.3,0,,9,4.7,0,230,0,57,0,16.2,14.2,997.1,0,1006.8,0,.9,0,1.6,0,8,2,ScAc,12,726,,40,29.3,0,24.1,21.7,20.7,20.6
108,서울,2017-06-09 13:00,24.2,0,,9,3.9,0,250,0,52,0,15.7,13.7,996.3,0,1006,0,.9,0,2.48,0,3,3,Ac,26,981,,40,35.7,0,26,22.3,20.9,20.7
108,서울,2017-06-09 14:00,25.4,0,,9,4.9,0,250,0,52,0,16.8,14.8,995.3,0,1005,0,1,0,2.9,0,1,1,Ac,30,855,,40,39.4,0,28,23.3,21.2,20.7
108,서울,2017-06-09 15:00,25,0,,9,5.2,0,230,0,58,0,18.3,16.1,994.5,0,1004.2,0,1,0,2.6,0,6,1,ScCi,10,811,,40,37.6,0,28.8,24.3,21.5,20.8
108,서울,2017-06-09 16:00,23.3,0,0,0,4.4,0,270,0,61,0,17.4,15.3,994.5,0,1004.2,0,.1,0,.52,0,8,8,Sc,10,739,,4001,29.1,0,26.3,24.7,21.9,20.9
108,서울,2017-06-09 17:00,24.1,0,0,0,3.2,0,230,0,57,0,17,15,994.5,0,1004.2,0,.8,0,1.24,0,6,6,Ac,32,796,,4001,29.4,0,26.2,24.6,22.2,21.1
108,서울,2017-06-09 18:00,23.2,0,,9,4.8,0,230,0,62,0,17.6,15.5,995.1,0,1004.8,0,.5,0,.64,0,7,7,Sc,12,700,,40,25.7,0,25.3,24.5,22.4,21.2
108,서울,2017-06-09 19:00,22.1,0,,9,4.9,0,230,0,68,0,18.1,15.9,995,0,1004.8,0,.2,0,.37,0,,0,,,567,,40,22.8,0,24.1,24.2,22.6,21.4
108,서울,2017-06-09 20:00,21.5,0,,9,4,0,230,0,71,0,18.2,16,995.3,0,1005.1,0,0,0,.09,0,,0,,,499,,40,20.7,0,23,23.7,22.6,21.5
108,서울,2017-06-09 21:00,20.9,0,,9,3.3,0,230,0,76,0,18.8,16.5,995.5,0,1005.4,0,,9,,9,0,0,,,442,,40,19.5,0,22.1,23.2,22.6,21.6
108,서울,2017-06-09 22:00,20.6,0,,9,3.8,0,230,0,78,0,18.9,16.6,996,0,1005.9,0,,9,,9,,2,,5,306,,40,19.2,0,21.5,22.8,22.5,21.6
108,서울,2017-06-09 23:00,20.2,0,,9,3.5,0,230,0,81,0,19.1,16.8,995.5,0,1005.4,0,,9,,9,,,,4,256,,4019,18.9,0,21.1,22.4,22.3,21.6
108,서울,2017-06-10 00:00,20.1,0,,9,3.1,0,230,0,81,0,19,16.7,995.8,0,1005.7,0,,9,,9,9,9,St,,266,,19,19.6,0,21.1,22.1,22.2,21.6
108,서울,2017-06-10 01:00,19.9,0,,,3.4,0,270,0,81,0,18.8,16.5,996.4,0,1006.3,0,,9,,9,,9,,4,258,,19,19.4,0,21,21.9,22,21.6
108,서울,2017-06-10 02:00,19.4,0,,,2,0,290,0,83,0,18.6,16.4,996.6,0,1006.5,0,,9,,9,,,,4,246,,19,18.6,0,20.6,21.7,21.9,21.5
108,서울,2017-06-10 03:00,19,0,,,1.3,0,250,0,84,0,18.4,16.2,995.9,0,1005.8,0,,9,,9,8,2,ScAs,10,251,,19,17.7,0,20.1,21.4,21.7,21.5
108,서울,2017-06-10 04:00,18.9,0,0,0,2.5,0,270,0,85,0,18.5,16.3,997.5,0,1007.4,0,,9,,9,10,6,CbScNs,4,232,,190401,18,0,19.9,21.2,21.6,21.4
108,서울,2017-06-10 05:00,18.7,0,.5,0,1.5,0,270,0,90,0,19.4,17,996.8,0,1006.7,0,,9,,9,10,5,ScNs,10,165,,190401,18,0,19.8,21,21.5,21.4
108,서울,2017-06-10 06:00,17.7,0,3,0,2.6,0,290,0,84,0,16.9,14.9,997.4,0,1007.4,0,0,0,.01,0,10,6,StNs,7,279,,1901,17.2,0,19.6,20.8,21.3,21.3
108,서울,2017-06-10 07:00,16.7,0,1,0,1.4,0,290,0,87,0,16.5,14.5,997.4,0,1007.4,0,0,0,.09,0,10,2,ScAs,10,424,,1901,17.3,0,18.9,20.6,21.2,21.2
108,서울,2017-06-10 08:00,17,0,0,0,1.2,0,230,0,80,0,15.5,13.5,998.1,0,1008.1,0,0,0,.45,0,9,9,Sc,12,586,,1901,19.5,0,19.2,20.3,21.1,21.1
108,서울,2017-06-10 09:00,17.5,0,,9,2.4,0,270,0,72,0,14.3,12.3,998.6,0,1008.6,0,.1,0,.71,0,9,9,As,28,980,,19,20.1,0,20.1,20.4,20.9,21.1
108,서울,2017-06-10 10:00,18.9,0,,9,3.4,0,270,0,63,0,13.7,11.6,998.5,0,1008.4,0,.4,0,1.24,0,9,2,ScAs,12,1072,,19,24.1,0,21.2,20.6,20.8,21
108,서울,2017-06-10 11:00,20.9,0,,9,2.1,0,290,0,43,0,10.6,7.8,998.5,0,1008.4,0,.7,0,2.34,0,5,0,Ci,,1566,,,31.1,0,23.6,21,20.8,20.9
108,서울,2017-06-10 12:00,23,0,,9,3.2,0,290,0,26,0,7.3,2.4,997.8,0,1007.6,0,1,0,3.29,0,8,0,Ci,,2000,,,33.4,0,26.6,22.1,20.9,20.8
108,서울,2017-06-10 13:00,24.3,0,,9,2.5,0,290,0,18,0,5.5,-1.5,997.6,0,1007.3,0,1,0,3.26,0,7,0,Ci,,2000,,,35.2,0,28.3,23.4,21.2,20.9
108,서울,2017-06-10 14:00,25.6,0,,9,2,0,320,0,21,0,6.9,1.6,996.5,0,1006.2,0,1,0,3.27,0,7,0,Ci,,2000,,,35.5,0,29.5,24.5,21.6,20.9
108,서울,2017-06-10 15:00,26.8,0,,9,2.1,0,270,0,18,0,6.3,.4,996.3,0,1006,0,1,0,2.96,0,8,0,Ci,,1997,,,34.8,0,30.3,25.4,22.1,21
108,서울,2017-06-10 16:00,27.1,0,,9,2.4,0,270,0,18,0,6.4,.7,996,0,1005.6,0,1,0,2.52,0,8,0,Ci,,2000,,,33.8,0,30.2,26,22.6,21.2
108,서울,2017-06-10 17:00,27.3,0,,9,3.2,0,270,0,16,0,5.8,-.7,995.9,0,1005.5,0,1,0,1.94,0,8,0,Ci,,2000,,,30.8,0,29.2,26.3,23,21.4
108,서울,2017-06-10 18:00,27.2,0,,9,2.1,0,270,0,18,0,6.5,.8,995.6,0,1005.2,0,1,0,1.35,0,6,0,Ci,,2000,,,23.6,0,27.5,26.2,23.3,21.6
108,서울,2017-06-10 19:00,25.9,0,,9,2.8,0,360,0,20,0,6.7,1.2,996,0,1005.7,0,1,0,.69,0,,0,,,2000,,,20.9,0,25.5,25.6,23.5,21.8
108,서울,2017-06-10 20:00,23.7,0,,9,3.5,0,340,0,22,0,6.4,.7,996.2,0,1005.9,0,.6,0,.14,0,,,,,2000,,,18.5,0,23.7,24.9,23.6,22
108,서울,2017-06-10 21:00,22,0,,9,3.4,0,290,0,31,0,8.1,4,996.5,0,1006.3,0,,9,,9,4,0,Ci,,2000,,,16.8,0,22.2,24.1,23.5,22.1
108,서울,2017-06-10 22:00,20.9,0,,9,2,0,320,0,35,0,8.6,4.8,996.8,0,1006.7,0,,9,,9,,,,,2000,,,15.8,0,21.2,23.4,23.3,22.2
108,서울,2017-06-10 23:00,19.9,0,,9,.6,0,360,0,38,0,8.8,5.1,997.1,0,1007,0,,9,,9,,0,,,2000,,,14.7,0,20.1,22.7,23,22.2
108,서울,2017-06-11 00:00,18.7,0,,9,1.4,0,290,0,41,0,8.8,5.1,997.1,0,1007,0,,9,,9,2,0,,,2000,,,13.8,0,19.1,22,22.7,22.2
108,서울,2017-06-11 01:00,17.5,0,,,.8,0,360,0,48,0,9.5,6.3,996.8,0,1006.8,0,,9,,9,,0,,,2000,,,13,0,18.3,21.4,22.4,22.1
108,서울,2017-06-11 02:00,16.8,0,,,.9,0,50,0,46,0,8.7,5,996.9,0,1006.9,0,,9,,9,,,,,2000,,,12.4,0,17.7,20.9,22.1,22
108,서울,2017-06-11 03:00,16.2,0,,,.5,0,20,0,43,0,7.8,3.5,996.7,0,1006.7,0,,9,,9,0,0,,,2000,,,11.8,0,17,20.4,21.8,21.9
108,서울,2017-06-11 04:00,15.6,0,,,.5,0,20,0,46,0,8.1,4,997.1,0,1007.2,0,,9,,9,0,0,,,2000,,,11.4,0,16.5,19.9,21.5,21.7
108,서울,2017-06-11 05:00,15.2,0,,,.4,0,0,0,51,0,8.8,5.1,997.3,0,1007.4,0,,9,,9,0,0,,,2000,,,11,0,16.1,19.4,21.2,21.6
108,서울,2017-06-11 06:00,14.9,0,,,.5,0,20,0,53,0,8.9,5.3,997.6,0,1007.7,0,.1,0,.09,0,0,0,,,2000,,,11.4,0,15.7,19,21,21.4
108,서울,2017-06-11 07:00,16.6,0,,,1,0,20,0,44,0,8.2,4.2,998,0,1008,0,1,0,.63,0,0,0,,,2000,,,13.9,0,16,18.7,20.6,21.3
108,서울,2017-06-11 08:00,19.7,0,,,1.3,0,50,0,39,0,8.9,5.3,998.4,0,1008.3,0,1,0,1.31,0,0,0,,,2000,,,21.5,0,18,18.6,20.3,21
108,서울,2017-06-11 09:00,22.4,0,,,1.3,0,70,0,31,0,8.4,4.4,998.2,0,1008,0,1,0,1.95,0,0,0,,,2000,,,27.6,0,20.6,19.1,20.1,20.9
108,서울,2017-06-11 10:00,24.3,0,,,.9,0,140,0,30,0,9.1,5.6,998.3,0,1008,0,1,0,2.49,0,0,0,,,2000,,,34.1,0,23.6,20,20.1,20.7
108,서울,2017-06-11 11:00,26,0,,,2.3,0,200,0,26,0,8.7,4.9,998,0,1007.7,0,1,0,2.95,0,0,0,,,2000,,,40,0,26.6,21.4,20.3,20.7
108,서울,2017-06-11 12:00,27.2,0,,,3.2,0,180,0,25,0,9,5.4,997.5,0,1007.1,0,1,0,3.15,0,0,0,,,2000,,,44.4,0,28.8,22.9,20.6,20.6
108,서울,2017-06-11 13:00,28,0,,,2.8,0,290,0,21,0,7.9,3.6,997.2,0,1006.8,0,1,0,3.32,0,0,0,,,2000,,,47.9,0,30.7,24.3,21.1,20.7
108,서울,2017-06-11 14:00,28,0,,,4.1,0,270,0,19,0,7.2,2.2,997.4,0,1007,0,1,0,3.26,0,0,0,,,1989,,,47.5,0,31.5,25.6,21.7,20.8
108,서울,2017-06-11 15:00,28.4,0,,,4.2,0,290,0,19,0,7.3,2.5,997.3,0,1006.9,0,1,0,2.98,0,0,0,,,2000,,,46.8,0,32,26.5,22.2,21
108,서울,2017-06-11 16:00,29.2,0,,,3.2,0,270,0,22,0,8.8,5.2,997,0,1006.6,0,1,0,2.53,0,1,0,Ci,,2000,,,43.9,0,31.9,27.1,22.8,21.2
108,서울,2017-06-11 17:00,29.2,0,,,3.1,0,290,0,23,0,9.3,5.9,997.1,0,1006.7,0,1,0,1.92,0,2,0,Ci,,2000,,,38,0,31.2,27.5,23.3,21.5
108,서울,2017-06-11 18:00,28.3,0,,,3,0,290,0,24,0,9.2,5.7,997.6,0,1007.2,0,1,0,1.22,0,4,0,Ci,,2000,,,28.7,0,29.4,27.4,23.7,21.7
108,서울,2017-06-11 19:00,26.7,0,,,3.9,0,250,0,34,0,11.9,9.5,998.3,0,1008,0,1,0,.61,0,,0,,,2000,,,25.4,0,27.4,26.9,24,22
108,서울,2017-06-11 20:00,24.9,0,,,3.3,0,20,0,34,0,10.6,7.9,998.9,0,1008.7,0,.6,0,.12,0,,,,,2000,,,22.6,0,25.6,26.2,24,22.2
108,서울,2017-06-11 21:00,23.7,0,,,2.8,0,50,0,34,0,9.9,6.8,1000,0,1009.7,0,,9,,9,4,1,ScCi,10,2000,,,21,0,24.2,25.4,24,22.3
108,서울,2017-06-11 22:00,22.8,0,,,3.8,0,70,0,40,0,11,8.4,1000.7,0,1010.5,0,,9,,9,,,,,2000,,,20,0,23.2,24.7,23.9,22.5
108,서울,2017-06-11 23:00,21.7,0,,,4.3,0,50,0,40,0,10.3,7.4,1001.4,0,1011.3,0,,9,,9,,0,,,2000,,,19,0,22.3,24.1,23.6,22.5
108,서울,2017-06-12 00:00,20.9,0,,,2.5,0,70,0,41,0,10.1,7.1,1001.8,0,1011.7,0,,9,,9,0,0,,,2000,,,18,0,21.6,23.5,23.4,22.5
108,서울,2017-06-12 01:00,20,0,,,3.4,0,70,0,42,0,9.7,6.6,1002,0,1012,0,,9,,9,,0,,,2000,,,17.2,0,20.8,22.9,23.2,22.5
108,서울,2017-06-12 02:00,19.1,0,,,3.4,0,70,0,46,0,10.1,7.1,1002.5,0,1012.4,0,,9,,9,,0,,,2000,,,16.4,0,20.2,22.5,22.9,22.4
108,서울,2017-06-12 03:00,18.3,0,,,2,0,70,0,50,0,10.4,7.6,1002.9,0,1012.9,0,,9,,9,0,0,,,2000,,,15.7,0,19.6,22,22.7,22.3
108,서울,2017-06-12 04:00,17.6,0,,,3.2,0,70,0,52,0,10.4,7.6,1003.3,0,1013.3,0,,9,,9,0,0,,,2000,,,15.2,0,19.1,21.6,22.4,22.2
108,서울,2017-06-12 05:00,17.2,0,,,3.4,0,70,0,52,0,10.2,7.2,1003.9,0,1014,0,,9,,9,4,0,Ci,,2000,,,15,0,18.7,21.2,22.2,22.1
108,서울,2017-06-12 06:00,17,0,,,2.8,0,70,0,51,0,9.8,6.7,1004.5,0,1014.6,0,.1,0,.08,0,1,0,Ci,,2000,,,15,0,18.4,20.8,21.9,22
108,서울,2017-06-12 07:00,18.1,0,,,3.9,0,70,0,46,0,9.5,6.2,1004.5,0,1014.5,0,1,0,.53,0,3,0,Ci,,2000,,,16.8,0,18.5,20.5,21.7,21.8
108,서울,2017-06-12 08:00,20.2,0,,,4.3,0,90,0,39,0,9.2,5.7,1005.3,0,1015.3,0,1,0,1.16,0,3,0,Ci,,2000,,,24.6,0,19.8,20.4,21.4,21.7
108,서울,2017-06-12 09:00,21.7,0,,,2.5,0,70,0,38,0,9.8,6.7,1005.4,0,1015.3,0,1,0,1.87,0,4,0,Ci,,2000,,,31.5,0,21.8,20.6,21.2,21.5
108,서울,2017-06-12 10:00,23.6,0,,,3.2,0,110,0,34,0,9.9,6.8,1005,0,1014.8,0,1,0,2.4,0,1,0,Ci,,1944,,,38.2,0,24.4,21.3,21.2,21.4
108,서울,2017-06-12 11:00,24.8,0,,,3.2,0,70,0,32,0,9.9,6.9,1004.7,0,1014.5,0,1,0,2.89,0,4,0,Ci,,2000,,,43.9,0,27,22.5,21.3,21.4
108,서울,2017-06-12 12:00,26.1,0,,,2.6,0,140,0,30,0,10.1,7.1,1004.4,0,1014.2,0,1,0,3.21,0,6,0,Ci,,2000,,,49,0,29.5,23.8,21.5,21.3
108,서울,2017-06-12 13:00,26.5,0,,,2,0,70,0,28,0,9.6,6.4,1004,0,1013.7,0,.8,0,2.23,0,9,4,AcCi,46,2000,,,41.9,0,30.2,25.1,21.9,21.4
108,서울,2017-06-12 14:00,27.8,0,,,2.2,0,200,0,26,0,9.7,6.5,1003.5,0,1013.2,0,.9,0,2.61,0,9,9,Ac,27,2000,,,48.7,0,30.9,25.9,22.4,21.4
108,서울,2017-06-12 15:00,27.3,0,,,2.1,0,200,0,27,0,9.7,6.6,1003.3,0,1013,0,.8,0,1.94,0,8,3,ScAc,15,1975,,,39.7,0,31.1,26.6,22.9,21.6
108,서울,2017-06-12 16:00,27.8,0,,,1.5,0,90,0,27,0,10,7,1002.9,0,1012.6,0,.6,0,1.72,0,8,4,ScAc,15,2000,,,38.6,0,30.7,26.9,23.3,21.8
108,서울,2017-06-12 17:00,27.6,0,,,3.8,0,270,0,35,0,12.9,10.7,1002.8,0,1012.5,0,1,0,1.79,0,7,5,ScAc,15,1839,,,37.6,0,30.3,27.1,23.6,22
108,서울,2017-06-12 18:00,25.9,0,,,4.1,0,270,0,41,0,13.7,11.6,1002.9,0,1012.7,0,1,0,1.2,0,6,4,ScAc,15,1797,,,29.6,0,28.9,27.1,23.9,22.2
108,서울,2017-06-12 19:00,23.9,0,,,3.4,0,270,0,45,0,13.3,11.2,1003.1,0,1012.9,0,1,0,.51,0,,0,,,1957,,,25.3,0,27.1,26.7,24.1,22.4
108,서울,2017-06-12 20:00,21.4,0,,,3.8,0,250,0,58,0,14.7,12.7,1003.7,0,1013.6,0,0,0,.08,0,,1,,47,1824,,,22,0,25.3,26.1,24.2,22.6
108,서울,2017-06-12 21:00,20.8,0,,,1.6,0,200,0,62,0,15.2,13.2,1004.3,0,1014.3,0,,9,,9,7,7,Ac,40,1842,,,21,0,24.1,25.4,24.1,22.7
108,서울,2017-06-12 22:00,20.3,0,,,2.9,0,270,0,64,0,15.2,13.2,1005.1,0,1015.1,0,,9,,9,,8,,26,1694,,,20.2,0,23.3,24.7,24,22.7
108,서울,2017-06-12 23:00,20,0,,,1.5,0,270,0,66,0,15.4,13.4,1005,0,1015,0,,9,,9,,8,,37,1549,,,19.7,0,22.7,24.3,23.8,22.8
108,서울,2017-06-13 00:00,20,0,,,2,0,250,0,65,0,15.2,13.2,1005.3,0,1015.3,0,,9,,9,7,7,Ac,40,1662,,,19.3,0,22.2,23.8,23.7,22.8
108,서울,2017-06-13 01:00,19.4,0,,,1.2,0,250,0,66,0,14.8,12.8,1005.2,0,1015.1,0,,9,,9,,,,38,1800,,,18,0,21.6,23.4,23.4,22.7
108,서울,2017-06-13 02:00,19.2,0,,,.3,0,0,0,66,0,14.6,12.6,1005.1,0,1015.1,0,,9,,9,,,,38,1798,,,17.7,0,21.1,23,23.2,22.7
108,서울,2017-06-13 03:00,19,0,,,1.7,0,50,0,64,0,14,12,1005.1,0,1015.1,0,,9,,9,9,9,Ac,38,2000,,,18,0,20.8,22.6,23,22.6
108,서울,2017-06-13 04:00,18.7,0,,,1.3,0,50,0,64,0,13.7,11.7,1005.5,0,1015.5,0,,9,,9,9,4,ScAc,10,2000,,,17.9,0,20.6,22.3,22.8,22.5
108,서울,2017-06-13 05:00,18.3,0,,,1.1,0,50,0,65,0,13.6,11.5,1005.5,0,1015.5,0,,9,,9,9,4,ScAc,10,2000,,,17.1,0,20.2,22,22.6,22.5
108,서울,2017-06-13 06:00,18.6,0,,,1,0,20,0,64,0,13.7,11.6,1005.8,0,1015.8,0,0,0,.07,0,9,4,ScAc,10,2000,,,18.5,0,20.2,21.8,22.5,22.4
108,서울,2017-06-13 07:00,19.3,0,,,.8,0,20,0,60,0,13.4,11.3,1005.6,0,1015.6,0,.1,0,.33,0,9,4,ScAc,10,2000,,,21.8,0,20.6,21.6,22.3,22.3
108,서울,2017-06-13 08:00,20.6,0,,,1.2,0,200,0,71,0,17.2,15.1,1005.5,0,1015.5,0,.4,0,.68,0,8,8,Sc,15,924,,40,23.9,0,21.7,21.7,22.1,22.1
108,서울,2017-06-13 09:00,22.3,0,,,2.5,0,200,0,58,0,15.6,13.6,1005.2,0,1015.1,0,1,0,1.54,0,5,5,Sc,15,1181,,40,33.4,0,23.3,21.9,22,22
108,서울,2017-06-13 10:00,23.3,0,,,2.3,0,270,0,56,0,16,14,1005,0,1014.8,0,.9,0,1.91,0,9,9,Sc,15,1477,,,34.9,0,25.5,22.6,22,21.9
108,서울,2017-06-13 11:00,23,0,,,3.1,0,290,0,58,0,16.2,14.2,1004.9,0,1014.7,0,.2,0,1.09,0,9,9,Sc,15,1369,,,30.8,0,25.7,23.3,22.1,21.9
108,서울,2017-06-13 12:00,24.6,0,,,3.7,0,290,0,49,0,15.1,13.1,1004.6,0,1014.3,0,.8,0,2.48,0,8,8,Sc,15,1726,,,45.8,0,27.5,23.8,22.3,21.9
108,서울,2017-06-13 13:00,25.2,0,,,4.2,0,250,0,48,0,15.4,13.4,1003.9,0,1013.7,0,1,0,2.6,0,8,8,Sc,15,1809,,,45,0,29.5,24.7,22.5,21.9
108,서울,2017-06-13 14:00,25.2,0,,,3.7,0,270,0,50,0,16,14,1003,0,1012.8,0,1,0,2.46,0,8,8,CuSc,7,1719,,,44.5,0,30.2,25.6,22.8,22
108,서울,2017-06-13 15:00,25.4,0,,,3.4,0,230,0,50,0,16.2,14.2,1002.6,0,1012.4,0,1,0,2.32,0,4,4,CuSc,7,1845,,,42.3,0,30.5,26.3,23.2,22.1
108,서울,2017-06-13 16:00,25.2,0,,,4.8,0,270,0,51,0,16.3,14.3,1002.8,0,1012.6,0,1,0,2.33,0,4,4,Sc,12,1969,,,41,0,30.8,26.9,23.6,22.2
108,서울,2017-06-13 17:00,24.3,0,,,4.2,0,270,0,52,0,15.8,13.8,1002.9,0,1012.6,0,1,0,1.83,0,3,3,Sc,12,2000,,,35.8,0,30,27.2,23.9,22.4
108,서울,2017-06-13 18:00,22.8,0,,,4.2,0,290,0,61,0,16.8,14.8,1002.9,0,1012.7,0,1,0,1.11,0,4,2,ScAc,15,1992,,,27.5,0,28.4,27.1,24.2,22.6
108,서울,2017-06-13 19:00,21.6,0,,,4.1,0,270,0,67,0,17.3,15.2,1003.1,0,1013,0,.9,0,.48,0,,2,,,1967,,,23.8,0,26.6,26.7,24.4,22.7
108,서울,2017-06-13 20:00,20.2,0,,,3.7,0,270,0,74,0,17.5,15.4,1003.7,0,1013.7,0,0,0,.06,0,,2,,8,1812,,,22.1,0,25.1,26.1,24.4,22.9
108,서울,2017-06-13 21:00,20,0,0,0,2.3,0,270,0,78,0,18.2,16,1003.6,0,1013.6,0,,9,,9,9,4,ScAs,10,1753,,01,21.1,0,24.2,25.5,24.4,23
108,서울,2017-06-13 22:00,19.7,0,0,0,1.5,0,320,0,77,0,17.6,15.5,1003.3,0,1013.2,0,,9,,9,3,3,Ac,42,1621,,01,19.6,0,23.4,24.9,24.2,23.1
108,서울,2017-06-13 23:00,19.4,0,,9,2.9,0,250,0,76,0,17,15,1003.5,0,1013.4,0,,9,,9,,2,,,1481,,,18.6,0,22.5,24.4,24.1,23
108,서울,2017-06-14 00:00,19.2,0,,9,1.4,0,270,0,80,0,17.7,15.6,1003.3,0,1013.2,0,,9,,9,8,8,,,1085,,,19,0,22.1,23.9,23.9,23
108,서울,2017-06-14 01:00,18.9,0,,,2.2,0,290,0,83,0,18.1,15.9,1002.8,0,1012.8,0,,9,,9,,9,,,791,,19,19.2,0,21.9,23.5,23.7,23
108,서울,2017-06-14 02:00,18.3,0,,,1.4,0,290,0,86,0,18.1,15.9,1002.5,0,1012.5,0,,9,,9,,0,,5,861,,19,17.7,0,21.3,23.2,23.5,23
108,서울,2017-06-14 03:00,18.3,0,,,1.2,0,290,0,84,0,17.6,15.5,1002.6,0,1012.6,0,,9,,9,3,3,Sc,10,930,,19,17.7,0,21.1,22.8,23.3,22.9
108,서울,2017-06-14 04:00,17.9,0,,,1.2,0,270,0,86,0,17.6,15.5,1002.5,0,1012.5,0,,9,,9,6,6,Sc,10,816,,19,16.6,0,20.6,22.6,23.1,22.8
108,서울,2017-06-14 05:00,17.8,0,,,1.3,0,290,0,86,0,17.5,15.4,1002.6,0,1012.6,0,,9,,9,2,2,Sc,10,788,,19,16.2,0,20.3,22.3,22.9,22.7
108,서울,2017-06-14 06:00,17.8,0,,,.5,0,320,0,85,0,17.3,15.2,1002.6,0,1012.6,0,0,0,.09,0,2,2,Sc,10,790,,19,16.8,0,20,22,22.7,22.7
108,서울,2017-06-14 07:00,18.6,0,,,1.5,0,200,0,79,0,16.8,14.8,1002.4,0,1012.4,0,.3,0,.33,0,8,8,Sc,10,885,,19,20,0,20.2,21.7,22.5,22.5
108,서울,2017-06-14 08:00,19.6,0,,,2.4,0,230,0,74,0,16.8,14.8,1002.6,0,1012.5,0,.5,0,.74,0,7,7,Sc,10,889,,19,25.5,0,21.4,21.7,22.4,22.4
108,서울,2017-06-14 09:00,21.2,0,,,2.9,0,270,0,63,0,15.8,13.8,1002.5,0,1012.4,0,.8,0,1.34,0,7,7,Sc,10,891,,4019,32.1,0,22.9,22,22.2,22.3
108,서울,2017-06-14 10:00,22.5,0,,,3.3,0,270,0,54,0,14.7,12.7,1002.2,0,1012,0,1,0,2.08,0,6,6,Sc,8,1063,,40,40.1,0,24.9,22.6,22.2,22.2
108,서울,2017-06-14 11:00,23.7,0,,,2.3,0,270,0,55,0,16.1,14.1,1002.2,0,1012,0,1,0,2.6,0,5,5,Sc,9,1263,,,46.1,0,27.4,23.4,22.3,22.2
108,서울,2017-06-14 12:00,24.6,0,,,3.1,0,270,0,50,0,15.4,13.4,1001.4,0,1011.1,0,1,0,3.06,0,1,1,Sc,11,1669,,,49.7,0,29.7,24.6,22.5,22.1
108,서울,2017-06-14 13:00,25.9,0,,,3.5,0,270,0,45,0,15,13,1000.8,0,1010.5,0,1,0,3.09,0,0,0,,,1376,,,52,0,31.6,25.8,22.8,22.2
108,서울,2017-06-14 14:00,26.6,0,,,3.5,0,250,0,42,0,14.6,12.6,1000.1,0,1009.8,0,1,0,3.06,0,1,1,Sc,10,1415,,,52.4,0,32.5,27,23.3,22.3
108,서울,2017-06-14 15:00,26.8,0,,,4.2,0,270,0,42,0,14.8,12.8,999.6,0,1009.3,0,1,0,2.81,0,0,0,,,1660,,,50,0,32.9,27.9,23.8,22.4
108,서울,2017-06-14 16:00,26.7,0,,,4.1,0,270,0,40,0,13.9,11.9,999.4,0,1009.1,0,1,0,2.43,0,0,0,,,1980,,,45.9,0,32.6,28.4,24.3,22.6
108,서울,2017-06-14 17:00,26.1,0,,,4.6,0,270,0,42,0,14.1,12.1,999,0,1008.7,0,1,0,1.84,0,0,0,,,1976,,,38.5,0,31.6,28.6,24.7,22.8
108,서울,2017-06-14 18:00,25.2,0,,,4.1,0,230,0,46,0,14.7,12.7,998.8,0,1008.5,0,1,0,1.14,0,0,0,,,1988,,,29.1,0,30,28.5,25,23
108,서울,2017-06-14 19:00,23.9,0,,,3.2,0,270,0,49,0,14.5,12.5,999.2,0,1008.9,0,1,0,.54,0,,0,,,1981,,,25.4,0,28,28,25.2,23.3
108,서울,2017-06-14 20:00,21.8,0,,,4.2,0,270,0,55,0,14.3,12.3,999.4,0,1009.2,0,.3,0,.12,0,,,,,2000,,,22.1,0,26.3,27.3,25.3,23.4
108,서울,2017-06-14 21:00,21.1,0,,,4,0,270,0,57,0,14.2,12.2,999.5,0,1009.4,0,,9,,9,0,0,,,1935,,,20.4,0,25,26.5,25.2,23.5
108,서울,2017-06-14 22:00,20.6,0,,,2.6,0,270,0,63,0,15.3,13.3,999.7,0,1009.6,0,,9,,9,,0,,,1678,,,19.4,0,24,25.8,25,23.6
108,서울,2017-06-14 23:00,20.2,0,,,2.8,0,250,0,71,0,16.7,14.7,999.7,0,1009.6,0,,9,,9,,,,,1064,,,18.8,0,23.2,25.2,24.9,23.7
108,서울,2017-06-15 00:00,19.5,0,,,2.6,0,250,0,77,0,17.4,15.3,999.6,0,1009.5,0,,9,,9,0,0,,,769,,40,18.1,0,22.6,24.7,24.6,23.6
108,서울,2017-06-15 01:00,19.1,0,,,1.9,0,250,0,79,0,17.4,15.3,999.4,0,1009.3,0,,9,,9,,1,,37,708,,40,17.4,0,22,24.2,24.4,23.6
108,서울,2017-06-15 02:00,18.8,0,,,1.2,0,230,0,80,0,17.3,15.2,999.2,0,1009.1,0,,9,,9,,,,,669,,4019,16.8,0,21.5,23.8,24.1,23.5
108,서울,2017-06-15 03:00,18.5,0,,,1,0,250,0,78,0,16.5,14.5,999,0,1008.9,0,,9,,9,0,0,,,822,,19,16.2,0,20.9,23.4,23.9,23.5
108,서울,2017-06-15 04:00,18.2,0,,,1.4,0,230,0,81,0,16.8,14.8,998.5,0,1008.5,0,,9,,9,0,0,,,857,,19,16,0,20.4,22.9,23.7,23.4
108,서울,2017-06-15 05:00,18.1,0,,,1.5,0,230,0,86,0,17.8,15.7,998.6,0,1008.6,0,,9,,9,4,4,Sc,10,491,,19,16,0,20.2,22.6,23.5,23.3
108,서울,2017-06-15 06:00,18,0,,,1.8,0,200,0,85,0,17.5,15.4,999,0,1009,0,0,0,.06,0,9,9,St,4,399,,19,18.1,0,20.4,22.3,23.2,23.2
108,서울,2017-06-15 07:00,18.3,0,,,1.3,0,200,0,82,0,17.2,15.1,999.3,0,1009.3,0,0,0,.18,0,10,10,St,3,434,,19,20.4,0,20.8,22.2,23,23
108,서울,2017-06-15 08:00,19.3,0,,,1.7,0,230,0,76,0,16.9,14.9,999.5,0,1009.4,0,.2,0,.62,0,8,8,St,4,568,,19,25.2,0,21.8,22.2,22.9,22.9
108,서울,2017-06-15 09:00,20.8,0,,,3.2,0,200,0,72,0,17.6,15.5,999.2,0,1009.1,0,1,0,1.61,0,2,2,Sc,10,581,,19,32.9,0,23.6,22.5,22.7,22.8
108,서울,2017-06-15 10:00,22.7,0,,,2.6,0,180,0,62,0,17,15,998.6,0,1008.4,0,1,0,2.17,0,0,0,,,793,,4019,40.3,0,25.8,23.1,22.7,22.7
108,서울,2017-06-15 11:00,24.5,0,,,3,0,230,0,54,0,16.5,14.5,998.2,0,1007.9,0,1,0,2.66,0,0,0,,,1011,,40,47,0,28.2,24,22.8,22.6
108,서울,2017-06-15 12:00,26.6,0,,,2.5,0,200,0,45,0,15.6,13.6,997.5,0,1007.2,0,1,0,2.92,0,0,0,,,1310,,,52,0,30.5,25.2,23,22.6
108,서울,2017-06-15 13:00,28.6,0,,,3.6,0,230,0,40,0,15.6,13.6,997.2,0,1006.8,0,1,0,3.09,0,0,0,,,1675,,,54.8,0,32.4,26.4,23.4,22.6
108,서울,2017-06-15 14:00,29,0,,,3.7,0,230,0,35,0,13.9,11.9,996.7,0,1006.3,0,1,0,3.06,0,0,0,,,1950,,,54.3,0,33.4,27.6,23.8,22.7
108,서울,2017-06-15 15:00,29.4,0,,,4.4,0,250,0,36,0,14.7,12.7,996.6,0,1006.1,0,1,0,2.75,0,1,1,Sc,10,1947,,,51.1,0,33.7,28.4,24.3,22.8
108,서울,2017-06-15 16:00,28.8,0,,,3.4,0,250,0,37,0,14.6,12.6,996.5,0,1006.1,0,1,0,2.3,0,2,2,Ac,39,1966,,,45.5,0,33.3,28.9,24.7,23
108,서울,2017-06-15 17:00,28.5,0,,,3.9,0,230,0,37,0,14.3,12.3,996.2,0,1005.8,0,1,0,1.62,0,0,0,,,1955,,,40.1,0,32.3,29.1,25.1,23.2
108,서울,2017-06-15 18:00,27.4,0,,,3.4,0,270,0,45,0,16.4,14.4,996.3,0,1005.9,0,1,0,1.12,0,0,0,,,1857,,,31.1,0,30.7,28.9,25.4,23.4
108,서울,2017-06-15 19:00,26.1,0,,,2.9,0,230,0,51,0,17.2,15.1,996.6,0,1006.3,0,1,0,.53,0,,0,,,1825,,,27.3,0,29,28.5,25.7,23.6
108,서울,2017-06-15 20:00,23.8,0,,,2.3,0,230,0,63,0,18.5,16.3,997.3,0,1007,0,.2,0,.12,0,,0,,,1396,,,23.8,0,27.5,27.9,25.7,23.8
108,서울,2017-06-15 21:00,22.8,0,,,2.9,0,200,0,65,0,17.9,15.8,998.1,0,1007.9,0,,9,,9,0,0,,,1156,,,21.9,0,26.1,27.3,25.7,23.9
108,서울,2017-06-15 22:00,22,0,,,2.3,0,230,0,68,0,17.9,15.8,998.5,0,1008.3,0,,9,,9,,0,,,1061,,,20.9,0,25.2,26.6,25.6,24
108,서울,2017-06-15 23:00,21.7,0,,,1.5,0,200,0,70,0,18.1,15.9,998.8,0,1008.6,0,,9,,9,,0,,,871,,40,20.2,0,24.4,26,25.4,24.1
108,서울,2017-06-16 00:00,21.4,0,,,1.1,0,250,0,73,0,18.5,16.3,999.2,0,1009.1,0,,9,,9,0,0,,,713,,40,19.5,0,23.8,25.5,25.2,24.1
108,서울,2017-06-16 01:00,21.1,0,,,1.1,0,200,0,75,0,18.6,16.4,999.1,0,1009,0,,9,,9,,10,,9,637,,40,18.8,0,23.2,25.1,24.9,24
108,서울,2017-06-16 02:00,20.7,0,,,.5,0,90,0,77,0,18.8,16.5,998.9,0,1008.8,0,,9,,9,,10,,8,640,,40,18.2,0,22.7,24.6,24.7,24
108,서울,2017-06-16 03:00,20.4,0,,,.7,0,90,0,78,0,18.6,16.4,998.8,0,1008.7,0,,9,,9,3,3,Sc,8,570,,40,17.9,0,22.2,24.2,24.5,23.9
108,서울,2017-06-16 04:00,20.3,0,,,1.5,0,140,0,79,0,18.8,16.5,999.1,0,1009,0,,9,,9,3,3,Sc,10,453,,4019,18.1,0,21.9,23.9,24.3,23.8
108,서울,2017-06-16 05:00,20.1,0,,,.8,0,70,0,78,0,18.3,16.1,999.4,0,1009.3,0,,9,,9,5,5,St,7,463,,19,17.7,0,21.7,23.6,24.1,23.7
108,서울,2017-06-16 06:00,20.1,0,,,2.3,0,90,0,79,0,18.5,16.3,999.7,0,1009.6,0,0,0,.08,0,7,7,St,8,481,,19,18.7,0,21.5,23.3,23.9,23.6
108,서울,2017-06-16 07:00,20.9,0,,,1.7,0,70,0,68,0,16.7,14.7,999.8,0,1009.7,0,.2,0,.39,0,4,4,St,7,669,,4019,21.3,0,21.9,23.1,23.7,23.5
108,서울,2017-06-16 08:00,22.6,0,,,2,0,90,0,64,0,17.5,15.4,999.9,0,1009.7,0,1,0,.96,0,1,1,Sc,10,749,,40,27.9,0,23,23.1,23.5,23.4
108,서울,2017-06-16 09:00,24.4,0,,,2,0,90,0,58,0,17.6,15.5,1000.1,0,1009.8,0,1,0,1.58,0,0,0,,,869,,40,35.2,0,24.7,23.4,23.4,23.3
108,서울,2017-06-16 10:00,26,0,,,3,0,110,0,55,0,18.4,16.2,1000.1,0,1009.8,0,1,0,2.14,0,0,0,,,895,,40,42.6,0,26.9,24,23.4,23.2
108,서울,2017-06-16 11:00,27.6,0,,,2.1,0,140,0,46,0,16.9,14.9,999.9,0,1009.6,0,1,0,2.62,0,0,0,,,990,,40,48.9,0,29.3,24.9,23.4,23.1
108,서울,2017-06-16 12:00,29.2,0,,,2.1,0,90,0,39,0,15.8,13.8,999.5,0,1009.1,0,1,0,2.91,0,0,0,,,1070,,40,54.6,0,31.6,26,23.7,23.1
108,서울,2017-06-16 13:00,30.3,0,,,2.8,0,230,0,38,0,16.3,14.3,998.7,0,1008.3,0,1,0,3.03,0,0,0,,,947,,40,56.7,0,33.5,27.2,24,23.1
108,서울,2017-06-16 14:00,32.1,0,,,1.9,0,250,0,34,0,16.2,14.2,998.3,0,1007.8,0,1,0,2.88,0,0,0,,,977,,40,57.2,0,34.9,28.3,24.4,23.2
108,서울,2017-06-16 15:00,32.6,0,,,3.1,0,230,0,32,0,15.7,13.7,998.1,0,1007.6,0,1,0,2.53,0,0,0,,,882,,40,53.4,0,35.3,29.2,24.9,23.4
108,서울,2017-06-16 16:00,31.7,0,,,3,0,270,0,40,0,18.6,16.4,998.1,0,1007.6,0,1,0,2.06,0,0,0,,,565,,40,47.8,0,34.7,29.7,25.4,23.5
108,서울,2017-06-16 17:00,31.2,0,,,2.2,0,230,0,42,0,19,16.7,997.8,0,1007.3,0,1,0,1.47,0,0,0,,,621,,40,41.7,0,33.6,29.9,25.8,23.7
108,서울,2017-06-16 18:00,29.1,0,,,3.9,0,250,0,49,0,19.6,17.2,998,0,1007.6,0,1,0,.92,0,0,0,,,952,,40,33.7,0,31.9,29.8,26.1,24
108,서울,2017-06-16 19:00,27.8,0,,,3.5,0,250,0,44,0,16.4,14.4,998.5,0,1008.1,0,.7,0,.44,0,,,,12,1414,,40,29.3,0,30.3,29.4,26.3,24.2
108,서울,2017-06-16 20:00,26.4,0,,,3.1,0,270,0,43,0,14.8,12.8,999,0,1008.7,0,0,0,.1,0,,8,,,1653,,,25.6,0,28.7,28.8,26.4,24.4
108,서울,2017-06-16 21:00,25,0,,,2.4,0,270,0,54,0,17,15,999.7,0,1009.5,0,,9,,9,0,0,,,1659,,,23.5,0,27.3,28.2,26.4,24.5
108,서울,2017-06-16 22:00,24,0,,,1.9,0,270,0,59,0,17.5,15.4,1000.2,0,1009.9,0,,9,,9,,0,,,1406,,,22,0,26.2,27.5,26.2,24.6
108,서울,2017-06-16 23:00,23.3,0,,,1.4,0,250,0,56,0,16,14,1000.4,0,1010.2,0,,9,,9,,0,,14,1507,,,20.9,0,25.3,26.9,26.1,24.6
108,서울,2017-06-17 00:00,22.8,0,,,1.2,,200,,57,0,15.8,13.8,1000.5,0,1010.3,0,,9,,9,0,0,,,1190,,,20,0,24.6,26.4,25.8,24.6
108,서울,2017-06-17 01:00,22.4,0,,,1.3,,230,,59,0,15.9,13.9,1000.3,0,1010.1,0,,9,,9,,10,,12,913,,40,19.5,0,24,25.9,25.6,24.6
108,서울,2017-06-17 02:00,22.1,0,,,2.7,,200,,60,0,15.9,13.9,1000.3,0,1010.1,0,,9,,9,,,,11,829,,40,19.5,0,23.6,25.4,25.4,24.6
108,서울,2017-06-17 03:00,21.7,0,,,1.7,,160,,58,0,15,13,1000.4,0,1010.3,0,,9,,9,0,0,,,1038,,40,18.8,0,23.2,25,25.2,24.5
108,서울,2017-06-17 04:00,21.3,0,,,1.1,,160,,56,0,14.1,12.1,1000.5,0,1010.4,0,,9,,9,0,0,,,1142,,,18,0,22.7,24.7,25,24.4
108,서울,2017-06-17 05:00,20.9,0,,,1.7,,230,,57,0,14,12,1000.8,0,1010.7,0,,9,,9,0,0,,,1234,,,17.7,0,22.3,24.3,24.8,24.3
108,서울,2017-06-17 06:00,20.7,0,,,1.3,,270,,62,0,15.1,13.1,1001,0,1010.9,0,0,,.07,,0,0,,,954,,40,18.3,0,22,24,24.6,24.2
108,서울,2017-06-17 07:00,21.3,0,,,1.6,,180,,60,0,15.2,13.2,1001.3,0,1011.2,0,.5,,.41,,0,0,,,902,,40,21.5,0,22.2,23.8,24.3,24.1
108,서울,2017-06-17 08:00,22.6,0,,,1.7,,230,,58,0,15.9,13.9,1001.5,0,1011.3,0,1,,.94,,0,0,,,789,,40,28.3,0,23.4,23.7,24.1,23.9
108,서울,2017-06-17 09:00,23.8,0,,,1.4,,200,,53,0,15.6,13.6,1001.4,0,1011.2,0,1,,1.53,,0,0,,,885,,40,35.4,0,25.1,23.9,24,23.8
108,서울,2017-06-17 10:00,25.1,0,,,2.9,,200,,50,0,15.9,13.9,1001.4,0,1011.2,0,1,,2.08,,0,0,,,874,,40,42.5,0,27.2,24.4,23.9,23.7
108,서울,2017-06-17 11:00,26.6,0,,,2,,230,,44,0,15.3,13.3,1001,0,1010.7,0,1,,2.55,,0,0,,,862,,40,48.9,0,29.5,25.3,24,23.7
108,서울,2017-06-17 12:00,27.9,0,,,3.1,,230,,42,0,15.7,13.7,1000.7,0,1010.3,0,1,,2.82,,0,0,,,821,,40,53,0,31.6,26.3,24.2,23.6
108,서울,2017-06-17 13:00,28.4,0,,,3.1,,290,,43,0,16.6,14.6,1000.1,0,1009.7,0,1,,2.93,,0,0,,,937,,40,54.9,0,33.2,27.3,24.4,23.6
108,서울,2017-06-17 14:00,28.5,0,,,3.4,,290,,38,0,14.7,12.7,999.7,0,1009.3,0,1,,2.87,,0,0,,,1042,,40,54.8,0,34,28.2,24.8,23.7
108,서울,2017-06-17 15:00,29.2,0,,,3.1,,290,,33,0,13.3,11.2,999.5,0,1009.1,0,1,,2.67,,0,0,,,1361,,,53.2,0,34.6,29,25.2,23.8
108,서울,2017-06-17 16:00,29.6,0,,,3.7,,270,,31,0,12.8,10.6,999.3,0,1008.9,0,1,,2.23,,0,0,,,1584,,,48.2,0,34.5,29.6,25.6,24
108,서울,2017-06-17 17:00,27.9,0,,,4.3,,290,,41,0,15.4,13.4,999.4,0,1009,0,1,,1.69,,0,0,,,1954,,,41,0,33.3,29.8,26,24.2
108,서울,2017-06-17 18:00,26.9,0,,,3.9,,290,,42,0,14.8,12.8,999.4,0,1009.1,0,1,,1.09,,0,0,,,2000,,,31.9,0,31.5,29.7,26.3,24.4
108,서울,2017-06-17 19:00,25.1,0,,,4.7,,290,,53,0,16.8,14.8,999.7,0,1009.5,0,1,,.51,,,0,,,2000,,,27.5,0,29.6,29.2,26.5,24.5
108,서울,2017-06-17 20:00,23.3,0,,,2.9,,290,,60,0,17,15,1000,0,1009.8,0,.2,,.11,,,0,,,1970,,,23.7,0,27.9,28.6,26.5,24.7
108,서울,2017-06-17 21:00,22.2,0,,,2.9,,290,,55,0,14.7,12.7,1000.6,0,1010.4,0,,9,,9,0,0,,,2000,,,21.4,0,26.5,28,26.4,24.8
108,서울,2017-06-17 22:00,21.5,0,,,1.6,,250,,65,0,16.6,14.6,1000.8,0,1010.7,0,,9,,9,,0,,,1717,,,20,0,25.4,27.3,26.3,24.8
108,서울,2017-06-17 23:00,21.1,0,,,1.4,,270,,63,0,15.7,13.7,1000.8,0,1010.7,0,,9,,9,,0,,,1895,,,19,0,24.5,26.6,26.1,24.9
108,서울,2017-06-18 00:00,20.9,0,,,.4,,0,,73,0,17.9,15.8,1000.8,0,1010.7,0,,9,,9,0,0,,,1218,,,17.9,0,23.8,26.1,25.9,24.9
108,서울,2017-06-18 01:00,20.1,0,,,1.5,,270,,74,0,17.4,15.3,1000.7,0,1010.7,0,,9,,9,,0,,,1219,,,17.2,0,23,25.6,25.7,24.8
108,서울,2017-06-18 02:00,19.7,0,,,.6,,360,,69,0,15.8,13.8,1000.4,0,1010.3,0,,9,,9,,0,,,1626,,,16.2,0,22.4,25,25.4,24.8
108,서울,2017-06-18 03:00,19.2,0,,,.3,,0,,68,0,15.1,13.1,1000.4,0,1010.3,0,,9,,9,0,0,,,1643,,,15.5,0,21.7,24.6,25.2,24.7
108,서울,2017-06-18 04:00,18.9,0,,,.8,,270,,69,0,15,13,1000.7,0,1010.6,0,,9,,9,0,0,,,1509,,,15.2,0,21.3,24.2,24.9,24.6
108,서울,2017-06-18 05:00,18.7,0,,,.8,,290,,72,0,15.5,13.5,1001,0,1010.9,0,,9,,9,0,0,,,1126,,,15,0,20.9,23.8,24.7,24.5
108,서울,2017-06-18 06:00,18.7,0,,,1.2,,270,,74,0,15.9,13.9,1001.3,0,1011.3,0,0,,.08,,0,0,,,824,,40,16,0,20.8,23.5,24.5,24.3
108,서울,2017-06-18 07:00,20,0,,,.8,,270,,65,0,15.2,13.2,1001.4,0,1011.4,0,.9,,.47,,0,0,,,652,,40,19.7,0,21.1,23.2,24.2,24.2
108,서울,2017-06-18 08:00,21.8,0,,,1.5,,270,,61,0,15.9,13.9,1001.7,0,1011.6,0,1,,.94,,1,0,Ci,,698,,40,27.2,0,22.5,23.2,24,24
108,서울,2017-06-18 09:00,23.8,0,,,2.3,,200,,51,0,15,13,1001.7,0,1011.5,0,1,,1.64,,1,1,Ac,47,881,,40,35.4,0,24.6,23.4,23.9,23.9
108,서울,2017-06-18 10:00,25.8,0,,,2.2,,270,,43,0,14.2,12.2,1001.3,0,1011,0,1,,2.29,,0,0,,,1774,,40,45.1,0,27.1,24,23.8,23.8
108,서울,2017-06-18 11:00,27.2,0,,,2.9,,270,,35,0,12.5,10.3,1000.8,0,1010.5,0,1,,2.71,,0,0,,,1604,,,51.5,0,29.8,25,23.8,23.7
108,서울,2017-06-18 12:00,28.8,0,,,3.5,,250,,32,0,12.6,10.4,1000.3,0,1009.9,0,1,,3.04,,0,0,,,1757,,,56.2,0,32.1,26.1,24,23.7
108,서울,2017-06-18 13:00,30.1,0,,,2.8,,270,,29,0,12.4,10.1,999.7,0,1009.3,0,1,,3.12,,0,0,,,1744,,,58.9,0,34,27.3,24.4,23.7
108,서울,2017-06-18 14:00,31.1,0,,,3.8,,270,,28,0,12.6,10.4,999.1,0,1008.7,0,1,,3.05,,0,0,,,1819,,,58.6,0,35.3,28.4,24.8,23.7
108,서울,2017-06-18 15:00,31.5,0,,,4,,250,,29,0,13.4,11.3,998.7,0,1008.2,0,1,,2.78,,0,0,,,1971,,,56.2,0,36,29.3,25.2,23.9
108,서울,2017-06-18 16:00,30.4,0,,,4.2,,270,,33,0,14.3,12.3,998.6,0,1008.2,0,1,,2.34,,0,0,,,1949,,,50.2,0,35.5,30,25.7,24
108,서울,2017-06-18 17:00,29.5,0,,,3.8,,270,,31,0,12.7,10.5,998.5,0,1008.1,0,1,,1.78,,0,0,,,1951,,,43,0,34.3,30.2,26.1,24.2
108,서울,2017-06-18 18:00,28,0,,,4.3,,270,,33,0,12.4,10.2,998.4,0,1008,0,1,,1.09,,1,0,Ci,,2000,,,32.6,0,32.2,30.1,26.4,24.4
108,서울,2017-06-18 19:00,26.5,0,,,2.7,,270,,39,0,13.5,11.4,998.7,0,1008.4,0,1,,.55,,,0,,,1945,,,28.3,0,30.1,29.7,26.6,24.6
108,서울,2017-06-18 20:00,24.6,0,,,2.7,,270,,49,0,15.1,13.1,999,0,1008.7,0,.3,,.12,,,0,,,2000,,,24.5,0,28.4,29,26.7,24.8
108,서울,2017-06-18 21:00,23.3,0,,,3.3,,270,,61,0,17.4,15.3,1000,0,1009.8,0,,9,,9,0,0,,,1216,,,22.6,0,27,28.3,26.7,24.9
108,서울,2017-06-18 22:00,22.2,0,,,2.3,,270,,61,0,16.3,14.3,1001.2,0,1011,0,,9,,9,,0,,,1270,,,21,0,25.9,27.7,26.5,25
108,서울,2017-06-18 23:00,21.7,0,,,2.3,,250,,64,0,16.5,14.5,1001.1,0,1011,0,,9,,9,,,,,1038,,,19.8,0,25,27.1,26.4,25.1
108,서울,2017-06-19 00:00,21.2,0,,,1.6,,250,,68,0,17,15,1000.7,0,1010.6,0,,9,,9,4,0,Ci,,839,,40,18.9,0,24.2,26.5,26.2,25
108,서울,2017-06-19 01:00,21,0,,,2.3,0,250,0,70,0,17.4,15.3,1000.4,0,1010.3,0,,9,,9,,0,,,724,,40,18.7,0,23.6,26,25.9,25
108,서울,2017-06-19 02:00,20.6,0,,,.2,0,0,0,71,0,17.2,15.1,1000.3,0,1010.2,0,,9,,9,,0,,,707,,40,17.5,0,23.1,25.6,25.7,24.9
108,서울,2017-06-19 03:00,20.1,0,,,.4,0,0,0,72,0,16.8,14.8,1000.1,0,1010.1,0,,9,,9,2,0,Ci,,729,,40,16.6,0,22.4,25.1,25.5,24.8
108,서울,2017-06-19 04:00,19.8,0,,,.1,0,0,0,74,0,17,15,999.8,0,1009.8,0,,9,,9,0,0,,,579,,40,15.8,0,21.8,24.7,25.3,24.8
108,서울,2017-06-19 05:00,19.6,0,,,1.6,0,270,0,82,0,18.6,16.4,1000.4,0,1010.3,0,,9,,9,0,0,,,303,,4019,16.4,0,21.5,24.3,25,24.7
108,서울,2017-06-19 06:00,19.5,0,,,1.4,0,270,0,86,0,19.4,17,1000.6,0,1010.5,0,0,0,.08,0,1,0,Ci,,218,,19,17.3,0,21.4,24,24.8,24.6
108,서울,2017-06-19 07:00,20.3,0,,,.3,0,0,0,77,0,18.3,16.1,1000.7,0,1010.6,0,.6,0,.5,0,4,0,Ci,,265,,19,21.6,0,21.8,23.7,24.6,24.5
108,서울,2017-06-19 08:00,21.7,0,,,1.1,0,250,0,71,0,18.4,16.2,1000.8,0,1010.7,0,1,0,.89,0,7,0,Ci,,306,,19,26.6,0,23.2,23.7,24.4,24.3
108,서울,2017-06-19 09:00,23.6,0,,,1.3,0,230,0,57,0,16.5,14.5,1000.7,0,1010.5,0,1,0,1.3,0,8,0,Ci,,580,,4019,32.9,0,24.9,23.9,24.3,24.2
108,서울,2017-06-19 10:00,25.6,0,,,1.5,0,180,0,46,0,15.1,13.1,1000.5,0,1010.2,0,1,0,1.85,0,10,0,Cs,,967,,40,40.5,0,27,24.4,24.2,24.1
108,서울,2017-06-19 11:00,27.4,0,,,2.4,0,200,0,36,0,13,10.9,1000.4,0,1010.1,0,1,0,2.17,0,10,0,Cs,,1357,,40,46.3,0,29.1,25.2,24.2,24
108,서울,2017-06-19 12:00,28.1,0,,,2,0,250,0,35,0,13.2,11.1,1000,0,1009.6,0,.2,0,1.79,0,10,0,Cs,,1578,,,44.2,0,30.2,26,24.3,24
108,서울,2017-06-19 13:00,29.1,0,,,2.4,0,230,0,44,0,17.6,15.5,999.6,0,1009.2,0,1,0,2.36,0,10,0,Cs,,664,,40,49.2,0,31.7,26.7,24.5,23.9
108,서울,2017-06-19 14:00,29.6,0,,,3.5,0,250,0,34,0,14,12,999.1,0,1008.7,0,1,0,2.46,0,10,0,Cs,,1200,,40,50.6,0,33,27.5,24.8,24
108,서울,2017-06-19 15:00,29.6,0,,,3,0,290,0,33,0,13.7,11.6,998.7,0,1008.3,0,1,0,2.27,0,9,0,Ci,,1745,,,49.7,0,33.6,28.2,25.1,24
108,서울,2017-06-19 16:00,29.7,0,,,3.2,0,270,0,34,0,14.1,12.1,998.5,0,1008,0,1,0,2.03,0,9,0,Ci,,1950,,,44.9,0,34,28.7,25.4,24.2
108,서울,2017-06-19 17:00,30,0,,,2.8,0,270,0,30,0,12.7,10.5,998.5,0,1008.1,0,1,0,1.7,0,7,0,Ci,,2000,,,43.3,0,33.3,29.1,25.7,24.3
108,서울,2017-06-19 18:00,29.6,0,,,3.3,0,270,0,28,0,11.6,9.1,998.3,0,1007.8,0,1,0,1.19,0,6,0,Ci,,2000,,,32.8,0,32,29.2,26,24.4
108,서울,2017-06-19 19:00,27.5,0,,,2.4,0,290,0,32,0,11.7,9.3,998.3,0,1007.9,0,.2,0,.3,0,,0,,,2000,,,28.3,0,29.7,28.9,26.2,24.6
108,서울,2017-06-19 20:00,26.4,0,,,1.3,0,290,0,35,0,11.9,9.6,998.2,0,1007.9,0,0,0,.11,0,,0,,66,2000,,,24.9,0,28,28.4,26.3,24.7
108,서울,2017-06-19 21:00,25,0,,,1.3,0,270,0,44,0,13.8,11.8,998.4,0,1008.2,0,,9,,9,6,0,Ci,,2000,,,22.3,0,26.5,27.8,26.3,24.8
108,서울,2017-06-19 22:00,24.2,0,,,.7,0,340,0,50,0,15.1,13.1,998.5,0,1008.2,0,,9,,9,,0,,,2000,,,20.6,0,25.3,27.2,26.2,24.9
108,서울,2017-06-19 23:00,23.3,0,,,1.7,0,270,0,53,0,15.1,13.1,998.3,0,1008.1,0,,9,,9,,1,,,2000,,,19.9,0,24.5,26.6,26.1,24.9
108,서울,2017-06-20 00:00,22.8,0,,,2.4,,270,,52,0,14.4,12.4,998.4,0,1008.2,0,,9,,9,3,0,,,2000,,,19.7,0,24,26.1,25.8,24.9
108,서울,2017-06-20 01:00,22.1,0,,,1.1,,270,,64,0,16.9,14.9,997.9,0,1007.7,0,,9,,9,,3,,,1863,,,18.6,0,23.5,25.7,25.7,24.9
108,서울,2017-06-20 02:00,21.4,0,,,.4,,0,,64,0,16.3,14.3,997.5,0,1007.4,0,,9,,9,,4,,,2000,,,17.7,0,22.9,25.3,25.5,24.8
108,서울,2017-06-20 03:00,20.8,0,,,0,,0,,64,0,15.7,13.7,997.3,0,1007.2,0,,9,,9,0,0,,,1969,,,16.7,0,22.2,24.8,25.3,24.7
108,서울,2017-06-20 04:00,20.4,0,,,.3,,0,,62,0,14.8,12.8,997.7,0,1007.6,0,,9,,9,0,0,,,2000,,,16.3,0,21.7,24.5,25.1,24.7
108,서울,2017-06-20 05:00,20.1,0,,,.7,,360,,58,0,13.6,11.5,997.5,0,1007.4,0,,9,,9,0,0,,,2000,,,16,0,21.3,24.1,24.8,24.6
108,서울,2017-06-20 06:00,20.1,0,,,.3,,0,,55,0,12.9,10.7,997.7,0,1007.6,0,0,,.09,,2,2,Ac,32,1989,,,17,0,21.1,23.8,24.6,24.5
108,서울,2017-06-20 07:00,21.3,0,,,1.3,,50,,52,0,13.1,11,997.7,0,1007.6,0,.4,,.43,,3,0,Ci,,1843,,,20.9,0,21.6,23.5,24.4,24.3
108,서울,2017-06-20 08:00,23.7,0,,,1.3,,70,,46,0,13.4,11.3,997.3,0,1007,0,1,,1.01,,2,0,Ci,,1719,,,29,0,23.1,23.5,24.2,24.2
108,서울,2017-06-20 09:00,25.9,0,,,1.5,,90,,41,0,13.7,11.6,996.9,0,1006.6,0,1,,1.48,,5,0,Ci,,1542,,,34.7,0,25.3,23.8,24.1,24.1
108,서울,2017-06-20 10:00,27.5,0,,,1.1,,180,,35,0,12.8,10.6,996.4,0,1006,0,1,,1.78,,7,0,Ci,,1706,,,43.8,0,27.2,24.3,24,24
108,서울,2017-06-20 11:00,29.9,0,,,1.9,,50,,28,0,11.8,9.4,995.8,0,1005.4,0,1,,2.55,,7,0,Ci,,1761,,,50.9,0,30.4,25.1,24.1,23.9
108,서울,2017-06-20 12:00,31.6,0,,,1.2,,140,,28,0,12.9,10.8,995.2,0,1004.7,0,1,,2.82,,7,0,Ci,,1703,,,57.1,0,33,26.2,24.2,23.9
108,서울,2017-06-20 13:00,31.7,0,,,3.6,,250,,28,0,13,10.9,994.5,0,1004,0,1,,2.84,,7,1,ScCi,10,1480,,,57.7,0,34.9,27.4,24.5,23.9
108,서울,2017-06-20 14:00,32.2,0,,,2.3,,230,,29,0,13.9,11.9,993.6,0,1003.1,0,.9,,2.36,,8,1,ScAcCi,10,1208,,,52.3,0,35.9,28.5,24.9,23.9
108,서울,2017-06-20 15:00,31.4,0,,,2.9,,270,,31,0,14.2,12.2,993.5,0,1003,0,.6,,1.46,,9,2,ScAcCi,10,1167,,,44.4,0,34.9,29.2,25.3,24
108,서울,2017-06-20 16:00,29.3,0,0,0,3.1,,270,,41,0,16.6,14.6,993.1,0,1002.6,0,0,,.72,,10,1,ScAs,19,934,,4001,37.2,0,32.5,29.4,25.8,24.2
108,서울,2017-06-20 17:00,28.6,0,0,0,3.9,,270,,39,0,15.2,13.2,992.8,0,1002.3,0,0,,.66,,10,1,ScAs,10,1274,,4001,34.4,0,31.3,29.2,26,24.4
108,서울,2017-06-20 18:00,27.8,0,,9,3.3,,270,,41,0,15.3,13.3,992.7,0,1002.3,0,0,,.36,,10,10,As,30,1468,,,31.3,0,30.1,28.9,26.2,24.6
108,서울,2017-06-20 19:00,27,0,0,0,2.8,,270,,42,0,14.9,12.9,992.7,0,1002.3,0,0,,.19,,10,1,ScAs,12,1762,,01,28.4,0,28.9,28.5,26.3,24.7
108,서울,2017-06-20 20:00,26.4,0,,9,2.7,,320,,35,0,11.9,9.6,993.2,0,1002.8,0,0,,.06,,,1,,33,2000,,,26,0,27.8,28.1,26.3,24.8
108,서울,2017-06-20 21:00,25.9,0,,9,4,,320,,39,0,12.9,10.8,993.5,0,1003.2,0,,9,,9,10,10,As,31,2000,,,25.4,0,27,27.6,26.2,24.9
108,서울,2017-06-20 22:00,25.6,0,,9,3.9,,320,,42,0,13.7,11.7,993.8,0,1003.5,0,,9,,9,,10,,,2000,,,24.8,0,26.5,27.1,26.1,24.9
108,서울,2017-06-20 23:00,25.1,0,,9,3,,290,,47,0,14.9,12.9,993.7,0,1003.4,0,,9,,9,,2,,24,1984,,,24.3,0,26,26.8,26,24.9
108,서울,2017-06-21 00:00,24.7,0,0,0,1.7,,290,,48,0,14.9,12.9,993.4,0,1003,0,,9,,9,10,10,As,28,1864,,01,23.7,0,25.6,26.4,25.9,24.9
108,서울,2017-06-21 01:00,24.1,0,0,0,2.7,0,270,0,56,0,16.7,14.7,993.2,0,1002.9,0,,9,,9,10,5,ScAs,12,1565,,01,22.7,0,25.1,26.1,25.7,24.9
108,서울,2017-06-21 02:00,23.1,0,0,0,1.9,0,290,0,64,0,18.1,15.9,993,0,1002.7,0,,9,,9,10,10,As,33,1068,,01,21,0,24.5,25.9,25.6,24.8
108,서울,2017-06-21 03:00,23.1,0,,9,1.7,0,290,0,61,0,17.2,15.1,993.4,0,1003.1,0,,9,,9,8,8,As,30,1349,,,21.5,0,24.2,25.6,25.5,24.8
108,서울,2017-06-21 04:00,22.8,0,,9,1.8,0,290,0,60,0,16.6,14.6,993.5,0,1003.2,0,,9,,9,9,9,As,30,1225,,,21.4,0,24,25.3,25.3,24.7
108,서울,2017-06-21 05:00,22.5,0,,9,2.5,0,290,0,60,0,16.3,14.3,993.7,0,1003.5,0,,9,,9,8,8,Ac,33,1185,,,20.9,0,23.7,25.1,25.1,24.7
108,서울,2017-06-21 06:00,22.3,0,,9,1.4,0,270,0,63,0,16.9,14.9,994.4,0,1004.2,0,0,0,.07,0,8,2,ScAc,15,913,,40,21.5,0,23.4,24.8,25,24.6
108,서울,2017-06-21 07:00,22.6,0,,9,1.4,0,270,0,65,0,17.7,15.6,994.9,0,1004.7,0,0,0,.18,0,9,5,ScAc,12,909,,40,23,0,23.6,24.7,24.9,24.5
108,서울,2017-06-21 08:00,23.7,0,,9,1.9,0,290,0,53,0,15.5,13.5,995,0,1004.7,0,.5,0,.76,0,4,1,ScAc,10,1403,,40,29,0,24.4,24.6,24.7,24.4
108,서울,2017-06-21 09:00,26,0,,9,.8,0,230,0,44,0,14.7,12.7,995.1,0,1004.8,0,1,0,1.62,0,0,0,,,1517,,,38.4,0,26.5,24.7,24.6,24.3
108,서울,2017-06-21 10:00,27.5,0,,9,1.9,0,200,0,42,0,15.4,13.4,995.6,0,1005.2,0,.8,0,1.92,0,8,8,Sc,15,1445,,,42.1,0,28.8,25.3,24.6,24.2
108,서울,2017-06-21 11:00,27.8,0,,9,2.8,0,290,0,37,0,13.7,11.7,996,0,1005.6,0,.4,0,1.46,0,7,7,Sc,15,1536,,,45.2,0,29.3,25.9,24.6,24.2
108,서울,2017-06-21 12:00,29.6,0,,9,2.6,0,250,0,32,0,13.2,11.1,995.4,0,1004.9,0,1,0,2.71,0,0,0,,,1818,,,54.9,0,31.9,26.5,24.7,24.2
108,서울,2017-06-21 13:00,30.8,0,,9,3,0,250,0,32,0,14.1,12.1,994.7,0,1004.2,0,1,0,3,0,2,2,Sc,17,1536,,,56.1,0,34.8,27.5,25,24.2
108,서울,2017-06-21 14:00,31.5,0,,9,3.5,0,250,0,32,0,14.8,12.8,994.6,0,1004.1,0,1,0,3.01,0,2,2,Sc,17,1737,,,59.4,0,36.3,28.6,25.3,24.2
108,서울,2017-06-21 15:00,30.6,0,,9,4.9,0,230,0,33,0,14.4,12.4,994.5,0,1004,0,1,0,2.71,0,3,1,ScCi,17,1625,,,53.5,0,36.8,29.6,25.6,24.3
108,서울,2017-06-21 16:00,30,0,,9,5.4,0,270,0,33,0,13.9,11.9,994.7,0,1004.2,0,1,0,2.39,0,0,0,,,1590,,,50.5,0,36.2,30.2,26.1,24.5
108,서울,2017-06-21 17:00,29,0,,9,3.7,0,250,0,35,0,13.9,11.9,994.9,0,1004.4,0,1,0,1.81,0,3,0,Ci,,1833,,,43.2,0,35.1,30.5,26.5,24.6
108,서울,2017-06-21 18:00,27,0,,9,5.3,0,250,0,49,0,17.4,15.3,995.5,0,1005.1,0,1,0,1.2,0,5,0,Ci,,1576,,,33.2,0,32.9,30.4,26.7,24.8
108,서울,2017-06-21 19:00,25.2,0,,9,5.1,0,270,0,54,0,17.3,15.2,996.2,0,1005.9,0,1,0,.56,0,,0,,,1614,,,28.4,0,30.7,30.1,27,25
108,서울,2017-06-21 20:00,23.8,0,,9,3.7,0,290,0,57,0,16.7,14.7,996.8,0,1006.5,0,.4,0,.13,0,,0,,,1645,,,24.7,0,28.7,29.4,27.1,25.2
108,서울,2017-06-21 21:00,22.9,0,,9,2.3,0,270,0,64,0,17.8,15.7,997.5,0,1007.3,0,,9,,9,0,0,,,1291,,,22.7,0,27.2,28.8,27,25.3
108,서울,2017-06-21 22:00,22.3,0,,9,2.3,0,270,0,67,0,17.9,15.8,998.1,0,1007.9,0,,9,,9,,0,,,1236,,,21.4,0,26.1,28.1,26.9,25.4
108,서울,2017-06-21 23:00,22.1,0,,9,2.3,0,270,0,68,0,18.1,15.9,998.3,0,1008.1,0,,9,,9,,0,,,1203,,,20.6,0,25.2,27.5,26.7,25.4
108,서울,2017-06-22 00:00,21.7,0,,9,1.7,0,270,0,75,0,19.4,17,998.6,0,1008.4,0,,9,,9,0,0,,,957,,40,20,0,24.6,26.9,26.6,25.4
108,서울,2017-06-22 01:00,21.3,0,,,2.1,0,290,0,81,0,20.4,17.8,998.8,0,1008.7,0,,9,,9,,1,,5,621,,4019,20,0,24.2,26.5,26.4,25.4
108,서울,2017-06-22 02:00,21.2,0,,,1.6,0,290,0,80,0,20.1,17.6,999.2,0,1009.1,0,,9,,9,,9,,,684,,19,20.9,0,24,26.1,26.2,25.3
108,서울,2017-06-22 03:00,21.3,0,,,2,0,290,0,79,0,20,17.5,998.9,0,1008.8,0,,9,,9,6,6,Sc,10,685,,19,21.2,0,23.9,25.8,26,25.3
108,서울,2017-06-22 04:00,21.5,0,,,1.4,0,250,0,78,0,19.9,17.4,999,0,1008.9,0,,9,,9,7,7,Sc,10,774,,19,21.7,0,23.9,25.5,25.8,25.2
108,서울,2017-06-22 05:00,21.5,0,,,1.3,0,250,0,79,0,20.1,17.6,999.3,0,1009.2,0,,9,,9,9,9,Sc,10,731,,19,21.8,0,23.9,25.3,25.6,25.1
108,서울,2017-06-22 06:00,21.6,0,,,1.2,0,250,0,76,0,19.5,17.1,999.6,0,1009.5,0,0,0,.04,0,9,9,Sc,10,771,,19,22.1,0,23.8,25.2,25.4,25
108,서울,2017-06-22 07:00,22.1,0,,,1.3,0,230,0,72,0,19.1,16.8,999.8,0,1009.6,0,0,0,.27,0,8,8,Sc,10,803,,19,24.4,0,24.1,25,25.3,24.9
108,서울,2017-06-22 08:00,22.8,0,,,2.2,0,270,0,69,0,19.1,16.8,999.9,0,1009.7,0,.1,0,.6,0,9,9,Sc,10,812,,4019,27.9,0,24.8,25,25.2,24.8
108,서울,2017-06-22 09:00,24.4,0,,,1.5,0,290,0,56,0,17,15,999.5,0,1009.2,0,.7,0,1.47,0,8,8,Sc,10,1073,,40,38.7,0,26.4,25.1,25,24.7
108,서울,2017-06-22 10:00,25.8,0,,,1.7,0,230,0,56,0,18.5,16.3,999.4,0,1009.1,0,.9,0,1.72,0,7,7,Sc,10,1031,,,42.6,0,28.5,25.6,25,24.6
108,서울,2017-06-22 11:00,27.8,0,,,1.8,0,200,0,46,0,17.2,15.1,999.4,0,1009,0,1,0,2.3,0,6,6,Sc,10,1232,,,51,0,30.7,26.2,25,24.6
108,서울,2017-06-22 12:00,28.5,0,,,3.3,0,290,0,41,0,15.9,13.9,999.3,0,1008.9,0,1,0,2.68,0,3,3,Sc,10,1246,,,56.7,0,33.1,27.1,25.1,24.5
108,서울,2017-06-22 13:00,29.8,0,,,3.1,0,250,0,42,0,17.6,15.5,998.7,0,1008.3,0,1,0,3.04,0,5,5,Sc,14,1126,,,57.6,0,35.7,28.2,25.4,24.6
108,서울,2017-06-22 14:00,30,0,,,4.5,0,270,0,47,0,19.9,17.4,998.3,0,1007.9,0,.9,0,2.59,0,3,3,Sc,13,1340,,,56.4,0,36.2,29.2,25.7,24.6
108,서울,2017-06-22 15:00,30.1,0,,,3.3,0,270,0,44,0,18.8,16.5,998.2,0,1007.8,0,1,0,2.75,0,1,1,Sc,12,1419,,,55,0,36.9,30,26.1,24.7
108,서울,2017-06-22 16:00,29.6,0,,,4.1,0,270,0,44,0,18.2,16,997.8,0,1007.3,0,1,0,2.33,0,5,0,Cs,,1755,,,50.5,0,36.6,30.6,26.5,24.8
108,서울,2017-06-22 17:00,29.4,0,,,3.3,0,290,0,43,0,17.6,15.5,997.4,0,1006.9,0,1,0,1.86,0,3,0,Ci,,1685,,,44.9,0,35.8,30.9,26.8,25
108,서울,2017-06-22 18:00,29,0,,,4,0,290,0,38,0,15.2,13.2,997.1,0,1006.7,0,1,0,1.23,0,1,0,Ci,,1959,,,34,0,33.9,30.9,27.1,25.2
108,서울,2017-06-22 19:00,27.5,0,,,3.4,0,270,0,50,0,18.3,16.1,997.4,0,1007,0,1,0,.51,0,,,,,2000,,,29.8,0,31.5,30.6,27.4,25.4
108,서울,2017-06-22 20:00,25.8,0,,,3.4,0,270,0,51,0,16.8,14.8,997.9,0,1007.6,0,.2,0,.14,0,,1,,23,2000,,,26.3,0,29.7,30,27.5,25.5
108,서울,2017-06-22 21:00,24.6,0,,,3.3,0,290,0,59,0,18.2,16,998.4,0,1008.1,0,,9,,9,1,0,Ci,,2000,,,24.2,0,28.2,29.4,27.5,25.7
108,서울,2017-06-22 22:00,24,0,,,1.8,0,290,0,59,0,17.5,15.4,998.6,0,1008.3,0,,9,,9,,0,,,1977,,,22.6,0,27,28.7,27.4,25.7
108,서울,2017-06-22 23:00,23.5,0,,,1.1,0,230,0,66,0,19,16.7,998.8,0,1008.5,0,,9,,9,,,,,1618,,,21.5,0,26,28.1,27.2,25.8
108,서울,2017-06-23 00:00,23.2,0,,,1.5,0,270,0,65,0,18.4,16.2,998.6,0,1008.4,0,,9,,9,2,0,Ci,,1734,,,21.1,0,25.3,27.5,27,25.8
108,서울,2017-06-23 01:00,22.9,0,,,1.2,0,290,0,66,0,18.4,16.2,998.5,0,1008.3,0,,9,,9,,7,,68,1703,,,21,0,24.8,27.1,26.8,25.7
108,서울,2017-06-23 02:00,22.8,0,,,1.1,0,290,0,67,0,18.5,16.3,998,0,1007.8,0,,9,,9,,7,,68,1637,,,20.5,0,24.5,26.7,26.7,25.7
108,서울,2017-06-23 03:00,22.3,0,,,.9,0,290,0,71,0,19,16.7,998,0,1007.8,0,,9,,9,4,0,Ci,,1423,,,19.4,0,23.9,26.3,26.4,25.6
108,서울,2017-06-23 04:00,21.9,0,,,1.1,0,270,0,72,0,18.9,16.6,998.1,0,1007.9,0,,9,,9,4,0,Ci,,1274,,,19.1,0,23.4,25.9,26.2,25.6
108,서울,2017-06-23 05:00,21.5,0,,,1,0,270,0,74,0,18.9,16.6,997.9,0,1007.8,0,,9,,9,6,0,Ci,,1309,,,18.5,0,23,25.5,26,25.5
108,서울,2017-06-23 06:00,21.3,0,,,.8,0,270,0,74,0,18.6,16.4,998,0,1007.9,0,0,0,.07,0,6,0,Ci,,1248,,,19,0,22.7,25.2,25.8,25.4
108,서울,2017-06-23 07:00,22.3,0,,,1,0,50,0,63,0,16.9,14.9,998,0,1007.8,0,.7,0,.4,0,2,0,Ci,,1277,,,22,0,22.9,24.9,25.6,25.3
108,서울,2017-06-23 08:00,25.3,0,,,1.2,0,70,0,54,0,17.4,15.3,997.9,0,1007.6,0,1,0,1.08,0,0,0,,,1349,,,31.2,0,24.7,24.8,25.4,25.1
108,서울,2017-06-23 09:00,26.9,0,,,1,0,90,0,51,0,18.1,15.9,997.9,0,1007.6,0,1,0,1.69,0,0,0,,,1150,,,39.7,0,27.1,25.1,25.3,25
108,서울,2017-06-23 10:00,28.5,0,,,2.6,0,200,0,46,0,17.8,15.7,997.6,0,1007.2,0,1,0,2.17,0,0,0,,,1238,,,48,0,29.9,25.7,25.2,24.9
108,서울,2017-06-23 11:00,30.1,0,,,1.2,0,230,0,40,0,17,15,996.8,0,1006.4,0,1,0,2.5,0,2,2,Sc,15,1214,,,52.7,0,32.8,26.7,25.3,24.8
108,서울,2017-06-23 12:00,30.6,0,,,1.8,0,290,0,40,0,17.5,15.4,996.1,0,1005.6,0,1,0,2.06,0,5,5,Sc,15,1012,,,49.4,0,34.3,27.8,25.4,24.8
108,서울,2017-06-23 13:00,32.7,0,,,1.7,0,160,0,28,0,13.8,11.8,995.4,0,1004.9,0,1,0,2.34,0,4,4,Sc,15,1909,,,54.8,0,35.4,28.6,25.7,24.8
108,서울,2017-06-23 14:00,33.8,0,,,1.7,0,180,0,27,0,14.1,12.1,995,0,1004.4,0,1,0,3.05,0,5,5,Sc,15,1900,,,59.1,0,38,29.6,26,24.9
108,서울,2017-06-23 15:00,33,0,,,4.4,0,270,0,37,0,18.5,16.3,994.7,0,1004.1,0,.9,0,2.01,0,6,6,Sc,17,988,,40,54.5,0,37.7,30.5,26.4,25
108,서울,2017-06-23 16:00,32.9,0,,,4.2,0,290,0,41,0,20.4,17.8,994.4,0,1003.8,0,1,0,2.17,0,4,4,Sc,15,957,,40,51.3,0,37.8,31.1,26.8,25.1
108,서울,2017-06-23 17:00,31.2,0,,,5.4,0,270,0,43,0,19.5,17.1,994.4,0,1003.9,0,1,0,1.52,0,2,1,ScCi,15,1274,,40,43.3,0,36.5,31.4,27.2,25.3
108,서울,2017-06-23 18:00,29.2,0,,,5.3,0,290,0,44,0,17.7,15.6,994.4,0,1003.9,0,.9,0,1,0,6,6,Sc,15,1992,,,38.2,0,34.5,31.3,27.5,25.5
108,서울,2017-06-23 19:00,28.1,0,,,3.6,0,270,0,47,0,17.8,15.7,994.6,0,1004.2,0,1,0,.57,0,,0,,,1971,,,31.5,0,32.3,31,27.7,25.7
108,서울,2017-06-23 20:00,26.8,0,,,2,0,270,0,52,0,18.3,16.1,994.7,0,1004.3,0,.4,0,.12,0,,0,,,2000,,,27.2,0,30.4,30.5,27.8,25.8
108,서울,2017-06-23 21:00,25.7,0,,,1.2,0,230,0,52,0,17,15,995.3,0,1005,0,,9,,9,0,0,,,2000,,,24.7,0,28.7,29.9,27.8,26
108,서울,2017-06-23 22:00,25.1,0,,,1.5,0,200,0,53,0,16.8,14.8,995.2,0,1004.9,0,,9,,9,,,,54,2000,,,23.5,0,27.5,29.2,27.7,26.1
108,서울,2017-06-23 23:00,24.8,0,,,1.7,0,290,0,54,0,16.8,14.8,995.4,0,1005.1,0,,9,,9,,9,,53,2000,,,22.7,0,26.6,28.6,27.6,26.1
108,서울,2017-06-24 00:00,24.6,0,,,.6,0,360,0,55,0,16.9,14.9,994.9,0,1004.6,0,,9,,9,6,2,ScCi,15,2000,,,22.1,0,26,28,27.4,26.1
108,서울,2017-06-24 01:00,24,0,,,.5,0,50,0,56,0,16.6,14.6,994.7,0,1004.4,0,,9,,9,,7,,,2000,,,21.8,0,25.4,27.5,27.2,26.1
108,서울,2017-06-24 02:00,24.3,0,,,1.6,0,160,0,48,0,14.5,12.5,994.6,0,1004.3,0,,9,,9,,9,,24,2000,,,22.6,0,25.2,27.1,27,26
108,서울,2017-06-24 03:00,24.1,0,,,1.5,0,270,0,52,0,15.6,13.6,994.7,0,1004.4,0,,9,,9,7,3,AcCi,24,2000,,,21.9,0,24.9,26.8,26.8,25.9
108,서울,2017-06-24 04:00,23.3,0,,,1.8,0,270,0,57,0,16.2,14.2,995,0,1004.7,0,,9,,9,8,6,AcCi,26,2000,,,21.5,0,24.7,26.5,26.6,25.9
108,서울,2017-06-24 05:00,22.8,0,,,.9,0,290,0,55,0,15.2,13.2,994.9,0,1004.6,0,,9,,9,7,3,AcCi,25,2000,,,20.6,0,24.2,26.2,26.4,25.8
108,서울,2017-06-24 06:00,22.5,0,,,.8,0,290,0,56,0,15.2,13.2,995,0,1004.8,0,0,0,.06,0,9,3,AcCc,24,2000,,,20,0,23.6,25.9,26.2,25.7
108,서울,2017-06-24 07:00,23.6,0,,,1,0,360,0,52,0,15.1,13.1,994.7,0,1004.4,0,.4,0,.46,0,8,6,AcCi,26,2000,,,24.2,0,24.2,25.6,26.1,25.6
108,서울,2017-06-24 08:00,25,0,,,.3,0,0,0,47,0,14.8,12.8,994.2,0,1003.9,0,.4,0,.7,0,9,0,Ci,,1990,,,28.8,0,25.4,25.6,25.9,25.5
108,서울,2017-06-24 09:00,25.9,0,,,1.1,0,180,0,47,0,15.7,13.7,994.3,0,1004,0,0,0,.64,0,10,10,As,28,2000,,,30.4,0,26.4,25.7,25.8,25.4
108,서울,2017-06-24 10:00,26.8,0,,,.3,0,0,0,44,0,15.5,13.5,993.6,0,1003.2,0,0,0,.87,0,10,10,As,28,1960,,,33.7,0,27.4,25.9,25.7,25.3
108,서울,2017-06-24 11:00,27.2,0,,,1.9,0,200,0,43,0,15.5,13.5,993.5,0,1003.1,0,0,0,.76,0,10,10,As,28,1961,,,34.3,0,27.9,26.2,25.7,25.3
108,서울,2017-06-24 12:00,27.7,0,,,1.5,0,270,0,43,0,15.9,13.9,993.1,0,1002.7,0,0,0,.72,0,10,10,As,28,1973,,,33.7,0,28.5,26.5,25.7,25.2
108,서울,2017-06-24 13:00,27,0,0,0,2.7,0,290,0,47,0,16.7,14.7,993.2,0,1002.8,0,0,0,.55,0,10,2,ScAs,16,1939,,01,32.1,0,28.1,26.7,25.7,25.2
108,서울,2017-06-24 14:00,27,0,0,0,1.4,0,360,0,47,0,16.7,14.7,992.5,0,1002.1,0,0,0,.79,0,10,1,ScAs,12,1912,,01,33.2,0,28.3,26.8,25.8,25.2
108,서울,2017-06-24 15:00,27,0,0,0,1.6,0,20,0,46,0,16.3,14.3,992.4,0,1002,0,0,0,.58,0,10,1,ScAs,15,1956,,01,31.3,0,28.2,26.9,25.8,25.2
108,서울,2017-06-24 16:00,25.9,0,0,0,4.3,0,320,0,58,0,19.2,16.9,992.2,0,1001.9,0,0,0,.38,0,10,2,ScAs,15,1794,,01,27.7,0,27.8,26.9,25.9,25.2
108,서울,2017-06-24 17:00,24.3,0,.1,0,.9,0,290,0,70,0,21.2,18.4,991.9,0,1001.5,0,0,0,.19,0,10,10,As,33,742,,1901,24.1,0,26.4,26.8,25.9,25.2
108,서울,2017-06-24 18:00,24.7,0,,9,.3,0,0,0,64,0,19.9,17.4,991.3,0,1000.9,0,0,0,.28,0,10,10,As,28,857,,4019,25.6,0,26.1,26.6,25.9,25.2
108,서울,2017-06-24 19:00,24.3,0,,9,2.6,0,290,0,66,0,20,17.5,991.6,0,1001.2,0,0,0,.2,0,,7,,31,926,,40,24.4,0,26,26.4,25.9,25.2
108,서울,2017-06-24 20:00,23.7,0,.1,0,2.3,0,270,0,72,0,21,18.3,992.3,0,1002,0,0,0,.04,0,10,4,ScAs,10,856,,401901,22.1,0,25.3,26.2,25.8,25.2
108,서울,2017-06-24 21:00,22.9,0,.3,0,1.1,0,360,0,85,0,23.7,20.2,992.5,0,1002.2,0,,9,,9,10,3,StNs,8,564,,1901,21.7,0,24.5,25.9,25.7,25.1
108,서울,2017-06-24 22:00,22.7,0,.5,0,.8,0,360,0,85,0,23.4,20,992.9,0,1002.6,0,,9,,9,10,3,StNs,8,560,,1901,21.5,0,24.1,25.7,25.6,25.1
108,서울,2017-06-24 23:00,22.5,0,0,0,.1,0,0,0,79,0,21.4,18.6,993.3,0,1003,0,,9,,9,10,4,ScAs,10,1037,,1901,21.2,0,23.9,25.4,25.5,25.1
108,서울,2017-06-25 00:00,21.5,0,2.5,0,.5,0,20,0,90,0,22.9,19.7,992.8,0,1002.6,0,,9,,9,10,4,StNs,8,347,,1901,20.9,0,23.6,25.2,25.4,25
108,서울,2017-06-25 01:00,21.5,0,.1,0,.9,0,50,0,91,0,23.2,19.9,992.3,0,1002.1,0,,9,,9,10,3,ScAs,10,436,,1901,20.9,0,23.2,24.9,25.3,24.9
108,서울,2017-06-25 02:00,21.3,0,,9,.9,0,20,0,91,0,22.9,19.7,992.1,0,1001.9,0,,9,,9,,3,,21,406,,19,20.7,0,22.9,24.7,25.2,24.9
108,서울,2017-06-25 03:00,21.2,0,,9,1.1,0,290,0,90,0,22.5,19.4,991.8,0,1001.6,0,,9,,9,10,4,ScAs,12,359,,19,20.3,0,22.7,24.5,25,24.8
108,서울,2017-06-25 04:00,21.2,0,,9,.5,0,320,0,90,0,22.5,19.4,991.5,0,1001.3,0,,9,,9,10,6,ScAs,15,324,,19,20.2,0,22.4,24.3,24.9,24.7
108,서울,2017-06-25 05:00,21.1,0,,9,.7,0,360,0,91,0,22.7,19.5,991.7,0,1001.5,0,,9,,9,10,10,As,25,313,,19,19.9,0,22.2,24.1,24.7,24.6
108,서울,2017-06-25 06:00,21.2,0,,9,.3,0,0,0,90,0,22.5,19.4,991.8,0,1001.6,0,0,0,.06,0,9,9,Ac,25,268,,19,20.5,0,22.1,23.9,24.6,24.6
108,서울,2017-06-25 07:00,21.6,0,,9,.4,0,0,0,86,0,22.1,19.1,992.2,0,1002,0,0,0,.25,0,6,2,ScAc,10,396,,19,21.8,0,22.5,23.8,24.5,24.5
108,서울,2017-06-25 08:00,23,0,,9,.6,0,110,0,75,0,21,18.3,992.4,0,1002.1,0,.9,0,.78,0,4,4,Sc,10,614,,19,24.8,0,23.5,23.8,24.3,24.4
108,서울,2017-06-25 09:00,24.3,0,,9,.5,0,290,0,66,0,20,17.5,992.3,0,1001.9,0,.7,0,1.23,0,8,8,Sc,10,786,,4019,28.2,0,25.5,24,24.2,24.3
108,서울,2017-06-25 10:00,25.3,0,,9,1,0,230,0,64,0,20.5,17.9,992.1,0,1001.8,0,.3,0,1.11,0,8,8,Sc,8,875,,40,29.4,0,26.7,24.5,24.3,24.2
108,서울,2017-06-25 11:00,26.2,0,,9,2,0,270,0,61,0,20.6,18,992.3,0,1001.9,0,0,0,1.43,0,8,8,Sc,10,636,,40,30.9,0,28.3,25,24.3,24.2
108,서울,2017-06-25 12:00,27.5,0,,9,2.4,0,250,0,56,0,20.5,17.9,992.1,0,1001.7,0,.5,0,1.99,0,8,8,Sc,10,651,,40,34.4,0,30.2,25.7,24.4,24.1
108,서울,2017-06-25 13:00,27.9,0,,9,2.6,0,290,0,52,0,19.5,17.1,991.9,0,1001.5,0,.7,0,1.87,0,6,6,Sc,10,740,,40,35.2,0,31,26.4,24.6,24.1
108,서울,2017-06-25 14:00,28.2,0,,9,1.8,0,250,0,51,0,19.4,17,991.5,0,1001,0,.5,0,1.34,0,7,7,Sc,12,897,,40,31.9,0,31.1,27.1,24.8,24.2
108,서울,2017-06-25 15:00,26.4,0,0,0,1.8,0,50,0,64,0,22,19,991.9,0,1001.5,0,0,0,.39,0,9,9,Sc,11,1769,,4001,28.3,0,29,27.3,25.1,24.3
108,서울,2017-06-25 16:00,25.2,0,0,0,2.7,0,70,0,68,0,21.7,18.8,992,0,1001.7,0,0,0,.62,0,9,9,Sc,15,1532,,01,27.1,0,28.2,27.2,25.3,24.4
108,서울,2017-06-25 17:00,24.5,0,.9,0,2.1,0,50,0,81,0,24.9,21,991.6,0,1001.2,0,0,0,.49,0,6,6,Sc,10,1020,,01,27.1,0,26.9,26.9,25.4,24.4
108,서울,2017-06-25 18:00,25.5,0,,9,2.7,0,50,0,71,0,23.1,19.8,992.2,0,1001.9,0,1,0,1.09,0,5,4,ScAc,10,1248,,,26.1,0,27.4,26.7,25.4,24.5
108,서울,2017-06-25 19:00,24.2,0,0,0,3.6,0,320,0,80,0,24.1,20.5,993.3,0,1003,0,0,0,.19,0,10,6,CbStNs,4,958,,0401,23.7,0,26.4,26.5,25.4,24.6
108,서울,2017-06-25 20:00,23.4,0,.5,0,2.2,0,50,0,83,0,23.8,20.3,993.4,0,1003.1,0,0,0,.12,0,4,2,ScAc,10,1138,,04,22.3,0,25.2,26.2,25.4,24.6
108,서울,2017-06-25 21:00,22.5,0,,9,1.8,0,70,0,85,0,23.1,19.8,993.7,0,1003.5,0,,9,,9,0,0,,,1111,,,20.9,0,24,25.8,25.4,24.6
108,서울,2017-06-25 22:00,21.8,0,,9,2.1,0,70,0,85,0,22.1,19.1,994.4,0,1004.2,0,,9,,9,,0,,,1119,,,20,0,23.2,25.3,25.3,24.6
108,서울,2017-06-25 23:00,21.4,0,,9,2.5,0,50,0,84,0,21.3,18.5,994.8,0,1004.6,0,,9,,9,,1,,16,1163,,,19.6,0,22.6,24.9,25.1,24.6
108,서울,2017-06-26 00:00,21.6,0,,9,2.6,0,70,0,81,0,20.8,18.1,995.1,0,1004.9,0,,9,,9,8,8,Sc,12,1340,,,20.1,0,22.5,24.5,25,24.6
108,서울,2017-06-26 01:00,21.7,0,,,1.7,0,70,0,79,0,20.4,17.8,995.4,0,1005.2,0,,9,,9,,3,,,1555,,,20.3,0,22.4,24.2,24.8,24.5
108,서울,2017-06-26 02:00,21.7,0,,,2.4,0,50,0,79,0,20.4,17.8,995.2,0,1005,0,,9,,9,,4,,15,1535,,,20.1,0,22.4,24,24.6,24.5
108,서울,2017-06-26 03:00,21.6,0,,,2.3,0,70,0,78,0,20,17.5,995.6,0,1005.4,0,,9,,9,10,5,ScAs,8,1574,,,20.2,0,22.3,23.8,24.5,24.4
108,서울,2017-06-26 04:00,21.3,0,3,0,2.1,0,90,0,87,0,22,19,995.9,0,1005.7,0,,9,,9,10,8,StNs,5,187,,1901,20,0,22.1,23.7,24.3,24.3
108,서울,2017-06-26 05:00,20.6,0,2,0,1.9,0,70,0,91,0,22,19,996.4,0,1006.3,0,,9,,9,10,5,StNs,5,430,,1901,19.9,0,21.8,23.5,24.2,24.2
108,서울,2017-06-26 06:00,20.5,0,1,0,1.9,0,50,0,92,0,22.1,19.1,996.8,0,1006.7,0,0,0,.04,0,10,4,StNs,8,508,,1901,20.1,0,21.7,23.3,24.1,24.1
108,서울,2017-06-26 07:00,20.4,0,0,0,2.1,0,70,0,89,0,21.3,18.5,997.2,0,1007.1,0,0,0,.18,0,10,7,ScAs,10,978,,1901,20.7,0,21.8,23.1,23.9,24
108,서울,2017-06-26 08:00,20.8,0,0,0,2.1,0,70,0,84,0,20.5,17.9,997.6,0,1007.5,0,0,0,.29,0,10,6,ScAs,9,1310,,1901,21.7,0,22.1,23,23.8,24
108,서울,2017-06-26 09:00,20.2,0,11,0,2,0,70,0,91,0,21.4,18.6,997.9,0,1007.8,0,0,0,.17,0,10,8,StNs,7,126,,1901,20,0,21.3,22.9,23.7,23.9
108,서울,2017-06-26 10:00,21.1,0,6.5,0,2.3,0,50,0,92,0,22.9,19.7,997.9,0,1007.8,0,0,0,.57,0,10,7,ScAs,18,742,,1901,24.4,0,21.7,22.4,23.5,23.8
108,서울,2017-06-26 11:00,23.9,0,,9,3.5,0,50,0,74,0,21.8,18.9,997.5,0,1007.2,0,.7,0,2.21,0,7,3,ScAc,10,1305,,19,31.5,0,24.7,22.7,23.2,23.6
108,서울,2017-06-26 12:00,25.8,0,,9,3.1,0,70,0,60,0,19.9,17.4,997.1,0,1006.8,0,1,0,2.18,0,5,5,Sc,9,1549,,,31.3,0,26.9,23.7,23.2,23.5
108,서울,2017-06-26 13:00,28.2,0,,9,1.8,0,110,0,51,0,19.4,17,996.7,0,1006.3,0,1,0,3.06,0,4,2,ScAc,11,1814,,,37.2,0,29.4,24.8,23.4,23.4
108,서울,2017-06-26 14:00,29,0,,9,2.9,0,50,0,49,0,19.5,17.1,996.3,0,1005.9,0,.9,0,2.35,0,3,3,CuSc,8,1776,,,36.6,0,30.1,26,23.8,23.5
108,서울,2017-06-26 15:00,29.7,0,,9,2.4,0,70,0,44,0,18.3,16.1,995.8,0,1005.3,0,1,0,2.1,0,7,7,CuSc,8,1942,,,36,0,30.5,26.8,24.3,23.5
108,서울,2017-06-26 16:00,28.6,0,,9,2.3,0,50,0,50,0,19.5,17.1,995.8,0,1005.4,0,.3,0,.75,0,10,6,CuScAs,8,1994,,,27.8,0,29.5,27.3,24.7,23.7
108,서울,2017-06-26 17:00,23.6,0,.5,0,3.3,0,230,0,80,0,23.2,19.9,996.5,0,1006.2,0,0,0,.11,0,10,7,CbStNs,6,1221,,04,23.5,0,27.3,27.1,25.1,23.9
108,서울,2017-06-26 18:00,23,0,4.5,0,.4,0,0,0,89,0,24.9,21,996.7,0,1006.5,0,0,0,.07,0,10,6,StNs,8,1110,,0401,23.4,0,25.4,26.5,25.3,24
108,서울,2017-06-26 19:00,22.9,0,.5,0,1.1,0,20,0,87,0,24.3,20.6,997.1,0,1006.9,0,0,0,.14,0,10,4,ScAs,12,1195,,01,23.4,0,24.9,25.9,25.3,24.2
108,서울,2017-06-26 20:00,22.5,0,0,0,1.6,0,50,0,86,0,23.4,20,997.7,0,1007.5,0,0,0,.08,0,8,3,ScAc,15,1499,,01,22.4,0,24.5,25.5,25.2,24.3
108,서울,2017-06-26 21:00,22.2,0,,9,2.8,0,50,0,84,0,22.4,19.3,998.4,0,1008.2,0,,9,,9,9,2,ScAs,13,1497,,,21.7,0,24.1,25.2,25,24.3
108,서울,2017-06-26 22:00,22.1,0,,9,1.5,0,90,0,80,0,21.2,18.4,999,0,1008.8,0,,9,,9,,2,,15,1563,,,21.4,0,23.7,24.9,24.9,24.3
108,서울,2017-06-26 23:00,21.9,0,,9,2.1,0,70,0,79,0,20.6,18,999.2,0,1009,0,,9,,9,,3,,45,1808,,,20.7,0,23.3,24.6,24.8,24.3
108,서울,2017-06-27 00:00,21.7,0,,9,2.8,,90,,77,0,19.9,17.4,999.7,0,1009.6,0,,9,,9,9,4,AcCi,35,1829,,,20.5,0,23,24.3,24.6,24.2
108,서울,2017-06-27 01:00,21.8,0,0,0,1.3,,90,,79,0,20.5,17.9,999.6,0,1009.5,0,,9,,9,9,9,Sc,9,1709,,01,20.8,0,22.9,24.1,24.5,24.2
108,서울,2017-06-27 02:00,21.3,0,,9,1.5,,70,,82,0,20.6,18,999.1,0,1009,0,,9,,9,,,,21,1790,,,20.1,0,22.7,23.9,24.3,24.2
108,서울,2017-06-27 03:00,21.1,0,,9,1.4,,50,,83,0,20.6,18,999.3,0,1009.2,0,,9,,9,7,7,Ac,33,1531,,,20.1,0,22.4,23.7,24.2,24.1
108,서울,2017-06-27 04:00,20.9,0,,9,2.4,,70,,84,0,20.6,18,999.6,0,1009.5,0,,9,,9,4,4,Sc,9,1215,,,19.7,0,22.2,23.5,24,24
108,서울,2017-06-27 05:00,20.9,0,,9,1.7,,50,,83,0,20.4,17.8,999.7,0,1009.6,0,,9,,9,9,9,Sc,9,1421,,,20.1,0,22,23.3,23.9,23.9
108,서울,2017-06-27 06:00,21.1,0,,9,1.6,,50,,80,0,20,17.5,1000,0,1009.9,0,0,,.05,,9,9,Sc,9,1722,,,20.6,0,22.1,23.1,23.7,23.8
108,서울,2017-06-27 07:00,21.7,0,,9,2.2,,70,,77,0,19.9,17.4,1000.3,0,1010.2,0,0,,.21,,9,9,Sc,18,1753,,,21.7,0,22.4,23,23.6,23.7
108,서울,2017-06-27 08:00,23.3,0,,9,2.3,,70,,66,0,18.8,16.5,1000.6,0,1010.4,0,.4,,.79,,7,7,Sc,15,1789,,,25.4,0,23.3,23.1,23.5,23.6
108,서울,2017-06-27 09:00,25.3,0,,9,1.5,,140,,62,0,19.9,17.4,1000.4,0,1010.2,0,1,,1.75,,3,0,Ci,,1395,,,29.6,0,24.9,23.4,23.4,23.5
108,서울,2017-06-27 10:00,26.5,0,,9,1.2,,90,,56,0,19.4,17,1000,0,1009.7,0,1,,1.89,,4,4,Sc,10,1699,,,32.2,0,26.7,24.1,23.4,23.5
108,서울,2017-06-27 11:00,27.4,0,,9,.9,,70,,54,0,19.6,17.2,999.8,0,1009.5,0,.4,,1.55,,8,8,Sc,10,1645,,,34.8,0,27.4,24.8,23.6,23.5
108,서울,2017-06-27 12:00,28.5,0,,9,1.3,,90,,48,0,18.6,16.4,999.4,0,1009,0,.7,,1.75,,8,8,Sc,10,1853,,,35.6,0,28.7,25.5,23.8,23.5
108,서울,2017-06-27 13:00,29.2,0,,9,3,,160,,50,0,20.2,17.7,999.1,0,1008.7,0,.9,,2.15,,8,8,Sc,10,1800,,,33.5,0,30.4,26.3,24.1,23.5
108,서울,2017-06-27 14:00,28.8,0,,9,2.4,,200,,53,0,20.9,18.2,999,0,1008.6,0,.3,,1.41,,8,8,CuSc,8,1443,,,31.6,0,29.9,27,24.5,23.6
108,서울,2017-06-27 15:00,30,0,,9,3.4,,270,,51,0,21.6,18.7,998.6,0,1008.2,0,1,,2.59,,7,7,CuSc,8,911,,40,36.4,0,31.3,27.4,24.8,23.7
108,서울,2017-06-27 16:00,29.9,0,,9,3.9,,270,,53,0,22.2,19.2,998.5,0,1008.1,0,1,,2.17,,8,8,CuSc,8,851,,40,33.8,0,31.7,28,25.1,23.9
108,서울,2017-06-27 17:00,28,0,,9,3.2,,250,,64,0,24.1,20.5,998.6,0,1008.2,0,.6,,.97,,7,7,CuSc,8,842,,40,29,0,30.2,28.3,25.5,24.1
108,서울,2017-06-27 18:00,27.3,0,,9,3.5,,270,,65,0,23.5,20.1,998.7,0,1008.4,0,.3,,.57,,4,4,Sc,12,790,,40,27,0,28.8,28,25.7,24.3
108,서울,2017-06-27 19:00,26.4,0,,9,2.5,,270,,68,0,23.4,20,999.3,0,1009,0,.2,,.39,,,3,,23,941,,40,25.3,0,27.8,27.6,25.9,24.4
108,서울,2017-06-27 20:00,25.1,0,,9,3.4,,270,,68,0,21.6,18.7,1000.1,0,1009.9,0,0,,.1,,,6,,21,1178,,40,23.8,0,26.7,27.2,25.9,24.6
108,서울,2017-06-27 21:00,24.6,0,,9,1.6,,270,,68,0,20.9,18.2,1000.7,0,1010.4,0,,9,,9,10,6,ScAs,16,1426,,,23.2,0,25.9,26.7,25.8,24.7
108,서울,2017-06-27 22:00,24.4,0,0,0,1.2,,200,,71,0,21.6,18.7,1000.9,0,1010.6,0,,9,,9,6,6,Sc,14,1123,,01,22.9,0,25.4,26.3,25.7,24.7
108,서울,2017-06-27 23:00,24.2,0,,9,1.2,,270,,70,0,21,18.3,1001.1,0,1010.8,0,,9,,9,,,,24,1050,,,22.7,0,24.9,25.9,25.6,24.7
108,서울,2017-06-28 00:00,23.6,0,,9,.9,,20,,83,0,24.1,20.5,1000.8,0,1010.6,0,,9,,9,3,1,,,466,,19,21.9,0,24.5,25.6,25.4,24.7
108,서울,2017-06-28 01:00,23.5,0,,,1,,360,,81,0,23.4,20,1001.2,0,1011,0,,9,,9,,4,,13,531,,19,22.3,0,24.2,25.2,25.3,24.7
108,서울,2017-06-28 02:00,23.5,0,,,1.1,,270,,77,0,22.2,19.2,1001.4,0,1011.2,0,,9,,9,,4,,5,581,,19,22.2,0,24,25,25.1,24.7
108,서울,2017-06-28 03:00,23.2,0,,,2.4,,250,,76,0,21.6,18.7,1001.6,0,1011.4,0,,9,,9,9,9,Sc,10,626,,19,21.8,0,23.9,24.8,25,24.6
108,서울,2017-06-28 04:00,22.7,0,,,2.6,,200,,81,0,22.2,19.2,1002,0,1011.8,0,,9,,9,9,9,Sc,10,445,,19,21.7,0,23.7,24.6,24.8,24.6
108,서울,2017-06-28 05:00,22.5,0,,,1.7,,230,,81,0,22,19,1002,0,1011.8,0,,9,,9,9,9,Sc,10,372,,19,21.7,0,23.6,24.5,24.7,24.5
108,서울,2017-06-28 06:00,22.5,0,,,1.3,,200,,81,0,22,19,1002.5,0,1012.3,0,0,,.03,,10,10,St,8,358,,19,21.9,0,23.5,24.3,24.6,24.4
108,서울,2017-06-28 07:00,22.7,0,,,1.2,,290,,79,0,21.7,18.8,1002.7,0,1012.5,0,0,,.12,,10,10,St,8,341,,19,22.7,0,23.5,24.2,24.5,24.4
108,서울,2017-06-28 08:00,23.8,0,,,.9,,230,,69,0,20.2,17.7,1002.5,0,1012.3,0,.2,,.66,,4,4,Sc,10,469,,4019,26.2,0,24.3,24.2,24.4,24.3
108,서울,2017-06-28 09:00,24.8,0,,,1.4,,200,,69,0,21.6,18.7,1002.5,0,1012.3,0,.3,,.75,,9,9,Sc,10,538,,4019,26,0,25.3,24.4,24.3,24.2
108,서울,2017-06-28 10:00,25.5,0,,,1.9,,230,,64,0,20.8,18.1,1002.4,0,1012.2,0,0,,.77,,9,9,Sc,10,574,,40,27.4,0,25.8,24.7,24.3,24.1
108,서울,2017-06-28 11:00,27.2,0,,,2.4,,160,,57,0,20.5,17.9,1002.1,0,1011.8,0,.5,,1.55,,9,9,Sc,10,658,,40,30.9,0,27.5,25.1,24.3,24.1
108,서울,2017-06-28 12:00,28.5,0,,,2.1,,270,,53,0,20.5,17.9,1001.8,0,1011.4,0,.9,,2.3,,8,8,Sc,11,693,,40,33.6,0,29.5,25.9,24.4,24.1
108,서울,2017-06-28 13:00,28.8,0,,,2.4,,270,,51,0,20.1,17.6,1001.6,0,1011.2,0,.1,,1.2,,8,8,Sc,12,757,,40,33.4,0,29.2,26.6,24.6,24.1
108,서울,2017-06-28 14:00,29.6,0,,,3.2,,290,,50,0,20.6,18,1001.1,0,1010.7,0,.9,,2.3,,8,8,Sc,12,745,,40,35.7,0,30.8,27.1,24.9,24.1
108,서울,2017-06-28 15:00,30.1,0,,,3.4,,290,,50,0,21.3,18.5,1000.9,0,1010.5,0,.7,,1.7,,7,7,Sc,12,654,,40,36.6,0,30.9,27.7,25.2,24.2
108,서울,2017-06-28 16:00,30.5,0,,,2.8,,270,,51,0,22.2,19.2,1000.8,0,1010.4,0,1,,2.16,,7,7,Sc,12,682,,40,38.2,0,31.5,28.1,25.5,24.3
108,서울,2017-06-28 17:00,29.5,0,,,3.5,,270,,53,0,21.8,18.9,1000.7,0,1010.3,0,1,,1.57,,0,0,,,715,,40,34.2,0,31,28.5,25.8,24.5
108,서울,2017-06-28 18:00,28.8,0,,,3.9,,270,,54,0,21.3,18.5,1001,0,1010.6,0,1,,.97,,0,0,,,940,,40,30.3,0,30,28.5,26,24.7
108,서울,2017-06-28 19:00,27.5,0,,,3.8,,250,,58,0,21.2,18.4,1001,0,1010.7,0,.3,,.49,,,0,,,1088,,40,27.4,0,28.6,28.2,26.2,24.8
108,서울,2017-06-28 20:00,26.4,0,,,3.1,,270,,62,0,21.3,18.5,1001.8,0,1011.5,0,0,,.13,,,0,,,1326,,,25,0,27.3,27.8,26.2,24.9
108,서울,2017-06-28 21:00,25.6,0,,,2.1,,270,,65,0,21.3,18.5,1002.1,0,1011.9,0,,9,,9,0,0,,,1166,,,23.6,0,26.3,27.2,26.2,25
108,서울,2017-06-28 22:00,25.2,0,,,2.2,,270,,60,0,19.1,16.8,1002.9,0,1012.7,0,,9,,9,,,,15,1561,,,23.1,0,25.6,26.7,26.1,25.1
108,서울,2017-06-28 23:00,24.8,0,,,1.4,,290,,59,0,18.4,16.2,1003.1,0,1012.9,0,,9,,9,,1,,,1898,,,22.2,0,25,26.2,25.9,25.1
108,서울,2017-06-29 00:00,24.6,0,,,2.4,,270,,60,0,18.5,16.3,1002.9,0,1012.6,0,,9,,9,6,5,ScCi,14,1745,,,22.1,0,24.6,25.9,25.8,25.1
108,서울,2017-06-29 01:00,24,0,,,2.3,0,270,0,70,0,20.8,18.1,1002.6,0,1012.4,0,,9,,9,,1,,,991,,40,21.5,0,24.2,25.5,25.6,25
108,서울,2017-06-29 02:00,23.5,0,,,2.3,0,250,0,75,0,21.7,18.8,1002.6,0,1012.4,0,,9,,9,,3,,12,725,,40,21.6,0,23.9,25.2,25.4,25
108,서울,2017-06-29 03:00,23,0,,,1.7,0,270,0,80,0,22.4,19.3,1002.7,0,1012.5,0,,9,,9,4,2,ScCi,15,577,,4019,21.1,0,23.7,24.9,25.3,24.9
108,서울,2017-06-29 04:00,22.5,0,,,.9,0,270,0,82,0,22.2,19.2,1002.7,0,1012.5,0,,9,,9,8,0,Ci,,496,,19,20.6,0,23.2,24.7,25.1,24.8
108,서울,2017-06-29 05:00,22.2,0,,,.9,0,290,0,82,0,21.8,18.9,1002.7,0,1012.6,0,,9,,9,7,0,Ci,,488,,19,20.1,0,22.9,24.4,24.9,24.7
108,서울,2017-06-29 06:00,22,0,,,1.3,0,270,0,80,0,21,18.3,1002.6,0,1012.5,0,0,0,.09,0,8,0,Ci,,545,,19,20.6,0,22.6,24.2,24.7,24.7
108,서울,2017-06-29 07:00,22.4,0,,,1,0,20,0,80,0,21.6,18.7,1002.6,0,1012.4,0,0,0,.34,0,9,0,Ci,,473,,19,22.4,0,22.9,24,24.6,24.6
108,서울,2017-06-29 08:00,23.7,0,,,.9,0,360,0,72,0,21,18.3,1002.9,0,1012.7,0,.6,0,.8,0,9,7,ScCi,10,543,,4019,25.5,0,24.1,24,24.4,24.5
108,서울,2017-06-29 09:00,24.3,0,,,1.9,0,250,0,70,0,21.2,18.4,1003,0,1012.7,0,0,0,.6,0,9,9,Sc,10,600,,40,26.3,0,24.8,24.2,24.3,24.4
108,서울,2017-06-29 10:00,26,0,,,2,0,250,0,57,0,19.1,16.8,1003,0,1012.8,0,.5,0,1.45,0,3,3,Sc,9,781,,40,33.7,0,26.1,24.5,24.3,24.3
108,서울,2017-06-29 11:00,28.1,0,,,2,0,200,0,52,0,19.7,17.3,1002.7,0,1012.4,0,1,0,2.67,0,2,2,Sc,15,1196,,40,40.7,0,29.1,25.3,24.3,24.2
108,서울,2017-06-29 12:00,29.6,0,,,3.1,0,230,0,49,0,20.2,17.7,1002.2,0,1011.8,0,1,0,3.01,0,5,5,Sc,13,870,,40,46.2,0,31.4,26.5,24.5,24.2
108,서울,2017-06-29 13:00,29.9,0,,,1.6,0,290,0,47,0,19.7,17.3,1001.5,0,1011.1,0,.9,0,2.6,0,6,6,Sc,15,838,,40,41.6,0,33,27.8,24.8,24.2
108,서울,2017-06-29 14:00,30.3,0,,,1.7,0,290,0,45,0,19.4,17,1000.9,0,1010.5,0,.7,0,1.95,0,7,7,Sc,14,805,,40,41.5,0,32.5,28.7,25.3,24.3
108,서울,2017-06-29 15:00,31.3,0,,,3.3,0,270,0,44,0,20,17.5,1000.6,0,1010.2,0,1,0,2.4,0,4,4,Sc,15,620,,40,46.1,0,33.1,29.2,25.7,24.5
108,서울,2017-06-29 16:00,31.1,0,,,2.9,0,270,0,45,0,20.2,17.7,1000,0,1009.6,0,1,0,1.94,0,5,5,Sc,15,718,,40,40.8,0,33.1,29.6,26.1,24.6
108,서울,2017-06-29 17:00,30.7,0,,,3.9,0,290,0,48,0,21.2,18.4,999.5,0,1009.1,0,1,0,1.56,0,1,1,Sc,11,764,,40,37.9,0,32.4,29.8,26.5,24.8
108,서울,2017-06-29 18:00,29.6,0,,,4.1,0,270,0,49,0,20.2,17.7,999.3,0,1008.9,0,1,0,1.03,0,0,0,,,983,,40,32.5,0,31.1,29.8,26.7,25
108,서울,2017-06-29 19:00,28.1,0,,,3.9,0,270,0,51,0,19.4,17,999,0,1008.6,0,.8,0,.51,0,,0,,,891,,40,28.9,0,29.6,29.4,26.9,25.3
108,서울,2017-06-29 20:00,26.8,0,,,3.2,0,270,0,55,0,19.2,16.9,998.9,0,1008.6,0,0,0,.11,0,,0,,,806,,40,25.9,0,28.2,28.8,27,25.4
108,서울,2017-06-29 21:00,25.9,0,,,2.7,0,290,0,68,0,22.7,19.5,999.3,0,1009,0,,9,,9,0,0,,,521,,40,24.5,0,27,28.1,26.9,25.5
108,서울,2017-06-29 22:00,24.8,0,,,1.7,0,250,0,73,0,22.8,19.6,999.6,0,1009.4,0,,9,,9,,0,,,392,,40,23.6,0,26.2,27.5,26.8,25.6
108,서울,2017-06-29 23:00,24.3,0,,,1.4,0,250,0,75,0,22.7,19.5,999.6,0,1009.3,0,,9,,9,,0,,,343,,40,22.8,0,25.5,27,26.6,25.6
108,서울,2017-06-30 00:00,23.7,0,,,2,0,250,0,78,0,22.8,19.6,999.4,0,1009.1,0,,9,,9,0,0,,,332,,40,22.3,0,25,26.5,26.4,25.6
108,서울,2017-06-30 01:00,23.3,0,,,3.3,0,270,0,79,0,22.5,19.4,999.7,0,1009.5,0,,9,,9,,0,,,338,,40,22,0,24.5,26.1,26.2,25.6
108,서울,2017-06-30 02:00,23,0,,,2.2,0,270,0,81,0,22.7,19.5,999.7,0,1009.5,0,,9,,9,,0,,,322,,4019,21.7,0,24.3,25.8,26,25.5
108,서울,2017-06-30 03:00,22.7,0,,,1.1,0,250,0,82,0,22.5,19.4,999.4,0,1009.2,0,,9,,9,0,0,,,315,,19,21.2,0,23.9,25.4,25.8,25.4
108,서울,2017-06-30 04:00,22.4,0,,,1.9,0,270,0,83,0,22.4,19.3,999.2,0,1009,0,,9,,9,0,0,,,327,,19,20.9,0,23.6,25.1,25.6,25.3
108,서울,2017-06-30 05:00,22.2,0,,,1.5,0,290,0,85,0,22.7,19.5,999.5,0,1009.3,0,,9,,9,3,3,Sc,12,288,,19,21.1,0,23.3,24.9,25.4,25.2
108,서울,2017-06-30 06:00,22.3,0,,,.3,0,0,0,85,0,22.8,19.6,999.4,0,1009.2,0,0,0,.07,0,3,3,Sc,12,328,,19,22,0,23.4,24.7,25.2,25.1
108,서울,2017-06-30 07:00,22.8,0,,,.9,0,20,0,77,0,21.3,18.5,999.4,0,1009.2,0,0,0,.36,0,0,0,,,377,,19,23.7,0,23.7,24.5,25.1,25
108,서울,2017-06-30 08:00,24.2,0,,,1,0,250,0,75,0,22.5,19.4,999.3,0,1009,0,.6,0,.85,0,2,2,Sc,12,375,,19,27.6,0,24.8,24.6,24.9,24.9
108,서울,2017-06-30 09:00,25.8,0,,,.7,0,270,0,65,0,21.6,18.7,999,0,1008.7,0,1,0,1.42,0,2,2,Sc,12,409,,4019,33.5,0,26.3,24.9,24.8,24.8
108,서울,2017-06-30 10:00,27.1,0,,,1.5,0,270,0,58,0,20.8,18.1,998.9,0,1008.6,0,.9,0,1.6,0,3,3,Sc,12,584,,40,37.6,0,27.8,25.5,24.8,24.7
108,서울,2017-06-30 11:00,28.4,0,,,3,0,290,0,55,0,21.2,18.4,998.6,0,1008.2,0,1,0,2.38,0,5,5,Sc,11,656,,40,42.3,0,30,26.3,24.9,24.6
108,서울,2017-06-30 12:00,29.1,0,,,2.6,0,290,0,55,0,22.1,19.1,998.3,0,1007.9,0,.9,0,2.24,0,3,3,Sc,11,571,,40,42.7,0,31.1,27.3,25.1,24.7
108,서울,2017-06-30 13:00,29.9,0,,,3.3,0,270,0,50,0,21,18.3,998.1,0,1007.7,0,1,0,2.49,0,6,3,ScCi,9,628,,40,46.1,0,32.3,28.1,25.5,24.7
108,서울,2017-06-30 14:00,30.2,0,,,3.4,0,270,0,46,0,19.6,17.2,997.9,0,1007.5,0,.9,0,2.23,0,2,2,Sc,12,909,,40,44.6,0,32.8,28.9,25.8,24.8
108,서울,2017-06-30 15:00,30.7,0,,,3.7,0,230,0,45,0,19.7,17.3,997.5,0,1007.1,0,.7,0,2.21,0,4,2,ScCi,12,1070,,40,45.6,0,33.1,29.4,26.2,24.9
108,서울,2017-06-30 16:00,30.3,0,,,3.3,0,270,0,48,0,20.6,18,997.2,0,1006.8,0,.7,0,1.68,0,9,1,ScCi,14,990,,40,40.4,0,32.7,29.8,26.5,25.1
108,서울,2017-06-30 17:00,29,0,,,3.5,0,270,0,49,0,19.5,17.1,996.8,0,1006.4,0,0,0,1,0,9,0,Ci,,1167,,40,35.3,0,31.6,29.9,26.8,25.3
108,서울,2017-06-30 18:00,27.7,0,,,3.7,0,270,0,52,0,19.2,16.9,996.6,0,1006.2,0,0,0,.53,0,9,0,Ci,,1270,,,31.6,0,30.2,29.6,27,25.5
108,서울,2017-06-30 19:00,26.6,0,,,3.1,0,270,0,56,0,19.4,17,997,0,1006.7,0,0,0,.3,0,,,,,1174,,,28.6,0,29,29.1,27.1,25.6
108,서울,2017-06-30 20:00,25.6,0,,,3.7,0,250,0,64,0,20.9,18.2,997.1,0,1006.8,0,0,0,.09,0,,3,,73,896,,40,26.2,0,27.9,28.6,27.1,25.7
108,서울,2017-06-30 21:00,25.1,0,,,2.2,0,270,0,71,0,22.5,19.4,997.5,0,1007.2,0,,9,,9,9,0,Ci,,758,,40,25.1,0,27.1,28.1,27,25.8
108,서울,2017-06-30 22:00,24.6,0,,,1.9,0,270,0,70,0,21.6,18.7,997.7,0,1007.4,0,,9,,9,,,,70,701,,40,24.1,0,26.4,27.6,26.9,25.8
108,서울,2017-06-30 23:00,24.2,0,,,1.9,0,270,0,70,0,21,18.3,997.8,0,1007.5,0,,9,,9,,0,,,670,,40,23.5,0,25.9,27.1,26.7,25.9
108,서울,2017-07-01 00:00,24.1,0,,,1.3,0,270,0,72,0,21.6,18.7,998,0,1007.7,0,,9,,9,9,9,Sc,14,623,,40,23.7,0,25.5,26.7,26.6,25.8
108,서울,2017-07-01 01:00,23.7,0,,,1.4,0,270,0,75,0,21.8,18.9,997.7,0,1007.4,0,,9,,9,,4,,19,572,,40,22.4,0,25.2,26.4,26.4,25.8
108,서울,2017-07-01 02:00,23.3,0,,,1.2,0,290,0,78,0,22.2,19.2,997.3,0,1007,0,,9,,9,,0,,,487,,40,21.8,0,24.6,26.1,26.2,25.7
108,서울,2017-07-01 03:00,23,0,,,1.8,0,290,0,80,0,22.4,19.3,996.8,0,1006.6,0,,9,,9,8,0,Ci,,362,,4019,21.5,0,24.3,25.8,26,25.6
108,서울,2017-07-01 04:00,22.8,0,,,1.7,0,290,0,83,0,22.9,19.7,996.7,0,1006.5,0,,9,,9,8,3,ScCi,14,337,,19,21.6,0,24,25.5,25.8,25.6
108,서울,2017-07-01 05:00,22.7,0,,,1.6,0,290,0,84,0,23.1,19.8,997.1,0,1006.9,0,,9,,9,8,2,ScCi,10,344,,19,21.7,0,23.9,25.2,25.7,25.5
108,서울,2017-07-01 06:00,22.4,0,,,1.7,0,270,0,85,0,22.9,19.7,997.2,0,1007,0,0,0,.05,0,9,2,ScCi,10,309,,19,22.1,0,23.8,25.1,25.5,25.4
108,서울,2017-07-01 07:00,22.5,0,,,1.3,0,270,0,84,0,22.8,19.6,997.7,0,1007.5,0,0,0,.16,0,9,2,ScCi,10,352,,19,23,0,23.9,24.9,25.4,25.3
108,서울,2017-07-01 08:00,23,0,,,2,0,290,0,81,0,22.7,19.5,998.2,0,1008,0,0,0,.41,0,9,2,ScCi,10,402,,19,25.7,0,24.4,24.9,25.2,25.2
108,서울,2017-07-01 09:00,24,0,,,2,0,270,0,74,0,22,19,998.2,0,1007.9,0,0,0,.74,0,9,2,ScCi,10,510,,19,29.7,0,25.3,25,25.1,25.1
108,서울,2017-07-01 10:00,24.4,0,,,1.6,0,250,0,72,0,22,19,998.5,0,1008.2,0,0,0,.64,0,10,3,ScAs,15,547,,19,29.5,0,26,25.2,25.1,25
108,서울,2017-07-01 11:00,25.4,0,,,.9,0,320,0,66,0,21.3,18.5,998.4,0,1008.1,0,0,0,1.07,0,10,1,ScAs,10,695,,4019,34,0,26.8,25.5,25.1,25
108,서울,2017-07-01 12:00,27.2,0,,,1.2,0,180,0,61,0,22,19,997.9,0,1007.6,0,.6,0,1.91,0,10,3,ScAs,9,799,,40,38.1,0,29,26.1,25.1,24.9
108,서울,2017-07-01 13:00,28.2,0,,,2.2,0,180,0,58,0,22.1,19.1,997.3,0,1006.9,0,.5,0,1.86,0,9,2,ScCi,9,619,,40,42.6,0,30,26.8,25.3,24.9
108,서울,2017-07-01 14:00,29.6,0,,,2.6,0,230,0,50,0,20.6,18,996.8,0,1006.3,0,1,0,2.46,0,9,4,ScCi,12,727,,40,47.8,0,31.5,27.6,25.5,24.9
108,서울,2017-07-01 15:00,30.4,0,,,2.9,0,250,0,48,0,20.8,18.1,996.4,0,1006,0,1,0,2.39,0,9,7,ScCi,12,856,,40,46.2,0,32.7,28.5,25.7,25
108,서울,2017-07-01 16:00,29.7,0,,,2.8,0,180,0,51,0,21.2,18.4,996.5,0,1006,0,.3,0,1.02,0,10,6,ScAs,14,819,,40,36.8,0,31.7,29.1,26.1,25.1
108,서울,2017-07-01 17:00,28.6,0,,,3.8,0,200,0,57,0,22.2,19.2,996.4,0,1006,0,0,0,.75,0,10,4,ScAs,10,435,,40,34.8,0,30.5,29.1,26.4,25.2
108,서울,2017-07-01 18:00,26.9,0,,,4.1,0,200,0,66,0,23.4,20,996.7,0,1006.4,0,0,0,.31,0,10,3,ScAs,13,914,,40,30.3,0,29.5,28.9,26.6,25.4
108,서울,2017-07-01 19:00,25.5,0,0,0,2.5,0,230,0,77,0,25,21.1,997.2,0,1006.9,0,0,0,.1,0,10,6,ScAs,10,1524,,4001,27,0,28.3,28.5,26.7,25.5
108,서울,2017-07-01 20:00,23.9,0,.5,0,1.8,0,250,0,90,0,26.6,22.1,997.7,0,1007.4,0,0,0,.02,0,10,7,StNs,6,335,,1901,24.6,0,27.2,28,26.7,25.6
108,서울,2017-07-01 21:00,24,0,0,0,.3,0,0,0,90,0,26.8,22.2,997.9,0,1007.6,0,,9,,9,10,2,ScAs,10,1037,,1901,24.6,0,26.6,27.6,26.7,25.7
108,서울,2017-07-01 22:00,24.2,0,0,0,.4,0,0,0,89,0,26.8,22.2,998.6,0,1008.3,0,,9,,9,10,8,ScAs,10,965,,1901,24.5,0,26.2,27.2,26.6,25.7
108,서울,2017-07-01 23:00,24.5,0,0,0,2.4,0,200,0,86,0,26.3,21.9,998.6,0,1008.3,0,,9,,9,10,8,ScAs,10,648,,1901,24.2,0,26,26.9,26.4,25.7
108,서울,2017-07-02 00:00,24.5,0,0,0,2.8,0,230,0,85,0,26.1,21.8,998.4,0,1008.1,0,,9,,9,10,7,ScAs,10,661,,1901,24,0,25.8,26.6,26.3,25.7
108,서울,2017-07-02 01:00,24.2,0,.5,0,1.9,0,270,0,89,0,26.8,22.2,997.7,0,1007.4,0,,9,,9,10,7,StNs,8,343,,1901,23.9,0,25.5,26.4,26.1,25.7
108,서울,2017-07-02 02:00,24,0,.5,0,2,0,270,0,90,0,26.8,22.2,997.4,0,1007.1,0,,9,,9,10,9,StNs,8,328,,1901,23.8,0,25.3,26.2,26,25.6
108,서울,2017-07-02 03:00,23.9,0,2.5,0,3.4,0,230,0,92,0,27.2,22.5,997.4,0,1007.1,0,,9,,9,10,7,StNs,6,336,,1901,23.8,0,25.1,26,25.9,25.5
108,서울,2017-07-02 04:00,24,0,1,0,3,0,230,0,91,0,27.1,22.4,997.7,0,1007.4,0,,9,,9,10,9,StNs,6,295,,1901,23.8,0,25,25.8,25.8,25.5
108,서울,2017-07-02 05:00,23.8,0,2.5,0,2.1,0,230,0,93,0,27.2,22.5,997.7,0,1007.4,0,,9,,9,10,7,StNs,8,542,,1901,23.7,0,24.8,25.6,25.7,25.4
108,서울,2017-07-02 06:00,23.9,0,.5,0,1.2,0,230,0,92,0,27.2,22.5,997.9,0,1007.6,0,0,0,.04,0,10,5,StNs,6,357,,1901,24,0,24.8,25.5,25.6,25.4
108,서울,2017-07-02 07:00,24.2,0,0,0,1.4,0,180,0,92,0,27.7,22.8,998.1,0,1007.8,0,0,0,.08,0,10,5,ScAs,9,396,,1901,24.4,0,24.9,25.4,25.4,25.3
108,서울,2017-07-02 08:00,24.5,0,0,0,1.3,0,200,0,90,0,27.6,22.7,998.2,0,1007.9,0,0,0,.19,0,10,5,ScAs,10,672,,1901,25.1,0,25.2,25.4,25.4,25.2
108,서울,2017-07-02 09:00,24.1,0,9,0,2,0,290,0,92,0,27.6,22.7,997.9,0,1007.6,0,0,0,.13,0,10,7,StNs,8,900,,1901,24.6,0,25,25.4,25.3,25.2
108,서울,2017-07-02 10:00,24.9,0,0,0,.7,0,230,0,91,0,28.6,23.3,997.7,0,1007.5,0,0,0,.43,0,10,6,ScAs,10,752,,1901,27.2,0,25.5,25.3,25.2,25.1
108,서울,2017-07-02 11:00,25.8,0,0,0,2.5,0,230,0,87,0,28.8,23.4,997.4,0,1007.1,0,0,0,.57,0,10,6,ScAs,10,741,,1901,27.9,0,26.3,25.5,25.2,25
108,서울,2017-07-02 12:00,26.4,0,0,0,2.9,0,230,0,84,0,28.8,23.4,997.2,0,1006.9,0,0,0,.81,0,10,7,ScAs,10,685,,1901,28.4,0,27,25.8,25.2,25
108,서울,2017-07-02 13:00,26.6,0,0,0,2.9,0,230,0,83,0,28.8,23.4,997.1,0,1006.8,0,0,0,.93,0,10,5,ScAs,10,777,,1901,29.6,0,27.3,26.1,25.3,25
108,서울,2017-07-02 14:00,26.6,0,0,0,3.9,0,230,0,82,0,28.4,23.2,996.8,0,1006.5,0,0,0,.95,0,10,5,ScAs,10,1115,,1901,29.5,0,27.7,26.4,25.4,25
108,서울,2017-07-02 15:00,26,0,0,0,4.3,0,200,0,86,0,28.8,23.4,996.4,0,1006.1,0,0,0,.56,0,10,6,ScAs,10,484,,1901,27.3,0,27.6,26.6,25.5,25
108,서울,2017-07-02 16:00,25.9,0,0,0,2.5,0,230,0,83,0,27.6,22.7,996.4,0,1006.1,0,0,0,.31,0,10,7,ScAs,10,672,,1901,27.1,0,27.1,26.6,25.6,25
108,서울,2017-07-02 17:00,26.2,0,0,0,3.2,0,230,0,82,0,27.7,22.8,996.3,0,1006,0,0,0,.27,0,10,7,ScAs,10,775,,1901,26.2,0,26.9,26.6,25.6,25.1
108,서울,2017-07-02 18:00,25.7,0,0,0,2.8,0,230,0,87,0,28.6,23.3,996.1,0,1005.8,0,0,0,.12,0,10,6,StNs,8,492,,1901,25.7,0,26.5,26.5,25.7,25.1
108,서울,2017-07-02 19:00,25.2,0,.5,0,3.5,0,200,0,88,0,28.1,23,996.4,0,1006.1,0,0,0,.07,0,10,7,ScAs,10,531,,1901,25.1,0,26.1,26.3,25.7,25.1
108,서울,2017-07-02 20:00,25.2,0,0,0,2.6,0,200,0,87,0,27.7,22.8,996.2,0,1005.9,0,0,0,.04,0,10,7,ScAs,10,644,,1901,24.8,0,25.8,26.1,25.6,25.2
108,서울,2017-07-02 21:00,22.5,0,12.5,0,3,0,250,0,92,0,25,21.1,996.5,0,1006.3,0,,9,,9,10,8,CbStNs,4,1654,,1901,22.9,0,24.5,25.8,25.6,25.2
108,서울,2017-07-02 22:00,22.5,0,.5,0,2.1,0,270,0,91,0,24.7,20.9,996.5,0,1006.3,0,,9,,9,10,5,StNs,8,1573,,01,22.8,0,24.3,25.4,25.5,25.2
108,서울,2017-07-02 23:00,22.5,0,21.5,0,3.3,0,250,0,98,0,26.6,22.1,996.1,0,1005.9,0,,9,,9,10,4,StNs,6,185,,1901,22.4,0,23.2,24.5,25.3,25.2
108,서울,2017-07-03 00:00,22,0,40.5,0,3.3,0,270,0,99,0,26.1,21.8,995.3,0,1005.1,0,,9,,9,10,8,CbStNs,4,252,,1901,21.9,0,22.2,22.9,24.1,25
108,서울,2017-07-03 01:00,22,0,50.5,0,2.6,0,270,0,100,0,26.3,21.9,995.3,0,1005.1,0,,9,,9,10,5,StNs,6,307,,1901,21.8,0,21.8,22,22.5,23.5
108,서울,2017-07-03 02:00,22.1,0,10.5,0,2.3,0,270,0,100,0,26.4,22,994.9,0,1004.7,0,,9,,9,10,7,StNs,8,692,,1901,22,0,22,22.1,22.5,23.4
108,서울,2017-07-03 03:00,23.9,0,0,0,5,0,230,0,99,0,29.3,23.7,994.4,0,1004.1,0,,9,,9,10,7,ScAs,10,873,,1901,22.9,0,22.4,22.4,22.7,23.5
108,서울,2017-07-03 04:00,23.9,0,0,0,6,0,200,0,90,0,26.6,22.1,994.5,0,1004.2,0,,9,,9,10,6,ScAs,10,1117,,1901,23,0,22.7,22.6,22.8,23.5
108,서울,2017-07-03 05:00,23.6,0,1,0,5.6,0,230,0,94,0,27.2,22.5,994.6,0,1004.3,0,,9,,9,10,8,StNs,6,283,,1901,23.1,0,22.9,22.8,22.9,23.5
108,서울,2017-07-03 06:00,23.4,0,2.5,0,4,0,230,0,98,0,28.1,23,994.6,0,1004.3,0,0,0,.02,0,10,7,StNs,6,364,,1901,23,0,23,22.9,23,23.6
108,서울,2017-07-03 07:00,23.4,0,.5,0,3.4,0,250,0,95,0,27.2,22.5,995.4,0,1005.1,0,0,0,.05,0,10,7,ScAs,10,323,,1901,23.1,0,23.1,23,23.1,23.6
108,서울,2017-07-03 08:00,23.4,0,0,0,3.2,0,250,0,97,0,27.7,22.8,995.9,0,1005.6,0,0,0,.14,0,10,7,ScAs,9,533,,1901,23.6,0,23.2,23.1,23.1,23.6
108,서울,2017-07-03 09:00,23.4,0,1.5,0,3.2,0,250,0,98,0,28.1,23,996,0,1005.7,0,0,0,.13,0,10,7,StNs,5,334,,1901,23.6,0,23.3,23.2,23.2,23.6
108,서울,2017-07-03 10:00,23.6,0,0,0,1.6,0,230,0,96,0,27.9,22.9,996.1,0,1005.8,0,0,0,.28,0,10,7,ScAs,10,436,,1901,24.5,0,23.7,23.3,23.2,23.6
108,서울,2017-07-03 11:00,24.5,0,,9,1.9,0,290,0,88,0,26.9,22.3,996.1,0,1005.8,0,.1,0,.8,0,10,6,ScAs,10,496,,19,28.8,0,24.5,23.5,23.3,23.6
108,서울,2017-07-03 12:00,25.5,0,,9,2.9,0,230,0,80,0,26,21.7,996.1,0,1005.8,0,.7,0,1.47,0,9,7,ScAs,10,1302,,19,29.5,0,26.4,24,23.4,23.6
108,서울,2017-07-03 13:00,26.5,0,,9,3.8,0,230,0,75,0,25.8,21.6,996.1,0,1005.8,0,.5,0,1.54,0,9,7,ScAs,10,1954,,,30.7,0,27.4,24.8,23.5,23.6
108,서울,2017-07-03 14:00,27.2,0,,9,4.4,0,200,0,72,0,26,21.7,995.8,0,1005.4,0,.5,0,1.73,0,10,7,ScAs,10,1835,,,30.1,0,28.3,25.4,23.8,23.7
108,서울,2017-07-03 15:00,26.9,0,,9,4.7,0,230,0,74,0,26.1,21.8,995.5,0,1005.1,0,.2,0,1.17,0,10,6,ScAs,10,1834,,,29.9,0,28,25.8,24,23.7
108,서울,2017-07-03 16:00,26.3,0,,9,5.3,0,230,0,77,0,26.3,21.9,995.5,0,1005.2,0,0,0,.9,0,10,8,ScAs,10,990,,19,27.7,0,27.6,26.1,24.3,23.8
108,서울,2017-07-03 17:00,26.2,0,,9,4.1,0,230,0,77,0,26.1,21.8,995.4,0,1005.1,0,0,0,.7,0,10,8,ScAs,10,991,,19,27.3,0,27.3,26.1,24.5,24
108,서울,2017-07-03 18:00,25.4,0,0,0,4.4,0,230,0,82,0,26.4,22,995.7,0,1005.4,0,0,0,.17,0,10,8,ScAs,9,758,,1901,25.1,0,26.5,26.1,24.7,24.1
108,서울,2017-07-03 19:00,24.9,0,1,0,2.7,0,230,0,87,0,27.2,22.5,996,0,1005.7,0,0,0,.05,0,10,6,ScAs,10,416,,1901,24.7,0,25.7,25.8,24.7,24.2
108,서울,2017-07-03 20:00,24.6,0,,9,4.2,0,230,0,86,0,26.4,22,996.4,0,1006.1,0,0,0,.04,0,,9,,3,524,,19,24.1,0,25.3,25.6,24.8,24.3
108,서울,2017-07-03 21:00,24.6,0,,9,3.1,0,230,0,85,0,26.3,21.9,996.7,0,1006.4,0,,9,,9,10,7,ScAs,10,563,,19,23.9,0,25,25.4,24.8,24.3
108,서울,2017-07-03 22:00,24.5,0,,9,2.1,0,230,0,85,0,26.1,21.8,997.2,0,1006.9,0,,9,,9,,9,,3,851,,19,23.8,0,24.8,25.2,24.7,24.4
108,서울,2017-07-03 23:00,24.4,0,,9,2,0,250,0,86,0,26.1,21.8,996.7,0,1006.4,0,,9,,9,,9,,3,987,,19,23.7,0,24.7,25,24.7,24.4
108,서울,2017-07-04 00:00,24.3,0,,9,1.3,0,230,0,85,0,25.8,21.6,996.4,0,1006.1,0,,9,,9,10,7,ScAs,,822,,19,23.7,0,24.6,24.9,24.6,24.4
108,서울,2017-07-04 01:00,24.2,0,0,0,1.4,0,230,0,86,0,26,21.7,996,0,1005.7,0,,9,,9,10,7,ScAs,10,568,,1901,23.7,0,24.5,24.8,24.6,24.4
108,서울,2017-07-04 02:00,24,0,0,0,.9,0,200,0,89,0,26.4,22,995.6,0,1005.3,0,,9,,9,10,7,ScAs,10,413,,1901,23.7,0,24.4,24.7,24.5,24.4
108,서울,2017-07-04 03:00,24.1,0,,9,.3,0,0,0,88,0,26.3,21.9,995.4,0,1005.1,0,,9,,9,10,8,ScAs,10,365,,19,23.8,0,24.4,24.7,24.5,24.4
108,서울,2017-07-04 04:00,24,0,.5,0,.2,0,0,0,92,0,27.4,22.6,995.1,0,1004.8,0,,9,,9,10,7,StNs,8,175,,1901,23.7,0,24.3,24.6,24.4,24.4
108,서울,2017-07-04 05:00,23.9,0,0,0,.9,0,320,0,95,0,28.1,23,995.3,0,1005,0,,9,,9,10,8,StNs,8,195,,1901,23.7,0,24.3,24.5,24.4,24.3
108,서울,2017-07-04 06:00,23.8,0,0,0,1.2,0,270,0,92,0,27.1,22.4,995.7,0,1005.4,0,0,0,.05,0,10,8,ScAs,10,179,,1901,23.8,0,24.3,24.5,24.4,24.3
108,서울,2017-07-04 07:00,23.9,0,0,0,.3,0,0,0,91,0,26.9,22.3,995.5,0,1005.2,0,0,0,.19,0,9,6,ScCi,10,256,,1901,24.3,0,24.3,24.5,24.3,24.3
108,서울,2017-07-04 08:00,24.9,0,,9,1.2,0,20,0,82,0,25.8,21.6,995.3,0,1005,0,.5,0,.73,0,4,3,ScCi,10,425,,19,27.6,0,25,24.5,24.3,24.2
108,서울,2017-07-04 09:00,26,0,,9,1.7,0,320,0,79,0,26.4,22,995.6,0,1005.3,0,.8,0,1.23,0,7,7,Sc,10,578,,19,28.9,0,26.4,24.8,24.2,24.2
108,서울,2017-07-04 10:00,27,0,,9,1.6,0,250,0,73,0,26,21.7,995.7,0,1005.3,0,.7,0,1.45,0,8,8,Sc,10,653,,19,31,0,27.6,25.3,24.3,24.2
108,서울,2017-07-04 11:00,28,0,,9,1.9,0,290,0,64,0,24.1,20.5,995.5,0,1005.1,0,.8,0,1.81,0,7,7,Sc,10,916,,4019,34,0,28.9,25.9,24.4,24.2
108,서울,2017-07-04 12:00,29.3,0,,9,2.5,0,250,0,59,0,24,20.4,995.4,0,1004.9,0,.8,0,2.07,0,7,7,Sc,10,1251,,40,34.5,0,30.2,26.7,24.6,24.2
108,서울,2017-07-04 13:00,30.6,0,,9,2.4,0,270,0,57,0,25,21.1,995.1,0,1004.6,0,1,0,2.43,0,6,6,Sc,10,1266,,,38,0,31.7,27.4,24.9,24.3
108,서울,2017-07-04 14:00,30.8,0,,9,3.1,0,270,0,57,0,25.2,21.2,995.1,0,1004.6,0,.9,0,2.36,0,6,6,Sc,10,1080,,,35.6,0,32.6,28.3,25.3,24.4
108,서울,2017-07-04 15:00,31.1,0,,9,4.7,0,270,0,57,0,25.6,21.5,995,0,1004.5,0,1,0,2.28,0,4,4,Sc,10,1184,,,36.3,0,32.7,29,25.6,24.5
108,서울,2017-07-04 16:00,31.1,0,,9,4.3,0,270,0,55,0,24.7,20.9,994.9,0,1004.4,0,1,0,2.08,0,1,1,Sc,10,1223,,,35.2,0,32.7,29.3,26,24.7
108,서울,2017-07-04 17:00,30.5,0,,9,4.5,0,290,0,58,0,25.2,21.2,994.8,0,1004.3,0,1,0,1.67,0,6,0,Ci,,1102,,,31.8,0,32.2,29.5,26.3,24.9
108,서울,2017-07-04 18:00,29.2,0,,9,3.8,0,290,0,64,0,25.8,21.6,995.1,0,1004.6,0,.7,0,.82,0,7,0,Ci,,1023,,,28.8,0,30.7,29.4,26.6,25.1
108,서울,2017-07-04 19:00,27.9,0,,9,3.2,0,250,0,69,0,25.8,21.6,995.6,0,1005.2,0,.2,0,.43,0,,0,,,813,,40,26.6,0,29.3,29,26.7,25.3
108,서울,2017-07-04 20:00,26.5,0,,9,2.8,0,270,0,73,0,25.2,21.2,996.2,0,1005.9,0,0,0,.13,0,,0,,,653,,40,24.9,0,28,28.5,26.8,25.4
108,서울,2017-07-04 21:00,25.7,0,,9,2,0,270,0,76,0,25,21.1,997.1,0,1006.8,0,,9,,9,4,0,Ci,,655,,40,24,0,26.9,27.9,26.7,25.5
108,서울,2017-07-04 22:00,25.3,0,,9,1.6,0,250,0,77,0,24.7,20.9,997.7,0,1007.4,0,,9,,9,,0,,6,651,,40,23.4,0,26.2,27.4,26.6,25.6
108,서울,2017-07-04 23:00,24.6,0,,9,2.2,0,230,0,78,0,24.1,20.5,998.3,0,1008,0,,9,,9,,0,,,990,,40,22.8,0,25.6,26.9,26.4,25.6
108,서울,2017-07-05 00:00,24.1,0,,9,1.4,0,270,0,81,0,24.3,20.6,998.6,0,1008.3,0,,9,,9,3,0,Ci,,912,,4019,22.4,0,25.1,26.5,26.2,25.7
108,서울,2017-07-05 01:00,23.9,0,,,.7,0,290,0,83,0,24.6,20.8,998.8,0,1008.5,0,,9,,9,,,,,767,,19,22,0,24.7,26.1,26.1,25.6
108,서울,2017-07-05 02:00,23.6,0,,,1.2,0,270,0,85,0,24.7,20.9,998.8,0,1008.5,0,,9,,9,,8,,4,686,,19,22,0,24.3,25.7,25.9,25.6
108,서울,2017-07-05 03:00,23.5,0,,,1.4,0,200,0,85,0,24.6,20.8,998.8,0,1008.5,0,,9,,9,3,3,Sc,10,459,,19,21.8,0,24.1,25.5,25.7,25.5
108,서울,2017-07-05 04:00,23.4,0,,,1.2,0,270,0,85,0,24.4,20.7,998.9,0,1008.7,0,,9,,9,6,6,Sc,10,461,,19,22.5,0,24.1,25.2,25.5,25.4
108,서울,2017-07-05 05:00,23.3,0,,,.8,0,290,0,83,0,23.7,20.2,999.5,0,1009.3,0,,9,,9,9,9,Sc,10,622,,19,22.4,0,23.9,25,25.3,25.3
108,서울,2017-07-05 06:00,23.4,0,,,.4,0,0,0,80,0,22.9,19.7,1000,0,1009.8,0,0,0,.08,0,9,8,ScCi,10,635,,19,23.1,0,24.1,24.9,25.2,25.3
108,서울,2017-07-05 07:00,23.9,0,,,.9,0,270,0,78,0,23.1,19.8,1000.6,0,1010.3,0,0,0,.28,0,9,9,Sc,10,613,,19,24.6,0,24.5,24.9,25.1,25.2
108,서울,2017-07-05 08:00,24.3,0,,,1,0,270,0,76,0,22.9,19.7,1001.1,0,1010.8,0,0,0,.31,0,10,3,ScAs,12,621,,19,25,0,25,25,25,25.1
108,서울,2017-07-05 09:00,25,0,,,1.3,0,270,0,74,0,23.4,20,1001,0,1010.8,0,0,0,.5,0,10,5,ScAs,12,569,,19,27,0,25.5,25.1,24.9,25
108,서울,2017-07-05 10:00,26.9,0,,,1.6,0,250,0,66,0,23.4,20,1001,0,1010.7,0,.9,0,1.94,0,2,2,Sc,15,649,,4019,33.7,0,27.5,25.4,24.9,24.9
108,서울,2017-07-05 11:00,28.6,0,,,1.4,0,270,0,57,0,22.2,19.2,1000.7,0,1010.3,0,1,0,2.2,0,2,2,Sc,9,920,,40,36.8,0,29.3,26.2,24.9,24.9
108,서울,2017-07-05 12:00,30.3,0,,,1.9,0,200,0,55,0,23.7,20.2,1000.4,0,1010,0,1,0,2.64,0,4,4,Sc,12,907,,40,39.1,0,31.5,27.2,25.1,24.9
108,서울,2017-07-05 13:00,31.3,0,,,1.6,0,290,0,49,0,22.4,19.3,1000,0,1009.6,0,.8,0,2.38,0,5,5,Sc,12,859,,40,42.2,0,32.4,28.1,25.4,24.9
108,서울,2017-07-05 14:00,31.6,0,,,2.2,0,270,0,49,0,22.7,19.5,999.6,0,1009.1,0,1,0,2.62,0,6,6,Cu,5,939,,40,39.6,0,33.7,29.1,25.8,25
108,서울,2017-07-05 15:00,31.3,0,,,1.9,0,290,0,47,0,21.4,18.6,999.3,0,1008.8,0,.5,0,1.21,0,6,6,CuSc,7,946,,40,34.5,0,32.4,29.6,26.2,25.1
108,서울,2017-07-05 16:00,32,0,,,2.3,0,230,0,47,0,22.2,19.2,999,0,1008.5,0,.6,0,1.16,0,5,5,Sc,15,881,,40,35.1,0,31.9,29.6,26.6,25.3
108,서울,2017-07-05 17:00,32.5,0,,,2.6,0,290,0,49,0,23.8,20.3,998.6,0,1008.1,0,1,0,1.45,0,6,6,Sc,15,832,,40,35.5,0,32.2,29.6,26.8,25.5
108,서울,2017-07-05 18:00,31.4,0,,,4,0,270,0,55,0,25.2,21.2,999,0,1008.5,0,.9,0,1.02,0,2,2,Sc,12,881,,40,32,0,31.5,29.7,27,25.6
108,서울,2017-07-05 19:00,30,0,,,3.5,0,290,0,57,0,24.1,20.5,999.6,0,1009.2,0,.1,0,.47,0,,,,13,1146,,40,29.1,0,30.1,29.5,27.1,25.8
108,서울,2017-07-05 20:00,28.5,0,,,2.8,0,270,0,66,0,25.6,21.5,999.9,0,1009.5,0,0,0,.13,0,,0,,,963,,40,26.8,0,28.8,29,27.2,25.9
108,서울,2017-07-05 21:00,27.9,0,,,1.5,0,270,0,64,0,24,20.4,1000.3,0,1009.9,0,,9,,9,0,0,,,1369,,40,25.6,0,27.7,28.5,27.1,26
108,서울,2017-07-05 22:00,27.2,0,,,1.8,0,270,0,70,0,25.2,21.2,1000.7,0,1010.4,0,,9,,9,,0,,,1196,,,24.8,0,27,28,27,26.1
108,서울,2017-07-05 23:00,26.7,0,,,1.1,0,290,0,72,0,25.2,21.2,1000.9,0,1010.6,0,,9,,9,,0,,,1098,,,24.2,0,26.4,27.5,26.9,26.1
108,서울,2017-07-06 00:00,26.2,0,,,1.9,0,250,0,75,0,25.5,21.4,1001.1,0,1010.8,0,,9,,9,4,0,Ci,,940,,40,23.8,0,26,27.1,26.7,26.1
108,서울,2017-07-06 01:00,25.7,0,,,2.3,0,290,0,76,0,25,21.1,1001.1,0,1010.8,0,,9,,9,,0,,,787,,40,23.3,0,25.6,26.8,26.5,26.1
108,서울,2017-07-06 02:00,25.1,0,,,1.5,0,270,0,77,0,24.4,20.7,1000.9,0,1010.7,0,,9,,9,,0,,,616,,40,22.8,0,25.1,26.4,26.4,26
108,서울,2017-07-06 03:00,24.7,0,,,.3,0,0,0,79,0,24.6,20.8,1000.7,0,1010.4,0,,9,,9,0,0,,,541,,40,22.2,0,24.7,26.1,26.2,25.9
108,서울,2017-07-06 04:00,24.2,0,,,1.2,0,50,0,82,0,24.7,20.9,1000.5,0,1010.2,0,,9,,9,2,2,Sc,12,478,,4019,22,0,24.3,25.8,26,25.9
108,서울,2017-07-06 05:00,24.1,0,,,.4,0,0,0,81,0,24.3,20.6,1000.9,0,1010.6,0,,9,,9,4,4,Sc,10,615,,19,22.1,0,24.1,25.6,25.8,25.8
108,서울,2017-07-06 06:00,24,0,,,1.6,0,50,0,82,0,24.4,20.7,1001.1,0,1010.8,0,0,0,.09,0,9,9,Sc,10,576,,19,22.7,0,24,25.3,25.7,25.7
108,서울,2017-07-06 07:00,25,0,,,1.5,0,50,0,75,0,23.7,20.2,1001.3,0,1011.1,0,0,0,.49,0,7,7,Sc,10,547,,19,25.6,0,24.7,25.2,25.5,25.6
108,서울,2017-07-06 08:00,26.5,0,,,2.2,0,50,0,70,0,24.1,20.5,1001.6,0,1011.3,0,.4,0,.87,0,6,0,Ci,,483,,4019,28,0,25.8,25.3,25.3,25.5
108,서울,2017-07-06 09:00,28.2,0,,,2.4,0,50,0,65,0,24.7,20.9,1001.3,0,1010.9,0,1,0,1.42,0,7,0,Ci,,479,,40,31.9,0,27.2,25.7,25.3,25.4
108,서울,2017-07-06 10:00,29.3,0,,,1.5,0,90,0,60,0,24.4,20.7,1001,0,1010.6,0,1,0,1.66,0,4,0,Ci,,394,,40,36.1,0,28.6,26.2,25.3,25.3
108,서울,2017-07-06 11:00,30.4,0,,,1.9,0,110,0,57,0,24.7,20.9,1000.7,0,1010.3,0,1,0,2.33,0,5,5,Sc,15,479,,40,39.3,0,30.5,27,25.4,25.3
108,서울,2017-07-06 12:00,31.1,0,,,1.2,0,70,0,53,0,23.8,20.3,1000.1,0,1009.7,0,.7,0,1.81,0,6,6,Sc,11,768,,40,37.2,0,31.5,27.9,25.7,25.3
108,서울,2017-07-06 13:00,31.8,0,,,1.1,0,20,0,48,0,22.5,19.4,999.4,0,1008.9,0,.5,0,1.53,0,7,7,Sc,13,989,,40,37.8,0,31.7,28.5,25.9,25.4
108,서울,2017-07-06 14:00,33,0,,,1.3,0,140,0,48,0,24.1,20.5,998.9,0,1008.4,0,.9,0,2.26,0,8,8,Sc,14,976,,40,38.9,0,33.3,29.2,26.2,25.5
108,서울,2017-07-06 15:00,34,0,,,1.8,0,200,0,40,0,21.2,18.4,998.2,0,1007.6,0,.7,0,2.08,0,7,7,Sc,15,1122,,40,44.8,0,33.7,29.7,26.6,25.6
108,서울,2017-07-06 16:00,33.5,0,,,4,0,270,0,54,0,27.9,22.9,997.7,0,1007.2,0,1,0,2.12,0,6,6,Sc,16,546,,40,42,0,34.3,30.3,26.9,25.7
108,서울,2017-07-06 17:00,32.5,0,,,3.8,0,270,0,56,0,27.2,22.5,997.7,0,1007.2,0,1,0,1.62,0,9,3,ScAs,9,672,,40,39.2,0,33.7,30.7,27.2,25.9
108,서울,2017-07-06 18:00,27.8,0,2,0,5.1,0,160,0,80,0,29.8,24,999.2,0,1008.8,0,.1,0,.55,0,10,8,CbStNs,4,484,,401904,28.6,0,32.1,30.7,27.6,26.1
108,서울,2017-07-06 19:00,25.5,0,23,0,.8,0,340,0,91,0,29.7,23.9,999,0,1008.7,0,0,0,.17,0,5,5,Sc,11,1107,,1904,26.6,0,26.6,29,28.1,26.4
108,서울,2017-07-06 20:00,25.7,0,.5,0,1.5,0,270,0,87,0,28.6,23.3,999.9,0,1009.6,0,0,0,.12,0,6,6,Sc,10,772,,1901,25.7,0,27.1,28.4,27.8,26.6
108,서울,2017-07-06 21:00,25.8,0,8.5,0,1.3,0,290,0,91,0,30.2,24.2,1000.3,0,1010,0,,9,,9,9,9,Sc,9,407,,1904,25.4,0,26.4,27.9,27.5,26.7
108,서울,2017-07-06 22:00,25.7,0,,9,1.4,0,270,0,84,0,27.6,22.7,999.8,0,1009.5,0,,9,,9,,1,,11,931,,19,24.7,0,26.3,27.5,27.3,26.7
108,서울,2017-07-06 23:00,25.6,0,,9,.3,0,0,0,87,0,28.4,23.2,999.8,0,1009.5,0,,9,,9,,1,,6,578,,19,24.5,0,26.1,27.2,27.1,26.7
108,서울,2017-07-07 00:00,25.2,0,,9,0,0,0,0,88,0,28.1,23,999.8,0,1009.6,0,,9,,9,9,9,Sc,10,589,,19,24.1,0,25.9,27,26.9,26.6
108,서울,2017-07-07 01:00,25.1,0,,,.9,0,50,0,89,0,28.3,23.1,999.7,0,1009.5,0,,9,,9,,8,,5,356,,19,24.4,0,25.8,26.7,26.7,26.6
108,서울,2017-07-07 02:00,25.1,0,,,1.7,0,140,0,81,0,25.8,21.6,999.4,0,1009.2,0,,9,,9,,7,,5,1022,,19,23.9,0,25.7,26.6,26.6,26.5
108,서울,2017-07-07 03:00,25,0,,,.9,0,160,0,81,0,25.6,21.5,999.4,0,1009.2,0,,9,,9,9,9,Sc,10,926,,19,24.2,0,25.6,26.4,26.4,26.4
108,서울,2017-07-07 04:00,24.8,0,,,.9,0,70,0,83,0,26,21.7,999.1,0,1008.9,0,,9,,9,9,3,ScAs,10,818,,19,23.6,0,25.4,26.3,26.3,26.3
108,서울,2017-07-07 05:00,24.6,0,,,1.1,0,90,0,82,0,25.3,21.3,998.8,0,1008.5,0,,9,,9,8,8,As,27,1320,,19,23.6,0,25.3,26.1,26.2,26.2
108,서울,2017-07-07 06:00,24.5,0,,,1.4,0,110,0,79,0,24.3,20.6,999,0,1008.7,0,0,0,.09,0,8,6,ScAs,10,1584,,,24.1,0,25.1,26,26.1,26.2
108,서울,2017-07-07 07:00,25.4,0,0,0,1.6,0,70,0,79,0,25.5,21.4,998.9,0,1008.6,0,.3,0,.48,0,8,7,ScAs,10,1578,,01,26.5,0,25.7,25.9,26,26.1
108,서울,2017-07-07 08:00,26.5,0,,9,1.9,0,50,0,75,0,25.8,21.6,998.7,0,1008.4,0,.6,0,.89,0,9,5,ScAs,10,1576,,,28.1,0,26.7,26,25.9,26
108,서울,2017-07-07 09:00,27.2,0,.5,0,1.9,0,140,0,77,0,27.7,22.8,998.4,0,1008.1,0,.1,0,.95,0,10,6,ScAs,8,1164,,01,28.5,0,27.6,26.4,25.8,25.9
108,서울,2017-07-07 10:00,27.1,0,0,0,2.3,0,110,0,74,0,26.4,22,998.4,0,1008.1,0,0,0,.4,0,10,6,ScAs,10,1990,,01,27.6,0,27.3,26.7,25.9,25.9
108,서울,2017-07-07 11:00,26.7,0,1,0,1.3,0,110,0,82,0,28.6,23.3,998.5,0,1008.2,0,0,0,.19,0,10,7,StNs,7,1043,,01,26.5,0,27,26.8,26,25.9
108,서울,2017-07-07 12:00,27,0,0,0,1.6,0,110,0,83,0,29.5,23.8,998.2,0,1007.9,0,0,0,.5,0,10,4,ScAs,10,1293,,01,29.4,0,27,26.7,26,25.9
108,서울,2017-07-07 13:00,27.6,0,0,0,2.2,0,110,0,78,0,28.8,23.4,998,0,1007.6,0,0,0,.86,0,10,5,ScAs,10,1549,,01,29.5,0,28,26.9,26,25.9
108,서울,2017-07-07 14:00,28.2,0,0,0,2.1,0,140,0,75,0,28.6,23.3,997.4,0,1007,0,0,0,.68,0,10,6,ScAs,10,1898,,01,29.5,0,28.3,27.1,26.1,25.9
108,서울,2017-07-07 15:00,28,0,0,0,3.2,0,160,0,75,0,28.3,23.1,997.3,0,1006.9,0,0,0,.47,0,10,6,ScAs,10,1949,,01,27.5,0,28.3,27.3,26.1,25.9
108,서울,2017-07-07 16:00,28.2,0,0,0,1.7,0,180,0,74,0,28.3,23.1,996.9,0,1006.5,0,0,0,.33,0,10,6,ScAs,10,1970,,01,27.8,0,28.1,27.4,26.2,25.9
108,서울,2017-07-07 17:00,28.2,0,0,0,3.4,0,160,0,73,0,27.7,22.8,996.4,0,1006,0,0,0,.21,0,10,6,ScAs,10,2000,,01,27,0,27.8,27.4,26.3,25.9
108,서울,2017-07-07 18:00,28,0,0,0,3.7,0,200,0,74,0,27.9,22.9,996.1,0,1005.7,0,0,0,.14,0,10,7,ScAs,10,2000,,01,26.5,0,27.4,27.3,26.3,26
108,서울,2017-07-07 19:00,26.8,0,2,0,2.2,0,200,0,86,0,30.2,24.2,996.5,0,1006.2,0,0,0,.1,0,10,7,StNs,7,1225,,01,26,0,26.9,27.2,26.3,26
108,서울,2017-07-07 20:00,25.7,0,9,0,2.8,0,160,0,91,0,30,24.1,996.4,0,1006.1,0,0,0,.03,0,10,8,StNs,8,261,,1901,25.2,0,26.3,26.9,26.3,26
108,서울,2017-07-07 21:00,25.6,0,2,0,2.7,0,230,0,90,0,29.5,23.8,996.9,0,1006.6,0,,9,,9,10,7,StNs,8,610,,1901,25.2,0,26.1,26.7,26.3,26
108,서울,2017-07-07 22:00,25.6,0,2,0,2,0,180,0,88,0,28.8,23.4,996.7,0,1006.4,0,,9,,9,10,6,ScAs,10,1583,,1901,25,0,25.9,26.5,26.2,26
108,서울,2017-07-07 23:00,25.7,0,0,0,.6,0,230,0,88,0,28.9,23.5,996.7,0,1006.4,0,,9,,9,10,8,ScAs,10,1801,,01,25.3,0,25.9,26.4,26.1,26
108,서울,2017-07-08 00:00,25.7,0,,9,1.9,0,230,0,87,0,28.6,23.3,996.6,0,1006.3,0,,9,,9,9,9,Sc,10,1903,,,25.1,0,25.9,26.3,26,26
108,서울,2017-07-08 01:00,25.6,0,,,2.7,0,230,0,86,0,28.1,23,996.5,0,1006.2,0,,9,,9,,9,,3,1516,,,25,0,25.8,26.2,25.9,25.9
108,서울,2017-07-08 02:00,25.7,0,,,3.9,0,200,0,85,0,27.9,22.9,996.3,0,1006,0,,9,,9,,9,,4,1462,,,24.9,0,25.8,26.1,25.9,25.9
108,서울,2017-07-08 03:00,25.7,0,,,2.8,0,200,0,85,0,27.9,22.9,996.2,0,1005.9,0,,9,,9,10,7,ScAs,10,1248,,,24.9,0,25.8,26.1,25.8,25.8
108,서울,2017-07-08 04:00,25.7,0,0,0,1.7,0,180,0,85,0,27.9,22.9,995.6,0,1005.3,0,,9,,9,10,8,ScAs,10,802,,1901,24.9,0,25.7,26,25.8,25.8
108,서울,2017-07-08 05:00,25.9,0,0,0,3.2,0,200,0,83,0,27.6,22.7,995.2,0,1004.9,0,,9,,9,10,8,ScAs,10,989,,1901,24.9,0,25.7,26,25.7,25.8
108,서울,2017-07-08 06:00,25.9,0,0,0,1.7,0,200,0,85,0,28.3,23.1,995.3,0,1005,0,0,0,.03,0,10,7,ScAs,10,738,,1901,25.1,0,25.7,25.9,25.7,25.8
108,서울,2017-07-08 07:00,25.5,0,1.5,0,3.7,0,200,0,88,0,28.6,23.3,995.8,0,1005.5,0,0,0,.06,0,10,7,StNs,7,726,,1901,25,0,25.6,25.9,25.6,25.7
108,서울,2017-07-08 08:00,24.7,0,.5,0,1.8,0,200,0,88,0,27.2,22.5,996.1,0,1005.8,0,0,0,.17,0,10,6,ScAs,10,2000,,1901,25,0,25.5,25.8,25.6,25.7
108,서울,2017-07-08 09:00,24.7,0,1.5,0,3.5,0,200,0,90,0,27.9,22.9,996.4,0,1006.1,0,0,0,.13,0,10,7,StNs,7,1876,,01,24.8,0,25.4,25.8,25.5,25.7
108,서울,2017-07-08 10:00,24.9,0,.5,0,1.9,0,200,0,89,0,27.9,22.9,996.3,0,1006,0,0,0,.23,0,10,7,ScAs,10,1905,,01,25.6,0,25.5,25.7,25.5,25.6
108,서울,2017-07-08 11:00,25.4,0,0,0,3.1,0,200,0,86,0,27.7,22.8,996.3,0,1006,0,0,0,.29,0,10,7,ScAs,10,1053,,01,26,0,25.7,25.7,25.5,25.6
108,서울,2017-07-08 12:00,25.7,0,,9,3.8,0,200,0,86,0,28.3,23.1,996.6,0,1006.3,0,0,0,.47,0,10,5,ScAs,10,566,,19,27.3,0,26.1,25.8,25.4,25.5
108,서울,2017-07-08 13:00,26.3,0,,9,3.8,0,180,0,84,0,28.6,23.3,996.5,0,1006.2,0,0,0,.65,0,10,5,ScAs,10,437,,19,27.5,0,26.7,26,25.4,25.5
108,서울,2017-07-08 14:00,27.2,0,,9,3.3,0,200,0,79,0,28.4,23.2,996.1,0,1005.7,0,0,0,.66,0,10,6,ScAs,10,541,,19,29.4,0,27.1,26.2,25.5,25.5
108,서울,2017-07-08 15:00,27.4,0,,9,3.1,0,230,0,78,0,28.4,23.2,996,0,1005.6,0,.1,0,.81,0,10,6,ScAs,10,854,,19,28.9,0,27.7,26.5,25.5,25.5
108,서울,2017-07-08 16:00,27.5,0,0,0,2.8,0,230,0,78,0,28.6,23.3,995.8,0,1005.4,0,0,0,.58,0,10,6,ScAs,10,856,,1901,28.4,0,27.8,26.7,25.6,25.5
108,서울,2017-07-08 17:00,26.7,0,0,0,2.7,0,200,0,82,0,28.6,23.3,995.8,0,1005.5,0,0,0,.3,0,10,7,ScAs,10,926,,1901,27.4,0,27.3,26.8,25.7,25.5
108,서울,2017-07-08 18:00,26.5,0,0,0,3,0,200,0,81,0,27.9,22.9,996,0,1005.7,0,0,0,.15,0,10,7,ScAs,10,800,,1901,26.3,0,27,26.8,25.8,25.6
108,서울,2017-07-08 19:00,26.5,0,,9,2.1,0,230,0,81,0,27.9,22.9,996.7,0,1006.4,0,0,0,.1,0,,9,,5,1111,,19,26,0,26.7,26.7,25.8,25.6
108,서울,2017-07-08 20:00,26.2,0,.5,0,3.3,0,230,0,80,0,27.1,22.4,996.9,0,1006.6,0,0,0,.03,0,10,8,ScAs,10,1657,,01,25.4,0,26.4,26.6,25.8,25.6
108,서울,2017-07-08 21:00,26,0,0,0,2.2,0,270,0,81,0,27.1,22.4,997.6,0,1007.3,0,,9,,9,10,7,ScAs,10,1584,,01,25.1,0,26.1,26.4,25.8,25.6
108,서울,2017-07-08 22:00,25.9,0,0,0,1.6,0,250,0,81,0,26.9,22.3,998,0,1007.7,0,,9,,9,9,9,Sc,10,1595,,01,25,0,26,26.3,25.7,25.6
108,서울,2017-07-08 23:00,25.9,0,,9,.5,0,250,0,81,0,26.9,22.3,998.1,0,1007.8,0,,9,,9,,1,,,1486,,,25,0,25.8,26.1,25.7,25.6
108,서울,2017-07-09 00:00,26,0,,9,1.7,0,200,0,80,0,26.8,22.2,998.1,0,1007.8,0,,9,,9,9,9,Sc,12,1469,,,24.8,0,25.8,26,25.6,25.6
108,서울,2017-07-09 01:00,25.9,0,,,1.3,0,200,0,81,0,26.9,22.3,998,0,1007.7,0,,9,,9,,7,,5,1623,,,24.7,0,25.6,26,25.6,25.6
108,서울,2017-07-09 02:00,25.8,0,,,.6,0,200,0,82,0,27.1,22.4,998.3,0,1008,0,,9,,9,,7,,4,1165,,,24.8,0,25.6,25.9,25.5,25.6
108,서울,2017-07-09 03:00,25.4,0,8,0,.8,0,250,0,94,0,30.4,24.3,998.2,0,1007.9,0,,9,,9,10,8,CbStNs,4,330,,1901,24.7,0,25.3,25.7,25.5,25.6
108,서울,2017-07-09 04:00,25.2,0,0,0,.8,0,250,0,95,0,30.4,24.3,998,0,1007.7,0,,9,,9,10,5,ScAs,10,511,,1901,24.7,0,25.3,25.7,25.4,25.5
108,서울,2017-07-09 05:00,25.1,0,0,0,0,0,0,0,89,0,28.3,23.1,998.1,0,1007.8,0,,9,,9,10,8,ScAs,10,747,,1901,24.7,0,25.2,25.6,25.4,25.5
108,서울,2017-07-09 06:00,24.9,0,0,0,0,0,0,0,92,0,28.9,23.5,998,0,1007.8,0,0,0,.04,0,10,7,ScAs,10,606,,1901,24.7,0,25.2,25.5,25.3,25.5
108,서울,2017-07-09 07:00,24.7,0,.5,0,.6,0,50,0,94,0,29.1,23.6,997.9,0,1007.6,0,0,0,.08,0,10,7,StNs,7,486,,1901,25,0,25.3,25.5,25.3,25.4
108,서울,2017-07-09 08:00,25,0,0,0,.8,0,20,0,97,0,30.6,24.4,998,0,1007.8,0,0,0,.12,0,10,7,StNs,6,205,,1901,25.3,0,25.4,25.5,25.2,25.4
108,서울,2017-07-09 09:00,25.2,0,0,0,.5,0,70,0,91,0,29.1,23.6,997.9,0,1007.6,0,0,0,.21,0,10,5,ScAs,10,757,,1901,25.8,0,25.6,25.6,25.2,25.4
108,서울,2017-07-09 10:00,26.8,0,,9,.8,0,110,0,83,0,29.1,23.6,997.9,0,1007.6,0,.2,0,1.09,0,10,5,ScAs,10,866,,19,31,0,26.9,25.6,25.1,25.3
108,서울,2017-07-09 11:00,27.5,0,,9,1.2,0,200,0,81,0,29.7,23.9,997.9,0,1007.5,0,.3,0,1.11,0,10,6,ScAs,10,777,,19,30.4,0,28.1,26.2,25.2,25.3
108,서울,2017-07-09 12:00,28.3,0,0,0,1.4,0,110,0,75,0,28.8,23.4,997.5,0,1007.1,0,0,0,.89,0,10,6,ScAs,10,711,,1901,31.3,0,28.5,26.7,25.3,25.3
108,서울,2017-07-09 13:00,29.6,0,,9,1.7,0,250,0,69,0,28.6,23.3,996.9,0,1006.4,0,.5,0,1.59,0,10,6,ScAs,10,716,,4019,33.4,0,29.9,27.1,25.4,25.3
108,서울,2017-07-09 14:00,29.7,0,2,0,.6,0,160,0,77,0,32.1,25.2,996.5,0,1006,0,.4,0,1.4,0,9,9,CuSc,8,602,,401904,36.6,0,30.1,27.6,25.7,25.3
108,서울,2017-07-09 15:00,30,0,,9,1.4,0,70,0,78,0,33,25.7,995.5,0,1005.1,0,.2,0,1.33,0,9,9,CuSc,7,518,,19,32.8,0,31.1,28.2,25.9,25.4
108,서울,2017-07-09 16:00,28,0,0,0,2.9,0,50,0,83,0,31.3,24.8,995.3,0,1004.9,0,0,0,.35,0,10,6,StNs,7,963,,1901,29.7,0,30,28.5,26.2,25.5
108,서울,2017-07-09 17:00,26.6,0,1,0,1.6,0,70,0,90,0,31.3,24.8,995,0,1004.6,0,0,0,.21,0,10,8,ScAs,10,1172,,1901,28.4,0,28.7,28.4,26.4,25.6
108,서울,2017-07-09 18:00,26.3,0,,9,2.1,0,290,0,87,0,29.7,23.9,994.6,0,1004.3,0,0,0,.46,0,8,4,ScAs,10,1264,,,28.6,0,28.5,28.1,26.5,25.8
108,서울,2017-07-09 19:00,26.4,0,,9,.1,0,0,0,87,0,29.8,24,994.5,0,1004.2,0,0,0,.29,0,,6,,6,1143,,,27.6,0,28.2,28,26.5,25.8
108,서울,2017-07-09 20:00,26.3,0,0,0,.1,0,0,0,87,0,29.7,23.9,994.7,0,1004.4,0,0,0,.1,0,10,5,CbScAs,4,875,,1901,26.7,0,27.6,27.8,26.5,25.9
108,서울,2017-07-09 21:00,26.1,0,5,0,1.6,0,180,0,92,0,30.9,24.6,995.4,0,1005.1,0,,9,,9,10,8,CbStNs,4,314,,1901,26.1,0,27.1,27.5,26.5,26
108,서울,2017-07-09 22:00,24.8,0,5.5,0,2.2,0,230,0,92,0,28.8,23.4,995.1,0,1004.8,0,,9,,9,10,8,StNs,7,412,,1901,25.1,0,26.6,27.2,26.5,26.1
108,서울,2017-07-09 23:00,24.6,0,2.5,0,2.6,0,110,0,91,0,28.1,23,994.3,0,1003.9,0,,9,,9,10,7,StNs,7,1266,,1901,24.8,0,26,26.9,26.4,26
108,서울,2017-07-10 00:00,23.8,0,8,0,1.9,0,70,0,95,0,27.9,22.9,993.6,0,1003.3,0,,9,,9,10,8,StNs,7,1874,,1901,24.2,0,25.4,26.5,26.3,26.1
108,서울,2017-07-10 01:00,23.7,0,.3,0,2.2,0,70,0,98,0,28.6,23.3,992.7,0,1002.4,0,,9,,9,10,7,ScAs,10,1792,,01,24.1,0,25.3,26.2,26.2,26.1
108,서울,2017-07-10 02:00,23.8,0,.2,0,2.1,0,50,0,98,0,28.8,23.4,992.3,0,1002,0,,9,,9,10,7,ScAs,10,1434,,01,24.2,0,25.2,26.1,26,26.1
108,서울,2017-07-10 03:00,23.8,0,1,0,1.5,0,50,0,98,0,28.8,23.4,991.9,0,1001.6,0,,9,,9,10,6,ScAs,10,1870,,01,24.2,0,25.2,26,25.9,26
108,서울,2017-07-10 04:00,23.8,0,0,0,1.3,0,70,0,98,0,28.8,23.4,991.2,0,1000.9,0,,9,,9,10,6,ScAs,10,1414,,01,24.2,0,25.2,25.8,25.8,26
108,서울,2017-07-10 05:00,23.9,0,1,0,.8,0,20,0,98,0,28.9,23.5,991,0,1000.7,0,,9,,9,10,7,ScAs,10,790,,1901,24.3,0,25.1,25.8,25.7,25.9
108,서울,2017-07-10 06:00,24.5,0,0,0,1.8,0,140,0,91,0,27.9,22.9,990.6,0,1000.2,0,0,0,.03,0,10,5,ScAs,10,1341,,1901,24.5,0,25.2,25.7,25.6,25.8
108,서울,2017-07-10 07:00,24.9,0,1,0,1.7,0,110,0,89,0,27.9,22.9,990.2,0,999.9,0,0,0,.11,0,10,5,ScAs,10,368,,1901,24.8,0,25.3,25.7,25.6,25.8
108,서울,2017-07-10 08:00,24.7,0,19.5,0,1.4,0,160,0,98,0,30.4,24.3,990.3,0,999.9,0,0,0,.04,0,10,7,StNs,6,144,,1901,24.4,0,24.8,25.5,25.5,25.8
108,서울,2017-07-10 09:00,25,0,4.5,0,3.5,0,200,0,96,0,30.4,24.3,990.5,0,1000.2,0,0,0,.11,0,10,7,ScAs,10,1330,,1901,24.9,0,25,25.3,25.4,25.7
108,서울,2017-07-10 10:00,25.4,0,0,0,3.2,0,200,0,90,0,29.1,23.6,990.3,0,1000,0,0,0,.2,0,10,7,ScAs,10,735,,1901,25.4,0,25.2,25.4,25.2,25.7
108,서울,2017-07-10 11:00,25.1,0,7,0,4.4,0,200,0,92,0,29.3,23.7,990.5,0,1000.2,0,0,0,.17,0,10,7,StNs,6,457,,1901,25.3,0,25.4,25.4,25.2,25.6
108,서울,2017-07-10 12:00,24.8,0,24.5,0,3.2,0,200,0,99,0,30.9,24.6,990.5,0,1000.2,0,0,0,.22,0,10,8,StNs,6,294,,1901,25.2,0,25.1,25.3,25.2,25.6
108,서울,2017-07-10 13:00,24.8,0,13.5,0,3.7,0,230,0,99,0,30.9,24.6,990.3,0,1000,0,0,0,.21,0,10,8,StNs,6,551,,1901,25,0,25.1,25.3,25.1,25.5
108,서울,2017-07-10 14:00,24.3,0,6.5,0,5.8,0,250,0,96,0,29.1,23.6,990.8,0,1000.4,0,0,0,.17,0,10,8,StNs,6,747,,1901,24.7,0,25.1,25.3,25.1,25.5
108,서울,2017-07-10 15:00,24.3,0,1,0,3.1,0,230,0,92,0,27.9,22.9,990.6,0,1000.2,0,0,0,.21,0,10,7,StNs,6,1264,,1901,25.1,0,25,25.3,25.1,25.4
108,서울,2017-07-10 16:00,24.5,0,8.5,0,3.5,0,270,0,96,0,29.5,23.8,990.6,0,1000.2,0,0,0,.16,0,10,8,StNs,6,347,,1901,24.8,0,25,25.3,25.1,25.4
108,서울,2017-07-10 17:00,23.8,0,6.5,0,3.6,0,250,0,99,0,29.1,23.6,991,0,1000.7,0,0,0,.12,0,10,8,StNs,6,591,,1901,24.4,0,24.9,25.3,25,25.4
108,서울,2017-07-10 18:00,23.8,0,1,0,2,0,270,0,96,0,28.3,23.1,991,0,1000.7,0,0,0,.13,0,10,7,StNs,6,1156,,1901,24.5,0,24.8,25.2,25,25.4
108,서울,2017-07-10 19:00,24,0,1,0,.9,0,20,0,96,0,28.6,23.3,990.6,0,1000.2,0,0,0,.11,0,10,7,StNs,6,401,,1901,24.5,0,24.9,25.2,25,25.4
108,서울,2017-07-10 20:00,23.7,0,17.5,0,2.5,0,270,0,99,0,28.9,23.5,991.2,0,1000.9,0,0,0,.02,0,10,8,CbStNs,4,462,,1901,23.9,0,24.4,25,24.9,25.3
108,서울,2017-07-10 21:00,23,0,25,0,3.5,0,320,0,100,0,27.9,22.9,991.8,0,1001.5,0,,9,,9,10,8,StNs,7,643,,1901,23.3,0,23.6,24.4,24.7,25.3
108,서울,2017-07-10 22:00,22.7,0,2.5,0,.5,0,270,0,99,0,27.2,22.5,992.2,0,1001.9,0,,9,,9,10,7,StNs,7,537,,1901,23.1,0,23.7,24.3,24.6,25.2
108,서울,2017-07-10 23:00,22.7,0,2.5,0,.2,0,0,0,100,0,27.4,22.6,992.5,0,1002.2,0,,9,,9,10,7,StNs,6,1980,,1901,23.1,0,23.7,24.3,24.5,25.1
108,서울,2017-07-11 00:00,22.9,0,0,0,.3,0,0,0,100,0,27.7,22.8,992,0,1001.7,0,,9,,9,10,6,ScAs,10,1040,,01,23.2,0,23.7,24.3,24.4,25.1
108,서울,2017-07-11 01:00,22.9,0,1,0,1.3,0,50,0,100,0,27.7,22.8,992.1,0,1001.8,0,,9,,9,10,4,ScAs,10,1381,,1901,23.2,0,23.8,24.3,24.4,25
108,서울,2017-07-11 02:00,22.7,0,,9,1.1,0,20,0,99,0,27.2,22.5,991.9,0,1001.6,0,,9,,9,,5,,2,1212,,,23.1,0,23.8,24.3,24.4,25
108,서울,2017-07-11 03:00,22.6,0,0,0,1.2,0,270,0,99,0,27.1,22.4,992.5,0,1002.2,0,,9,,9,10,6,ScAs,10,799,,1901,23,0,23.7,24.3,24.3,25
108,서울,2017-07-11 04:00,22.3,0,0,0,2.7,0,290,0,99,0,26.6,22.1,993.4,0,1003.2,0,,9,,9,7,7,Sc,10,577,,1901,22.5,0,23.6,24.2,24.3,24.9
108,서울,2017-07-11 05:00,22.3,0,,9,1.9,0,270,0,99,0,26.6,22.1,994.3,0,1004.1,0,,9,,9,9,9,Sc,10,552,,19,22.6,0,23.4,24.2,24.3,24.9
108,서울,2017-07-11 06:00,22.4,0,,9,1.6,0,250,0,98,0,26.4,22,995.2,0,1005,0,0,0,.04,0,9,9,Sc,10,616,,19,22.8,0,23.5,24.1,24.2,24.9
108,서울,2017-07-11 07:00,22.5,0,,9,1.9,0,270,0,93,0,25.3,21.3,996.1,0,1005.9,0,0,0,.1,0,9,9,Sc,10,767,,19,23.1,0,23.6,24.1,24.2,24.8
108,서울,2017-07-11 08:00,22.8,0,,9,.7,0,250,0,91,0,25.2,21.2,997,0,1006.8,0,0,0,.19,0,10,10,As,28,941,,19,24,0,23.8,24.1,24.2,24.8
108,서울,2017-07-11 09:00,23.3,0,0,0,1.9,0,200,0,90,0,25.6,21.5,997.5,0,1007.2,0,0,0,.31,0,10,5,ScAs,10,412,,1901,24.7,0,24.3,24.2,24.2,24.8
108,서울,2017-07-11 10:00,24.7,0,0,0,1.9,0,200,0,80,0,24.9,21,997.4,0,1007.1,0,.4,0,1.26,0,9,9,Sc,10,959,,1901,28.9,0,25.8,24.4,24.2,24.7
108,서울,2017-07-11 11:00,25.6,0,,9,1.4,0,250,0,76,0,24.9,21,997.8,0,1007.5,0,.3,0,1.12,0,9,9,Sc,10,1218,,19,30.3,0,26.7,24.9,24.2,24.7
108,서울,2017-07-11 12:00,27.2,0,,9,2.2,0,230,0,68,0,24.4,20.7,997.8,0,1007.4,0,.8,0,1.89,0,8,8,Sc,12,1324,,,34.7,0,28.2,25.5,24.4,24.7
108,서울,2017-07-11 13:00,28.3,0,,9,1.5,0,230,0,67,0,25.6,21.5,997.7,0,1007.3,0,1,0,1.93,0,8,8,Sc,12,1075,,,34.7,0,29.6,26.3,24.6,24.7
108,서울,2017-07-11 14:00,29.7,0,,9,2.3,0,200,0,57,0,23.7,20.2,997.8,0,1007.3,0,1,0,1.93,0,7,7,Sc,10,953,,40,35.6,0,30.5,27.1,24.8,24.8
108,서울,2017-07-11 15:00,30.2,0,,9,2.6,0,250,0,58,0,24.9,21,997.7,0,1007.3,0,.9,0,1.76,0,6,6,Sc,11,710,,40,34.8,0,31,27.7,25.2,24.9
108,서울,2017-07-11 16:00,30.5,0,,9,1.7,0,230,0,55,0,24,20.4,997.6,0,1007.2,0,.8,0,1.55,0,5,5,Sc,11,648,,40,33,0,31.1,28.2,25.5,25
108,서울,2017-07-11 17:00,30.1,0,,9,4.1,0,200,0,67,0,28.4,23.2,997.5,0,1007.1,0,.4,0,.89,0,7,7,Sc,9,452,,40,30.8,0,30.4,28.5,25.8,25.1
108,서울,2017-07-11 18:00,29.2,0,,9,2.9,0,250,0,71,0,28.6,23.3,997.8,0,1007.4,0,0,0,.62,0,9,9,Sc,10,415,,40,29.5,0,29.7,28.4,26.1,25.3
108,서울,2017-07-11 19:00,28.2,0,,9,3.7,0,200,0,77,0,29.3,23.7,998.2,0,1007.8,0,0,0,.28,0,,9,,5,466,,40,27.8,0,28.8,28.3,26.3,25.5
108,서울,2017-07-11 20:00,27.7,0,,9,1.4,0,230,0,80,0,29.7,23.9,998.6,0,1008.2,0,0,0,.07,0,,9,,4,329,,4019,27.1,0,28.1,28,26.4,25.6
108,서울,2017-07-11 21:00,27.1,0,,9,3,0,250,0,82,0,29.3,23.7,999.2,0,1008.9,0,,9,,9,9,9,Sc,10,249,,19,26.3,0,27.6,27.7,26.4,25.7
108,서울,2017-07-11 22:00,26.6,0,,9,3.1,0,270,0,84,0,29.1,23.6,999.6,0,1009.3,0,,9,,9,,9,,3,234,,19,25.9,0,27.1,27.4,26.3,25.8
108,서울,2017-07-11 23:00,26.3,0,,9,2.5,0,200,0,83,0,28.3,23.1,1000,0,1009.7,0,,9,,9,,,,3,255,,19,25.7,0,26.8,27.2,26.3,25.9
108,서울,2017-07-12 00:00,26.1,0,,9,1.5,0,200,0,85,0,28.6,23.3,1000.2,0,1009.9,0,,9,,9,9,9,,,240,,19,25.6,0,26.6,26.9,26.2,25.9
108,서울,2017-07-12 01:00,26,0,,,1.2,0,230,0,87,0,29.1,23.6,1000.4,0,1010.1,0,,9,,9,,,,2,208,,19,25.4,0,26.4,26.7,26.1,25.9
108,서울,2017-07-12 02:00,25.7,0,,,1.7,0,200,0,87,0,28.6,23.3,1000.5,0,1010.2,0,,9,,9,,9,,2,215,,19,25.3,0,26.2,26.6,26,25.9
108,서울,2017-07-12 03:00,25.4,0,0,0,1.9,0,200,0,89,0,28.8,23.4,1000.4,0,1010.2,0,,9,,9,10,10,St,6,265,,1902,25.2,0,26,26.4,26,25.9
108,서울,2017-07-12 04:00,25.1,0,0,0,2.2,0,230,0,91,0,28.9,23.5,1000.7,0,1010.5,0,,9,,9,10,10,St,6,231,,1902,25.1,0,25.9,26.3,25.9,25.9
108,서울,2017-07-12 05:00,25,0,0,0,1.7,0,250,0,90,0,28.4,23.2,1000.7,0,1010.5,0,,9,,9,10,10,St,6,305,,1902,25,0,25.8,26.2,25.8,25.9
108,서울,2017-07-12 06:00,25,0,0,0,1.3,0,200,0,90,0,28.4,23.2,1000.8,0,1010.6,0,0,0,.03,0,10,10,St,6,354,,1902,25,0,25.7,26.1,25.7,25.8
108,서울,2017-07-12 07:00,25.2,0,0,0,2.4,0,200,0,87,0,27.7,22.8,1000.7,0,1010.5,0,0,0,.21,0,9,9,Sc,10,580,,1902,25.8,0,25.8,26,25.7,25.8
108,서울,2017-07-12 08:00,25.8,0,,9,1.9,0,230,0,80,0,26.4,22,1001,0,1010.7,0,0,0,.63,0,9,9,Sc,10,684,,19,28.2,0,26.4,26,25.6,25.7
108,서울,2017-07-12 09:00,26.4,0,,9,2.1,0,250,0,79,0,27.1,22.4,1001.2,0,1010.9,0,.2,0,.72,0,9,9,Sc,10,694,,19,29.2,0,27,26.2,25.6,25.7
108,서울,2017-07-12 10:00,27.1,0,,9,2.8,0,270,0,75,0,26.8,22.2,1001.3,0,1011,0,.2,0,.97,0,9,9,Sc,10,695,,19,29.9,0,27.9,26.5,25.6,25.7
108,서울,2017-07-12 11:00,27.9,0,,9,2.6,0,270,0,71,0,26.6,22.1,1001.2,0,1010.9,0,.5,0,1.42,0,9,9,Sc,10,543,,19,34.1,0,28.6,26.9,25.7,25.7
108,서울,2017-07-12 12:00,28.4,0,,9,2.2,0,270,0,71,0,27.4,22.6,1001.1,0,1010.7,0,.6,0,1.57,0,8,8,Sc,10,615,,4019,35,0,29.7,27.3,25.8,25.7
108,서울,2017-07-12 13:00,29.5,0,,9,2.7,0,250,0,65,0,26.8,22.2,1000.5,0,1010.1,0,.9,0,2.31,0,4,4,Sc,12,513,,40,38.2,0,31.1,27.9,26,25.7
108,서울,2017-07-12 14:00,30.1,0,,9,2.4,0,200,0,61,0,26,21.7,1000.4,0,1010,0,1,0,2.65,0,6,6,Sc,12,551,,40,36.4,0,32.8,28.8,26.2,25.8
108,서울,2017-07-12 15:00,30.5,0,,9,3.4,0,250,0,58,0,25.2,21.2,1000,0,1009.6,0,.9,0,1.95,0,7,7,Sc,12,750,,40,37.2,0,32.5,29.4,26.5,25.9
108,서울,2017-07-12 16:00,30.9,0,,9,3.1,0,270,0,60,0,26.8,22.2,999.4,0,1009,0,.8,0,1.75,0,5,5,Sc,10,636,,40,35.5,0,32.5,29.8,26.8,26
108,서울,2017-07-12 17:00,30.4,0,,9,2.9,0,270,0,63,0,27.2,22.5,998.9,0,1008.5,0,1,0,1.43,0,6,6,Sc,12,628,,40,32.7,0,32.2,30,27.1,26.2
108,서울,2017-07-12 18:00,29.6,0,,9,3.7,0,270,0,62,0,25.6,21.5,998.9,0,1008.5,0,.5,0,.72,0,5,5,Sc,12,975,,40,29.8,0,30.9,30,27.3,26.3
108,서울,2017-07-12 19:00,28.6,0,,9,2.7,0,270,0,64,0,25,21.1,999.2,0,1008.8,0,1,0,.53,0,,1,,,1498,,40,27.7,0,29.8,29.6,27.5,26.5
108,서울,2017-07-12 20:00,27.4,0,,9,2.3,0,290,0,72,0,26.1,21.8,999.3,0,1009,0,.1,0,.12,0,,0,,,1416,,,26,0,28.5,29.1,27.5,26.6
108,서울,2017-07-12 21:00,26.4,0,,9,1.6,0,270,0,76,0,26.1,21.8,999.7,0,1009.4,0,,9,,9,0,0,,,1229,,,25,0,27.5,28.6,27.4,26.7
108,서울,2017-07-12 22:00,25.8,0,,9,1.7,0,270,0,75,0,24.9,21,999.8,0,1009.5,0,,9,,9,,0,,,1249,,,24.2,0,26.8,28.1,27.3,26.7
108,서울,2017-07-12 23:00,25.4,0,,9,.2,0,0,0,79,0,25.5,21.4,999.7,0,1009.4,0,,9,,9,,0,,,1007,,,23.6,0,26.1,27.7,27.1,26.8
108,서울,2017-07-13 00:00,24.9,0,,9,.7,0,290,0,82,0,25.8,21.6,999.5,0,1009.3,0,,9,,9,0,0,,,929,,19,23.2,0,25.6,27.2,27,26.7
108,서울,2017-07-13 01:00,24.5,0,,,.3,0,0,0,82,0,25.2,21.2,999.3,0,1009,0,,9,,9,,0,,,850,,19,22.6,0,25.2,26.8,26.8,26.7
108,서울,2017-07-13 02:00,24.1,0,,,0,0,0,0,85,0,25.5,21.4,999,0,1008.7,0,,9,,9,,0,,,590,,19,22.3,0,24.8,26.5,26.6,26.6
108,서울,2017-07-13 03:00,23.8,0,,,.1,0,0,0,86,0,25.3,21.3,998.8,0,1008.5,0,,9,,9,0,0,,,495,,19,22,0,24.5,26.2,26.4,26.6
108,서울,2017-07-13 04:00,23.4,0,,,.7,0,50,0,88,0,25.2,21.2,998.6,0,1008.4,0,,9,,9,0,0,,,378,,19,21.8,0,24.2,25.9,26.2,26.5
108,서울,2017-07-13 05:00,23.2,0,,,.5,0,20,0,87,0,24.7,20.9,999,0,1008.8,0,,9,,9,1,1,Sc,10,435,,19,21.7,0,23.9,25.6,26,26.4
108,서울,2017-07-13 06:00,23.1,0,,,.4,0,0,0,87,0,24.6,20.8,999.2,0,1009,0,0,0,.06,0,4,4,Sc,10,495,,19,22,0,23.8,25.4,25.9,26.3
108,서울,2017-07-13 07:00,23.9,0,,,1,0,50,0,81,0,24,20.4,999.3,0,1009,0,.1,0,.36,0,6,6,Sc,10,508,,19,24,0,24.2,25.2,25.7,26.2
108,서울,2017-07-13 08:00,25,0,,,.8,0,20,0,78,0,24.6,20.8,999.4,0,1009.2,0,.4,0,.67,0,6,6,Sc,10,497,,19,26.7,0,25.2,25.3,25.5,26.1
108,서울,2017-07-13 09:00,26.1,0,,,1.4,0,200,0,71,0,24,20.4,999.4,0,1009.1,0,.1,0,.87,0,7,7,Sc,10,465,,19,28.8,0,26.4,25.6,25.5,26
108,서울,2017-07-13 10:00,27.4,0,,,1.9,0,230,0,65,0,23.7,20.2,999.3,0,1009,0,.6,0,1.39,0,8,8,Sc,10,503,,4019,31.8,0,27.8,26,25.5,25.9
108,서울,2017-07-13 11:00,28.9,0,,,1.3,0,230,0,57,0,22.7,19.5,999,0,1008.6,0,1,0,2.21,0,6,6,Sc,10,604,,40,35.7,0,29.8,26.7,25.5,25.9
108,서울,2017-07-13 12:00,29.8,0,,,2.2,0,230,0,58,0,24.3,20.6,998.7,0,1008.3,0,.8,0,2.26,0,5,5,Sc,11,722,,40,35.9,0,31.3,27.6,25.7,25.9
108,서울,2017-07-13 13:00,30.8,0,,,1.7,0,270,0,56,0,24.9,21,998.3,0,1007.9,0,.8,0,2.28,0,7,7,Sc,11,682,,40,37,0,32.4,28.5,26,25.9
108,서울,2017-07-13 14:00,31.3,0,,,2,0,250,0,56,0,25.5,21.4,997.8,0,1007.3,0,.9,0,2.13,0,7,7,Sc,11,548,,40,37.2,0,32.8,29.3,26.4,26
108,서울,2017-07-13 15:00,32,0,,,3.4,0,230,0,54,0,25.6,21.5,997.4,0,1006.9,0,1,0,2.61,0,3,3,Sc,10,675,,40,40,0,33.8,29.9,26.7,26.1
108,서울,2017-07-13 16:00,31.7,0,,,3,0,270,0,54,0,25.2,21.2,997.1,0,1006.6,0,1,0,1.9,0,4,4,Sc,10,602,,40,36.6,0,33.5,30.4,27.1,26.3
108,서울,2017-07-13 17:00,31.5,0,,,1.3,0,250,0,57,0,26.3,21.9,997,0,1006.5,0,.9,0,1.24,0,3,3,Sc,10,679,,40,34,0,32.6,30.6,27.4,26.4
108,서울,2017-07-13 18:00,31.1,0,,,1.9,0,270,0,59,0,26.6,22.1,996.6,0,1006.1,0,.6,0,.7,0,2,2,Sc,9,700,,40,31.4,0,31.6,30.5,27.6,26.6
108,서울,2017-07-13 19:00,30.5,0,,,2.1,0,250,0,60,0,26.1,21.8,996.4,0,1005.9,0,1,0,.44,0,,1,,11,1056,,40,29.2,0,30.5,30.1,27.8,26.8
108,서울,2017-07-13 20:00,29.1,0,,,1.9,0,270,0,67,0,26.9,22.3,996.5,0,1006.1,0,0,0,.11,0,,0,,,967,,40,27.2,0,29.3,29.7,27.8,26.9
108,서울,2017-07-13 21:00,28,0,,,2.5,0,270,0,74,0,27.9,22.9,996.7,0,1006.3,0,,9,,9,0,0,,,706,,40,26,0,28.3,29.2,27.8,27
108,서울,2017-07-13 22:00,27.3,0,,,1.4,0,270,0,76,0,27.4,22.6,996.9,0,1006.5,0,,9,,9,,0,,,565,,40,25.3,0,27.6,28.7,27.7,27.1
108,서울,2017-07-13 23:00,26.8,0,,,1.1,0,290,0,78,0,27.4,22.6,997.1,0,1006.8,0,,9,,9,,0,,,466,,40,24.7,0,27,28.2,27.5,27.1
108,서울,2017-07-14 00:00,26.6,0,,,.3,0,0,0,79,0,27.4,22.6,996.8,0,1006.5,0,,9,,9,0,0,,,447,,40,24.3,0,26.5,27.8,27.4,27.1
108,서울,2017-07-14 01:00,26.4,0,,,.9,0,270,0,77,0,26.4,22,997.1,0,1006.8,0,,9,,9,,8,,10,377,,4019,25.2,0,26.5,27.5,27.2,27
108,서울,2017-07-14 02:00,26.5,0,,,1.2,0,270,0,76,0,26.3,21.9,997.8,0,1007.5,0,,9,,9,,9,,10,406,,19,25.3,0,26.5,27.3,27,27
108,서울,2017-07-14 03:00,26.6,0,,,.6,0,340,0,77,0,26.8,22.2,998.4,0,1008.1,0,,9,,9,9,9,Sc,10,469,,19,25.3,0,26.5,27.2,26.9,26.9
108,서울,2017-07-14 04:00,26.5,0,,,.6,0,50,0,79,0,27.2,22.5,998.3,0,1008,0,,9,,9,8,8,Sc,11,424,,19,25.4,0,26.5,27.1,26.8,26.9
108,서울,2017-07-14 05:00,26.3,0,,,1.5,0,110,0,77,0,26.3,21.9,997.7,0,1007.4,0,,9,,9,9,9,Sc,10,373,,19,24.9,0,26.3,27,26.7,26.8
108,서울,2017-07-14 06:00,26.1,0,,,1.9,0,110,0,79,0,26.6,22.1,997.5,0,1007.2,0,0,0,.05,0,0,0,,,401,,19,24.7,0,26.1,26.8,26.6,26.8
108,서울,2017-07-14 07:00,26.6,0,,,.5,0,20,0,75,0,26,21.7,997.5,0,1007.2,0,0,0,.29,0,8,8,Sc,10,402,,19,26.4,0,26.4,26.7,26.5,26.7
108,서울,2017-07-14 08:00,27.7,0,,,2.7,0,230,0,67,0,24.9,21,997.9,0,1007.5,0,.9,0,.77,0,7,7,Sc,12,671,,4019,28.3,0,27.2,26.7,26.4,26.7
108,서울,2017-07-14 09:00,29,0,,,1.6,0,250,0,60,0,24,20.4,998,0,1007.6,0,.8,0,1.24,0,6,6,Sc,14,844,,40,33,0,28.3,27,26.3,26.6
108,서울,2017-07-14 10:00,29.9,0,,,2.5,0,270,0,60,0,25.2,21.2,997.9,0,1007.5,0,1,0,1.8,0,3,0,Ci,,1030,,40,37,0,29.8,27.5,26.3,26.5
108,서울,2017-07-14 11:00,31.5,0,,,2.9,0,200,0,55,0,25.3,21.3,997.7,0,1007.2,0,1,0,2.56,0,1,0,Ci,,1224,,,41.4,0,31.9,28.2,26.4,26.5
108,서울,2017-07-14 12:00,32.3,0,,,2.5,0,200,0,55,0,26.6,22.1,997.7,0,1007.2,0,.9,0,2.32,0,5,5,Sc,11,1111,,,39.6,0,33.3,29.2,26.7,26.5
108,서울,2017-07-14 13:00,32.1,0,,,3.8,0,270,0,56,0,26.8,22.2,997.5,0,1007,0,.4,0,1.32,0,7,7,CbSc,4,1225,,40,37.2,0,32.7,29.9,27,26.6
108,서울,2017-07-14 14:00,32.7,0,,,3.6,0,230,0,55,0,27.1,22.4,997.5,0,1007,0,.8,0,2.09,0,7,7,CuSc,8,1442,,,43.4,0,33.1,30.2,27.3,26.7
108,서울,2017-07-14 15:00,31.8,0,,,4.8,0,250,0,56,0,26.3,21.9,997.4,0,1006.9,0,.5,0,1.58,0,8,8,CuSc,8,1652,,,37.2,0,33.4,30.7,27.6,26.8
108,서울,2017-07-14 16:00,31.2,0,,,4.7,0,230,0,54,0,24.4,20.7,997.5,0,1007,0,.2,0,.92,0,8,8,CuSc,8,2000,,,35.2,0,32.1,30.7,27.8,27
108,서울,2017-07-14 17:00,29.1,0,,,4.1,0,270,0,74,0,29.7,23.9,997.9,0,1007.5,0,0,0,.47,0,9,9,Sc,10,912,,40,32,0,31.1,30.5,28,27.1
108,서울,2017-07-14 18:00,28.4,0,,,3,0,270,0,74,0,28.6,23.3,997.7,0,1007.3,0,0,0,.24,0,9,9,Sc,10,918,,40,30.2,0,30.3,30.1,28.1,27.2
108,서울,2017-07-14 19:00,28.3,0,,,1.6,0,250,0,70,0,26.8,22.2,997.6,0,1007.2,0,.1,0,.32,0,,5,,7,1474,,40,29.4,0,29.7,29.8,28.1,27.3
108,서울,2017-07-14 20:00,28,0,,,.2,0,0,0,68,0,25.6,21.5,997.9,0,1007.5,0,0,0,.07,0,,4,,11,1825,,,27.9,0,29,29.5,28,27.4
108,서울,2017-07-14 21:00,27.9,0,,,1.1,0,110,0,69,0,25.8,21.6,998.3,0,1007.9,0,,9,,9,9,9,Sc,10,1545,,,27.3,0,28.4,29.1,27.9,27.4
108,서울,2017-07-14 22:00,28.1,0,,,2,0,160,0,66,0,25,21.1,998.9,0,1008.5,0,,9,,9,,1,,10,1701,,,26.7,0,28,28.8,27.8,27.4
108,서울,2017-07-14 23:00,27.8,0,0,0,2.4,0,110,0,73,0,27.2,22.5,998.8,0,1008.4,0,,9,,9,8,8,Sc,10,1321,,01,26.5,0,27.8,28.5,27.7,27.4
108,서울,2017-07-15 00:00,27.3,0,0,0,1.9,0,140,0,77,0,27.9,22.9,998.6,0,1008.3,0,,9,,9,10,7,ScAs,10,984,,1901,26.3,0,27.5,28.2,27.6,27.4
108,서울,2017-07-15 01:00,27,0,0,0,2.5,0,160,0,78,0,27.7,22.8,998.4,0,1008.1,0,,9,,9,10,7,ScAs,10,1122,,1901,26.1,0,27.3,28,27.5,27.4
108,서울,2017-07-15 02:00,26.7,0,0,0,2,0,200,0,80,0,27.9,22.9,998.5,0,1008.2,0,,9,,9,10,8,ScAs,10,863,,1901,25.9,0,27.1,27.8,27.3,27.3
108,서울,2017-07-15 03:00,25.3,0,2.5,0,1.5,0,200,0,87,0,27.9,22.9,998.2,0,1007.9,0,,9,,9,10,7,StNs,6,686,,1901,25.2,0,26.7,27.7,27.2,27.3
108,서울,2017-07-15 04:00,24.5,0,6.5,0,3.1,0,250,0,92,0,28.3,23.1,998,0,1007.7,0,,9,,9,10,8,StNs,6,421,,1901,24.6,0,26.1,27.4,27.1,27.2
108,서울,2017-07-15 05:00,23.6,0,15,0,1.2,0,290,0,99,0,28.8,23.4,997.9,0,1007.6,0,,9,,9,10,8,StNs,6,125,,1901,23.5,0,24.8,26.8,27,27.2
108,서울,2017-07-15 06:00,23.6,0,3.5,0,.9,0,290,0,99,0,28.8,23.4,998.3,0,1008,0,0,0,.03,0,10,7,ScAs,10,1939,,1901,24,0,24.7,26.2,26.7,27.1
108,서울,2017-07-15 07:00,23.6,0,0,0,.6,0,230,0,93,0,26.9,22.3,998.5,0,1008.2,0,0,0,.09,0,10,7,StNs,8,1762,,01,24.2,0,25,26.1,26.4,27
108,서울,2017-07-15 08:00,24.3,0,0,0,1.1,0,160,0,90,0,27.2,22.5,998.9,0,1008.6,0,0,0,.38,0,10,7,ScAs,10,1559,,01,26.3,0,25.6,26.1,26.3,26.9
108,서울,2017-07-15 09:00,24.8,0,,9,3,0,200,0,86,0,26.8,22.2,998.9,0,1008.7,0,0,0,.42,0,10,7,ScAs,10,846,,19,26.3,0,26.1,26.2,26.2,26.8
108,서울,2017-07-15 10:00,25.2,0,,9,1.8,0,230,0,82,0,26.3,21.9,999.3,0,1009.1,0,0,0,.54,0,10,7,ScAs,10,1061,,19,27.4,0,26.5,26.4,26.1,26.7
108,서울,2017-07-15 11:00,26.3,0,,9,2.7,0,250,0,77,0,26.3,21.9,999.3,0,1009,0,.1,0,.98,0,10,5,ScAs,10,1006,,,31.2,0,27.3,26.6,26.1,26.6
108,서울,2017-07-15 12:00,26.6,0,0,0,2.6,0,230,0,80,0,27.7,22.8,999.1,0,1008.8,0,.4,0,1.12,0,10,7,ScAs,10,757,,1901,29.2,0,28.3,27,26.2,26.6
108,서울,2017-07-15 13:00,26,0,0,0,4,0,200,0,83,0,27.7,22.8,999.2,0,1008.9,0,0,0,.65,0,10,7,ScAs,10,846,,1901,28,0,28,27.3,26.2,26.6
108,서울,2017-07-15 14:00,25.8,0,0,0,3.6,0,230,0,85,0,28.1,23,999.3,0,1009,0,0,0,.48,0,10,7,ScAs,10,1215,,1901,28,0,27.7,27.4,26.4,26.6
108,서울,2017-07-15 15:00,25.3,0,1.5,0,3,0,250,0,89,0,28.6,23.3,999.3,0,1009,0,0,0,.21,0,10,7,StNs,8,582,,1901,26.4,0,27.2,27.4,26.4,26.6
108,서울,2017-07-15 16:00,24.9,0,5.5,0,3.3,0,230,0,92,0,28.9,23.5,999.4,0,1009.2,0,0,0,.11,0,10,7,StNs,7,599,,1901,25.7,0,26.5,27.2,26.5,26.6
108,서울,2017-07-15 17:00,24.9,0,0,0,3.7,0,230,0,88,0,27.6,22.7,999.4,0,1009.2,0,0,0,.13,0,10,7,ScAs,10,1265,,1901,25.4,0,26.3,27,26.5,26.6
108,서울,2017-07-15 18:00,25.2,0,,9,2.6,0,250,0,87,0,27.7,22.8,999.1,0,1008.9,0,0,0,.33,0,10,7,ScAs,10,1372,,,26.2,0,26.5,26.8,26.4,26.6
108,서울,2017-07-15 19:00,25.3,0,0,0,2.3,0,230,0,85,0,27.2,22.5,1000,0,1009.8,0,0,0,.14,0,10,7,ScAs,10,1824,,01,25.8,0,26.5,26.8,26.3,26.6
108,서울,2017-07-15 20:00,24.9,0,.5,0,2.8,0,200,0,90,0,28.3,23.1,1000.7,0,1010.5,0,0,0,.04,0,10,6,StNs,7,816,,1901,25.1,0,26.2,26.7,26.3,26.6
108,서울,2017-07-15 21:00,24.6,0,.5,0,1.9,0,200,0,91,0,28.1,23,1001.1,0,1010.8,0,,9,,9,10,7,StNs,7,905,,1901,24.8,0,25.9,26.6,26.3,26.6
108,서울,2017-07-15 22:00,24.5,0,1,0,1.7,0,250,0,91,0,27.9,22.9,1001.8,0,1011.5,0,,9,,9,10,7,StNs,7,593,,1901,24.6,0,25.7,26.5,26.2,26.6
108,서울,2017-07-15 23:00,24.2,0,6,0,1.7,0,270,0,93,0,27.9,22.9,1001.9,0,1011.6,0,,9,,9,10,8,StNs,7,677,,1901,24.4,0,25.3,26.3,26.1,26.5
108,서울,2017-07-16 00:00,24.3,0,0,0,.9,0,320,0,93,0,28.1,23,1001.7,0,1011.4,0,,9,,9,10,7,ScAs,10,457,,1901,24.5,0,25.4,26.1,26,26.5
108,서울,2017-07-16 01:00,24.2,0,1,0,0,0,0,0,97,0,29.1,23.6,1001.1,0,1010.8,0,,9,,9,10,7,StNs,7,414,,1901,24.5,0,25.4,26,26,26.4
108,서울,2017-07-16 02:00,24.2,0,0,0,1.2,0,50,0,99,0,29.8,24,1000.6,0,1010.3,0,,9,,9,10,7,ScAs,10,286,,1901,24.5,0,25.3,26,25.9,26.4
108,서울,2017-07-16 03:00,23.8,0,2,0,1.6,0,50,0,99,0,29.1,23.6,1000.5,0,1010.2,0,,9,,9,10,7,CbStNs,4,237,,1901,24.2,0,25.2,25.9,25.8,26.3
108,서울,2017-07-16 04:00,23.5,0,5.5,0,2.8,0,50,0,99,0,28.6,23.3,999.5,0,1009.3,0,,9,,9,10,8,CbStNs,4,285,,1901,23.8,0,24.9,25.8,25.7,26.3
108,서울,2017-07-16 05:00,23.4,0,11.5,0,.2,0,0,0,100,0,28.6,23.3,1000.6,0,1010.4,0,,9,,9,10,8,StNs,7,178,,1901,23.6,0,24.4,25.4,25.6,26.2
108,서울,2017-07-16 06:00,23.4,0,2.5,0,1.2,0,270,0,100,0,28.6,23.3,1000.9,0,1010.7,0,0,0,.03,0,10,5,StNs,7,1373,,1901,23.6,0,24.3,25.2,25.5,26.2
108,서울,2017-07-16 07:00,23.6,0,0,0,1.5,0,70,0,100,0,28.9,23.5,1000.9,0,1010.7,0,0,0,.15,0,10,3,ScAs,10,988,,1901,24.2,0,24.5,25.2,25.4,26.1
108,서울,2017-07-16 08:00,24.1,0,,9,1.1,0,70,0,96,0,28.8,23.4,1001.3,0,1011,0,0,0,.44,0,9,3,ScAc,10,1247,,19,25.9,0,25.1,25.2,25.3,26
108,서울,2017-07-16 09:00,24.8,0,0,0,.5,0,360,0,90,0,28.1,23,1001.9,0,1011.7,0,0,0,.62,0,10,4,ScAs,9,1223,,01,27.4,0,25.8,25.5,25.2,26
108,서울,2017-07-16 10:00,25.7,0,0,0,.5,0,340,0,80,0,26.3,21.9,1002.2,0,1012,0,0,0,1.07,0,9,4,ScAs,10,1988,,01,29.8,0,27,25.7,25.3,25.9
108,서울,2017-07-16 11:00,27,0,,9,1.2,0,180,0,73,0,26,21.7,1002.4,0,1012.1,0,.2,0,1.48,0,9,4,ScCc,10,2000,,,31.6,0,28.3,26.3,25.3,25.9
108,서울,2017-07-16 12:00,28.1,0,,9,1.5,0,230,0,67,0,25.3,21.3,1002.7,0,1012.4,0,.6,0,1.78,0,9,6,ScCc,10,2000,,,33.5,0,29.8,26.9,25.4,25.8
108,서울,2017-07-16 13:00,28.4,0,,9,2.2,0,200,0,69,0,26.6,22.1,1003,0,1012.6,0,.1,0,1.1,0,9,7,ScCs,10,2000,,,31.3,0,29.9,27.5,25.7,25.9
108,서울,2017-07-16 14:00,28.5,0,,9,2,0,200,0,72,0,27.9,22.9,1002.5,0,1012.1,0,0,0,.83,0,9,5,ScCs,10,1951,,,31.6,0,29.4,27.9,25.9,25.9
108,서울,2017-07-16 15:00,28.7,0,,9,2.2,0,230,0,70,0,27.4,22.6,1001.8,0,1011.4,0,0,0,.96,0,9,5,ScCs,10,1905,,,31.1,0,29.7,28,26.1,26
108,서울,2017-07-16 16:00,28.6,0,,9,2.5,0,230,0,72,0,28.1,23,1001.8,0,1011.4,0,0,0,.88,0,10,6,ScAs,10,1997,,,30.3,0,29.6,28.2,26.3,26.1
108,서울,2017-07-16 17:00,27.9,0,,9,2.4,0,200,0,72,0,26.9,22.3,1000.7,0,1010.3,0,0,0,.5,0,10,2,ScAs,10,1784,,,29.1,0,28.9,28.2,26.5,26.2
108,서울,2017-07-16 18:00,27.8,0,,9,2.8,0,230,0,77,0,28.6,23.3,1001.1,0,1010.8,0,0,0,.38,0,10,7,ScAs,10,1318,,,28.2,0,28.7,28.2,26.6,26.3
108,서울,2017-07-16 19:00,27.3,0,,9,2.1,0,230,0,80,0,28.9,23.5,1001.6,0,1011.3,0,0,0,.21,0,,7,,4,1096,,,27.3,0,28.2,28.1,26.6,26.4
108,서울,2017-07-16 20:00,26.9,0,,9,1,0,270,0,81,0,28.6,23.3,1001.9,0,1011.6,0,0,0,.07,0,,5,,5,1024,,,26.3,0,27.6,27.9,26.7,26.4
108,서울,2017-07-16 21:00,26.6,0,,9,1.9,0,250,0,81,0,28.1,23,1002.4,0,1012.1,0,,9,,9,9,3,ScAcCi,10,1629,,,25.7,0,27.1,27.6,26.6,26.5
108,서울,2017-07-16 22:00,26.5,0,,9,1.7,0,250,0,82,0,28.3,23.1,1003.2,0,1012.9,0,,9,,9,,1,,5,1571,,,25.6,0,26.8,27.4,26.6,26.5
108,서울,2017-07-16 23:00,26.4,0,,9,1.2,0,230,0,82,0,28.1,23,1003.1,0,1012.8,0,,9,,9,,2,,6,1820,,,25.3,0,26.6,27.2,26.5,26.5
108,서울,2017-07-17 00:00,26.3,0,,9,.1,0,0,0,83,0,28.3,23.1,1003.3,0,1013,0,,9,,9,8,2,ScAc,10,1781,,,25.3,0,26.4,27,26.5,26.5
108,서울,2017-07-17 01:00,26.3,0,,,1.3,0,200,0,83,0,28.3,23.1,1002.8,0,1012.5,0,,9,,9,,2,,,1876,,,25.2,0,26.3,26.8,26.4,26.5
108,서울,2017-07-17 02:00,26.3,0,,,.1,0,0,0,83,0,28.3,23.1,1002.7,0,1012.4,0,,9,,9,,6,,4,1591,,,25.3,0,26.2,26.7,26.3,26.5
108,서울,2017-07-17 03:00,26.2,0,,,.7,0,200,0,83,0,28.1,23,1002.4,0,1012.1,0,,9,,9,8,4,ScAc,10,1433,,,25.2,0,26.2,26.6,26.2,26.5
108,서울,2017-07-17 04:00,26.2,0,,,1.4,0,200,0,84,0,28.4,23.2,1002,0,1011.7,0,,9,,9,9,6,ScAs,10,1349,,,25.2,0,26.1,26.6,26.2,26.4
108,서울,2017-07-17 05:00,26.1,0,,,1.7,0,200,0,84,0,28.3,23.1,1002.1,0,1011.8,0,,9,,9,10,7,ScAs,10,1153,,,25.2,0,26.1,26.5,26.1,26.4
108,서울,2017-07-17 06:00,26,0,,,2,0,200,0,85,0,28.4,23.2,1002,0,1011.7,0,0,0,.04,0,9,7,ScCi,10,1075,,,25.1,0,26,26.4,26,26.4
108,서울,2017-07-17 07:00,26.2,0,,,1.6,0,230,0,84,0,28.4,23.2,1002.1,0,1011.8,0,0,0,.18,0,9,3,ScAcCi,10,1229,,,25.9,0,26.1,26.4,26,26.4
108,서울,2017-07-17 08:00,26.7,0,,,1.6,0,200,0,79,0,27.6,22.7,1002.4,0,1012.1,0,0,0,.52,0,9,6,ScCi,10,1749,,,27.8,0,26.6,26.4,25.9,26.3
108,서울,2017-07-17 09:00,27.5,0,,,2.6,0,200,0,72,0,26.3,21.9,1002.5,0,1012.2,0,0,0,.96,0,10,4,ScAs,10,1961,,,29.7,0,27.6,26.6,25.9,26.3
108,서울,2017-07-17 10:00,27.9,0,,,3,0,250,0,73,0,27.4,22.6,1002.6,0,1012.3,0,0,0,.98,0,10,5,ScAs,10,1679,,,30.6,0,28.2,26.9,25.9,26.2
108,서울,2017-07-17 11:00,28.7,0,,,1.8,0,230,0,67,0,26.3,21.9,1002.7,0,1012.3,0,0,0,1.21,0,10,8,ScAs,10,1922,,,31.8,0,28.9,27.3,26,26.3
108,서울,2017-07-17 12:00,29,0,,,3,0,250,0,70,0,27.9,22.9,1002.1,0,1011.7,0,0,0,1.07,0,10,8,ScAs,10,1312,,,31.9,0,29.4,27.6,26.1,26.2
108,서울,2017-07-17 13:00,28.8,0,,,3.6,0,230,0,72,0,28.4,23.2,1002.2,0,1011.8,0,0,0,.97,0,10,8,ScAs,10,1388,,,31.1,0,29.6,27.9,26.3,26.3
108,서울,2017-07-17 14:00,27.1,0,6.5,0,3.7,0,230,0,84,0,30,24.1,1002,0,1011.7,0,0,0,.81,0,9,9,CuSc,4,1358,,04,28.8,0,28.8,28.2,26.4,26.3
108,서울,2017-07-17 15:00,28,0,0,0,2.8,0,200,0,74,0,27.9,22.9,1001.6,0,1011.3,0,.2,0,1.4,0,7,4,ScAc,10,1969,,04,32.4,0,29.4,28.2,26.6,26.4
108,서울,2017-07-17 16:00,28.1,0,,9,2.9,0,230,0,67,0,25.3,21.3,1000.9,0,1010.5,0,0,0,1.17,0,8,3,ScAc,10,2000,,,31.5,0,29.6,28.4,26.7,26.4
108,서울,2017-07-17 17:00,28.1,0,,9,2.2,0,250,0,69,0,26.1,21.8,1001.2,0,1010.8,0,.1,0,.99,0,6,6,Sc,10,2000,,,30,0,29.6,28.5,26.8,26.5
108,서울,2017-07-17 18:00,27.4,0,,9,3.1,0,250,0,68,0,24.7,20.9,1001.2,0,1010.9,0,0,0,.48,0,10,7,ScAs,10,2000,,,28.3,0,29.1,28.6,26.9,26.6
108,서울,2017-07-17 19:00,26.7,0,,9,2.1,0,200,0,71,0,24.7,20.9,1001,0,1010.7,0,0,0,.31,0,,0,,,2000,,,26.9,0,28.4,28.4,27,26.7
108,서울,2017-07-17 20:00,26.2,0,,9,1.7,0,230,0,71,0,24.1,20.5,1001.5,0,1011.2,0,0,0,.09,0,,0,,,2000,,,25.7,0,27.6,28.2,27,26.7
108,서울,2017-07-17 21:00,25.9,0,,9,1.4,0,270,0,74,0,24.7,20.9,1001.9,0,1011.6,0,,9,,9,9,9,Sc,10,1942,,,25.2,0,27,27.8,27,26.8
108,서울,2017-07-17 22:00,25.9,0,,9,1.3,0,250,0,74,0,24.7,20.9,1002,0,1011.7,0,,9,,9,,10,,6,1596,,,25.4,0,26.8,27.6,26.9,26.8
108,서울,2017-07-17 23:00,25,0,0,0,2.8,0,230,0,89,0,28.1,23,1002.1,0,1011.9,0,,9,,9,10,6,ScAs,10,344,,1901,25,0,26.5,27.3,26.8,26.8
108,서울,2017-07-18 00:00,24,0,1,0,.9,0,230,0,92,0,27.4,22.6,1001.8,0,1011.6,0,,9,,9,10,7,StNs,7,344,,1901,24.7,0,26.1,27.1,26.7,26.8
108,서울,2017-07-18 01:00,23.9,0,.2,0,2,0,270,0,91,0,26.9,22.3,1001.4,0,1011.2,0,,9,,9,10,6,StNs,7,551,,1901,24.6,0,25.9,26.9,26.6,26.8
108,서울,2017-07-18 02:00,24,0,.3,0,1.6,0,230,0,91,0,27.1,22.4,1001.1,0,1010.8,0,,9,,9,10,6,ScAs,10,542,,1901,24.5,0,25.7,26.7,26.5,26.7
108,서울,2017-07-18 03:00,23.9,0,.5,0,.9,0,250,0,91,0,26.9,22.3,1000.8,0,1010.5,0,,9,,9,10,6,StNs,8,290,,1901,24.5,0,25.6,26.5,26.4,26.7
108,서울,2017-07-18 04:00,23.9,0,0,0,1.4,0,200,0,91,0,26.9,22.3,1000.5,0,1010.2,0,,9,,9,10,10,St,6,330,,190201,24.5,0,25.6,26.4,26.3,26.6
108,서울,2017-07-18 05:00,24,0,0,0,.4,0,0,0,91,0,27.1,22.4,1000.5,0,1010.2,0,,9,,9,10,10,St,6,336,,1902,24.6,0,25.5,26.3,26.2,26.6
108,서울,2017-07-18 06:00,23.9,0,1,0,.1,0,0,0,94,0,27.7,22.8,1000.4,0,1010.1,0,0,0,.01,0,10,8,StNs,8,139,,190201,24.6,0,25.5,26.2,26.1,26.5
108,서울,2017-07-18 07:00,24,0,0,0,.1,0,0,0,99,0,29.5,23.8,1000.8,0,1010.5,0,0,0,.07,0,10,8,StNs,6,159,,1901,24.9,0,25.5,26.1,26,26.5
108,서울,2017-07-18 08:00,24.2,0,0,0,.6,0,200,0,96,0,28.9,23.5,1000.8,0,1010.5,0,0,0,.16,0,10,10,St,6,404,,190201,25.4,0,25.7,26.1,25.9,26.4
108,서울,2017-07-18 09:00,24.6,0,.5,0,.7,0,200,0,92,0,28.4,23.2,1000.6,0,1010.3,0,0,0,.27,0,10,10,St,6,392,,1902,26.7,0,25.9,26.1,25.9,26.4
108,서울,2017-07-18 10:00,25.3,0,0,0,1.3,0,230,0,87,0,27.9,22.9,1000.5,0,1010.3,0,0,0,.63,0,9,9,St,7,515,,1902,28.6,0,26.5,26.2,25.8,26.3
108,서울,2017-07-18 11:00,25.7,0,,9,1.7,0,230,0,84,0,27.6,22.7,1000.5,0,1010.2,0,0,0,.68,0,10,10,St,8,599,,19,28,0,27.1,26.5,25.8,26.3
108,서울,2017-07-18 12:00,27.1,0,,9,.8,0,250,0,76,0,27.1,22.4,1000,0,1009.7,0,0,0,1.18,0,9,9,CuSc,4,768,,19,31.6,0,28.2,26.7,25.9,26.3
108,서울,2017-07-18 13:00,28.4,0,,9,1.3,0,250,0,70,0,26.9,22.3,999.6,0,1009.2,0,.3,0,1.6,0,9,9,CuSc,4,885,,4019,34.1,0,29.5,27.2,25.9,26.2
108,서울,2017-07-18 14:00,28.8,0,,9,2,0,230,0,69,0,27.2,22.5,999.2,0,1008.8,0,.2,0,1.19,0,9,9,CuSc,4,598,,40,32.4,0,30,27.8,26.1,26.2
108,서울,2017-07-18 15:00,29.3,0,,9,2.3,0,290,0,69,0,28.1,23,998.8,0,1008.4,0,.3,0,1.22,0,9,9,CuSc,4,763,,40,32.3,0,30.4,28.2,26.3,26.3
108,서울,2017-07-18 16:00,30.2,0,,9,2.2,0,270,0,64,0,27.4,22.6,998.4,0,1008,0,.6,0,1.37,0,7,7,CuSc,7,1336,,40,33.4,0,30.8,28.5,26.5,26.4
108,서울,2017-07-18 17:00,30.3,0,,9,3.5,0,270,0,64,0,27.6,22.7,998.2,0,1007.8,0,1,0,1.44,0,6,6,CuSc,7,1685,,,31.7,0,31.1,28.9,26.7,26.4
108,서울,2017-07-18 18:00,30,0,,9,2.7,0,270,0,63,0,26.6,22.1,998,0,1007.6,0,1,0,.93,0,6,3,ScCi,18,1985,,,29.9,0,30.5,29,26.9,26.5
108,서울,2017-07-18 19:00,29.7,0,,9,2.2,0,270,0,67,0,27.9,22.9,998.1,0,1007.6,0,.9,0,.59,0,,7,,17,1994,,,29.2,0,29.8,29,27,26.6
108,서울,2017-07-18 20:00,28.6,0,,9,1.9,0,250,0,73,0,28.4,23.2,998.1,0,1007.7,0,0,0,.16,0,,9,,16,1983,,,27.5,0,29,28.9,27.1,26.7
108,서울,2017-07-18 21:00,27.7,0,,9,1.6,0,290,0,75,0,27.7,22.8,998.6,0,1008.2,0,,9,,9,2,2,Sc,10,1971,,,26.3,0,28.1,28.6,27.2,26.8
108,서울,2017-07-18 22:00,26.6,0,,9,2.2,0,290,0,81,0,28.1,23,999,0,1008.7,0,,9,,9,,0,,,1583,,,25.5,0,27.4,28.2,27.1,26.9
108,서울,2017-07-18 23:00,25.9,0,,9,2.3,0,290,0,85,0,28.3,23.1,998.8,0,1008.5,0,,9,,9,,1,,,1157,,,25,0,26.9,27.8,27.1,26.9
108,서울,2017-07-19 00:00,25.5,0,,9,2,0,270,0,85,0,27.6,22.7,998.8,0,1008.5,0,,9,,9,3,3,Sc,10,1191,,,24.5,0,26.4,27.5,27,26.9
108,서울,2017-07-19 01:00,25.2,0,,,1.3,0,270,0,88,0,28.1,23,998.4,0,1008.1,0,,9,,9,,6,,3,618,,19,24.3,0,26.1,27.2,26.8,26.9
108,서울,2017-07-19 02:00,25.1,0,,,1.4,0,270,0,88,0,27.9,22.9,998.3,0,1008,0,,9,,9,,9,,,542,,19,24.8,0,26,27,26.7,26.9
108,서울,2017-07-19 03:00,25.1,0,,,2.1,0,250,0,85,0,26.9,22.3,998.8,0,1008.6,0,,9,,9,9,9,Sc,10,440,,19,24.9,0,26.1,26.8,26.6,26.8
108,서울,2017-07-19 04:00,24.8,0,,,1.9,0,250,0,87,0,27.1,22.4,998.7,0,1008.5,0,,9,,9,10,10,St,6,420,,19,24.8,0,26,26.7,26.5,26.8
108,서울,2017-07-19 05:00,24.6,0,,,.9,0,320,0,87,0,26.8,22.2,998.8,0,1008.5,0,,9,,9,10,10,St,6,424,,19,24.8,0,25.9,26.6,26.4,26.7
108,서울,2017-07-19 06:00,24.6,0,,,.8,0,270,0,87,0,26.8,22.2,998.7,0,1008.4,0,0,0,.04,0,8,8,Sc,10,477,,19,24.7,0,25.8,26.5,26.3,26.7
108,서울,2017-07-19 07:00,24.7,0,,,1.9,0,290,0,84,0,26.1,21.8,998.9,0,1008.6,0,0,0,.25,0,9,9,Sc,10,515,,19,25.3,0,25.8,26.4,26.2,26.6
108,서울,2017-07-19 08:00,25.1,0,,,2.2,0,290,0,82,0,26.1,21.8,999.1,0,1008.9,0,0,0,.42,0,8,8,Sc,10,568,,19,26.7,0,26.3,26.4,26.1,26.6
108,서울,2017-07-19 09:00,25.6,0,,,1.5,0,270,0,79,0,25.8,21.6,998.8,0,1008.5,0,.1,0,.63,0,7,6,ScCi,11,602,,19,29.1,0,26.7,26.5,26.1,26.5
108,서울,2017-07-19 10:00,27.5,0,,,1,0,20,0,68,0,24.9,21,998.4,0,1008,0,.6,0,1.64,0,8,8,Sc,13,871,,4019,32.2,0,28.5,26.8,26,26.4
108,서울,2017-07-19 11:00,29.6,0,,,1.5,0,50,0,60,0,24.9,21,997.9,0,1007.4,0,.8,0,2.55,0,3,3,Sc,10,1300,,40,38.5,0,30.6,27.4,26.1,26.4
108,서울,2017-07-19 12:00,30.9,0,,,1.1,0,70,0,60,0,26.8,22.2,997.4,0,1006.9,0,1,0,2.93,0,2,2,Sc,10,1163,,,40.2,0,32.8,28.5,26.2,26.4
108,서울,2017-07-19 13:00,32.4,0,,,1.8,0,180,0,56,0,27.1,22.4,997,0,1006.5,0,1,0,3.03,0,6,5,CuScCi,8,1052,,,39.4,0,34.9,29.6,26.6,26.4
108,서울,2017-07-19 14:00,32.9,0,,,1.4,0,230,0,51,0,25.5,21.4,996.3,0,1005.8,0,.7,0,2.34,0,4,4,Sc,12,1192,,,40,0,34.7,30.5,27,26.5
108,서울,2017-07-19 15:00,33.6,0,,,1.2,0,90,0,49,0,25.5,21.4,995.5,0,1004.9,0,.9,0,2.18,0,6,3,ScCi,12,1490,,,37.8,0,35.3,31.2,27.4,26.7
108,서울,2017-07-19 16:00,33.5,0,,,2.5,0,290,0,56,0,28.9,23.5,995.3,0,1004.7,0,1,0,1.9,0,7,2,ScCi,13,1094,,,36.2,0,35.2,31.6,27.8,26.8
108,서울,2017-07-19 17:00,31.9,0,,,3.8,0,290,0,64,0,30.2,24.2,995.2,0,1004.7,0,.8,0,1.23,0,8,1,ScCi,12,806,,40,33.7,0,34,31.7,28.2,27.1
108,서울,2017-07-19 18:00,30.3,0,,,3.8,0,270,0,66,0,28.4,23.2,995,0,1004.5,0,.1,0,.75,0,9,1,ScCi,10,729,,40,31.2,0,32.5,31.5,28.4,27.3
108,서울,2017-07-19 19:00,29.6,0,,,3.1,0,270,0,67,0,27.7,22.8,995.3,0,1004.8,0,0,0,.47,0,,3,,10,757,,40,29.2,0,31.3,31.1,28.6,27.4
108,서울,2017-07-19 20:00,28.9,0,,,2.5,0,250,0,66,0,26.3,21.9,995.9,0,1005.5,0,0,0,.07,0,,9,,12,678,,40,27.6,0,30,30.6,28.6,27.6
108,서울,2017-07-19 21:00,28.5,0,,,2.3,0,270,0,72,0,27.9,22.9,996.4,0,1006,0,,9,,9,4,4,Ac,32,694,,40,26.7,0,29.2,30.1,28.5,27.7
108,서울,2017-07-19 22:00,28.2,0,,,.5,0,360,0,74,0,28.3,23.1,996.8,0,1006.4,0,,9,,9,,9,,12,662,,40,26.6,0,28.6,29.6,28.4,27.8
108,서울,2017-07-19 23:00,28.2,0,,,.4,0,0,0,72,0,27.4,22.6,996.8,0,1006.4,0,,9,,9,,9,,12,632,,40,26.9,0,28.3,29.2,28.2,27.8
108,서울,2017-07-20 00:00,28,0,,,.5,0,290,0,73,0,27.4,22.6,996.4,0,1006,0,,9,,9,2,2,Sc,12,674,,40,26.1,0,28.1,28.9,28.1,27.8
108,서울,2017-07-20 01:00,27,0,,,2,0,250,0,81,0,28.8,23.4,996.3,0,1005.9,0,,9,,9,,8,,8,524,,4019,25.2,0,27.6,28.6,27.9,27.8
108,서울,2017-07-20 02:00,26.5,0,,,1,0,270,0,79,0,27.2,22.5,996.1,0,1005.8,0,,9,,9,,3,,11,703,,19,24.8,0,27.1,28.3,27.7,27.7
108,서울,2017-07-20 03:00,26.4,0,,,.1,0,0,0,81,0,27.7,22.8,996.2,0,1005.9,0,,9,,9,2,2,Sc,11,741,,19,24.5,0,26.7,28,27.6,27.7
108,서울,2017-07-20 04:00,26.1,0,,,.3,0,0,0,81,0,27.2,22.5,996.2,0,1005.9,0,,9,,9,8,8,Sc,12,709,,19,24.9,0,26.5,27.7,27.4,27.6
108,서울,2017-07-20 05:00,26.1,0,,,.3,0,0,0,81,0,27.2,22.5,996.8,0,1006.5,0,,9,,9,9,9,Sc,13,514,,19,24.5,0,26.4,27.5,27.3,27.5
108,서울,2017-07-20 06:00,26,0,,,2,0,270,0,78,0,26.1,21.8,997.4,0,1007.1,0,0,0,.03,0,8,0,Ci,,469,,19,24.8,0,26.3,27.3,27.1,27.5
108,서울,2017-07-20 07:00,26.2,0,,,1.4,0,270,0,73,0,24.7,20.9,998,0,1007.7,0,0,0,.27,0,9,9,Sc,11,648,,19,26.5,0,26.5,27.2,27,27.4
108,서울,2017-07-20 08:00,27,0,,,2.1,0,250,0,75,0,26.6,22.1,998.3,0,1008,0,.4,0,.75,0,4,4,St,6,429,,19,29.2,0,27.2,27.2,26.9,27.3
108,서울,2017-07-20 09:00,27.9,0,,,2,0,230,0,73,0,27.4,22.6,998,0,1007.6,0,.9,0,1.14,0,2,2,Sc,10,336,,19,32.4,0,28.3,27.4,26.8,27.2
108,서울,2017-07-20 10:00,29.7,0,,,1.8,0,200,0,64,0,26.6,22.1,997.8,0,1007.3,0,1,0,2.07,0,2,2,Sc,10,489,,4019,38.6,0,30.4,27.8,26.7,27.1
108,서울,2017-07-20 11:00,31.1,0,,,2.9,0,200,0,62,0,27.9,22.9,997.5,0,1007,0,1,0,2.3,0,3,3,Sc,8,520,,40,40.3,0,32.2,28.7,26.8,27.1
108,서울,2017-07-20 12:00,32,0,,,1.8,0,230,0,56,0,26.6,22.1,997.2,0,1006.7,0,1,0,2.19,0,3,3,Sc,9,605,,40,41,0,33.4,29.6,27.1,27.1
108,서울,2017-07-20 13:00,32.4,0,,,2.8,0,230,0,59,0,28.6,23.3,996.5,0,1006,0,.7,0,1.73,0,5,5,Sc,11,604,,40,39.6,0,33.7,30.4,27.4,27.2
108,서울,2017-07-20 14:00,33.9,0,,,2.8,0,180,0,50,0,26.4,22,995.7,0,1005.1,0,1,0,2.89,0,2,2,Sc,10,856,,40,47.5,0,35.6,30.9,27.7,27.3
108,서울,2017-07-20 15:00,34.9,0,,,2.8,0,180,0,48,0,26.8,22.2,995.1,0,1004.5,0,1,0,2.61,0,2,2,Sc,13,913,,40,47.6,0,36.6,31.8,28,27.4
108,서울,2017-07-20 16:00,34.6,0,,,3.4,0,230,0,51,0,27.9,22.9,995.4,0,1004.8,0,1,0,1.89,0,6,6,CuSc,8,1232,,40,42.5,0,36.3,32.4,28.4,27.5
108,서울,2017-07-20 17:00,33.3,0,,,2.7,0,250,0,58,0,29.7,23.9,995.3,0,1004.7,0,.6,0,1.16,0,4,4,Sc,12,979,,40,38,0,35.1,32.6,28.8,27.7
108,서울,2017-07-20 18:00,33.3,0,,,3.6,0,200,0,57,0,29.1,23.6,995.1,0,1004.5,0,1,0,.98,0,1,1,Sc,12,1205,,40,35.2,0,34.1,32.4,29.1,27.9
108,서울,2017-07-20 19:00,32.1,0,,,2.8,0,230,0,62,0,29.5,23.8,995.7,0,1005.2,0,.7,0,.49,0,,,,,961,,40,32.2,0,32.8,32.1,29.2,28.1
108,서울,2017-07-20 20:00,30.7,0,,,2.9,0,250,0,65,0,28.6,23.3,996.1,0,1005.6,0,0,0,.09,0,,0,,,977,,40,29.6,0,31.3,31.7,29.3,28.2
108,서울,2017-07-20 21:00,29.9,0,,,2.4,0,270,0,67,0,28.1,23,996.8,0,1006.4,0,,9,,9,0,0,,,984,,40,28.4,0,30.3,31,29.2,28.3
108,서울,2017-07-20 22:00,29.7,0,,,3.4,0,200,0,66,0,27.4,22.6,997.1,0,1006.6,0,,9,,9,,0,,,1213,,40,27.7,0,29.6,30.5,29.1,28.4
108,서울,2017-07-20 23:00,29.4,0,,,2.6,0,200,0,68,0,27.7,22.8,997.2,0,1006.7,0,,9,,9,,0,,,1026,,,27.2,0,29.1,30.1,28.9,28.4
108,서울,2017-07-21 00:00,29,0,,,2.7,0,250,0,69,0,27.6,22.7,997.3,0,1006.9,0,,9,,9,1,1,Sc,,979,,40,26.8,0,28.7,29.7,28.7,28.4
108,서울,2017-07-21 01:00,28.7,0,,,3.2,0,230,0,69,0,27.1,22.4,997.2,0,1006.8,0,,9,,9,,5,,11,842,,40,26.9,0,28.4,29.3,28.6,28.4
108,서울,2017-07-21 02:00,28.4,0,,,2,0,230,0,70,0,26.9,22.3,996.8,0,1006.4,0,,9,,9,,9,,11,891,,40,26.5,0,28.2,29.1,28.4,28.3
108,서울,2017-07-21 03:00,28.2,0,,,2.7,0,230,0,72,0,27.4,22.6,996.4,0,1006,0,,9,,9,8,8,Sc,10,845,,40,26.6,0,28,28.8,28.3,28.3
108,서울,2017-07-21 04:00,27.8,0,,,2.5,0,250,0,77,0,28.6,23.3,996.7,0,1006.3,0,,9,,9,7,7,Sc,10,630,,40,26.3,0,27.8,28.6,28.1,28.2
108,서울,2017-07-21 05:00,27.5,0,,,3.4,0,200,0,80,0,29.3,23.7,997,0,1006.6,0,,9,,9,7,7,St,8,480,,4019,25.9,0,27.5,28.4,27.9,28.1
108,서울,2017-07-21 06:00,27.3,0,,,2.6,0,230,0,81,0,29.3,23.7,997.8,0,1007.4,0,0,0,.03,0,9,9,St,6,357,,19,26.3,0,27.4,28.2,27.8,28.1
108,서울,2017-07-21 07:00,27.3,0,,,3.2,0,200,0,81,0,29.3,23.7,997.8,0,1007.4,0,0,0,.15,0,9,9,St,6,353,,19,27.1,0,27.5,28.1,27.7,28
108,서울,2017-07-21 08:00,27.8,0,,,2.2,0,200,0,79,0,29.5,23.8,998.4,0,1008,0,0,0,.4,0,9,9,St,6,384,,19,29,0,27.9,28.1,27.5,27.9
108,서울,2017-07-21 09:00,28.2,0,,,2.3,0,200,0,77,0,29.3,23.7,998.5,0,1008.1,0,0,0,.44,0,10,8,ScAs,10,485,,19,29.8,0,28.3,28.1,27.5,27.9
108,서울,2017-07-21 10:00,29.1,0,,,2.7,0,230,0,75,0,30.2,24.2,998.6,0,1008.2,0,0,0,.93,0,10,8,ScAs,10,551,,19,32.6,0,29.4,28.3,27.4,27.8
108,서울,2017-07-21 11:00,30.6,0,,,3,0,200,0,66,0,28.9,23.5,998,0,1007.6,0,.5,0,1.29,0,7,7,Sc,10,718,,4019,40,0,30.5,28.6,27.4,27.7
108,서울,2017-07-21 12:00,31.4,0,,,2.8,0,200,0,67,0,30.7,24.5,998.1,0,1007.6,0,.7,0,1.68,0,8,8,Sc,10,791,,40,38.7,0,32.1,29.3,27.4,27.7
108,서울,2017-07-21 13:00,31.7,0,,,2.2,0,250,0,65,0,30.4,24.3,998,0,1007.5,0,.1,0,1.35,0,10,8,ScAs,10,1246,,40,37.8,0,32.4,29.9,27.6,27.7
108,서울,2017-07-21 14:00,32.2,0,,,2,0,250,0,63,0,30.2,24.2,998,0,1007.5,0,0,0,1.19,0,10,8,ScAs,10,1335,,,39.6,0,32.5,30.3,27.8,27.7
108,서울,2017-07-21 15:00,32,0,,,2.8,0,230,0,65,0,30.7,24.5,997.8,0,1007.3,0,0,0,.99,0,10,8,ScAs,10,968,,40,37.7,0,32.5,30.5,28,27.8
108,서울,2017-07-21 16:00,31.9,0,,,3.1,0,200,0,68,0,32.1,25.2,997.8,0,1007.3,0,0,0,.68,0,8,8,Sc,10,834,,40,35.6,0,32.1,30.6,28.2,27.9
108,서울,2017-07-21 17:00,32.2,0,,,3.3,0,200,0,67,0,32.1,25.2,997.4,0,1006.9,0,.4,0,.9,0,8,8,Sc,10,795,,40,35.3,0,32.4,30.7,28.3,27.9
108,서울,2017-07-21 18:00,31.8,0,,,1.7,0,250,0,69,0,32.2,25.3,997.9,0,1007.4,0,.4,0,.54,0,6,3,ScCi,10,903,,40,32.9,0,31.9,30.7,28.4,28
108,서울,2017-07-21 19:00,31.1,0,,,2,0,230,0,71,0,32.1,25.2,998.1,0,1007.6,0,0,0,.18,0,,9,,,892,,40,30.9,0,31,30.6,28.5,28.1
108,서울,2017-07-21 20:00,30.4,0,,,2.1,0,250,0,74,0,32.1,25.2,998.5,0,1008.1,0,0,0,.06,0,,,,6,725,,40,29.3,0,30.1,30.3,28.5,28.2
108,서울,2017-07-21 21:00,30.1,0,,,2.3,0,200,0,76,0,32.2,25.3,999.5,0,1009.1,0,,9,,9,9,4,ScCi,10,711,,40,28.7,0,29.6,30,28.5,28.2
108,서울,2017-07-21 22:00,29.8,0,,,1.5,0,230,0,77,0,32.2,25.3,999.6,0,1009.2,0,,9,,9,,4,,6,709,,40,28.3,0,29.3,29.7,28.4,28.2
108,서울,2017-07-21 23:00,29.7,0,,,1.3,0,230,0,77,0,32.1,25.2,1000,0,1009.6,0,,9,,9,,4,,8,659,,40,28.1,0,29,29.5,28.3,28.2
108,서울,2017-07-22 00:00,29.5,0,,,1.2,0,230,0,78,0,32.1,25.2,999.9,0,1009.5,0,,9,,9,9,0,Ci,,512,,40,27.7,0,28.7,29.2,28.2,28.2
108,서울,2017-07-22 01:00,29.2,0,,,1.2,0,200,0,76,0,30.7,24.5,999.5,0,1009.1,0,,9,,9,,4,,6,676,,40,27.5,0,28.5,29,28.1,28.2
108,서울,2017-07-22 02:00,28.9,0,,,2.3,0,230,0,75,0,29.8,24,999.6,0,1009.2,0,,9,,9,,4,,11,848,,40,27.2,0,28.3,28.8,28,28.2
108,서울,2017-07-22 03:00,28.7,0,,,1.7,0,230,0,76,0,29.8,24,999.5,0,1009.1,0,,9,,9,10,5,ScAs,11,725,,40,27,0,28.1,28.7,27.9,28.1
108,서울,2017-07-22 04:00,28.5,0,0,0,2.1,0,250,0,78,0,30.2,24.2,999.5,0,1009.1,0,,9,,9,10,6,ScAs,10,536,,401901,26.9,0,27.9,28.5,27.8,28.1
108,서울,2017-07-22 05:00,28.3,0,0,0,1.7,0,200,0,81,0,31.1,24.7,999.8,0,1009.4,0,,9,,9,10,7,ScAs,10,348,,1901,26.9,0,27.8,28.4,27.7,28
108,서울,2017-07-22 06:00,27.9,0,.2,0,1.8,0,230,0,86,0,32.2,25.3,1000,0,1009.6,0,0,0,0,0,10,7,StNs,7,208,,1901,26.7,0,27.7,28.3,27.6,28
108,서울,2017-07-22 07:00,27.7,0,.2,0,1.2,0,250,0,86,0,31.9,25.1,999.9,0,1009.5,0,0,0,.06,0,10,7,ScAs,10,219,,1901,26.8,0,27.5,28.1,27.6,27.9
108,서울,2017-07-22 08:00,27.6,0,0,0,2.4,0,200,0,84,0,30.9,24.6,1000,0,1009.7,0,0,0,.07,0,10,7,ScAs,10,280,,1901,26.9,0,27.5,28.1,27.5,27.9
108,서울,2017-07-22 09:00,27.5,0,0,0,2.5,0,180,0,82,0,30,24.1,1000.4,0,1010.1,0,0,0,.12,0,10,5,ScAs,10,345,,1901,27.1,0,27.5,28,27.4,27.8
108,서울,2017-07-22 10:00,27.8,0,,9,2.1,0,180,0,80,0,29.8,24,1000.5,0,1010.1,0,0,0,.26,0,10,5,ScAs,10,515,,19,28.1,0,27.8,28,27.3,27.8
108,서울,2017-07-22 11:00,28.1,0,,9,2.3,0,200,0,78,0,29.5,23.8,1000.4,0,1010,0,0,0,.35,0,9,5,ScAs,10,559,,19,29.1,0,28,28,27.2,27.7
108,서울,2017-07-22 12:00,29.6,0,,9,2.2,0,230,0,73,0,30.2,24.2,999.8,0,1009.4,0,.1,0,1.29,0,9,5,ScAs,10,640,,19,34.8,0,29.6,28.1,27.2,27.7
108,서울,2017-07-22 13:00,30.8,0,,9,2.8,0,230,0,67,0,29.7,23.9,999.3,0,1008.9,0,0,0,1.51,0,9,5,ScAc,10,687,,4019,37.4,0,31.1,28.6,27.2,27.6
108,서울,2017-07-22 14:00,31.6,0,,9,3.6,0,200,0,65,0,30.2,24.2,998.8,0,1008.3,0,.4,0,1.49,0,8,3,ScAc,10,990,,40,39.4,0,31.8,29.3,27.3,27.6
108,서울,2017-07-22 15:00,32.2,0,,9,3,0,230,0,61,0,29.3,23.7,998.6,0,1008.1,0,.6,0,1.74,0,8,3,ScAc,10,1254,,40,41.3,0,32.8,29.8,27.5,27.6
108,서울,2017-07-22 16:00,32,0,,9,2.9,0,230,0,63,0,29.8,24,998.2,0,1007.7,0,.8,0,1.49,0,5,1,ScCi,10,1065,,,37.7,0,33.2,30.4,27.7,27.7
108,서울,2017-07-22 17:00,31.8,0,,9,2.6,0,200,0,64,0,30,24.1,997.8,0,1007.3,0,0,0,.86,0,6,2,ScCi,10,1145,,,36.6,0,32.4,30.6,28,27.8
108,서울,2017-07-22 18:00,31.2,0,,9,2.5,0,250,0,66,0,29.8,24,997.9,0,1007.4,0,.4,0,.63,0,9,1,ScCi,10,1179,,,33,0,31.9,30.7,28.2,27.8
108,서울,2017-07-22 19:00,30.6,0,,9,2,0,200,0,68,0,29.8,24,998.1,0,1007.7,0,0,0,.12,0,,1,,10,980,,40,30.5,0,30.8,30.5,28.3,28
108,서울,2017-07-22 20:00,30.2,0,,9,3.1,0,200,0,71,0,30.4,24.3,998.3,0,1007.9,0,0,0,.02,0,,3,,19,859,,40,29.2,0,30,30.2,28.4,28
108,서울,2017-07-22 21:00,29.4,0,.1,0,1.9,0,250,0,82,0,33.4,25.9,998.4,0,1008,0,,9,,9,10,6,StNs,6,462,,401901,28.1,0,29.3,29.8,28.3,28.1
108,서울,2017-07-22 22:00,28.8,0,0,0,2.6,0,230,0,83,0,32.8,25.6,998.3,0,1007.9,0,,9,,9,9,7,ScAs,10,416,,1901,27.7,0,28.8,29.5,28.3,28.1
108,서울,2017-07-22 23:00,28.3,0,,9,1.6,0,250,0,81,0,31.1,24.7,998.4,0,1008,0,,9,,9,,5,,4,486,,19,27.2,0,28.6,29.2,28.2,28.2
108,서울,2017-07-23 00:00,28.1,0,0,0,2,0,230,0,80,0,30.4,24.3,997.9,0,1007.5,0,,9,,9,10,6,ScAs,10,570,,1901,26.9,0,28.2,29,28.1,28.1
108,서울,2017-07-23 01:00,27.6,0,.5,0,1.6,0,230,0,82,0,30.2,24.2,997.2,0,1006.8,0,,9,,9,10,7,ScAs,10,474,,1901,26.7,0,27.9,28.7,28,28.1
108,서울,2017-07-23 02:00,27.4,0,,9,2.1,0,230,0,81,0,29.5,23.8,996.6,0,1006.2,0,,9,,9,,1,,5,493,,19,26.4,0,27.7,28.5,27.8,28.1
108,서울,2017-07-23 03:00,27.2,0,,9,2.8,0,250,0,82,0,29.5,23.8,996.4,0,1006,0,,9,,9,10,5,ScAs,10,551,,19,26.2,0,27.6,28.4,27.7,28
108,서울,2017-07-23 04:00,27,0,,9,3.5,0,200,0,84,0,29.8,24,995.6,0,1005.2,0,,9,,9,10,7,ScAs,10,425,,19,26.2,0,27.4,28.2,27.6,28
108,서울,2017-07-23 05:00,27,0,,9,2.8,0,230,0,85,0,30.2,24.2,995.8,0,1005.4,0,,9,,9,10,7,ScAs,10,348,,19,26.2,0,27.4,28,27.5,27.9
108,서울,2017-07-23 06:00,27,0,0,0,2.9,0,200,0,86,0,30.6,24.4,995.5,0,1005.1,0,0,0,0,0,10,8,ScAs,10,302,,1901,26.3,0,27.3,27.9,27.4,27.9
108,서울,2017-07-23 07:00,26.8,0,.5,0,3,0,180,0,89,0,31.3,24.8,995.3,0,1004.9,0,0,0,0,0,10,8,CbStNs,4,210,,1901,26.3,0,27.2,27.8,27.3,27.8
108,서울,2017-07-23 08:00,26.7,0,7,0,.7,0,160,0,91,0,31.9,25.1,995.8,0,1005.5,0,0,0,.03,0,10,8,CbStNs,4,84,,191601,26.2,0,27,27.7,27.3,27.8
108,서울,2017-07-23 09:00,26.5,0,31,0,2,0,200,0,99,0,34.2,26.3,995.9,0,1005.6,0,0,0,.03,0,10,8,CbStNs,4,57,,1601,26,0,26.3,27.1,27.1,27.8
108,서울,2017-07-23 10:00,26.2,0,38,0,2.2,0,180,0,99,0,33.6,26,995.3,0,1005,0,0,0,.06,0,10,9,CbStNs,4,118,,191601,25.9,0,26,26.4,26.4,27.5
108,서울,2017-07-23 11:00,26.3,0,21.5,0,1.5,0,70,0,100,0,34,26.2,995.6,0,1005.3,0,0,0,.1,0,10,6,CbStNs,3,50,,191601,25.9,0,26.1,26.3,26.1,27.2
108,서울,2017-07-23 12:00,26.2,0,35,0,1,0,340,0,100,0,33.8,26.1,995.3,0,1005,0,0,0,.09,0,10,4,StNs,6,597,,191601,26.2,0,26,26.1,25.6,26.5
108,서울,2017-07-23 13:00,26.5,0,0,0,0,0,0,0,100,0,34.4,26.4,995,0,1004.7,0,0,0,.14,0,10,8,StNs,6,472,,1901,26.8,0,26.3,26.2,25.7,26.6
108,서울,2017-07-23 14:00,26.9,0,0,0,3.1,0,200,0,100,0,35.2,26.8,994.5,0,1004.1,0,0,0,.21,0,10,10,St,3,88,,19160201,27.6,0,26.6,26.4,25.8,26.7
108,서울,2017-07-23 15:00,27.2,0,,9,2.7,0,200,0,99,0,35.6,27,994,0,1003.6,0,0,0,.34,0,10,10,St,6,146,,1916,28.1,0,27.1,26.6,25.9,26.7
108,서울,2017-07-23 16:00,27.5,0,,9,3,0,200,0,93,0,34,26.2,993.3,0,1002.9,0,0,0,.47,0,10,10,St,6,207,,19,29.3,0,27.5,26.8,25.9,26.8
108,서울,2017-07-23 17:00,27.9,0,,9,3,0,250,0,86,0,32.2,25.3,993.3,0,1002.9,0,0,0,.43,0,9,9,St,3,289,,19,29.6,0,27.7,27,26,26.8
108,서울,2017-07-23 18:00,28,0,,9,2.3,0,250,0,82,0,30.9,24.6,993.2,0,1002.8,0,0,0,.59,0,10,3,ScAs,8,498,,19,29.1,0,28.1,27.2,26.1,26.8
108,서울,2017-07-23 19:00,27.8,0,,9,1.5,0,270,0,84,0,31.3,24.8,993.5,0,1003.1,0,0,0,.18,0,,,,4,509,,19,27.8,0,27.9,27.4,26.2,26.8
108,서울,2017-07-23 20:00,27.4,0,,9,1.1,0,230,0,83,0,30.2,24.2,993.7,0,1003.3,0,0,0,.05,0,,9,,4,591,,19,26.9,0,27.5,27.4,26.3,26.9
108,서울,2017-07-23 21:00,27.2,0,,9,1.4,0,270,0,84,0,30.2,24.2,994.4,0,1004,0,,9,,9,9,9,Sc,10,510,,19,26.4,0,27.1,27.3,26.4,26.9
108,서울,2017-07-23 22:00,27,0,,9,2.6,0,270,0,85,0,30.2,24.2,994.7,0,1004.3,0,,9,,9,,9,,3,410,,19,26.3,0,27,27.3,26.4,27
108,서울,2017-07-23 23:00,26.5,0,,9,2.3,0,270,0,83,0,28.6,23.3,994.4,0,1004,0,,9,,9,,9,,6,448,,19,25.8,0,26.8,27.2,26.4,27
108,서울,2017-07-24 00:00,26.4,0,,9,1.1,0,250,0,84,0,28.8,23.4,994.2,0,1003.9,0,,9,,9,9,9,Sc,10,441,,19,25.5,0,26.5,27.1,26.4,27
108,서울,2017-07-24 01:00,26.2,0,,,1.5,0,270,0,84,0,28.4,23.2,994.1,0,1003.8,0,,9,,9,,5,,16,486,,19,25.3,0,26.3,26.9,26.4,27
108,서울,2017-07-24 02:00,26,0,,,1.6,0,250,0,83,0,27.7,22.8,993.8,0,1003.5,0,,9,,9,,9,,16,545,,19,25.1,0,26.2,26.8,26.4,27
108,서울,2017-07-24 03:00,25.9,0,,,1.4,0,250,0,84,0,27.9,22.9,993.4,0,1003.1,0,,9,,9,7,7,Sc,15,522,,19,25,0,26.1,26.7,26.3,27
108,서울,2017-07-24 04:00,25.7,0,,,2.1,0,250,0,85,0,27.9,22.9,993.4,0,1003.1,0,,9,,9,9,9,Sc,14,544,,19,25,0,25.9,26.6,26.3,27
108,서울,2017-07-24 05:00,25.6,0,,,1.3,0,250,0,86,0,28.1,23,993.4,0,1003.1,0,,9,,9,9,9,Sc,14,474,,19,25,0,25.9,26.5,26.2,27
108,서울,2017-07-24 06:00,25.6,0,,,1.1,0,250,0,86,0,28.1,23,993.5,0,1003.2,0,0,0,.02,0,9,9,Sc,13,446,,19,25.1,0,25.9,26.5,26.2,26.9
108,서울,2017-07-24 07:00,25.6,0,,,.7,0,270,0,85,0,27.7,22.8,993.5,0,1003.2,0,0,0,.08,0,9,9,Sc,13,503,,19,25.6,0,26,26.4,26.1,26.9
108,서울,2017-07-24 08:00,25.9,0,,,1.2,0,200,0,83,0,27.6,22.7,993.4,0,1003.1,0,0,0,.23,0,10,3,ScAs,9,575,,19,26.6,0,26.3,26.4,26.1,26.9
108,서울,2017-07-24 09:00,26.1,0,.5,0,1.2,0,340,0,86,0,28.9,23.5,993.2,0,1002.9,0,0,0,.25,0,10,6,ScAs,9,420,,1901,26.9,0,26.5,26.5,26,26.8
108,서울,2017-07-24 10:00,26.7,0,0,0,1,0,250,0,78,0,27.2,22.5,993.2,0,1002.8,0,0,0,.78,0,10,2,ScAs,8,639,,1901,30.7,0,27.3,26.6,26,26.8
108,서울,2017-07-24 11:00,27.3,0,,9,1.3,0,270,0,76,0,27.4,22.6,993.7,0,1003.3,0,0,0,.73,0,10,9,ScAs,12,708,,19,29.9,0,28.1,27,26,26.8
108,서울,2017-07-24 12:00,26.8,0,0,0,2.3,0,290,0,82,0,28.8,23.4,993.4,0,1003,0,0,0,.36,0,10,8,CbStNs,4,552,,1901,27.9,0,27.9,27.3,26.2,26.8
108,서울,2017-07-24 13:00,26.5,0,1.5,0,1.2,0,360,0,90,0,31.1,24.7,993.2,0,1002.8,0,0,0,.32,0,10,7,StNs,5,291,,1901,28,0,27.5,27.4,26.3,26.8
108,서울,2017-07-24 14:00,25.8,0,1,0,1.3,0,20,0,86,0,28.4,23.2,992.8,0,1002.5,0,0,0,.35,0,10,8,ScAs,9,848,,1901,28.5,0,27.3,27.3,26.3,26.8
108,서울,2017-07-24 15:00,26.2,0,0,0,2.1,0,50,0,82,0,27.7,22.8,992.3,0,1001.9,0,0,0,.59,0,10,6,ScAs,9,1054,,1901,28.9,0,27.6,27.4,26.4,26.9
108,서울,2017-07-24 16:00,26.8,0,,9,1.8,0,50,0,76,0,26.8,22.2,992.2,0,1001.8,0,0,0,.66,0,10,7,ScAs,10,1375,,,29.2,0,28.1,27.5,26.4,26.8
108,서울,2017-07-24 17:00,26.9,0,,9,1.5,0,160,0,75,0,26.4,22,991.9,0,1001.5,0,0,0,.36,0,10,7,ScAs,10,1138,,,27.8,0,28.1,27.7,26.4,26.9
108,서울,2017-07-24 18:00,26.9,0,,9,1.2,0,360,0,75,0,26.4,22,991.7,0,1001.3,0,0,0,.25,0,10,7,ScAs,10,1200,,,27.7,0,27.9,27.7,26.5,26.9
108,서울,2017-07-24 19:00,26.7,0,,9,1,0,360,0,79,0,27.6,22.7,991.9,0,1001.5,0,0,0,.13,0,,10,,6,1071,,,27.3,0,27.7,27.6,26.6,26.9
108,서울,2017-07-24 20:00,26.7,0,,9,.8,0,290,0,79,0,27.6,22.7,992.3,0,1001.9,0,0,0,.06,0,,10,,5,1000,,,26.6,0,27.4,27.5,26.6,27
108,서울,2017-07-24 21:00,26.4,0,,9,.3,0,0,0,80,0,27.4,22.6,992.7,0,1002.3,0,,9,,9,10,7,ScAs,10,1080,,,26.2,0,27.1,27.4,26.6,27
108,서울,2017-07-24 22:00,26.4,0,,9,.5,0,20,0,84,0,28.8,23.4,993.2,0,1002.8,0,,9,,9,,8,,4,982,,19,26.1,0,26.9,27.3,26.6,27
108,서울,2017-07-24 23:00,26.1,0,,9,.9,0,20,0,84,0,28.3,23.1,993.2,0,1002.9,0,,9,,9,,7,,5,874,,19,25.8,0,26.7,27.2,26.5,27
108,서울,2017-07-25 00:00,25.9,0,,9,1.1,0,50,0,83,0,27.6,22.7,992.8,0,1002.5,0,,9,,9,9,9,Sc,10,786,,19,25.5,0,26.5,27.1,26.5,27
108,서울,2017-07-25 01:00,25.7,0,,,1,0,50,0,85,0,27.9,22.9,992.5,0,1002.2,0,,9,,9,,2,,5,622,,19,25.1,0,26.3,27,26.4,27
108,서울,2017-07-25 02:00,25.5,0,,,1,0,360,0,85,0,27.6,22.7,992.4,0,1002.1,0,,9,,9,,7,,6,549,,19,25.2,0,26.2,26.8,26.3,27
108,서울,2017-07-25 03:00,25.5,0,,,.2,0,0,0,86,0,27.9,22.9,992,0,1001.7,0,,9,,9,9,9,Sc,10,599,,19,25.2,0,26.1,26.7,26.3,26.9
108,서울,2017-07-25 04:00,25.3,0,,,.3,0,0,0,88,0,28.3,23.1,991.9,0,1001.6,0,,9,,9,3,3,Sc,10,524,,19,24.6,0,25.9,26.6,26.3,26.9
108,서울,2017-07-25 05:00,24.8,0,,,.4,0,0,0,90,0,28.1,23,992.5,0,1002.2,0,,9,,9,7,3,ScCc,10,349,,19,24.1,0,25.6,26.5,26.2,26.9
108,서울,2017-07-25 06:00,24.6,0,,,.8,0,290,0,89,0,27.4,22.6,993.3,0,1002.9,0,0,0,.04,0,8,6,ScCc,11,408,,19,24.2,0,25.3,26.3,26.1,26.9
108,서울,2017-07-25 07:00,25.1,0,,,1.2,0,70,0,86,0,27.2,22.5,993.3,0,1003,0,0,0,.25,0,9,9,Ac,43,492,,19,25.8,0,25.6,26.2,26,26.8
108,서울,2017-07-25 08:00,25.8,0,,,.8,0,340,0,78,0,25.8,21.6,993.5,0,1003.2,0,.2,0,.57,0,4,2,AcCi,42,668,,19,28.5,0,26.3,26.2,25.9,26.7
108,서울,2017-07-25 09:00,28.1,0,,,1.6,0,50,0,68,0,25.8,21.6,993.3,0,1002.9,0,1,0,1.61,0,3,1,ScCi,10,1312,,19,33.9,0,27.9,26.5,25.9,26.6
108,서울,2017-07-25 10:00,29.7,0,,,1.8,0,50,0,62,0,25.8,21.6,993.7,0,1003.2,0,1,0,1.93,0,5,4,ScCc,9,1956,,,34.4,0,30,27.2,25.9,26.6
108,서울,2017-07-25 11:00,30.9,0,,,2.7,0,50,0,58,0,25.8,21.6,994.1,0,1003.6,0,1,0,2.17,0,6,6,CuSc,11,1878,,,37.7,0,31.4,28,26.1,26.6
108,서울,2017-07-25 12:00,32,0,,,2.2,0,50,0,54,0,25.6,21.5,993.9,0,1003.4,0,1,0,2.68,0,6,6,CuSc,8,1963,,,38,0,33.3,29,26.3,26.7
108,서울,2017-07-25 13:00,33,0,,,3.1,0,50,0,49,0,24.6,20.8,993.3,0,1002.7,0,1,0,2.67,0,2,2,Sc,10,2000,,,40.1,0,34.6,30,26.7,26.7
108,서울,2017-07-25 14:00,33.6,0,,,2.5,0,70,0,46,0,23.8,20.3,993.3,0,1002.7,0,1,0,2.53,0,3,3,CuSc,8,1956,,,38.6,0,35.5,30.9,27.1,26.9
108,서울,2017-07-25 15:00,34.4,0,,,2.1,0,90,0,46,0,25,21.1,993.2,0,1002.6,0,1,0,2.49,0,4,4,CuSc,8,2000,,,40.9,0,35.8,31.6,27.5,27
108,서울,2017-07-25 16:00,34.9,0,,,1,0,50,0,43,0,24,20.4,992.8,0,1002.2,0,1,0,2.13,0,4,4,CuSc,8,2000,,,40.4,0,35.9,32,27.9,27.2
108,서울,2017-07-25 17:00,34.2,0,,,1.3,0,50,0,42,0,22.5,19.4,992.8,0,1002.2,0,.8,0,1.18,0,3,3,CuSc,8,2000,,,35.5,0,34.6,32.3,28.3,27.5
108,서울,2017-07-25 18:00,34,0,,,1.9,0,90,0,42,0,22.2,19.2,993,0,1002.4,0,.9,0,1.06,0,2,2,Cu,8,2000,,,32.5,0,33.8,32.2,28.6,27.7
108,서울,2017-07-25 19:00,32.7,0,,,1.5,0,20,0,50,0,24.7,20.9,993.7,0,1003.1,0,.6,0,.34,0,,,,,2000,,,30,0,32.2,31.8,28.8,27.9
108,서울,2017-07-25 20:00,30.9,0,,,3.3,0,50,0,61,0,27.1,22.4,994.4,0,1003.9,0,.2,0,.09,0,,0,,,2000,,,27.8,0,30.7,31.3,28.9,28.1
108,서울,2017-07-25 21:00,29.5,0,,,3.3,0,70,0,65,0,26.8,22.2,995.3,0,1004.8,0,,9,,9,1,1,Sc,15,2000,,,26.7,0,29.6,30.6,28.8,28.2
108,서울,2017-07-25 22:00,28.8,0,,,4,0,70,0,59,0,23.2,19.9,995.9,0,1005.5,0,,9,,9,,0,,,2000,,,25.6,0,28.8,30,28.7,28.3
108,서울,2017-07-25 23:00,28,0,,,4.2,0,70,0,62,0,23.4,20,996.5,0,1006.1,0,,9,,9,,0,,,2000,,,24.9,0,28.1,29.5,28.5,28.3
108,서울,2017-07-26 00:00,27.3,0,,,2.9,0,70,0,63,0,22.8,19.6,996.8,0,1006.4,0,,9,,9,1,1,Sc,,2000,,,24.4,0,27.5,29,28.4,28.3
108,서울,2017-07-26 01:00,26.6,0,,,2.4,0,70,0,65,0,22.5,19.4,996.6,0,1006.3,0,,9,,9,,0,,,2000,,,24,0,27,28.6,28.1,28.3
108,서울,2017-07-26 02:00,26,0,,,3.3,0,90,0,66,0,22.1,19.1,996.7,0,1006.4,0,,9,,9,,0,,,2000,,,23.4,0,26.5,28.2,27.9,28.2
108,서울,2017-07-26 03:00,25.4,0,,,2.4,0,70,0,68,0,22,19,997.1,0,1006.8,0,,9,,9,0,0,,,2000,,,23,0,26.1,27.8,27.7,28.1
108,서울,2017-07-26 04:00,24.9,0,,,3.1,0,70,0,69,0,21.7,18.8,997.2,0,1006.9,0,,9,,9,1,1,Sc,15,2000,,,22.7,0,25.7,27.5,27.5,28.1
108,서울,2017-07-26 05:00,24.6,0,,,2.7,0,70,0,70,0,21.6,18.7,997.6,0,1007.3,0,,9,,9,4,4,Ac,32,2000,,,22.6,0,25.4,27.2,27.3,28
108,서울,2017-07-26 06:00,24.2,0,,,2.7,0,70,0,71,0,21.4,18.6,998.1,0,1007.8,0,0,0,.04,0,7,5,ScCc,19,2000,,,22.4,0,25.1,26.9,27.1,27.9
108,서울,2017-07-26 07:00,24.7,0,,,3.6,0,70,0,66,0,20.5,17.9,998.5,0,1008.2,0,1,0,.42,0,8,3,ScAc,18,2000,,,23.8,0,25.3,26.6,26.9,27.8
108,서울,2017-07-26 08:00,26.2,0,,,3.1,0,70,0,63,0,21.3,18.5,999.1,0,1008.8,0,1,0,.97,0,7,1,ScAc,19,2000,,,27.8,0,26.1,26.6,26.7,27.6
108,서울,2017-07-26 09:00,27.7,0,,,3.8,0,90,0,57,0,21.2,18.4,998.8,0,1008.4,0,1,0,1.72,0,1,0,Ci,,1996,,,32.8,0,27.6,26.8,26.6,27.5
108,서울,2017-07-26 10:00,28.8,0,,,3.6,0,160,0,53,0,20.9,18.2,998.6,0,1008.2,0,1,0,2.22,0,2,0,Ci,,2000,,,37.2,0,29.5,27.3,26.6,27.4
108,서울,2017-07-26 11:00,29.8,0,,,3.1,0,90,0,48,0,20.1,17.6,998.5,0,1008.1,0,1,0,2.72,0,2,0,Ci,,1993,,,41.1,0,31.4,28.2,26.7,27.4
108,서울,2017-07-26 12:00,31,0,,,3.5,0,160,0,45,0,20.1,17.6,998.5,0,1008.1,0,1,0,2.99,0,1,1,Sc,10,2000,,,44.7,0,33.4,29.3,26.9,27.4
108,서울,2017-07-26 13:00,31.3,0,,,2.5,0,110,0,47,0,21.4,18.6,998.1,0,1007.6,0,1,0,2.87,0,2,2,Sc,14,2000,,,44.2,0,35,30.4,27.2,27.4
108,서울,2017-07-26 14:00,32.3,0,,,3.1,0,160,0,46,0,22.1,19.1,997.5,0,1007,0,1,0,2.5,0,3,3,CuSc,8,1849,,,46.6,0,35.5,31.2,27.6,27.5
108,서울,2017-07-26 15:00,32.6,0,,,2.6,0,180,0,48,0,23.5,20.1,997,0,1006.5,0,1,0,2.36,0,4,4,CuSc,8,1979,,,46.7,0,35.8,31.9,28,27.6
108,서울,2017-07-26 16:00,32.7,0,,,2.9,0,90,0,44,0,21.7,18.8,996.6,0,1006.1,0,.9,0,1.76,0,4,4,CuSc,8,1988,,,43.3,0,35.5,32.3,28.4,27.8
108,서울,2017-07-26 17:00,31.7,0,,,2.2,0,140,0,46,0,21.4,18.6,996.5,0,1006,0,.5,0,.88,0,6,6,CuSc,8,2000,,,35.6,0,34.2,32.4,28.7,28
108,서울,2017-07-26 18:00,31.4,0,,,2.2,0,180,0,45,0,20.6,18,996.5,0,1006,0,.7,0,.76,0,7,3,CuCi,8,2000,,,33,0,33.1,32.1,28.9,28.2
108,서울,2017-07-26 19:00,30.8,0,,,2.2,0,180,0,47,0,20.8,18.1,996.4,0,1005.9,0,.3,0,.33,0,,1,,15,2000,,,30.7,0,31.6,31.7,29.1,28.3
108,서울,2017-07-26 20:00,30,0,,,2.4,0,160,0,50,0,21.2,18.4,996.8,0,1006.4,0,0,0,.07,0,,1,,,2000,,,28.4,0,30.4,31.2,29.1,28.5
108,서울,2017-07-26 21:00,29.4,0,,,2.2,0,160,0,52,0,21.3,18.5,997.5,0,1007,0,,9,,9,6,2,ScAc,15,2000,,,27.3,0,29.4,30.6,29,28.6
108,서울,2017-07-26 22:00,28.9,0,,,1.5,0,180,0,54,0,21.4,18.6,997.9,0,1007.5,0,,9,,9,,0,,,2000,,,26.4,0,28.7,30,28.9,28.6
108,서울,2017-07-26 23:00,28.3,0,,,1.4,0,140,0,57,0,21.8,18.9,997.8,0,1007.4,0,,9,,9,,2,,,2000,,,25.7,0,28.1,29.5,28.7,28.6
108,서울,2017-07-27 00:00,27.7,0,,,1.9,0,140,0,59,0,21.8,18.9,997.6,0,1007.2,0,,9,,9,2,0,Ci,,2000,,,25.1,0,27.6,29.1,28.5,28.6
108,서울,2017-07-27 01:00,27,0,,,2.3,0,110,0,59,0,20.9,18.2,997.7,0,1007.4,0,,9,,9,,0,,,2000,,,24.5,0,27.1,28.7,28.3,28.5
108,서울,2017-07-27 02:00,26.4,0,,,2.5,0,110,0,59,0,20.2,17.7,997.8,0,1007.5,0,,9,,9,,0,,,2000,,,23.9,0,26.6,28.3,28.1,28.5
108,서울,2017-07-27 03:00,26,0,,,1.5,0,110,0,60,0,20.1,17.6,997.9,0,1007.6,0,,9,,9,8,0,Ci,,2000,,,24,0,26.3,28,27.9,28.4
108,서울,2017-07-27 04:00,25.6,0,,,.8,0,90,0,57,0,18.6,16.4,998.2,0,1007.9,0,,9,,9,7,7,Ac,32,2000,,,23.6,0,26,27.7,27.7,28.3
108,서울,2017-07-27 05:00,25.2,0,,,.9,0,70,0,67,0,21.4,18.6,998.6,0,1008.3,0,,9,,9,9,9,Ac,32,2000,,,23.7,0,25.8,27.4,27.6,28.2
108,서울,2017-07-27 06:00,25,0,,,2.5,0,70,0,68,0,21.4,18.6,998.6,0,1008.4,0,0,0,.02,0,8,3,ScAc,15,2000,,,23.7,0,25.7,27.2,27.4,28.1
108,서울,2017-07-27 07:00,25.1,0,,,1.4,0,70,0,60,0,19,16.7,998.6,0,1008.4,0,0,0,.19,0,5,3,ScCi,14,2000,,,24.9,0,25.8,27.1,27.2,28
108,서울,2017-07-27 08:00,26.4,0,,,2.6,0,110,0,51,0,17.5,15.4,998.7,0,1008.4,0,.6,0,.74,0,6,0,Cc,,2000,,,28,0,26.4,27,27.1,27.9
108,서울,2017-07-27 09:00,26.9,0,,,2.7,0,110,0,49,0,17.3,15.2,998.6,0,1008.3,0,.6,0,.99,0,9,9,Ac,32,2000,,,30,0,27.4,27.1,27,27.8
108,서울,2017-07-27 10:00,27.9,0,,,2.9,0,140,0,46,0,17.3,15.2,998.6,0,1008.2,0,0,0,1.27,0,10,6,ScAs,13,2000,,,33.6,0,28.6,27.5,26.9,27.7
108,서울,2017-07-27 11:00,27.8,0,,,1.8,0,110,0,51,0,19,16.7,998.7,0,1008.3,0,0,0,.98,0,10,6,ScAs,13,2000,,,31.9,0,29.1,27.9,26.9,27.7
108,서울,2017-07-27 12:00,28.1,0,,,1.6,0,140,0,52,0,19.7,17.3,998.6,0,1008.2,0,0,0,.81,0,10,7,ScAs,13,2000,,,31.9,0,29.1,28.2,27,27.6
108,서울,2017-07-27 13:00,28.7,0,,,1.4,0,90,0,51,0,20,17.5,998.1,0,1007.7,0,0,0,.85,0,10,5,ScAs,10,1965,,,33.9,0,29.3,28.4,27.1,27.6
108,서울,2017-07-27 14:00,29.6,0,,,1.6,0,70,0,53,0,22,19,997.8,0,1007.3,0,0,0,1.46,0,10,6,ScAs,12,1878,,,35.9,0,30.7,28.6,27.2,27.6
108,서울,2017-07-27 15:00,29.6,0,,,1.6,0,50,0,55,0,22.7,19.5,997.6,0,1007.1,0,0,0,1.12,0,10,4,ScAs,12,1839,,,35.3,0,30.9,29.1,27.3,27.6
108,서울,2017-07-27 16:00,29.5,0,,,2.3,0,20,0,58,0,23.8,20.3,997.3,0,1006.8,0,0,0,.82,0,10,6,ScAs,12,1860,,,33.3,0,30.7,29.4,27.4,27.7
108,서울,2017-07-27 17:00,28.8,0,,,2.5,0,70,0,58,0,22.9,19.7,997.2,0,1006.8,0,0,0,.37,0,10,7,ScAs,10,1819,,,30.5,0,30,29.5,27.6,27.7
108,서울,2017-07-27 18:00,28.5,0,0,0,2.8,0,50,0,58,0,22.5,19.4,997.3,0,1006.9,0,0,0,.26,0,10,7,ScAs,10,1847,,01,29.2,0,29.4,29.3,27.7,27.8
108,서울,2017-07-27 19:00,28.1,0,,9,2.7,0,50,0,62,0,23.5,20.1,997.2,0,1006.8,0,0,0,.09,0,,9,,,1878,,,28,0,28.7,29.1,27.7,27.8
108,서울,2017-07-27 20:00,27.8,0,0,0,2.2,0,50,0,65,0,24.3,20.6,997.8,0,1007.4,0,0,0,.03,0,10,3,ScAs,10,1858,,01,27.2,0,28.2,28.8,27.7,27.9
108,서울,2017-07-27 21:00,27.5,0,0,0,.8,0,20,0,66,0,24.1,20.5,998.2,0,1007.8,0,,9,,9,10,4,ScAs,11,1840,,01,26.8,0,27.8,28.5,27.6,27.9
108,서울,2017-07-27 22:00,27.1,0,0,0,2.2,0,290,0,69,0,24.7,20.9,998.3,0,1008,0,,9,,9,10,6,ScAs,10,1668,,01,26.3,0,27.5,28.3,27.6,27.9
108,서울,2017-07-27 23:00,25.6,0,.5,0,1.3,0,290,0,84,0,27.4,22.6,998.8,0,1008.5,0,,9,,9,10,7,StNs,7,383,,1901,25.3,0,27,28.1,27.5,27.9
108,서울,2017-07-28 00:00,25.1,0,3,0,.6,0,320,0,92,0,29.3,23.7,998.7,0,1008.5,0,,9,,9,10,8,StNs,7,160,,1901,25,0,26.5,27.8,27.4,27.9
108,서울,2017-07-28 01:00,25,0,1,0,1.8,0,20,0,93,0,29.3,23.7,997.5,0,1007.2,0,,9,,9,10,9,StNs,7,105,,1901,24.9,0,26.3,27.6,27.3,27.8
108,서울,2017-07-28 02:00,25,0,1.5,0,1.3,0,320,0,92,0,29.1,23.6,998,0,1007.8,0,,9,,9,10,8,StNs,6,142,,1901,25,0,26.2,27.4,27.2,27.8
108,서울,2017-07-28 03:00,24.9,0,0,0,1,0,50,0,92,0,28.9,23.5,997.8,0,1007.6,0,,9,,9,10,7,ScAs,10,155,,1901,25,0,26.1,27.2,27,27.7
108,서울,2017-07-28 04:00,24.9,0,0,0,1.6,0,50,0,94,0,29.5,23.8,997.6,0,1007.4,0,,9,,9,10,7,ScAs,10,179,,1901,25,0,26.1,27.1,26.9,27.6
108,서울,2017-07-28 05:00,24.9,0,1,0,.8,0,90,0,93,0,29.1,23.6,997.8,0,1007.6,0,,9,,9,10,8,StNs,7,151,,1901,24.9,0,26,26.9,26.8,27.6
108,서울,2017-07-28 06:00,24.8,0,1.5,0,.5,0,70,0,97,0,30.2,24.2,997.9,0,1007.7,0,0,0,.01,0,10,8,StNs,7,154,,1901,24.9,0,25.9,26.9,26.7,27.5
108,서울,2017-07-28 07:00,24.8,0,.5,0,.6,0,20,0,98,0,30.6,24.4,998.5,0,1008.3,0,0,0,.05,0,10,8,StNs,7,170,,1901,25.2,0,25.9,26.8,26.7,27.5
108,서울,2017-07-28 08:00,25,0,0,0,1.1,0,20,0,98,0,30.9,24.6,998.3,0,1008.1,0,0,0,.09,0,10,8,StNs,7,133,,1901,25.6,0,26,26.7,26.6,27.4
108,서울,2017-07-28 09:00,25,0,1,0,1.3,0,50,0,97,0,30.6,24.4,998.5,0,1008.3,0,0,0,.08,0,10,8,StNs,6,105,,1901,25.4,0,26.1,26.7,26.5,27.3
108,서울,2017-07-28 10:00,25.1,0,1,0,1.3,0,20,0,98,0,31.1,24.7,998.4,0,1008.2,0,0,0,.15,0,10,8,StNs,7,174,,191601,26,0,26.1,26.7,26.5,27.3
108,서울,2017-07-28 11:00,25.4,0,.5,0,1.6,0,90,0,92,0,29.7,23.9,998.2,0,1007.9,0,0,0,.28,0,10,7,ScAs,10,985,,1901,27,0,26.4,26.7,26.4,27.2
108,서울,2017-07-28 12:00,25.7,0,,9,2,0,140,0,90,0,29.7,23.9,998.3,0,1008,0,0,0,.3,0,10,7,ScAs,10,1314,,19,26.9,0,26.8,26.8,26.3,27.2
108,서울,2017-07-28 13:00,26,0,,9,1.4,0,110,0,90,0,30.2,24.2,998,0,1007.7,0,0,0,.41,0,10,8,ScAs,10,716,,19,28.1,0,27.1,26.9,26.4,27.1
108,서울,2017-07-28 14:00,25.6,0,0,0,1.4,0,20,0,96,0,31.5,24.9,998.1,0,1007.8,0,0,0,.19,0,10,10,St,6,110,,1902,27,0,27.1,27.1,26.4,27.1
108,서울,2017-07-28 15:00,25.9,0,.5,0,.8,0,20,0,98,0,32.6,25.5,997.9,0,1007.6,0,0,0,.22,0,10,10,St,6,166,,1902,27.3,0,27,27.1,26.4,27.1
108,서울,2017-07-28 16:00,25.9,0,0,0,1.8,0,70,0,97,0,32.2,25.3,997.7,0,1007.4,0,0,0,.27,0,10,8,ScAs,9,570,,1902,27.8,0,27.1,27.1,26.4,27.1
108,서울,2017-07-28 17:00,26.3,0,,9,1.8,0,50,0,91,0,31.1,24.7,997.6,0,1007.3,0,0,0,.44,0,10,6,ScAs,10,438,,19,28.5,0,27.4,27.2,26.4,27.1
108,서울,2017-07-28 18:00,26.6,0,,9,2.3,0,50,0,89,0,30.9,24.6,997.8,0,1007.5,0,0,0,.63,0,10,7,ScAs,10,531,,19,28.4,0,28,27.4,26.5,27.1
108,서울,2017-07-28 19:00,26.2,0,,9,2.5,0,50,0,89,0,30.2,24.2,997.8,0,1007.5,0,0,0,.2,0,,3,,5,508,,19,27.3,0,27.6,27.5,26.5,27.1
108,서울,2017-07-28 20:00,26,0,,9,2.2,0,70,0,89,0,29.8,24,997.8,0,1007.5,0,0,0,.06,0,,9,,3,524,,19,26.3,0,27.2,27.5,26.6,27.1
108,서울,2017-07-28 21:00,25.7,0,,9,2,0,70,0,87,0,28.6,23.3,998.1,0,1007.8,0,,9,,9,9,5,ScCi,10,716,,19,25.7,0,26.8,27.3,26.6,27.1
108,서울,2017-07-28 22:00,25.6,0,,9,2.5,0,70,0,86,0,28.1,23,998.4,0,1008.1,0,,9,,9,,9,,5,933,,19,25.5,0,26.6,27.2,26.6,27.1
108,서울,2017-07-28 23:00,25.4,0,,9,1.8,0,70,0,87,0,28.1,23,998.2,0,1007.9,0,,9,,9,,4,,7,1113,,19,25,0,26.3,27.1,26.5,27.1
108,서울,2017-07-29 00:00,25.2,0,,9,2.3,0,70,0,87,0,27.7,22.8,998,0,1007.7,0,,9,,9,8,5,ScCi,10,1245,,,24.8,0,26.2,26.9,26.5,27.1
108,서울,2017-07-29 01:00,25.1,0,,,1.6,0,50,0,88,0,27.9,22.9,998,0,1007.7,0,,9,,9,,4,,11,1137,,,24.6,0,25.9,26.7,26.4,27.1
108,서울,2017-07-29 02:00,25,0,,,2,0,50,0,89,0,28.1,23,997.8,0,1007.5,0,,9,,9,,1,,7,1019,,,24.6,0,25.8,26.6,26.4,27
108,서울,2017-07-29 03:00,25.1,0,,,1.3,0,50,0,86,0,27.2,22.5,997.8,0,1007.5,0,,9,,9,8,6,ScCi,10,1264,,,24.8,0,25.8,26.5,26.3,27
108,서울,2017-07-29 04:00,25.1,0,,,1.5,0,70,0,84,0,26.6,22.1,997.8,0,1007.5,0,,9,,9,10,5,ScAs,10,1748,,,24.9,0,25.8,26.4,26.2,26.9
108,서울,2017-07-29 05:00,25.1,0,,,1.8,0,70,0,85,0,26.9,22.3,997.9,0,1007.6,0,,9,,9,10,6,ScAs,10,1659,,,24.7,0,25.7,26.4,26.1,26.9
108,서울,2017-07-29 06:00,25,0,,,2.7,0,70,0,83,0,26.3,21.9,998.1,0,1007.9,0,0,0,.01,0,10,8,ScAs,10,2000,,,24.6,0,25.7,26.3,26.1,26.9
108,서울,2017-07-29 07:00,25.1,0,0,0,2.4,0,50,0,82,0,26.1,21.8,998.3,0,1008,0,0,0,.11,0,10,7,ScAs,10,2000,,01,25.1,0,25.7,26.3,26,26.8
108,서울,2017-07-29 08:00,25.6,0,,9,2.5,0,70,0,78,0,25.5,21.4,998.6,0,1008.3,0,0,0,.4,0,9,9,Sc,10,2000,,,26.7,0,26.1,26.3,26,26.8
108,서울,2017-07-29 09:00,26.3,0,,9,2.7,0,50,0,75,0,25.6,21.5,998.7,0,1008.4,0,0,0,.67,0,9,9,Sc,12,2000,,,28.2,0,26.8,26.4,26,26.7
108,서울,2017-07-29 10:00,27.3,0,,9,3.9,0,70,0,71,0,25.6,21.5,998.7,0,1008.4,0,.2,0,1.25,0,9,6,ScAs,12,2000,,,30.5,0,28.1,26.7,25.9,26.7
108,서울,2017-07-29 11:00,27.8,0,0,0,2.6,0,70,0,70,0,26.1,21.8,998.4,0,1008,0,0,0,1.16,0,10,6,ScAs,12,2000,,01,31.2,0,28.7,27.1,26,26.7
108,서울,2017-07-29 12:00,28.5,0,0,0,1.8,0,90,0,68,0,26.4,22,998,0,1007.6,0,0,0,1.32,0,10,7,ScAs,12,2000,,01,32.4,0,29.5,27.6,26.1,26.7
108,서울,2017-07-29 13:00,29.1,0,,9,2.4,0,70,0,66,0,26.4,22,997.8,0,1007.4,0,0,0,1.34,0,10,8,ScAs,12,2000,,,33,0,30,28,26.3,26.7
108,서울,2017-07-29 14:00,29.3,0,,9,2.3,0,70,0,66,0,26.8,22.2,997.6,0,1007.2,0,0,0,1.1,0,10,7,ScAs,12,2000,,,31.7,0,30.3,28.4,26.4,26.7
108,서울,2017-07-29 15:00,29.7,0,,9,1.7,0,70,0,62,0,25.8,21.6,997.1,0,1006.6,0,0,0,1.03,0,10,5,ScAs,9,2000,,,31.9,0,30.5,28.7,26.6,26.8
108,서울,2017-07-29 16:00,29.6,0,,9,2.3,0,110,0,65,0,26.9,22.3,996.8,0,1006.3,0,.2,0,.9,0,9,7,CuCi,9,2000,,,32.8,0,30.3,28.9,26.8,26.9
108,서울,2017-07-29 17:00,29.9,0,,9,2.2,0,110,0,63,0,26.4,22,996.7,0,1006.3,0,.9,0,1.28,0,8,5,ScAc,9,2000,,,31.2,0,30.9,29.1,26.9,27
108,서울,2017-07-29 18:00,29.7,0,,9,2.3,0,140,0,63,0,26.1,21.8,996.3,0,1005.8,0,.5,0,.77,0,8,5,AcCi,35,2000,,,29.5,0,30.3,29.2,27.1,27.1
108,서울,2017-07-29 19:00,28.9,0,,9,2.9,0,110,0,63,0,25,21.1,996.7,0,1006.3,0,.7,0,.38,0,,1,,21,2000,,,27.5,0,29.4,29.1,27.2,27.1
108,서울,2017-07-29 20:00,28,0,,9,1.7,0,110,0,66,0,24.9,21,996.7,0,1006.3,0,0,0,.06,0,,4,,34,2000,,,25.9,0,28.3,28.8,27.3,27.2
108,서울,2017-07-29 21:00,27.2,0,,9,2.6,0,110,0,69,0,24.9,21,997.2,0,1006.8,0,,9,,9,1,1,Sc,10,2000,,,24.9,0,27.5,28.4,27.3,27.3
108,서울,2017-07-29 22:00,26.6,0,,9,2.9,0,140,0,72,0,25,21.1,997.5,0,1007.2,0,,9,,9,,4,,,2000,,,24.6,0,26.9,28,27.2,27.3
108,서울,2017-07-29 23:00,26.1,0,,9,2.6,0,90,0,73,0,24.6,20.8,997.4,0,1007.1,0,,9,,9,,1,,39,2000,,,24.2,0,26.5,27.7,27.1,27.4
108,서울,2017-07-30 00:00,25.8,0,,9,2.2,0,90,0,72,0,23.8,20.3,997.5,0,1007.2,0,,9,,9,4,4,Sc,,2000,,,23.9,0,26.2,27.4,27,27.3
108,서울,2017-07-30 01:00,25.4,0,,,2.1,0,90,0,75,0,24.3,20.6,997.2,0,1006.9,0,,9,,9,,1,,12,2000,,,23.9,0,25.9,27.1,26.8,27.3
108,서울,2017-07-30 02:00,25.3,0,,,2.5,0,110,0,73,0,23.5,20.1,997.1,0,1006.8,0,,9,,9,,9,,10,2000,,,24.1,0,25.8,26.9,26.7,27.3
108,서울,2017-07-30 03:00,25.1,0,,,1.6,0,110,0,74,0,23.5,20.1,996.7,0,1006.4,0,,9,,9,9,9,Sc,10,2000,,,24,0,25.7,26.7,26.6,27.2
108,서울,2017-07-30 04:00,24.9,0,,,1.9,0,90,0,76,0,23.8,20.3,996.9,0,1006.6,0,,9,,9,9,9,Sc,10,2000,,,24,0,25.6,26.6,26.5,27.2
108,서울,2017-07-30 05:00,24.7,0,,,1.5,0,110,0,76,0,23.5,20.1,996.8,0,1006.5,0,,9,,9,8,8,Sc,10,2000,,,23.9,0,25.5,26.5,26.3,27.1
108,서울,2017-07-30 06:00,24.7,0,,,1.2,0,90,0,76,0,23.5,20.1,997.4,0,1007.1,0,0,0,.01,0,9,9,Sc,10,2000,,,24.1,0,25.4,26.3,26.3,27
108,서울,2017-07-30 07:00,24.8,0,,,1.7,0,110,0,77,0,24,20.4,997.5,0,1007.3,0,0,0,.1,0,9,9,Sc,10,2000,,,24.6,0,25.5,26.3,26.2,27
108,서울,2017-07-30 08:00,25.3,0,,,1,0,110,0,75,0,24.1,20.5,997.6,0,1007.3,0,0,0,.32,0,9,9,Sc,10,1951,,,26.3,0,25.9,26.2,26.1,26.9
108,서울,2017-07-30 09:00,25.9,0,,,.2,0,0,0,74,0,24.7,20.9,997.8,0,1007.5,0,0,0,.54,0,9,9,Sc,10,1363,,,27.6,0,26.5,26.4,26,26.8
108,서울,2017-07-30 10:00,26.9,0,,,2.6,0,200,0,72,0,25.5,21.4,998.1,0,1007.8,0,.1,0,.89,0,9,9,Sc,10,935,,19,29.9,0,27.5,26.6,26,26.8
108,서울,2017-07-30 11:00,28.7,0,,,3.2,0,230,0,60,0,23.5,20.1,997.7,0,1007.3,0,.8,0,2.22,0,8,4,ScAc,8,1467,,19,36.5,0,29.5,27,26,26.7
108,서울,2017-07-30 12:00,30.1,0,,,1.6,0,200,0,50,0,21.3,18.5,997.1,0,1006.7,0,1,0,2.4,0,7,4,CuAc,7,1917,,,39.2,0,31.1,27.9,26.1,26.7
108,서울,2017-07-30 13:00,30.6,0,,,1.8,0,270,0,53,0,23.2,19.9,997.1,0,1006.7,0,1,0,2.58,0,7,3,ScAc,12,1923,,,38.2,0,32.7,28.9,26.4,26.7
108,서울,2017-07-30 14:00,31,0,,,3.1,0,290,0,53,0,23.7,20.2,997,0,1006.5,0,1,0,2.49,0,7,7,Sc,12,1815,,,39,0,33.7,29.8,26.7,26.8
108,서울,2017-07-30 15:00,32.1,0,,,2.7,0,290,0,49,0,23.4,20,996.4,0,1005.9,0,1,0,2.82,0,6,3,ScAc,14,1953,,,41.3,0,34.8,30.5,27.1,26.9
108,서울,2017-07-30 16:00,32.4,0,,,2.4,0,200,0,46,0,22.2,19.2,996.2,0,1005.7,0,1,0,2.07,0,7,3,ScAc,15,1984,,,38.2,0,34.7,31.2,27.5,27
108,서울,2017-07-30 17:00,31.6,0,,,2.5,0,270,0,50,0,23.2,19.9,996.4,0,1005.9,0,.8,0,1.2,0,8,5,ScAc,12,2000,,,34.6,0,33.5,31.4,27.9,27.2
108,서울,2017-07-30 18:00,30.3,0,,,3.2,0,290,0,54,0,23.2,19.9,996.7,0,1006.3,0,.2,0,.59,0,9,9,Sc,15,2000,,,31.1,0,32.1,31.2,28.1,27.4
108,서울,2017-07-30 19:00,29.6,0,,,2.2,0,290,0,59,0,24.4,20.7,996.9,0,1006.4,0,0,0,.29,0,,1,,20,2000,,,29.3,0,30.9,30.8,28.3,27.6
108,서울,2017-07-30 20:00,28.6,0,,,1.5,0,360,0,65,0,25.3,21.3,997.1,0,1006.7,0,0,0,.04,0,,5,,,1927,,,27.6,0,29.6,30.3,28.3,27.8
108,서울,2017-07-30 21:00,28.1,0,,,1,0,340,0,66,0,25,21.1,997.2,0,1006.8,0,,9,,9,7,0,Ci,,1918,,,26.6,0,28.7,29.8,28.3,27.8
108,서울,2017-07-30 22:00,27.9,0,,,1.1,0,290,0,66,0,24.7,20.9,998.1,0,1007.7,0,,9,,9,,6,,19,1988,,,26.6,0,28.2,29.3,28.2,27.9
108,서울,2017-07-30 23:00,27.6,0,,,.4,0,0,0,68,0,25,21.1,998,0,1007.6,0,,9,,9,,1,,,1896,,,26,0,27.8,28.9,28,28
108,서울,2017-07-31 00:00,27.1,0,,,1.1,0,290,0,72,0,25.8,21.6,998.1,0,1007.8,0,,9,,9,7,0,Ci,,1827,,,25.4,0,27.4,28.6,27.9,27.9
108,서울,2017-07-31 01:00,26.9,0,,,.7,0,290,0,75,0,26.4,22,997.9,0,1007.6,0,,9,,9,,1,,28,1639,,,25.2,0,27.1,28.3,27.7,27.9
108,서울,2017-07-31 02:00,26.8,0,,,.7,0,290,0,76,0,26.8,22.2,997.8,0,1007.5,0,,9,,9,,1,,20,1672,,,25.4,0,27,28,27.6,27.9
108,서울,2017-07-31 03:00,26.5,0,,,1.1,0,20,0,76,0,26.3,21.9,997.7,0,1007.4,0,,9,,9,9,5,ScCi,12,1567,,,25.3,0,26.8,27.8,27.4,27.8
108,서울,2017-07-31 04:00,26.1,0,,,1.7,0,50,0,78,0,26.3,21.9,997.5,0,1007.2,0,,9,,9,9,0,Ci,,1205,,,24.8,0,26.6,27.7,27.3,27.8
108,서울,2017-07-31 05:00,25.9,0,,,1.6,0,70,0,78,0,26,21.7,997.3,0,1007,0,,9,,9,9,5,ScCi,13,1098,,,24.9,0,26.4,27.5,27.2,27.7
108,서울,2017-07-31 06:00,26,0,,,1.3,0,50,0,78,0,26.1,21.8,997.4,0,1007.1,0,0,0,.01,0,10,5,ScAs,13,1098,,,25.1,0,26.4,27.3,27.1,27.6
108,서울,2017-07-31 07:00,26,0,0,0,2.9,0,160,0,78,0,26.1,21.8,998.3,0,1008,0,0,0,.06,0,10,6,ScAs,10,948,,1901,25.2,0,26.4,27.2,27,27.5
108,서울,2017-07-31 08:00,25.7,0,0,0,.9,0,110,0,83,0,27.2,22.5,998.8,0,1008.5,0,0,0,.11,0,10,5,ScAs,10,812,,1901,25.4,0,26.5,27.1,26.8,27.5
108,서울,2017-07-31 09:00,25.5,0,.5,0,.7,0,90,0,84,0,27.2,22.5,999,0,1008.7,0,0,0,.13,0,10,5,StNs,7,845,,1901,25.7,0,26.4,27.1,26.8,27.5
108,서울,2017-07-31 10:00,25.1,0,1.5,0,1.7,0,70,0,91,0,28.9,23.5,998.9,0,1008.7,0,0,0,.14,0,10,6,StNs,7,932,,1901,25.5,0,26.3,27,26.7,27.4
108,서울,2017-07-31 11:00,25.3,0,.5,0,.7,0,140,0,89,0,28.6,23.3,999.4,0,1009.2,0,0,0,.19,0,10,8,StNs,7,620,,1901,26,0,26.3,27,26.6,27.3
108,서울,2017-07-31 12:00,25.6,0,1,0,.1,0,0,0,89,0,29.1,23.6,999.2,0,1008.9,0,0,0,.33,0,10,7,StNs,7,727,,1901,27.4,0,26.5,26.9,26.6,27.3
108,서울,2017-07-31 13:00,26.1,0,0,0,2.7,0,140,0,86,0,28.9,23.5,998.7,0,1008.4,0,0,0,.81,0,10,7,StNs,7,1905,,1901,28.8,0,27.4,27.1,26.5,27.3
108,서울,2017-07-31 14:00,26.1,0,0,0,3.2,0,110,0,83,0,27.9,22.9,998.9,0,1008.6,0,0,0,.65,0,10,4,ScAs,10,2000,,01,28.8,0,27.7,27.3,26.5,27.2
108,서울,2017-07-31 15:00,26.2,0,0,0,2.4,0,180,0,80,0,27.1,22.4,999.2,0,1008.9,0,0,0,.61,0,10,6,ScAs,10,2000,,01,28.3,0,27.9,27.5,26.6,27.2
108,서울,2017-07-31 16:00,26.3,0,0,0,1.6,0,180,0,82,0,27.9,22.9,999.3,0,1009,0,0,0,.33,0,10,7,StNs,7,2000,,01,28.1,0,27.7,27.6,26.6,27.2
108,서울,2017-07-31 17:00,25.9,0,0,0,1.1,0,160,0,84,0,27.9,22.9,999.2,0,1008.9,0,0,0,.38,0,10,4,ScAs,10,2000,,01,27.9,0,27.4,27.6,26.6,27.2
108,서울,2017-07-31 18:00,26.1,0,,9,1.4,0,340,0,82,0,27.6,22.7,999,0,1008.7,0,0,0,.38,0,10,4,ScAs,10,2000,,,27.8,0,27.6,27.6,26.6,27.2
108,서울,2017-07-31 19:00,26,0,,9,2.2,0,70,0,83,0,27.7,22.8,998.6,0,1008.3,0,0,0,.17,0,,8,,5,2000,,,26.7,0,27.4,27.6,26.7,27.2
108,서울,2017-07-31 20:00,25.5,0,,9,1.8,0,70,0,81,0,26.3,21.9,998.5,0,1008.2,0,0,0,.04,0,,1,,5,2000,,,25.4,0,26.9,27.5,26.7,27.2
108,서울,2017-07-31 21:00,25.2,0,,9,.9,0,50,0,83,0,26.4,22,999.5,0,1009.3,0,,9,,9,9,0,Ci,,2000,,,24.9,0,26.4,27.3,26.7,27.2
108,서울,2017-07-31 22:00,25,0,,9,.1,0,0,0,82,0,26,21.7,1000.6,0,1010.4,0,,9,,9,,3,,5,2000,,,24.8,0,26.1,27.1,26.6,27.2
108,서울,2017-07-31 23:00,25.1,0,,9,1,0,140,0,80,0,25.3,21.3,1000.3,0,1010.1,0,,9,,9,,1,,5,2000,,,24.6,0,26,26.9,26.6,27.1
108,서울,2017-08-01 00:00,24.8,0,,9,1.3,0,50,0,86,0,26.8,22.2,999.9,0,1009.7,0,,9,,9,9,5,AcCi,,1989,,,24.4,0,25.8,26.8,26.5,27.1
108,서울,2017-08-01 01:00,24.7,0,,,2,0,70,0,85,0,26.4,22,999.7,0,1009.4,0,,9,,9,,7,,25,1999,,,24.4,0,25.7,26.6,26.4,27.1
108,서울,2017-08-01 02:00,24.8,0,.5,0,.5,0,200,0,84,0,26.3,21.9,1000.8,0,1010.6,0,,9,,9,10,6,ScAs,10,1730,,01,24.5,0,25.6,26.5,26.3,27
108,서울,2017-08-01 03:00,24.6,0,1,0,.9,0,160,0,90,0,27.7,22.8,1000.8,0,1010.5,0,,9,,9,10,5,StNs,8,1193,,01,24.4,0,25.5,26.4,26.2,27
108,서울,2017-08-01 04:00,24.4,0,.5,0,1,0,20,0,92,0,28.1,23,1000.4,0,1010.1,0,,9,,9,10,6,StNs,7,747,,1901,24.3,0,25.4,26.3,26.2,27
108,서울,2017-08-01 05:00,24.2,0,0,0,1,0,70,0,93,0,27.9,22.9,1000.3,0,1010,0,,9,,9,10,4,ScAs,12,1014,,1901,24.3,0,25.3,26.2,26.1,26.9
108,서울,2017-08-01 06:00,24.2,0,,9,1.8,0,50,0,92,0,27.7,22.8,1000.8,0,1010.5,0,0,0,.02,0,10,5,ScAs,12,908,,19,24.3,0,25.3,26.1,26,26.8
108,서울,2017-08-01 07:00,24.2,0,,9,1.9,0,50,0,91,0,27.4,22.6,1001,0,1010.7,0,0,0,.12,0,9,9,Sc,12,943,,19,24.8,0,25.3,26.1,25.9,26.8
108,서울,2017-08-01 08:00,24.7,0,,9,1.6,0,70,0,85,0,26.4,22,1001.3,0,1011,0,0,0,.46,0,9,2,ScAcCi,16,1558,,19,26.5,0,25.7,26,25.9,26.7
108,서울,2017-08-01 09:00,26.1,0,,9,3,0,70,0,78,0,26.3,21.9,1001.1,0,1010.8,0,.6,0,1.01,0,9,3,AcCi,35,1892,,,30,0,26.6,26.2,25.8,26.6
108,서울,2017-08-01 10:00,27.8,0,,9,1.8,0,50,0,69,0,25.6,21.5,1001.2,0,1010.9,0,.9,0,1.93,0,9,2,ScAcCi,10,2000,,,33.8,0,28.6,26.6,25.8,26.6
108,서울,2017-08-01 11:00,28.8,0,,9,2,0,50,0,68,0,26.8,22.2,1000.6,0,1010.2,0,.8,0,1.72,0,8,2,CuCi,7,2000,,,33.9,0,30.1,27.4,25.9,26.6
108,서울,2017-08-01 12:00,30.6,0,,9,1.6,0,50,0,60,0,26.3,21.9,1000.3,0,1009.9,0,1,0,2.91,0,7,3,CuCi,9,1953,,,41,0,32.4,28.3,26.1,26.6
108,서울,2017-08-01 13:00,31.6,0,,9,1,0,290,0,57,0,26.4,22,999.8,0,1009.3,0,.9,0,2.4,0,7,6,CuScAc,10,1958,,,38.9,0,33.9,29.4,26.4,26.6
108,서울,2017-08-01 14:00,32,0,,9,1.9,0,180,0,56,0,26.6,22.1,999.6,0,1009.1,0,.7,0,1.81,0,6,6,CuSc,11,1968,,,39.2,0,33.4,30.2,26.8,26.7
108,서울,2017-08-01 15:00,32.4,0,,9,2.6,0,200,0,58,0,28.1,23,999.2,0,1008.7,0,.8,0,2.06,0,6,6,CuSc,11,1987,,,35.5,0,34.3,30.8,27.2,26.9
108,서울,2017-08-01 16:00,32.2,0,,9,1.7,0,200,0,59,0,28.3,23.1,999,0,1008.5,0,.5,0,.89,0,7,7,CuSc,11,1971,,,34.6,0,32.9,31,27.6,27
108,서울,2017-08-01 17:00,32.8,0,,9,1.4,0,360,0,55,0,27.2,22.5,998.9,0,1008.4,0,.7,0,1.33,0,7,4,CuAc,11,1937,,,34.8,0,33.2,31,27.9,27.2
108,서울,2017-08-01 18:00,32.6,0,,9,1.7,0,360,0,59,0,28.9,23.5,998.5,0,1008,0,.8,0,.88,0,4,3,CuCi,8,2000,,,31.6,0,32.7,31.1,28.1,27.4
108,서울,2017-08-01 19:00,32.2,0,,9,1.2,0,320,0,61,0,29.3,23.7,998.7,0,1008.2,0,1,0,.48,0,,2,,17,1736,,,30.4,0,31.7,30.9,28.2,27.6
108,서울,2017-08-01 20:00,30.9,0,,9,1.4,0,290,0,68,0,30.2,24.2,999,0,1008.6,0,.1,0,.06,0,,0,,,1587,,,28.6,0,30.5,30.5,28.3,27.7
108,서울,2017-08-01 21:00,29.7,0,,9,2.2,0,290,0,71,0,29.5,23.8,999.8,0,1009.4,0,,9,,9,4,1,AcCi,35,1423,,,27.7,0,29.6,30.1,28.3,27.8
108,서울,2017-08-01 22:00,28.9,0,,9,2.3,0,290,0,72,0,28.6,23.3,1000.3,0,1009.9,0,,9,,9,,2,,28,1656,,,27,0,28.9,29.7,28.3,27.9
108,서울,2017-08-01 23:00,28.6,0,,9,.6,0,270,0,75,0,29.3,23.7,1000.1,0,1009.7,0,,9,,9,,0,,,1086,,,26.8,0,28.5,29.3,28.2,27.9
108,서울,2017-08-02 00:00,28.4,0,,9,.4,0,0,0,76,0,29.3,23.7,1000,0,1009.6,0,,9,,9,6,0,,,875,,19,26.5,0,28.1,29,28,27.9
108,서울,2017-08-02 01:00,28.1,0,,,1.4,0,290,0,81,0,30.7,24.5,999.6,0,1009.2,0,,9,,9,,9,,10,789,,19,26.5,0,27.9,28.7,27.9,27.9
108,서울,2017-08-02 02:00,27.7,0,,,.3,0,0,0,82,0,30.4,24.3,999.1,0,1008.7,0,,9,,9,,2,,,874,,19,26,0,27.6,28.4,27.7,27.9
108,서울,2017-08-02 03:00,27.3,0,,,.6,0,20,0,84,0,30.4,24.3,998.6,0,1008.3,0,,9,,9,3,0,Ci,,816,,19,25.6,0,27.3,28.2,27.6,27.9
108,서울,2017-08-02 04:00,27,0,,,.3,0,0,0,83,0,29.5,23.8,998.2,0,1007.9,0,,9,,9,2,0,Ci,,963,,19,25.5,0,27,28,27.5,27.8
108,서울,2017-08-02 05:00,26.8,0,,,1.8,0,50,0,85,0,29.8,24,998.5,0,1008.2,0,,9,,9,3,0,Ci,,951,,19,25.3,0,26.8,27.8,27.4,27.8
108,서울,2017-08-02 06:00,26.6,0,,,1.2,0,50,0,85,0,29.5,23.8,998.7,0,1008.4,0,0,0,.02,0,4,0,Ci,,869,,19,25.3,0,26.6,27.6,27.2,27.7
108,서울,2017-08-02 07:00,26.9,0,,,1.6,0,50,0,82,0,28.9,23.5,998.9,0,1008.6,0,0,0,.19,0,2,2,Ac,35,928,,19,26.4,0,26.7,27.5,27.1,27.7
108,서울,2017-08-02 08:00,28.1,0,,,1.1,0,50,0,77,0,29.1,23.6,999,0,1008.6,0,.7,0,.63,0,8,8,Sc,10,1129,,19,28.8,0,27.5,27.5,27,27.6
108,서울,2017-08-02 09:00,29.2,0,,,1.5,0,50,0,73,0,29.5,23.8,998.9,0,1008.5,0,.5,0,.93,0,6,6,Sc,11,1554,,,32.5,0,28.5,27.6,26.9,27.5
108,서울,2017-08-02 10:00,30.8,0,,,1.9,0,50,0,65,0,28.8,23.4,998.5,0,1008.1,0,1,0,1.65,0,7,3,ScCi,10,1085,,,34.8,0,30.3,28.1,26.9,27.4
108,서울,2017-08-02 11:00,31,0,,,.7,0,340,0,67,0,30,24.1,998.4,0,1007.9,0,0,0,.77,0,9,5,CuScCi,8,1199,,,32.4,0,30.5,28.7,27,27.4
108,서울,2017-08-02 12:00,31.6,0,,,1.6,0,50,0,64,0,29.7,23.9,998.2,0,1007.7,0,0,0,.96,0,9,5,CuScCi,8,1286,,,33.5,0,31,29.1,27.2,27.4
108,서울,2017-08-02 13:00,32.6,0,,,1.1,0,160,0,58,0,28.4,23.2,997.7,0,1007.2,0,.5,0,1.5,0,9,5,CuScCi,8,1643,,,34.5,0,32.2,29.5,27.3,27.5
108,서울,2017-08-02 14:00,32.5,0,,,1.1,0,270,0,59,0,28.8,23.4,997.3,0,1006.8,0,.2,0,.86,0,9,5,CuScCi,8,1450,,,35,0,31.8,29.9,27.5,27.5
108,서울,2017-08-02 15:00,32.6,0,,,2.4,0,340,0,63,0,30.9,24.6,996.9,0,1006.4,0,0,0,1.15,0,9,5,CuScCi,8,1707,,,34.7,0,32.4,30.2,27.7,27.6
108,서울,2017-08-02 16:00,32.6,0,,,2,0,340,0,64,0,31.3,24.8,996.3,0,1005.8,0,0,0,1.11,0,8,3,CuScCi,8,1481,,,34.8,0,32.6,30.4,27.9,27.7
108,서울,2017-08-02 17:00,32.9,0,,,1.7,0,230,0,63,0,31.5,24.9,996,0,1005.5,0,.3,0,1.03,0,8,6,CuScCi,8,1401,,,33.3,0,32.7,30.7,28,27.8
108,서울,2017-08-02 18:00,32.8,0,,,1.6,0,340,0,60,0,29.8,24,995.5,0,1005,0,.3,0,.65,0,7,3,CuScCi,8,1564,,,33.1,0,32.1,30.8,28.2,27.9
108,서울,2017-08-02 19:00,32.3,0,,,1.2,0,360,0,64,0,30.9,24.6,995.7,0,1005.2,0,.4,0,.46,0,,2,,10,1607,,,31.6,0,31.7,30.7,28.3,28
108,서울,2017-08-02 20:00,31.5,0,,,.6,0,50,0,67,0,30.9,24.6,995.9,0,1005.4,0,0,0,.07,0,,6,,10,1619,,,29.6,0,30.8,30.6,28.4,28.1
108,서울,2017-08-02 21:00,30.7,0,,,1.2,0,20,0,69,0,30.4,24.3,996.1,0,1005.6,0,,9,,9,3,1,ScCi,10,1570,,,28.6,0,30,30.3,28.5,28.1
108,서울,2017-08-02 22:00,30.3,0,,,.8,0,360,0,71,0,30.6,24.4,996.4,0,1006,0,,9,,9,,1,,,1618,,,27.8,0,29.3,29.9,28.4,28.2
108,서울,2017-08-02 23:00,29.7,0,,,1.9,0,50,0,75,0,31.1,24.7,996.4,0,1005.9,0,,9,,9,,0,,,1497,,,27.3,0,28.8,29.6,28.4,28.2
108,서울,2017-08-03 00:00,29.2,0,,,1.3,0,70,0,77,0,31.1,24.7,996.1,0,1005.6,0,,9,,9,0,0,,,1489,,,26.9,0,28.4,29.2,28.2,28.2
108,서울,2017-08-03 01:00,28.8,0,,,.9,0,20,0,79,0,31.1,24.7,995.9,0,1005.5,0,,9,,9,,0,,,1249,,,26.5,0,28.1,29,28.1,28.2
108,서울,2017-08-03 02:00,28.2,0,,,.9,0,20,0,83,0,31.7,25,995.5,0,1005.1,0,,9,,9,,0,,,1094,,,26.2,0,27.8,28.7,28,28.2
108,서울,2017-08-03 03:00,28.2,0,,,1.9,0,90,0,79,0,30.2,24.2,995.4,0,1005,0,,9,,9,7,7,Sc,10,1314,,,26.5,0,27.7,28.5,27.9,28.2
108,서울,2017-08-03 04:00,28.2,0,,,.4,0,0,0,81,0,30.9,24.6,995.3,0,1004.9,0,,9,,9,8,8,Sc,10,1162,,,26.9,0,27.7,28.3,27.7,28.1
108,서울,2017-08-03 05:00,27.7,0,,,2.8,0,110,0,79,0,29.3,23.7,995.2,0,1004.8,0,,9,,9,7,3,ScCi,9,1664,,,26.1,0,27.6,28.2,27.7,28.1
108,서울,2017-08-03 06:00,27.3,0,,,2.2,0,140,0,77,0,27.9,22.9,995.7,0,1005.3,0,0,0,.03,0,8,1,ScCi,10,1919,,,25.7,0,27.2,28.1,27.6,28
108,서울,2017-08-03 07:00,27.4,0,,,2.8,0,140,0,76,0,27.6,22.7,996,0,1005.6,0,.6,0,.35,0,9,1,ScCi,10,1651,,,26.9,0,27.3,27.9,27.4,28
108,서울,2017-08-03 08:00,27.4,0,,,2.7,0,140,0,76,0,27.6,22.7,996.3,0,1005.9,0,.3,0,.43,0,9,9,Sc,10,1173,,,27.8,0,27.6,27.9,27.3,27.9
108,서울,2017-08-03 09:00,28.5,0,,,2,0,90,0,71,0,27.6,22.7,996.2,0,1005.8,0,.4,0,.95,0,8,8,Sc,10,1409,,,30.8,0,28.6,28,27.3,27.9
108,서울,2017-08-03 10:00,30.3,0,,,1.9,0,70,0,64,0,27.6,22.7,996.1,0,1005.7,0,1,0,1.94,0,4,2,ScCi,10,1691,,,35.9,0,30.4,28.3,27.2,27.7
108,서울,2017-08-03 11:00,31.7,0,,,2.2,0,110,0,56,0,26.1,21.8,995.9,0,1005.4,0,1,0,2.47,0,5,1,ScCi,10,1906,,,41.1,0,32.4,29,27.3,27.7
108,서울,2017-08-03 12:00,33,0,,,2.7,0,160,0,50,0,25,21.1,995.4,0,1004.9,0,1,0,3.17,0,7,0,Ci,,1860,,,46.1,0,34.6,30.1,27.5,27.7
108,서울,2017-08-03 13:00,32.8,0,,,2.9,0,110,0,47,0,23.2,19.9,995,0,1004.5,0,1,0,2.8,0,8,0,Ci,,1977,,,44.5,0,35.7,31.2,27.8,27.8
108,서울,2017-08-03 14:00,32.9,0,,,2.9,0,140,0,41,0,20.4,17.8,994.7,0,1004.1,0,1,0,2.3,0,8,0,Ci,,2000,,,42,0,35.7,32,28.2,27.9
108,서울,2017-08-03 15:00,33.7,0,,,2.6,0,110,0,42,0,22,19,994.2,0,1003.6,0,.9,0,2.51,0,8,0,Ci,,2000,,,46.4,0,36.3,32.3,28.6,28
108,서울,2017-08-03 16:00,32.8,0,,,4.3,0,110,0,47,0,23.2,19.9,994,0,1003.4,0,1,0,1.91,0,8,0,Ci,,2000,,,40.6,0,35.9,32.8,28.9,28.2
108,서울,2017-08-03 17:00,32.8,0,,,3,0,110,0,44,0,21.8,18.9,993.6,0,1003,0,.5,0,1.3,0,6,0,Ci,,2000,,,38.9,0,34.6,32.7,29.2,28.4
108,서울,2017-08-03 18:00,32.4,0,,,3.5,0,140,0,48,0,23.2,19.9,993.7,0,1003.2,0,1,0,1.17,0,2,0,Ci,,2000,,,33.6,0,34,32.6,29.4,28.5
108,서울,2017-08-03 19:00,31.3,0,,,2.6,0,140,0,51,0,23.2,19.9,994.1,0,1003.6,0,.7,0,.42,0,,0,,,2000,,,30.5,0,32.4,32.2,29.5,28.7
108,서울,2017-08-03 20:00,30.3,0,,,2.8,0,160,0,54,0,23.2,19.9,994.5,0,1004,0,0,0,.04,0,,0,,,2000,,,28.5,0,30.8,31.6,29.5,28.8
108,서울,2017-08-03 21:00,29.7,0,,,2.1,0,140,0,57,0,23.7,20.2,995.3,0,1004.8,0,,9,,9,4,0,Ci,,1827,,,27.5,0,29.8,31,29.4,28.9
108,서울,2017-08-03 22:00,29.2,0,,,2.2,0,110,0,58,0,23.4,20,995.5,0,1005,0,,9,,9,,0,,,2000,,,26.8,0,29.2,30.4,29.3,28.9
108,서울,2017-08-03 23:00,28.8,0,,,1.8,0,110,0,59,0,23.2,19.9,995.8,0,1005.4,0,,9,,9,,0,,,2000,,,26.2,0,28.6,30,29.1,28.9
108,서울,2017-08-04 00:00,28.4,0,,,2.4,0,110,0,61,0,23.5,20.1,995.8,0,1005.4,0,,9,,9,1,0,Ci,,2000,,,25.8,0,28.2,29.5,28.9,28.9
108,서울,2017-08-04 01:00,28,0,,,.5,0,110,0,63,0,23.7,20.2,995.8,0,1005.4,0,,9,,9,,0,,15,2000,,,25.6,0,27.8,29.2,28.7,28.8
108,서울,2017-08-04 02:00,27.5,0,,,1.4,0,70,0,65,0,23.8,20.3,995.7,0,1005.3,0,,9,,9,,3,,15,2000,,,25.4,0,27.5,28.9,28.5,28.8
108,서울,2017-08-04 03:00,26.9,0,,,2.2,0,50,0,67,0,23.7,20.2,995.8,0,1005.4,0,,9,,9,1,1,Sc,13,2000,,,24.9,0,27.2,28.6,28.3,28.7
108,서울,2017-08-04 04:00,26.5,0,,,2.8,0,50,0,69,0,23.8,20.3,995.6,0,1005.3,0,,9,,9,0,0,,,2000,,,24.5,0,26.9,28.4,28.2,28.6
108,서울,2017-08-04 05:00,26.2,0,,,2.4,0,90,0,69,0,23.4,20,995.6,0,1005.3,0,,9,,9,2,2,Sc,12,2000,,,24.3,0,26.6,28.1,28,28.5
108,서울,2017-08-04 06:00,25.9,0,,,1.7,0,90,0,70,0,23.4,20,996.1,0,1005.8,0,0,0,.02,0,5,0,Ci,,2000,,,24.1,0,26.4,27.9,27.8,28.5
108,서울,2017-08-04 07:00,26.3,0,,,2.1,0,110,0,68,0,23.2,19.9,996.4,0,1006.1,0,.7,0,.32,0,6,0,Ci,,2000,,,25.3,0,26.4,27.6,27.7,28.3
108,서울,2017-08-04 08:00,27.9,0,,,1.3,0,90,0,62,0,23.2,19.9,996.8,0,1006.4,0,1,0,.82,0,3,0,Ci,,1920,,,29,0,27.1,27.5,27.5,28.2
108,서울,2017-08-04 09:00,29.4,0,,,1.2,0,110,0,62,0,25.3,21.3,996.8,0,1006.3,0,1,0,1.53,0,4,0,Ci,,1858,,,35.7,0,28.7,27.7,27.3,28.1
108,서울,2017-08-04 10:00,31,0,,,2.4,0,70,0,57,0,25.5,21.4,996.6,0,1006.1,0,1,0,2.09,0,6,2,CuCc,8,1869,,,40.5,0,30.9,28.3,27.3,28
108,서울,2017-08-04 11:00,32.1,0,,,1.1,0,140,0,57,0,27.2,22.5,996.6,0,1006.1,0,1,0,2.61,0,7,4,CuCi,11,1858,,,46,0,33.2,29.2,27.4,28
108,서울,2017-08-04 12:00,32.3,0,,,1.6,0,70,0,56,0,26.9,22.3,996.4,0,1005.9,0,.8,0,1.98,0,8,5,CuCi,12,1938,,,41.3,0,34.1,30.3,27.6,28
108,서울,2017-08-04 13:00,33,0,,,2,0,180,0,48,0,24.1,20.5,996.1,0,1005.6,0,.8,0,1.79,0,8,8,CuSc,11,1979,,,44.1,0,34.2,31,28,28
108,서울,2017-08-04 14:00,34.3,0,,,2.9,0,200,0,49,0,26.4,22,995.6,0,1005,0,1,0,3.12,0,7,5,CuCc,10,1957,,,50.7,0,36.5,31.7,28.3,28.1
108,서울,2017-08-04 15:00,34.5,0,,,1.8,0,160,0,43,0,23.4,20,994.7,0,1004.1,0,1,0,2.41,0,8,5,CuCi,10,1912,,,47.9,0,36.8,32.6,28.7,28.2
108,서울,2017-08-04 16:00,34.6,0,,,2.2,0,160,0,46,0,25.2,21.2,994,0,1003.4,0,1,0,2.16,0,7,7,Cu,8,1883,,,44.1,0,37.2,33.1,29,28.4
108,서울,2017-08-04 17:00,35,0,,,1.6,0,110,0,44,0,24.7,20.9,994.1,0,1003.5,0,1,0,1.87,0,7,4,CuCc,8,1854,,,44.5,0,36.6,33.4,29.4,28.5
108,서울,2017-08-04 18:00,34.3,0,,,2.8,0,340,0,50,0,26.9,22.3,994.2,0,1003.6,0,1,0,1.06,0,8,6,CuCi,8,1922,,,38.2,0,35.8,33.5,29.7,28.7
108,서울,2017-08-04 19:00,31.4,0,,,4.1,0,340,0,64,0,29.3,23.7,994.8,0,1004.3,0,.5,0,.35,0,,4,,16,1351,,,33.7,0,34,33.3,29.9,28.9
108,서울,2017-08-04 20:00,30.4,0,,,2.5,0,320,0,69,0,29.8,24,994.7,0,1004.2,0,0,0,.05,0,,1,,64,1438,,,30.9,0,32.4,32.7,30,29.1
108,서울,2017-08-04 21:00,30.1,0,,,1,0,360,0,64,0,27.2,22.5,995,0,1004.5,0,,9,,9,8,0,Cc,,1518,,,29.9,0,31.4,32.1,30,29.2
108,서울,2017-08-04 22:00,29.8,0,,,1.4,0,50,0,67,0,28.1,23,995.2,0,1004.8,0,,9,,9,,10,,67,1435,,,29.2,0,30.7,31.6,29.9,29.2
108,서울,2017-08-04 23:00,29.5,0,,,1.1,0,20,0,68,0,27.9,22.9,994.8,0,1004.3,0,,9,,9,,9,,71,1446,,,28.7,0,30.2,31.1,29.7,29.3
108,서울,2017-08-05 00:00,29.2,0,,,2.1,0,70,0,69,0,27.9,22.9,994.8,0,1004.3,0,,9,,9,8,5,AcCc,,1563,,,28,0,29.8,30.7,29.6,29.3
108,서울,2017-08-05 01:00,28.9,0,,,1.6,0,50,0,71,0,28.3,23.1,995.1,0,1004.6,0,,9,,9,,9,,76,1526,,,27.7,0,29.4,30.4,29.4,29.3
108,서울,2017-08-05 02:00,28.7,0,,,1.8,0,50,0,71,0,27.9,22.9,995,0,1004.6,0,,9,,9,,9,,76,1603,,,27.2,0,29.1,30.1,29.2,29.2
108,서울,2017-08-05 03:00,28.3,0,,,2,0,70,0,71,0,27.2,22.5,994.7,0,1004.3,0,,9,,9,3,0,Cc,,1578,,,26.7,0,28.7,29.8,29.1,29.2
108,서울,2017-08-05 04:00,28.2,0,,,.7,0,50,0,73,0,27.7,22.8,994.6,0,1004.2,0,,9,,9,7,7,Ac,32,1362,,,26.7,0,28.4,29.5,28.9,29.1
108,서울,2017-08-05 05:00,27.9,0,,,1.7,0,70,0,74,0,27.7,22.8,994.5,0,1004.1,0,,9,,9,4,4,Ac,32,1455,,,26.5,0,28.3,29.3,28.8,29.1
108,서울,2017-08-05 06:00,27.6,0,,,1.6,0,70,0,72,0,26.4,22,994.7,0,1004.3,0,0,0,.02,0,3,0,Ci,,1804,,,26.2,0,28,29.1,28.6,29
108,서울,2017-08-05 07:00,28.2,0,,,1.8,0,70,0,68,0,26,21.7,994.6,0,1004.2,0,.7,0,.36,0,6,3,AcCc,32,1647,,,28.5,0,28.2,28.9,28.5,28.9
108,서울,2017-08-05 08:00,30,0,,,2.7,0,70,0,63,0,26.6,22.1,994.8,0,1004.3,0,1,0,.93,0,4,4,Ac,35,1767,,,32.4,0,29.1,28.9,28.3,28.8
108,서울,2017-08-05 09:00,31.6,0,,,1.6,0,70,0,59,0,27.4,22.6,994.7,0,1004.2,0,1,0,1.51,0,3,3,Ac,35,1745,,,39.8,0,30.5,29.1,28.2,28.7
108,서울,2017-08-05 10:00,31.9,0,,,1.4,0,110,0,61,0,28.8,23.4,994.8,0,1004.3,0,.9,0,1.33,0,7,7,Sc,15,1821,,,37.8,0,31.7,29.6,28.2,28.7
108,서울,2017-08-05 11:00,33.2,0,,,1.3,0,50,0,60,0,30.4,24.3,994.7,0,1004.1,0,.9,0,1.8,0,7,7,CuSc,10,1921,,,42.7,0,33.2,30.2,28.3,28.6
108,서울,2017-08-05 12:00,33.8,0,,,1.6,0,20,0,57,0,29.8,24,994.5,0,1003.9,0,.7,0,1.84,0,8,5,CuAc,11,1882,,,43.6,0,34.7,31,28.5,28.6
108,서울,2017-08-05 13:00,34.5,0,,,.7,0,160,0,53,0,28.9,23.5,993.7,0,1003.1,0,.6,0,1.81,0,9,9,Cu,12,1944,,,43.8,0,35.4,31.8,28.7,28.7
108,서울,2017-08-05 14:00,34.2,0,,,3.1,0,290,0,58,0,31.1,24.7,993.4,0,1002.8,0,.1,0,.96,0,8,8,Cu,10,1793,,,40.9,0,34.8,32.2,29,28.8
108,서울,2017-08-05 15:00,33.6,0,,,4.1,0,340,0,56,0,29.1,23.6,993.2,0,1002.6,0,.5,0,1.59,0,6,6,Cu,10,1907,,,46.5,0,35.1,32.3,29.3,28.8
108,서울,2017-08-05 16:00,34.5,0,,,3.1,0,360,0,55,0,30,24.1,992.5,0,1001.9,0,1,0,1.99,0,4,4,Cu,9,1720,,,47.8,0,35.9,32.6,29.5,29
108,서울,2017-08-05 17:00,34.4,0,,,3,0,340,0,57,0,30.9,24.6,991.9,0,1001.3,0,.9,0,1.43,0,4,2,CuAc,8,1743,,,42.4,0,35.9,33,29.7,29
108,서울,2017-08-05 18:00,34.1,0,0,0,2.4,0,20,0,57,0,30.4,24.3,991.2,0,1000.6,0,.9,0,.94,0,8,6,CuScAc,8,2000,,04,38.1,0,35.2,33.2,29.9,29.2
108,서울,2017-08-05 19:00,33.3,0,,9,1.4,0,360,0,60,0,30.6,24.4,990.7,0,1000.1,0,.2,0,.28,0,,7,,67,2000,,,34.8,0,33.9,33,30,29.3
108,서울,2017-08-05 20:00,32.3,0,,9,1.4,0,20,0,61,0,29.5,23.8,991,0,1000.4,0,0,0,.05,0,,7,,68,1996,,,31.5,0,32.7,32.7,30.1,29.4
108,서울,2017-08-05 21:00,31.6,0,,9,1.4,0,290,0,66,0,30.6,24.4,992,0,1001.5,0,,9,,9,1,0,Ci,,1992,,,30.1,0,31.6,32.2,30.1,29.5
108,서울,2017-08-05 22:00,31.2,0,,9,.4,0,0,0,65,0,29.5,23.8,992.4,0,1001.9,0,,9,,9,,4,,75,1975,,,29.5,0,30.9,31.7,30,29.5
108,서울,2017-08-05 23:00,30.8,0,,9,.2,0,0,0,66,0,29.3,23.7,992.8,0,1002.3,0,,9,,9,,5,,75,1984,,,28.7,0,30.4,31.3,29.9,29.6
108,서울,2017-08-06 00:00,30.2,0,,9,1.7,0,70,0,66,0,28.3,23.1,992.5,0,1002,0,,9,,9,1,0,Ci,,2000,,,28.1,0,30,30.9,29.7,29.6
108,서울,2017-08-06 01:00,29.9,0,,,2,0,50,0,69,0,28.9,23.5,992.1,0,1001.6,0,,9,,9,,2,,72,1980,,,27.9,0,29.6,30.6,29.6,29.5
108,서울,2017-08-06 02:00,29.6,0,,,2.2,0,70,0,70,0,28.9,23.5,991.8,0,1001.3,0,,9,,9,,7,,68,2000,,,27.6,0,29.4,30.3,29.5,29.5
108,서울,2017-08-06 03:00,29.2,0,,,2.2,0,50,0,73,0,29.5,23.8,991.8,0,1001.3,0,,9,,9,4,4,Sc,16,1966,,,27.4,0,29.1,30.1,29.3,29.5
108,서울,2017-08-06 04:00,29,0,,,2,0,50,0,74,0,29.5,23.8,991.4,0,1000.9,0,,9,,9,4,1,ScAc,16,1992,,,27.3,0,28.9,29.8,29.2,29.4
108,서울,2017-08-06 05:00,28.9,0,,,1.5,0,70,0,73,0,28.9,23.5,991.2,0,1000.7,0,,9,,9,8,8,Ac,32,2000,,,27.5,0,28.9,29.7,29,29.3
108,서울,2017-08-06 06:00,28.7,0,,,2.4,0,70,0,74,0,28.9,23.5,991.7,0,1001.2,0,0,0,.02,0,7,7,Ac,32,2000,,,27.4,0,28.8,29.5,28.9,29.2
108,서울,2017-08-06 07:00,28.8,0,,,2.3,0,70,0,73,0,28.8,23.4,992,0,1001.5,0,0,0,.15,0,8,8,Sc,12,2000,,,28.5,0,28.7,29.4,28.8,29.2
108,서울,2017-08-06 08:00,29.1,0,,,1.8,0,70,0,71,0,28.4,23.2,992.2,0,1001.7,0,0,0,.27,0,9,7,ScAc,13,2000,,,29.8,0,29.1,29.3,28.7,29.1
108,서울,2017-08-06 09:00,30,0,,,1.8,0,50,0,68,0,28.8,23.4,991.9,0,1001.4,0,0,0,.63,0,9,5,ScAs,10,2000,,,33.1,0,29.8,29.4,28.6,29.1
108,서울,2017-08-06 10:00,30.6,0,,,1.7,0,110,0,67,0,29.3,23.7,992.1,0,1001.6,0,0,0,.95,0,10,6,ScAs,8,2000,,,34.8,0,30.8,29.6,28.5,29
108,서울,2017-08-06 11:00,28.2,0,5,0,1.1,0,270,0,88,0,33.6,26,992.4,0,1002,0,0,0,.32,0,10,7,StNs,6,1899,,01,30.2,0,29.6,29.8,28.6,29
108,서울,2017-08-06 12:00,28.5,0,0,0,.7,0,90,0,81,0,31.5,24.9,992.1,0,1001.6,0,.1,0,.66,0,10,3,ScAs,10,2000,,01,31,0,29.8,29.7,28.6,28.9
108,서울,2017-08-06 13:00,29.6,0,,9,1.5,0,110,0,72,0,29.8,24,991.1,0,1000.6,0,.3,0,1.17,0,9,9,As,30,2000,,,32.5,0,31,29.8,28.6,28.9
108,서울,2017-08-06 14:00,30.4,0,0,0,1.1,0,140,0,69,0,29.8,24,990.4,0,999.9,0,.2,0,1.22,0,8,1,ScAs,10,1922,,01,35.5,0,31.5,30.1,28.6,28.9
108,서울,2017-08-06 15:00,32.1,0,,9,1.5,0,250,0,60,0,28.6,23.3,989.6,0,999,0,.6,0,1.76,0,6,4,AcCc,45,1957,,,39.5,0,32.7,30.4,28.6,28.8
108,서울,2017-08-06 16:00,33.5,0,,9,.8,0,340,0,54,0,27.9,22.9,989.2,0,998.6,0,1,0,2.32,0,3,1,ScCc,10,1972,,,38.6,0,34.5,31.2,28.8,28.9
108,서울,2017-08-06 17:00,33.3,0,,9,2.4,0,340,0,60,0,30.6,24.4,989,0,998.4,0,1,0,1.54,0,7,3,ScAcCc,11,2000,,,35.2,0,34.5,31.8,29,28.9
108,서울,2017-08-06 18:00,32.2,0,,9,2.8,0,290,0,62,0,29.7,23.9,988.8,0,998.2,0,0,0,.53,0,8,3,ScAc,11,1997,,,32.5,0,33.2,32,29.2,29
108,서울,2017-08-06 19:00,31.3,0,,9,2.5,0,290,0,70,0,31.9,25.1,989.1,0,998.6,0,.5,0,.39,0,,2,,26,1468,,,30.7,0,32.2,31.8,29.4,29.1
108,서울,2017-08-06 20:00,30.1,0,,9,2.5,0,290,0,75,0,31.9,25.1,989.4,0,998.9,0,0,0,.05,0,,7,,26,936,,40,28.9,0,31,31.4,29.5,29.2
108,서울,2017-08-06 21:00,29.4,0,,9,2,0,290,0,77,0,31.5,24.9,990.3,0,999.8,0,,9,,9,9,9,Sc,18,750,,40,28.3,0,30.2,31,29.5,29.3
108,서울,2017-08-06 22:00,29,0,,9,1.2,0,340,0,76,0,30.4,24.3,990.3,0,999.8,0,,9,,9,,4,,36,947,,40,27.7,0,29.7,30.5,29.4,29.3
108,서울,2017-08-06 23:00,28.6,0,,9,.8,0,270,0,78,0,30.4,24.3,990.4,0,999.9,0,,9,,9,,5,,27,987,,40,27.3,0,29.1,30.2,29.3,29.3
108,서울,2017-08-07 00:00,28.2,0,,9,2.3,0,270,0,80,0,30.6,24.4,990.6,0,1000.1,0,,9,,9,2,2,,,802,,4019,26.7,0,28.8,29.9,29.1,29.3
108,서울,2017-08-07 01:00,27.7,0,,,1.5,0,270,0,82,0,30.4,24.3,990.1,0,999.7,0,,9,,9,,0,,,757,,19,26.2,0,28.4,29.6,29,29.2
108,서울,2017-08-07 02:00,27.3,0,,,1.5,0,270,0,85,0,30.7,24.5,989.7,0,999.3,0,,9,,9,,0,,,558,,19,25.8,0,28,29.3,28.9,29.2
108,서울,2017-08-07 03:00,26.9,0,,,1.7,0,250,0,87,0,30.7,24.5,989.8,0,999.4,0,,9,,9,0,0,,,483,,19,25.5,0,27.7,29,28.7,29.1
108,서울,2017-08-07 04:00,26.6,0,,,.9,0,270,0,89,0,30.9,24.6,989.8,0,999.4,0,,9,,9,2,1,ScCi,12,346,,19,25.2,0,27.4,28.8,28.5,29.1
108,서울,2017-08-07 05:00,26.5,0,,,1.7,0,270,0,89,0,30.7,24.5,989.8,0,999.4,0,,9,,9,8,8,St,7,352,,19,25.6,0,27.2,28.6,28.4,29
108,서울,2017-08-07 06:00,26.6,0,,,1.6,0,270,0,86,0,29.8,24,989.6,0,999.2,0,0,0,.01,0,9,9,Sc,10,507,,19,26.2,0,27.4,28.4,28.3,28.9
108,서울,2017-08-07 07:00,26.7,0,,,1.7,0,290,0,84,0,29.3,23.7,989.6,0,999.2,0,0,0,.18,0,9,9,Sc,10,575,,19,27.4,0,27.6,28.3,28.1,28.8
108,서울,2017-08-07 08:00,27.5,0,,,2.2,0,270,0,75,0,27.4,22.6,990.2,0,999.8,0,.6,0,.67,0,8,8,Sc,10,1196,,19,29.6,0,28,28.3,28,28.7
108,서울,2017-08-07 09:00,28.5,0,,,2.8,0,320,0,73,0,28.3,23.1,990.5,0,1000,0,.6,0,1.31,0,8,3,CuAcCi,8,1272,,,33.3,0,29.4,28.5,27.9,28.6
108,서울,2017-08-07 10:00,29.3,0,,,2.5,0,290,0,66,0,26.8,22.2,990.5,0,1000,0,.7,0,1.46,0,7,2,CuAcCi,8,1766,,,35.5,0,30.5,28.9,27.9,28.6
108,서울,2017-08-07 11:00,30.4,0,,,2.8,0,290,0,62,0,26.8,22.2,990.3,0,999.8,0,1,0,2.41,0,5,2,CuCi,8,1778,,,39.8,0,32.5,29.6,28,28.5
108,서울,2017-08-07 12:00,32.1,0,,,2.3,0,290,0,50,0,23.8,20.3,989.9,0,999.3,0,1,0,2.88,0,3,3,Cu,8,1857,,,45,0,34.6,30.5,28.2,28.5
108,서울,2017-08-07 13:00,33,0,,,3.1,0,230,0,52,0,26.1,21.8,989.4,0,998.8,0,1,0,2.98,0,2,2,Cu,11,1748,,,47.8,0,36.1,31.6,28.5,28.6
108,서울,2017-08-07 14:00,33.5,0,,,3.1,0,290,0,45,0,23.2,19.9,988.8,0,998.2,0,1,0,2.99,0,1,1,Cu,8,1913,,,49.3,0,37.3,32.6,28.9,28.7
108,서울,2017-08-07 15:00,34,0,,,4.3,0,270,0,53,0,28.1,23,988.4,0,997.8,0,1,0,2.62,0,3,3,Cu,12,1760,,,48.2,0,37.7,33.3,29.3,28.8
108,서울,2017-08-07 16:00,34,0,,,3.6,0,270,0,41,0,21.7,18.8,988.2,0,997.6,0,1,0,2.2,0,1,1,Cu,8,1906,,,44.8,0,37.4,33.8,29.7,28.9
108,서울,2017-08-07 17:00,32.5,0,,,3.5,0,290,0,51,0,24.9,21,988.6,0,998,0,1,0,1.65,0,1,0,Ci,,1964,,,39.4,0,36.2,33.9,30,29.1
108,서울,2017-08-07 18:00,31.3,0,,,3.3,0,270,0,51,0,23.2,19.9,988.8,0,998.2,0,1,0,.93,0,1,0,Ci,,1844,,,34.4,0,34.6,33.6,30.3,29.3
108,서울,2017-08-07 19:00,29.1,0,,,4.5,0,290,0,58,0,23.2,19.9,989.4,0,998.9,0,.8,0,.4,0,,0,,,2000,,,30.8,0,32.7,33.1,30.4,29.5
108,서울,2017-08-07 20:00,27.9,0,,,3,0,270,0,69,0,25.8,21.6,989.8,0,999.3,0,0,0,.05,0,,0,,,1821,,,28.5,0,31.1,32.4,30.4,29.6
108,서울,2017-08-07 21:00,27.4,0,,,1.5,0,270,0,72,0,26.1,21.8,990.2,0,999.8,0,,9,,9,2,1,ScCi,12,1748,,,27.3,0,30.1,31.7,30.3,29.7
108,서울,2017-08-07 22:00,27.1,0,,,2.2,0,270,0,70,0,25,21.1,990.4,0,1000,0,,9,,9,,0,,,1879,,,26.5,0,29.3,31.1,30.1,29.8
108,서울,2017-08-07 23:00,26.8,0,,,1.4,0,270,0,73,0,25.6,21.5,990.4,0,1000,0,,9,,9,,0,,,1837,,,25.7,0,28.7,30.5,29.8,29.7
108,서울,2017-08-08 00:00,26.6,0,,,1.5,0,270,0,73,0,25.3,21.3,990.7,0,1000.3,0,,9,,9,0,0,,,1795,,,25.3,0,28.2,30.1,29.6,29.7
108,서울,2017-08-08 01:00,26.6,0,,,2.4,0,250,0,72,0,25,21.1,990.8,0,1000.4,0,,9,,9,,1,,7,1693,,,25.3,0,27.8,29.6,29.4,29.6
108,서울,2017-08-08 02:00,26.5,0,,,3.2,0,200,0,73,0,25.2,21.2,990.2,0,999.8,0,,9,,9,,7,,6,1583,,,25.3,0,27.7,29.3,29.2,29.5
108,서울,2017-08-08 03:00,26.2,0,,,1.2,0,290,0,79,0,26.8,22.2,989.8,0,999.4,0,,9,,9,8,8,Sc,10,961,,19,25.3,0,27.6,29.1,29,29.4
108,서울,2017-08-08 04:00,26,0,,,2,0,290,0,81,0,27.1,22.4,989.9,0,999.5,0,,9,,9,9,9,Sc,10,817,,19,25.6,0,27.5,28.9,28.8,29.3
108,서울,2017-08-08 05:00,25.9,0,,,1.6,0,290,0,82,0,27.2,22.5,990.4,0,1000,0,,9,,9,9,9,Sc,10,716,,19,25.5,0,27.4,28.7,28.6,29.2
108,서울,2017-08-08 06:00,25.6,0,,,1.3,0,320,0,83,0,27.1,22.4,990.5,0,1000.2,0,0,0,.02,0,8,8,Ac,35,568,,19,25,0,27.2,28.5,28.5,29.1
108,서울,2017-08-08 07:00,25.9,0,,,.8,0,340,0,80,0,26.6,22.1,990.5,0,1000.1,0,0,0,.24,0,8,3,CuAc,7,592,,19,26.8,0,27.1,28.4,28.3,29.1
108,서울,2017-08-08 08:00,26.6,0,,,1.3,0,250,0,75,0,26,21.7,990.6,0,1000.2,0,.4,0,.57,0,7,3,CuCi,7,589,,19,29.1,0,27.7,28.3,28.2,28.9
108,서울,2017-08-08 09:00,27.8,0,,,1.2,0,290,0,71,0,26.4,22,990.6,0,1000.2,0,.7,0,1.14,0,8,4,CuScAcCi,7,784,,19,32.3,0,29.2,28.5,28.1,28.8
108,서울,2017-08-08 10:00,28.7,0,,,.6,0,50,0,66,0,26,21.7,990.5,0,1000,0,.7,0,1.18,0,9,6,CuScCi,7,808,,4019,34.4,0,30.2,28.9,28,28.8
108,서울,2017-08-08 11:00,29.6,0,,,.3,0,0,0,57,0,23.5,20.1,990,0,999.5,0,.6,0,1.29,0,9,7,CuScCi,7,1111,,40,37.2,0,31.2,29.3,28.1,28.7
108,서울,2017-08-08 12:00,30.4,0,,,1.4,0,270,0,59,0,25.5,21.4,989.8,0,999.3,0,.8,0,1.85,0,9,4,CuScAc,7,933,,40,41.4,0,32.5,29.9,28.2,28.7
108,서울,2017-08-08 13:00,30.5,0,,,2.8,0,290,0,58,0,25.2,21.2,989.5,0,999,0,.3,0,1.27,0,9,4,ScAc,10,785,,40,37.8,0,32.8,30.5,28.4,28.7
108,서울,2017-08-08 14:00,30.2,0,,,3.5,0,270,0,62,0,26.6,22.1,989.5,0,999,0,.1,0,1.15,0,9,4,CuScAc,7,704,,40,39,0,32.5,30.8,28.6,28.7
108,서울,2017-08-08 15:00,29.9,0,,,4.2,0,270,0,64,0,26.9,22.3,989.6,0,999.1,0,0,0,1.18,0,9,6,CuScAc,7,728,,40,37.1,0,32.7,31,28.8,28.8
108,서울,2017-08-08 16:00,30,0,,,3.8,0,250,0,50,0,21.2,18.4,989.2,0,998.7,0,.2,0,.92,0,9,1,ScAc,10,1560,,40,37.2,0,32.1,31.1,28.9,28.8
108,서울,2017-08-08 17:00,30.2,0,,,2.4,0,230,0,51,0,21.8,18.9,989.3,0,998.8,0,.5,0,1.11,0,8,6,AcCi,35,1617,,,36.3,0,32.1,31.1,29,28.9
108,서울,2017-08-08 18:00,30.8,0,,,2.8,0,230,0,45,0,19.9,17.4,989,0,998.5,0,1,0,1.13,0,6,2,AcCi,35,1986,,,33.8,0,32.2,31.1,29.1,29
108,서울,2017-08-08 19:00,29.5,0,,,2.2,0,250,0,53,0,21.8,18.9,989,0,998.5,0,.3,0,.36,0,,9,,50,1965,,,30.6,0,31.2,31,29.1,29
108,서울,2017-08-08 20:00,28.6,0,,,1.7,0,290,0,65,0,25.3,21.3,989.2,0,998.7,0,0,0,.06,0,,10,,48,936,,40,28.8,0,30.1,30.7,29.2,29.1
108,서울,2017-08-08 21:00,28,0,,,1.3,0,290,0,67,0,25.2,21.2,989.4,0,998.9,0,,9,,9,8,5,AcCi,40,783,,40,27.3,0,29.4,30.3,29.1,29.1
108,서울,2017-08-08 22:00,27.6,0,,,1.3,0,290,0,67,0,24.7,20.9,989.7,0,999.3,0,,9,,9,,6,,38,650,,40,26.8,0,28.7,29.9,29,29.1
108,서울,2017-08-08 23:00,27.4,0,,,1.5,0,290,0,69,0,25.2,21.2,990,0,999.6,0,,9,,9,,9,,35,545,,40,26.7,0,28.4,29.6,28.9,29.1
108,서울,2017-08-09 00:00,27.1,0,,,1.1,0,290,0,69,0,24.7,20.9,989.8,0,999.4,0,,9,,9,8,8,Ac,36,633,,40,26,0,28.1,29.3,28.8,29.1
108,서울,2017-08-09 01:00,26.8,0,,,.9,0,50,0,70,0,24.6,20.8,989.4,0,999,0,,9,,9,,7,,35,590,,40,26,0,27.8,29.1,28.6,29
108,서울,2017-08-09 02:00,26.5,0,,,1.8,0,50,0,69,0,23.8,20.3,988.6,0,998.2,0,,9,,9,,3,,42,884,,40,25.9,0,27.7,28.9,28.5,29
108,서울,2017-08-09 03:00,26.2,0,,,1.3,0,90,0,69,0,23.4,20,988.6,0,998.2,0,,9,,9,10,6,ScAs,8,886,,40,25.8,0,27.5,28.7,28.4,28.9
108,서울,2017-08-09 04:00,26,0,.1,0,1,0,50,0,75,0,25.2,21.2,988.3,0,997.9,0,,9,,9,10,7,ScAs,9,665,,401901,25.2,0,27.3,28.5,28.2,28.8
108,서울,2017-08-09 05:00,25.7,0,0,0,1.6,0,50,0,74,0,24.4,20.7,988,0,997.6,0,,9,,9,10,4,ScAs,10,675,,1901,24.8,0,27,28.3,28.1,28.8
108,서울,2017-08-09 06:00,25.4,0,,9,2.6,0,70,0,77,0,24.9,21,987.8,0,997.4,0,0,0,0,0,10,4,ScAs,10,681,,19,24.7,0,26.8,28.1,28,28.7
108,서울,2017-08-09 07:00,25.5,0,0,0,2.5,0,90,0,76,0,24.7,20.9,987.9,0,997.5,0,0,0,.13,0,9,3,ScAs,12,660,,1901,25.5,0,26.8,28,27.9,28.6
108,서울,2017-08-09 08:00,25.9,0,,9,2.8,0,70,0,72,0,24,20.4,988.3,0,997.9,0,0,0,.34,0,9,4,ScAc,13,789,,19,27.1,0,27,27.9,27.8,28.6
108,서울,2017-08-09 09:00,27,0,,9,1.8,0,50,0,68,0,24.1,20.5,988.2,0,997.8,0,0,0,.73,0,9,4,ScAc,13,790,,4019,30.5,0,28,27.9,27.7,28.5
108,서울,2017-08-09 10:00,27.8,0,,9,3.1,0,50,0,66,0,24.6,20.8,988.1,0,997.6,0,0,0,.94,0,9,9,Sc,15,787,,40,33.7,0,28.9,28.2,27.6,28.4
108,서울,2017-08-09 11:00,28.7,0,,9,2,0,140,0,58,0,22.8,19.6,987.9,0,997.4,0,.3,0,1.3,0,9,9,As,30,1308,,40,35.8,0,30,28.6,27.6,28.3
108,서울,2017-08-09 12:00,28.8,0,,9,2.4,0,70,0,53,0,20.9,18.2,988,0,997.5,0,0,0,1.04,0,8,2,ScCi,15,1702,,,36.3,0,30.3,29,27.7,28.3
108,서울,2017-08-09 13:00,29.6,0,,9,2.4,0,70,0,50,0,20.6,18,987.8,0,997.2,0,.4,0,1.66,0,8,2,ScAcCi,15,1829,,,41.4,0,31.4,29.3,27.8,28.3
108,서울,2017-08-09 14:00,30.8,0,,9,1.7,0,70,0,49,0,21.7,18.8,987.7,0,997.2,0,.9,0,2,0,8,3,ScCi,13,1673,,,43.2,0,32.9,29.9,27.9,28.3
108,서울,2017-08-09 15:00,31,0,,9,2.6,0,70,0,52,0,23.2,19.9,987.4,0,996.8,0,.6,0,1.74,0,8,5,ScCi,13,1935,,,43.3,0,33.4,30.5,28.1,28.3
108,서울,2017-08-09 16:00,31.9,0,,9,3.2,0,70,0,45,0,21.2,18.4,986.7,0,996.1,0,1,0,2.17,0,3,1,ScCi,13,1961,,,45,0,34.5,31,28.3,28.4
108,서울,2017-08-09 17:00,31.2,0,,9,3.2,0,70,0,48,0,21.7,18.8,986.9,0,996.3,0,.8,0,1.22,0,8,6,ScAc,13,1965,,,38.5,0,33.8,31.5,28.6,28.5
108,서울,2017-08-09 18:00,30.2,0,,9,1.9,0,90,0,56,0,24,20.4,986.9,0,996.4,0,0,0,.58,0,9,9,Sc,13,1848,,,34.5,0,32.7,31.5,28.8,28.6
108,서울,2017-08-09 19:00,29.2,0,,9,2.9,0,70,0,61,0,24.6,20.8,987.2,0,996.7,0,0,0,.29,0,,8,,21,1994,,,31.9,0,31.6,31.3,29,28.7
108,서울,2017-08-09 20:00,28.3,0,,9,3.9,0,70,0,62,0,23.8,20.3,987.8,0,997.3,0,0,0,.03,0,,4,,16,2000,,,29.5,0,30.6,31,29,28.8
108,서울,2017-08-09 21:00,27.9,0,,9,3.3,0,70,0,64,0,24,20.4,988.8,0,998.3,0,,9,,9,9,7,ScAs,9,2000,,,28.5,0,29.8,30.5,29,28.8
108,서울,2017-08-09 22:00,27,0,.4,0,3.2,0,70,0,78,0,27.7,22.8,989.4,0,999,0,,9,,9,10,7,ScAs,10,1264,,01,26.9,0,29.3,30.1,29,28.9
108,서울,2017-08-09 23:00,26.1,0,0,0,3,0,70,0,78,0,26.3,21.9,989.3,0,998.9,0,,9,,9,10,6,ScAs,14,1941,,01,25.7,0,28.5,29.8,28.8,28.9
108,서울,2017-08-10 00:00,24.6,0,2,0,2.7,0,70,0,92,0,28.4,23.2,989.3,0,998.9,0,,9,,9,10,7,StNs,7,249,,1901,25.4,0,27.8,29.4,28.7,28.9
108,서울,2017-08-10 01:00,24.3,0,1,0,2.1,0,70,0,93,0,28.1,23,989.2,0,998.8,0,,9,,9,10,8,StNs,7,798,,1901,25.3,0,27.3,29,28.6,28.9
108,서울,2017-08-10 02:00,24.2,0,1,0,1.7,0,90,0,93,0,27.9,22.9,989,0,998.6,0,,9,,9,10,7,StNs,7,865,,1901,25.2,0,27,28.7,28.4,28.8
108,서울,2017-08-10 03:00,24.2,0,.5,0,1.8,0,50,0,93,0,27.9,22.9,989.2,0,998.8,0,,9,,9,10,6,StNs,7,1287,,1901,25.1,0,26.8,28.4,28.3,28.8
108,서울,2017-08-10 04:00,24.2,0,0,0,1.7,0,70,0,91,0,27.4,22.6,989.1,0,998.7,0,,9,,9,10,5,ScAs,14,2000,,01,25,0,26.7,28.2,28.1,28.7
108,서울,2017-08-10 05:00,24,0,0,0,2,0,70,0,92,0,27.4,22.6,989.2,0,998.8,0,,9,,9,10,8,ScAs,10,1041,,01,24.9,0,26.6,28,27.9,28.6
108,서울,2017-08-10 06:00,23.9,0,.5,0,1.8,0,70,0,93,0,27.4,22.6,989.6,0,999.2,0,0,0,.01,0,10,8,ScAs,10,1278,,1901,24.8,0,26.4,27.8,27.8,28.6
108,서울,2017-08-10 07:00,24.1,0,.5,0,1.4,0,50,0,93,0,27.7,22.8,990,0,999.6,0,0,0,.09,0,10,6,StNs,7,912,,1901,25.3,0,26.4,27.7,27.7,28.4
108,서울,2017-08-10 08:00,24.1,0,0,0,.7,0,20,0,92,0,27.6,22.7,990.5,0,1000.1,0,0,0,.18,0,10,5,StNs,7,1111,,1901,25.9,0,26.6,27.6,27.6,28.4
108,서울,2017-08-10 09:00,24.7,0,1,0,1.2,0,50,0,92,0,28.6,23.3,990.8,0,1000.4,0,0,0,.45,0,10,7,StNs,7,1203,,1901,27.9,0,27,27.5,27.5,28.3
108,서울,2017-08-10 10:00,24.9,0,0,0,2.4,0,50,0,90,0,28.3,23.1,991,0,1000.7,0,0,0,.5,0,10,8,StNs,7,1389,,01,27.7,0,27.5,27.7,27.4,28.2
108,서울,2017-08-10 11:00,25.4,0,0,0,3.4,0,70,0,87,0,28.1,23,991,0,1000.7,0,0,0,.83,0,10,7,ScAs,10,1998,,01,30,0,27.9,27.8,27.4,28.2
108,서울,2017-08-10 12:00,25.7,0,0,0,2.9,0,70,0,83,0,27.2,22.5,991,0,1000.7,0,0,0,.73,0,10,4,ScAs,10,2000,,01,29.2,0,28.4,28.1,27.3,28.1
108,서울,2017-08-10 13:00,25.8,0,0,0,2,0,50,0,86,0,28.4,23.2,991,0,1000.6,0,0,0,.55,0,10,7,ScAs,10,1593,,01,29.1,0,28.4,28.2,27.4,28.1
108,서울,2017-08-10 14:00,25.6,0,0,0,1.9,0,50,0,90,0,29.5,23.8,991,0,1000.7,0,0,0,.61,0,10,7,StNs,6,388,,1901,29.3,0,28.4,28.4,27.5,28.1
108,서울,2017-08-10 15:00,26,0,.5,0,2.5,0,50,0,89,0,29.8,24,990.8,0,1000.4,0,0,0,.88,0,10,6,StNs,7,1571,,1901,30.9,0,28.8,28.4,27.5,28
108,서울,2017-08-10 16:00,25.9,0,0,0,2.9,0,50,0,89,0,29.7,23.9,990.8,0,1000.4,0,0,0,.57,0,10,6,StNs,7,749,,1901,29.4,0,28.8,28.6,27.5,28
108,서울,2017-08-10 17:00,26,0,0,0,2.5,0,70,0,86,0,28.8,23.4,991,0,1000.6,0,0,0,.54,0,10,6,ScAs,10,1970,,1901,29,0,28.7,28.7,27.6,28.1
108,서울,2017-08-10 18:00,25.4,0,0,0,1,0,50,0,90,0,29.1,23.6,991.2,0,1000.9,0,0,0,.13,0,10,7,CbStNs,4,1886,,01,27.4,0,28.1,28.6,27.6,28.1
108,서울,2017-08-10 19:00,25.2,0,0,0,2.3,0,50,0,91,0,29.1,23.6,991.4,0,1001.1,0,0,0,.1,0,10,5,ScAs,10,1335,,01,26.8,0,27.8,28.5,27.7,28.1
108,서울,2017-08-10 20:00,24.9,0,.5,0,2.4,0,50,0,89,0,27.9,22.9,991.9,0,1001.6,0,0,0,.04,0,10,6,ScAs,10,2000,,01,26,0,27.4,28.3,27.6,28.1
108,서울,2017-08-10 21:00,24.6,0,0,0,1.6,0,50,0,89,0,27.4,22.6,992.4,0,1002,0,,9,,9,10,6,ScAs,9,2000,,01,25.7,0,27,28.1,27.6,28.1
108,서울,2017-08-10 22:00,24.3,0,0,0,2,0,50,0,89,0,26.9,22.3,992.8,0,1002.4,0,,9,,9,10,5,StNs,8,2000,,01,25.4,0,26.8,27.9,27.5,28.1
108,서울,2017-08-10 23:00,24.2,0,0,0,2.8,0,70,0,89,0,26.8,22.2,993,0,1002.7,0,,9,,9,10,6,CbStNs,4,2000,,01,25,0,26.5,27.6,27.4,28
108,서울,2017-08-11 00:00,24.2,0,,9,2,0,50,0,90,0,27.1,22.4,993.2,0,1002.9,0,,9,,9,9,9,,,2000,,,25,0,26.3,27.5,27.3,28
108,서울,2017-08-11 01:00,24.1,0,,,2.4,0,50,0,88,0,26.3,21.9,993.4,0,1003.1,0,,9,,9,,8,,5,2000,,,24.8,0,26.2,27.3,27.2,28
108,서울,2017-08-11 02:00,24,0,,,2.1,0,50,0,87,0,25.8,21.6,993.5,0,1003.2,0,,9,,9,,9,,5,2000,,,24.7,0,26.1,27.2,27.1,27.9
108,서울,2017-08-11 03:00,23.9,0,,,2.2,0,50,0,86,0,25.5,21.4,994,0,1003.7,0,,9,,9,9,9,Sc,10,2000,,,24.6,0,26,27.1,27,27.8
108,서울,2017-08-11 04:00,23.9,0,,,1.9,0,50,0,85,0,25.2,21.2,994.3,0,1004,0,,9,,9,9,9,Sc,10,2000,,,24.5,0,25.9,26.9,26.9,27.8
108,서울,2017-08-11 05:00,23.9,0,,,1.6,0,70,0,84,0,24.9,21,994.7,0,1004.4,0,,9,,9,9,9,Sc,10,2000,,,24.3,0,25.8,26.9,26.8,27.7
108,서울,2017-08-11 06:00,23.9,0,,,2.5,0,70,0,84,0,24.9,21,995,0,1004.7,0,0,0,.01,0,7,7,Sc,10,2000,,,24.2,0,25.7,26.7,26.8,27.7
108,서울,2017-08-11 07:00,24.1,0,.5,0,2.9,0,70,0,83,0,24.9,21,995.7,0,1005.4,0,0,0,.16,0,8,8,CuSc,8,1671,,04,25.2,0,25.7,26.6,26.7,27.6
108,서울,2017-08-11 08:00,24.8,0,0,0,3.7,0,50,0,79,0,24.7,20.9,995.9,0,1005.6,0,.5,0,.62,0,4,2,CuScCi,8,2000,,04,27,0,25.9,26.6,26.6,27.5
108,서울,2017-08-11 09:00,26.7,0,,9,2.1,0,70,0,73,0,25.5,21.4,996.4,0,1006.1,0,1,0,1.39,0,7,5,CuScCi,5,2000,,,31.6,0,27.2,26.7,26.5,27.4
108,서울,2017-08-11 10:00,27.5,0,,9,3.3,0,70,0,68,0,24.9,21,996.9,0,1006.5,0,1,0,1.56,0,9,9,CuSc,8,2000,,,32.9,0,28.5,27.1,26.5,27.4
108,서울,2017-08-11 11:00,28.2,0,,9,2.5,0,70,0,66,0,25.2,21.2,996.7,0,1006.3,0,.4,0,1.6,0,8,6,CuScCi,8,2000,,,33.7,0,29.7,27.7,26.6,27.4
108,서울,2017-08-11 12:00,29.5,0,,9,1.8,0,50,0,65,0,26.8,22.2,996.5,0,1006,0,.7,0,2.18,0,7,7,CuSc,9,1981,,,38.1,0,31.3,28.3,26.7,27.4
108,서울,2017-08-11 13:00,29.7,0,,9,2.2,0,50,0,60,0,24.9,21,996.2,0,1005.7,0,.5,0,1.24,0,7,5,CuScCi,10,2000,,,34.9,0,31.2,29.1,27,27.4
108,서울,2017-08-11 14:00,30.1,0,,9,2.7,0,70,0,58,0,24.7,20.9,996.1,0,1005.7,0,.5,0,1.38,0,7,7,Cu,11,2000,,,35.3,0,31.4,29.5,27.3,27.5
108,서울,2017-08-11 15:00,31.1,0,,9,3.2,0,70,0,53,0,23.8,20.3,995.8,0,1005.3,0,.9,0,2.06,0,6,6,Cu,14,2000,,,35,0,33.1,29.9,27.5,27.5
108,서울,2017-08-11 16:00,32.2,0,,9,2.2,0,50,0,47,0,22.5,19.4,995.6,0,1005.1,0,1,0,2.01,0,7,7,Cu,14,2000,,,36.3,0,33.4,30.5,27.7,27.6
108,서울,2017-08-11 17:00,31.3,0,,9,2.3,0,70,0,51,0,23.2,19.9,995.9,0,1005.4,0,.6,0,.79,0,8,8,CuSc,8,2000,,,31.5,0,32.2,30.7,28,27.8
108,서울,2017-08-11 18:00,29.3,0,,9,2.9,0,200,0,68,0,27.6,22.7,996.2,0,1005.7,0,.2,0,.38,0,8,6,CuScCi,8,1677,,,29.5,0,30.9,30.6,28.2,27.9
108,서울,2017-08-11 19:00,28.5,0,,9,2.2,0,270,0,68,0,26.4,22,996.8,0,1006.4,0,0,0,.13,0,,2,,14,2000,,,28.2,0,29.8,30.2,28.3,28
108,서울,2017-08-11 20:00,27,0,0,0,2.8,0,360,0,78,0,27.7,22.8,997.4,0,1007.1,0,0,0,.04,0,8,8,CuSc,8,2000,,04,27.2,0,29,29.8,28.4,28.1
108,서울,2017-08-11 21:00,26.5,0,0,0,1.4,0,50,0,80,0,27.6,22.7,997.9,0,1007.6,0,,9,,9,3,3,Sc,10,2000,,04,26.4,0,28.3,29.4,28.3,28.2
108,서울,2017-08-11 22:00,25.7,0,,9,2.4,0,50,0,78,0,25.6,21.5,998.3,0,1008,0,,9,,9,,1,,,2000,,,25.2,0,27.6,29,28.1,28.2
108,서울,2017-08-11 23:00,25.3,0,,9,3,0,70,0,74,0,23.8,20.3,998.4,0,1008.1,0,,9,,9,,0,,,2000,,,24.4,0,27,28.6,28,28.2
108,서울,2017-08-12 00:00,24.9,0,,9,2.8,0,50,0,71,0,22.2,19.2,999.1,0,1008.9,0,,9,,9,0,0,,,2000,,,23.8,0,26.5,28.2,27.9,28.2
108,서울,2017-08-12 01:00,24.7,0,,,2.5,0,70,0,67,0,20.8,18.1,999.1,0,1008.8,0,,9,,9,,0,,,2000,,,23.3,0,26,27.8,27.7,28.1
108,서울,2017-08-12 02:00,24.3,0,,,2.3,0,50,0,69,0,20.9,18.2,999.8,0,1009.5,0,,9,,9,,0,,20,2000,,,22.9,0,25.6,27.5,27.5,28.1
108,서울,2017-08-12 03:00,24,0,,,2.1,0,50,0,71,0,21.2,18.4,1000.4,0,1010.1,0,,9,,9,9,9,Sc,10,2000,,,23.4,0,25.5,27.2,27.4,28
108,서울,2017-08-12 04:00,23.8,0,,,2.6,0,70,0,68,0,20,17.5,1000.3,0,1010,0,,9,,9,1,1,Sc,10,2000,,,22.5,0,25.2,26.9,27.2,28
108,서울,2017-08-12 05:00,23.5,0,,,2.3,0,70,0,71,0,20.5,17.9,1000.6,0,1010.4,0,,9,,9,1,1,Sc,10,2000,,,22.1,0,24.9,26.7,27,27.9
108,서울,2017-08-12 06:00,23.2,0,,,2.1,0,70,0,71,0,20.1,17.6,1001.1,0,1010.9,0,0,0,.02,0,1,1,Sc,10,2000,,,21.9,0,24.6,26.5,26.9,27.8
108,서울,2017-08-12 07:00,23.4,0,,,2.2,0,70,0,72,0,20.6,18,1001.3,0,1011.1,0,.3,0,.16,0,2,2,Sc,10,2000,,,22.6,0,24.6,26.2,26.7,27.7
108,서울,2017-08-12 08:00,25.4,0,,,2.7,0,70,0,63,0,20.4,17.8,1001.6,0,1011.4,0,.9,0,.84,0,2,0,Ci,,2000,,,25.9,0,25.1,26.1,26.5,27.6
108,서울,2017-08-12 09:00,27.2,0,,,2.7,0,70,0,60,0,21.6,18.7,1001.4,0,1011.1,0,1,0,1.54,0,2,0,Ci,,2000,,,32.2,0,26.6,26.2,26.4,27.4
108,서울,2017-08-12 10:00,28.5,0,,,2.6,0,90,0,54,0,20.9,18.2,1001.5,0,1011.1,0,1,0,2.19,0,3,0,Ci,,1988,,,36.6,0,28.7,26.7,26.3,27.3
108,서울,2017-08-12 11:00,30.1,0,,,2.1,0,110,0,52,0,22.1,19.1,1001,0,1010.6,0,1,0,2.69,0,5,0,Ci,,1971,,,40,0,31.1,27.7,26.4,27.3
108,서울,2017-08-12 12:00,30.7,0,,,1.3,0,360,0,53,0,23.4,20,1000.4,0,1010,0,1,0,2.65,0,7,1,ScCi,13,2000,,,41.3,0,32.9,28.8,26.6,27.3
108,서울,2017-08-12 13:00,31.3,0,,,2.4,0,70,0,48,0,21.8,18.9,1000.2,0,1009.8,0,.9,0,2.16,0,7,2,ScCi,13,2000,,,42.6,0,33.2,29.7,27,27.3
108,서울,2017-08-12 14:00,32.2,0,,,2.1,0,90,0,47,0,22.5,19.4,1000,0,1009.5,0,.9,0,2.67,0,8,4,CuScCi,8,2000,,,40.4,0,35.1,30.5,27.4,27.4
108,서울,2017-08-12 15:00,31.3,0,,,2,0,270,0,50,0,22.8,19.6,1000.2,0,1009.8,0,.3,0,.99,0,8,6,CuScCi,8,2000,,,35.2,0,33.3,31.1,27.8,27.5
108,서울,2017-08-12 16:00,30.8,0,,,1.3,0,110,0,49,0,21.7,18.8,999.9,0,1009.5,0,.2,0,.61,0,9,3,CuScCi,8,2000,,,33.2,0,32.1,31,28.1,27.7
108,서울,2017-08-12 17:00,31.1,0,,,1.7,0,50,0,52,0,23.4,20,999.8,0,1009.4,0,.4,0,.84,0,7,2,CuCi,8,2000,,,33,0,31.9,30.8,28.3,27.8
108,서울,2017-08-12 18:00,31.4,0,,,.9,0,110,0,48,0,22,19,999.6,0,1009.1,0,.9,0,.76,0,6,2,ScCi,14,2000,,,31.4,0,31.5,30.6,28.4,28
108,서울,2017-08-12 19:00,30.6,0,,,1.5,0,340,0,54,0,23.7,20.2,1000.1,0,1009.7,0,.8,0,.28,0,,3,,15,2000,,,29,0,30.5,30.4,28.4,28.1
108,서울,2017-08-12 20:00,29,0,,,1.5,0,360,0,58,0,23.1,19.8,1000.2,0,1009.8,0,0,0,.02,0,,0,,,2000,,,26.8,0,29.2,30,28.5,28.2
108,서울,2017-08-12 21:00,28.2,0,,,.9,0,50,0,60,0,22.8,19.6,1000.5,0,1010.1,0,,9,,9,5,0,Ci,,2000,,,25.9,0,28.2,29.5,28.4,28.2
108,서울,2017-08-12 22:00,27.5,0,,,2.5,0,50,0,65,0,23.8,20.3,1000.8,0,1010.5,0,,9,,9,,0,,,2000,,,25.4,0,27.7,29,28.2,28.2
108,서울,2017-08-12 23:00,26.9,0,,,2.6,0,50,0,69,0,24.4,20.7,1000.9,0,1010.6,0,,9,,9,,0,,,2000,,,24.8,0,27.3,28.7,28.1,28.3
108,서울,2017-08-13 00:00,26.3,0,,,2.5,0,50,0,69,0,23.5,20.1,1000.8,0,1010.5,0,,9,,9,7,0,Ci,,2000,,,24.3,0,26.8,28.3,27.9,28.2
108,서울,2017-08-13 01:00,26,0,,,2.3,0,50,0,69,0,23.1,19.8,1000.8,0,1010.5,0,,9,,9,,0,,,2000,,,23.9,0,26.5,28,27.8,28.2
108,서울,2017-08-13 02:00,25.7,0,,,1.8,0,50,0,69,0,22.7,19.5,1000.6,0,1010.3,0,,9,,9,,9,,74,2000,,,24,0,26.3,27.7,27.6,28.1
108,서울,2017-08-13 03:00,25.3,0,,,3.3,0,70,0,69,0,22.1,19.1,1000.3,0,1010.1,0,,9,,9,6,0,Ci,,2000,,,23.5,0,26,27.5,27.5,28.1
108,서울,2017-08-13 04:00,24.8,0,,,2.1,0,50,0,72,0,22.5,19.4,1000.7,0,1010.5,0,,9,,9,8,8,Ac,35,2000,,,23.3,0,25.7,27.3,27.3,28
108,서울,2017-08-13 05:00,24.6,0,,,1.8,0,90,0,70,0,21.6,18.7,1000.9,0,1010.6,0,,9,,9,9,9,Ac,35,2000,,,23.2,0,25.5,27.1,27.2,27.9
108,서울,2017-08-13 06:00,24.3,0,,,1.9,0,70,0,71,0,21.4,18.6,1001.2,0,1010.9,0,0,0,.01,0,9,9,Ac,35,2000,,,23.2,0,25.4,26.9,27,27.9
108,서울,2017-08-13 07:00,24.4,0,,,2,0,70,0,69,0,21,18.3,1001.4,0,1011.1,0,0,0,.14,0,9,9,Ac,35,2000,,,24.2,0,25.5,26.7,26.9,27.8
108,서울,2017-08-13 08:00,24.3,0,,,2.9,0,70,0,68,0,20.6,18,1001.6,0,1011.3,0,0,0,.31,0,9,1,ScAc,10,2000,,,24.9,0,25.6,26.6,26.8,27.7
108,서울,2017-08-13 09:00,25.3,0,,,3.1,0,70,0,67,0,21.6,18.7,1001.7,0,1011.5,0,.1,0,.9,0,9,1,ScAc,7,2000,,,29.5,0,26.5,26.7,26.7,27.6
108,서울,2017-08-13 10:00,26.7,0,,,2.9,0,70,0,62,0,21.7,18.8,1001.5,0,1011.2,0,.7,0,1.48,0,9,1,ScAcCi,10,2000,,,33.8,0,28,26.9,26.6,27.5
108,서울,2017-08-13 11:00,27.1,0,,,1.8,0,70,0,60,0,21.4,18.6,1001.5,0,1011.2,0,.1,0,1.31,0,9,1,ScCi,10,2000,,,33.5,0,28.8,27.4,26.6,27.5
108,서울,2017-08-13 12:00,27.9,0,,,2,0,70,0,58,0,21.7,18.8,1001.1,0,1010.8,0,0,0,1.44,0,9,2,ScCi,10,2000,,,34.8,0,29.6,27.9,26.7,27.4
108,서울,2017-08-13 13:00,28.1,0,,,3.2,0,90,0,58,0,22,19,1000.5,0,1010.1,0,0,0,1.35,0,10,3,ScAs,11,2000,,,34.5,0,30.1,28.3,26.8,27.4
108,서울,2017-08-13 14:00,28.4,0,,,2.5,0,90,0,56,0,21.6,18.7,1000,0,1009.6,0,0,0,1.11,0,10,3,ScAs,11,2000,,,33.9,0,30.1,28.7,27,27.4
108,서울,2017-08-13 15:00,28.1,0,,,3.7,0,70,0,56,0,21.2,18.4,999.6,0,1009.2,0,0,0,.83,0,10,4,ScAs,12,2000,,,32.4,0,29.8,28.8,27.1,27.5
108,서울,2017-08-13 16:00,28.2,0,,,3.2,0,70,0,55,0,20.9,18.2,999.8,0,1009.4,0,0,0,.78,0,10,2,ScAs,12,2000,,,31.8,0,29.7,28.9,27.3,27.5
108,서울,2017-08-13 17:00,28.1,0,,,3.3,0,90,0,55,0,20.9,18.2,999.9,0,1009.5,0,0,0,.67,0,10,2,ScAs,12,2000,,,31.2,0,29.4,28.9,27.4,27.6
108,서울,2017-08-13 18:00,28.4,0,,,3.1,0,70,0,54,0,20.8,18.1,999.9,0,1009.5,0,.4,0,.66,0,9,1,ScAs,12,2000,,,30.9,0,29.2,28.8,27.4,27.6
108,서울,2017-08-13 19:00,27.4,0,,,2.2,0,90,0,57,0,20.8,18.1,999.2,0,1008.9,0,.1,0,.21,0,,4,,67,2000,,,27.7,0,28.6,28.8,27.4,27.7
108,서울,2017-08-13 20:00,26.9,0,,,2.7,0,70,0,63,0,22.2,19.2,999.6,0,1009.3,0,0,0,.02,0,,1,,9,2000,,,26.4,0,27.8,28.5,27.5,27.7
108,서울,2017-08-13 21:00,26.3,0,,,2.7,0,70,0,62,0,21.2,18.4,999.9,0,1009.6,0,,9,,9,9,4,ScAs,12,2000,,,25.7,0,27.3,28.2,27.4,27.7
108,서울,2017-08-13 22:00,25.7,0,,,3.6,0,70,0,61,0,20.1,17.6,999.8,0,1009.5,0,,9,,9,,5,,46,2000,,,25,0,26.9,27.9,27.3,27.7
108,서울,2017-08-13 23:00,25.2,0,0,0,4.6,0,70,0,61,0,19.5,17.1,999.2,0,1009,0,,9,,9,10,6,ScAs,12,2000,,01,24.2,0,26.4,27.7,27.3,27.7
108,서울,2017-08-14 00:00,24.8,0,0,0,3.9,0,70,0,60,0,18.8,16.5,999.1,0,1008.9,0,,9,,9,10,7,ScAs,12,2000,,01,23.5,0,25.9,27.4,27.1,27.6
108,서울,2017-08-14 01:00,24.3,0,0,0,3.1,0,70,0,62,0,18.8,16.5,998.7,0,1008.4,0,,9,,9,8,8,Ac,35,2000,,01,22.8,0,25.5,27.1,27,27.6
108,서울,2017-08-14 02:00,24,0,,9,2.7,0,70,0,63,0,18.8,16.5,998.8,0,1008.5,0,,9,,9,,4,,44,2000,,,22.6,0,25.2,26.9,26.9,27.6
108,서울,2017-08-14 03:00,23.8,0,,9,3.5,0,70,0,62,0,18.2,16,998.5,0,1008.2,0,,9,,9,8,4,ScAc,13,2000,,,22.5,0,25,26.6,26.7,27.5
108,서울,2017-08-14 04:00,23.8,0,0,0,3,0,70,0,62,0,18.2,16,998.1,0,1007.8,0,,9,,9,10,6,ScAs,12,2000,,01,22.6,0,24.9,26.4,26.6,27.4
108,서울,2017-08-14 05:00,23.5,0,0,0,3.6,0,70,0,63,0,18.2,16,997.8,0,1007.5,0,,9,,9,10,5,ScAs,13,2000,,01,22.2,0,24.7,26.2,26.5,27.4
108,서울,2017-08-14 06:00,23.4,0,0,0,3.1,0,70,0,64,0,18.3,16.1,997.2,0,1006.9,0,0,0,0,0,10,5,ScAs,12,2000,,01,22.2,0,24.6,26.1,26.4,27.3
108,서울,2017-08-14 07:00,23.7,0,,9,3.4,0,70,0,64,0,18.6,16.4,996.9,0,1006.6,0,0,0,.1,0,10,4,ScAs,12,2000,,,22.9,0,24.6,25.9,26.2,27.2
108,서울,2017-08-14 08:00,24.3,0,,9,3.7,0,70,0,64,0,19.4,17,996.8,0,1006.5,0,0,0,.37,0,9,3,ScAs,12,2000,,,25,0,25.1,25.9,26.1,27.2
108,서울,2017-08-14 09:00,25.2,0,,9,4.4,0,50,0,63,0,20.1,17.6,996.9,0,1006.6,0,0,0,.77,0,9,5,ScAs,12,2000,,,27.9,0,25.9,26,26.1,27.1
108,서울,2017-08-14 10:00,25.7,0,,9,5.2,0,70,0,62,0,20.4,17.8,997.2,0,1006.9,0,0,0,.75,0,9,5,ScAs,12,2000,,,29.3,0,26.5,26.2,26,27
108,서울,2017-08-14 11:00,26.3,0,,9,4.1,0,70,0,62,0,21.2,18.4,997.1,0,1006.8,0,0,0,.98,0,10,5,ScAs,12,2000,,,30.1,0,27.4,26.5,26,27
108,서울,2017-08-14 12:00,26.9,0,,9,3.9,0,70,0,62,0,21.8,18.9,996.4,0,1006,0,0,0,1.12,0,10,5,ScAs,10,2000,,,31.9,0,28,26.8,26.1,26.9
108,서울,2017-08-14 13:00,26.9,0,0,0,3.9,0,70,0,64,0,22.7,19.5,995.9,0,1005.5,0,0,0,.91,0,10,5,ScAs,10,2000,,01,30.1,0,28.3,27.2,26.2,26.9
108,서울,2017-08-14 14:00,26.5,0,0,0,4,0,90,0,69,0,23.8,20.3,995.5,0,1005.2,0,0,0,.63,0,10,5,StNs,8,2000,,01,29.1,0,27.9,27.4,26.2,26.9
108,서울,2017-08-14 15:00,26.2,0,.1,0,2.6,0,70,0,72,0,24.4,20.7,995.3,0,1005,0,0,0,.66,0,10,6,StNs,8,2000,,01,28.2,0,27.6,27.4,26.3,26.9
108,서울,2017-08-14 16:00,25.3,0,.1,0,4.5,0,70,0,73,0,23.5,20.1,995.1,0,1004.8,0,0,0,.42,0,10,7,StNs,7,1388,,01,26.4,0,27.2,27.4,26.4,26.9
108,서울,2017-08-14 17:00,24.5,0,.3,0,5.3,0,70,0,72,0,22.1,19.1,994.9,0,1004.6,0,0,0,.31,0,10,5,StNs,8,2000,,01,25.4,0,26.5,27.3,26.5,27
108,서울,2017-08-14 18:00,24.3,0,0,0,4.3,0,70,0,72,0,21.8,18.9,995,0,1004.7,0,0,0,.16,0,10,5,StNs,8,2000,,01,24.3,0,26,27.1,26.4,27
108,서울,2017-08-14 19:00,23.7,0,.5,0,4.9,0,70,0,76,0,22.2,19.2,995,0,1004.7,0,0,0,.07,0,10,6,StNs,8,1932,,01,23.4,0,25.5,26.8,26.4,27
108,서울,2017-08-14 20:00,23.2,0,.5,0,3.8,0,70,0,81,0,22.9,19.7,995.1,0,1004.8,0,0,0,.01,0,10,6,ScAs,16,2000,,01,23.1,0,25,26.6,26.3,27
108,서울,2017-08-14 21:00,23.4,0,0,0,3.2,0,70,0,76,0,21.8,18.9,995.2,0,1004.9,0,,9,,9,10,7,ScAs,17,2000,,01,23,0,24.8,26.3,26.3,27
108,서울,2017-08-14 22:00,23.6,0,,9,2.9,0,70,0,73,0,21.2,18.4,995.3,0,1005,0,,9,,9,,9,,17,2000,,,22.9,0,24.7,26.1,26.2,26.9
108,서울,2017-08-14 23:00,23.8,0,,9,3.6,0,70,0,69,0,20.2,17.7,995.2,0,1004.9,0,,9,,9,,4,,17,2000,,,22.8,0,24.6,25.9,26,26.9
108,서울,2017-08-15 00:00,23.9,0,0,0,3.6,0,70,0,69,0,20.4,17.8,994.7,0,1004.4,0,,9,,9,10,5,ScAs,18,2000,,01,22.7,0,24.5,25.8,26,26.8
108,서울,2017-08-15 01:00,24,0,,,3.1,0,70,0,69,0,20.5,17.9,994.5,0,1004.2,0,,9,,9,,10,,16,2000,,,22.7,0,24.5,25.7,25.9,26.8
108,서울,2017-08-15 02:00,24,0,0,0,2.6,0,70,0,68,0,20.2,17.7,994.4,0,1004.1,0,,9,,9,10,7,ScAs,16,2000,,01,22.7,0,24.4,25.6,25.8,26.7
108,서울,2017-08-15 03:00,22.7,0,3.5,0,2.6,0,70,0,88,0,24.3,20.6,994.2,0,1003.9,0,,9,,9,10,7,ScAs,17,2000,,01,22.5,0,24,25.5,25.7,26.6
108,서울,2017-08-15 04:00,22.6,0,.5,0,1.3,0,50,0,90,0,24.6,20.8,994.1,0,1003.9,0,,9,,9,10,7,StNs,8,2000,,01,22.6,0,23.9,25.3,25.6,26.6
108,서울,2017-08-15 05:00,22.2,0,5.5,0,1.8,0,90,0,92,0,24.6,20.8,993.8,0,1003.6,0,,9,,9,10,8,CbStNs,4,173,,1901,22.3,0,23.7,25.2,25.5,26.5
108,서울,2017-08-15 06:00,21.9,0,10,0,2.8,0,70,0,93,0,24.4,20.7,993.8,0,1003.6,0,0,0,0,0,10,8,StNs,7,286,,1901,22,0,23.1,24.7,25.4,26.5
108,서울,2017-08-15 07:00,21.6,0,2,0,3.4,0,70,0,96,0,24.7,20.9,993.4,0,1003.2,0,0,0,.05,0,10,8,StNs,7,526,,1901,22.1,0,23.2,24.5,25.1,26.4
108,서울,2017-08-15 08:00,21.7,0,2,0,3.3,0,70,0,96,0,24.9,21,993.4,0,1003.2,0,0,0,.11,0,10,8,StNs,7,1442,,1901,22.6,0,23.3,24.5,25,26.3
108,서울,2017-08-15 09:00,21.7,0,1,0,4.6,0,70,0,93,0,24.1,20.5,993.1,0,1002.9,0,0,0,.13,0,10,8,StNs,8,1734,,01,22.7,0,23.4,24.4,24.9,26.2
108,서울,2017-08-15 10:00,21.6,0,1,0,3.7,0,70,0,92,0,23.7,20.2,993.1,0,1002.9,0,0,0,.09,0,10,8,CbStNs,4,965,,1901,22.4,0,23.4,24.5,24.8,26.1
108,서울,2017-08-15 11:00,21.5,0,23.5,0,4.7,0,70,0,96,0,24.6,20.8,992.9,0,1002.7,0,0,0,.09,0,10,8,CbStNs,4,118,,1901,21.7,0,22.2,23.6,24.5,25.9
108,서울,2017-08-15 12:00,21.8,0,16,0,3.4,0,50,0,99,0,25.8,21.6,993,0,1002.8,0,0,0,.31,0,10,7,StNs,6,679,,1901,23,0,22.4,23,23.6,25.1
108,서울,2017-08-15 13:00,22,0,10,0,3.8,0,70,0,99,0,26.1,21.8,992.4,0,1002.2,0,0,0,.43,0,10,7,StNs,6,296,,1901,23.5,0,22.9,23.2,23.5,25
108,서울,2017-08-15 14:00,22.3,0,3,0,3.6,0,70,0,99,0,26.6,22.1,992.2,0,1002,0,0,0,.48,0,10,7,StNs,6,570,,1901,24.4,0,23.3,23.4,23.4,25
108,서울,2017-08-15 15:00,22.5,0,2,0,3.7,0,70,0,98,0,26.6,22.1,992,0,1001.7,0,0,0,.53,0,10,7,StNs,6,340,,1901,24.6,0,23.7,23.6,23.5,24.9
108,서울,2017-08-15 16:00,22.4,0,1.5,0,3.8,0,70,0,97,0,26.1,21.8,992,0,1001.7,0,0,0,.3,0,10,7,StNs,6,369,,1901,23.9,0,23.8,23.9,23.6,24.9
108,서울,2017-08-15 17:00,22.4,0,4,0,4.1,0,70,0,97,0,26.1,21.8,992,0,1001.7,0,0,0,.24,0,10,7,StNs,6,486,,1901,23.9,0,23.7,24,23.7,24.9
108,서울,2017-08-15 18:00,22,0,1,0,3.9,0,70,0,94,0,24.7,20.9,992.3,0,1002.1,0,0,0,.11,0,10,7,StNs,6,374,,1901,23,0,23.6,24,23.8,24.9
108,서울,2017-08-15 19:00,21.7,0,3.5,0,4.6,0,70,0,93,0,24.1,20.5,992.5,0,1002.3,0,0,0,.11,0,10,7,StNs,6,679,,1901,22.7,0,23.3,24,23.8,24.9
108,서울,2017-08-15 20:00,21.3,0,.5,0,4.6,0,70,0,92,0,23.2,19.9,992.9,0,1002.7,0,0,0,.02,0,10,7,StNs,6,1021,,1901,22.1,0,23.1,23.9,23.8,24.9
108,서울,2017-08-15 21:00,21.3,0,.5,0,4.5,0,70,0,92,0,23.2,19.9,993.4,0,1003.2,0,,9,,9,10,6,StNs,7,1551,,01,21.9,0,22.9,23.8,23.8,24.9
108,서울,2017-08-15 22:00,21.1,0,1,0,4.4,0,70,0,92,0,22.9,19.7,993.5,0,1003.3,0,,9,,9,10,8,StNs,7,581,,1901,21.7,0,22.8,23.7,23.8,24.8
108,서울,2017-08-15 23:00,20.8,0,1.5,0,4.6,0,70,0,93,0,22.8,19.6,993.6,0,1003.4,0,,9,,9,10,6,StNs,7,743,,1901,21.6,0,22.6,23.6,23.8,24.9
108,서울,2017-08-16 00:00,20.9,0,0,0,4.6,0,70,0,93,0,22.9,19.7,993.8,0,1003.6,0,,9,,9,10,6,StNs,7,2000,,1901,21.6,0,22.6,23.6,23.7,24.8
108,서울,2017-08-16 01:00,20.8,0,.5,0,4.3,0,70,0,92,0,22.5,19.4,993.8,0,1003.7,0,,9,,9,10,6,StNs,7,2000,,01,21.5,0,22.5,23.5,23.7,24.8
108,서울,2017-08-16 02:00,20.8,0,0,0,4.9,0,70,0,90,0,22,19,993.8,0,1003.7,0,,9,,9,10,7,ScAs,8,1824,,01,21.4,0,22.5,23.4,23.7,24.8
108,서울,2017-08-16 03:00,20.8,0,0,0,3.7,0,70,0,89,0,21.8,18.9,994,0,1003.9,0,,9,,9,10,6,ScAs,8,1818,,01,21.4,0,22.4,23.4,23.6,24.8
108,서울,2017-08-16 04:00,20.8,0,0,0,3.2,0,70,0,89,0,21.8,18.9,994.2,0,1004.1,0,,9,,9,10,7,ScAs,8,2000,,01,21.4,0,22.4,23.4,23.6,24.7
108,서울,2017-08-16 05:00,20.5,0,0,0,3.9,0,70,0,91,0,21.8,18.9,994.2,0,1004.1,0,,9,,9,10,7,ScAs,8,1685,,01,21.2,0,22.3,23.3,23.6,24.7
108,서울,2017-08-16 06:00,20.7,0,0,0,4.1,0,70,0,90,0,21.8,18.9,994.7,0,1004.6,0,0,0,.02,0,10,7,ScAs,8,1975,,01,21.2,0,22.3,23.3,23.5,24.7
108,서울,2017-08-16 07:00,20.8,0,0,0,4,0,70,0,89,0,21.8,18.9,995.2,0,1005.1,0,0,0,.07,0,10,8,ScAs,10,2000,,01,21.5,0,22.3,23.3,23.5,24.6
108,서울,2017-08-16 08:00,21.1,0,,9,3.9,0,70,0,87,0,21.7,18.8,995.5,0,1005.4,0,0,0,.17,0,10,4,ScAs,7,2000,,,22.2,0,22.5,23.2,23.5,24.6
108,서울,2017-08-16 09:00,21.9,0,,9,3.6,0,70,0,84,0,22,19,995.7,0,1005.5,0,0,0,.5,0,10,5,ScAs,10,2000,,,24.1,0,23.1,23.3,23.4,24.6
108,서울,2017-08-16 10:00,22.8,0,,9,4,0,50,0,80,0,22.1,19.1,995.9,0,1005.7,0,0,0,.95,0,9,9,Sc,10,2000,,,26.9,0,24,23.5,23.4,24.5
108,서울,2017-08-16 11:00,23.8,0,,9,3.9,0,70,0,76,0,22.4,19.3,995.9,0,1005.6,0,.1,0,1.14,0,10,7,ScAs,10,2000,,,28.5,0,25,23.9,23.5,24.5
108,서울,2017-08-16 12:00,24.5,0,,9,4,0,70,0,74,0,22.7,19.5,996.1,0,1005.8,0,.4,0,1.44,0,10,6,ScAs,7,2000,,,28.5,0,26.2,24.5,23.6,24.5
108,서울,2017-08-16 13:00,24.6,0,,9,3.2,0,70,0,73,0,22.5,19.4,996.1,0,1005.8,0,0,0,.59,0,10,6,ScAs,7,2000,,,27.6,0,25.9,24.8,23.7,24.5
108,서울,2017-08-16 14:00,26.4,0,,9,4,0,90,0,68,0,23.4,20,995.5,0,1005.2,0,.4,0,1.81,0,9,9,Sc,10,2000,,,31.7,0,27.5,25.2,23.9,24.6
108,서울,2017-08-16 15:00,26.6,0,,9,3.4,0,70,0,70,0,24.3,20.6,995.1,0,1004.8,0,.1,0,1.27,0,10,3,ScAs,12,2000,,,29.7,0,27.7,25.7,24.1,24.6
108,서울,2017-08-16 16:00,26.6,0,,9,3.4,0,70,0,69,0,24,20.4,995,0,1004.6,0,.1,0,1.09,0,9,7,ScAs,9,2000,,,30.9,0,27.6,26,24.3,24.7
108,서울,2017-08-16 17:00,25.7,0,,9,3.4,0,70,0,73,0,24,20.4,995.2,0,1004.9,0,.1,0,.57,0,10,7,ScAs,10,2000,,,27.2,0,27.2,26.2,24.5,24.8
108,서울,2017-08-16 18:00,25.4,0,,9,3.4,0,50,0,73,0,23.7,20.2,995.2,0,1004.9,0,.3,0,.56,0,9,9,Sc,10,2000,,,26.5,0,26.8,26.3,24.7,24.9
108,서울,2017-08-16 19:00,24.9,0,,9,3.6,0,70,0,75,0,23.5,20.1,995.3,0,1005,0,.1,0,.21,0,,3,,11,2000,,,24.6,0,26.2,26.2,24.8,25
108,서울,2017-08-16 20:00,24.5,0,,9,3.2,0,70,0,74,0,22.7,19.5,995.6,0,1005.3,0,0,0,.02,0,,9,,11,2000,,,23.6,0,25.6,26,24.9,25.1
108,서울,2017-08-16 21:00,24.2,0,,9,3.4,0,70,0,74,0,22.2,19.2,996.2,0,1005.9,0,,9,,9,9,9,Sc,12,2000,,,23.2,0,25.1,25.7,24.9,25.1
108,서울,2017-08-16 22:00,23.6,0,.5,0,2.7,0,70,0,83,0,24.1,20.5,996.8,0,1006.5,0,,9,,9,10,6,StNs,8,1062,,01,22.8,0,24.8,25.5,24.9,25.2
108,서울,2017-08-16 23:00,22.5,0,1,0,3.6,0,70,0,89,0,24.1,20.5,996.7,0,1006.5,0,,9,,9,10,6,StNs,8,1856,,01,22.4,0,24.4,25.3,24.8,25.2
108,서울,2017-08-17 00:00,22,0,0,0,2.4,0,70,0,90,0,23.7,20.2,996.9,0,1006.7,0,,9,,9,9,7,ScAs,10,2000,,01,22.2,0,24.1,25,24.7,25.2
108,서울,2017-08-17 01:00,22,0,,,3.1,0,70,0,88,0,23.2,19.9,997.2,0,1007,0,,9,,9,,9,,7,2000,,,22.1,0,23.9,24.9,24.7,25.3
108,서울,2017-08-17 02:00,21.7,0,,,3.9,0,70,0,86,0,22.2,19.2,997.3,0,1007.1,0,,9,,9,,8,,6,2000,,,21.7,0,23.7,24.7,24.6,25.2
108,서울,2017-08-17 03:00,21.5,0,0,0,2.8,0,70,0,86,0,22,19,997.2,0,1007,0,,9,,9,10,7,ScAs,10,1789,,01,21.5,0,23.5,24.6,24.5,25.2
108,서울,2017-08-17 04:00,21.2,0,.5,0,3.4,0,50,0,89,0,22.4,19.3,997.1,0,1007,0,,9,,9,10,7,ScAs,10,2000,,01,21.2,0,23.3,24.4,24.4,25.2
108,서울,2017-08-17 05:00,21.2,0,,9,3,0,70,0,87,0,21.8,18.9,997.3,0,1007.2,0,,9,,9,10,7,ScAs,10,2000,,,21.4,0,23.2,24.3,24.4,25.2
108,서울,2017-08-17 06:00,21.3,0,,9,2.3,0,70,0,86,0,21.7,18.8,997.4,0,1007.3,0,0,0,.03,0,8,8,Sc,10,2000,,,21,0,23.1,24.2,24.2,25.1
108,서울,2017-08-17 07:00,21.6,0,,9,3,0,70,0,84,0,21.6,18.7,997.9,0,1007.7,0,0,0,.1,0,9,9,Sc,11,2000,,,21.7,0,23.1,24.1,24.2,25.1
108,서울,2017-08-17 08:00,22.2,0,,9,2.7,0,70,0,81,0,21.6,18.7,998.3,0,1008.1,0,0,0,.38,0,10,3,ScAs,9,2000,,,23.3,0,23.4,24,24.1,25.1
108,서울,2017-08-17 09:00,23.7,0,,9,3.7,0,70,0,74,0,21.6,18.7,998.4,0,1008.1,0,.4,0,.99,0,9,9,Sc,9,2000,,,28.5,0,24.3,24.1,24,25
108,서울,2017-08-17 10:00,24.6,0,,9,2.5,0,70,0,74,0,22.8,19.6,998.5,0,1008.2,0,.2,0,1.01,0,10,4,ScAs,7,2000,,,29.1,0,25.2,24.4,24,24.9
108,서울,2017-08-17 11:00,25.2,0,,9,1.4,0,90,0,72,0,22.9,19.7,998.5,0,1008.2,0,0,0,1,0,10,7,ScAs,12,2000,,,29.2,0,26.1,24.8,24.1,24.9
108,서울,2017-08-17 12:00,26.5,0,,9,1.2,0,110,0,67,0,23.1,19.8,998.2,0,1007.9,0,.1,0,1.33,0,9,5,ScAs,12,2000,,,32.4,0,26.9,25.3,24.2,24.9
108,서울,2017-08-17 13:00,27,0,0,0,.8,0,50,0,69,0,24.6,20.8,998,0,1007.7,0,0,0,1.22,0,9,7,ScAs,7,2000,,01,31.8,0,27.7,25.8,24.4,24.9
108,서울,2017-08-17 14:00,27.5,0,,9,2.4,0,20,0,70,0,25.6,21.5,997.6,0,1007.2,0,.1,0,.97,0,9,9,CuSc,7,2000,,,30.3,0,28.1,26.2,24.5,25
108,서울,2017-08-17 15:00,27.5,0,,9,2.3,0,20,0,71,0,26,21.7,997.3,0,1006.9,0,.1,0,.85,0,9,9,CuSc,7,2000,,,29.8,0,28.1,26.5,24.8,25
108,서울,2017-08-17 16:00,27,0,0,0,1.4,0,270,0,77,0,27.4,22.6,997.3,0,1007,0,0,0,.32,0,9,6,ScAs,8,1960,,01,27.2,0,27.6,26.7,25,25.1
108,서울,2017-08-17 17:00,27.1,0,0,0,2.9,0,140,0,77,0,27.6,22.7,997.5,0,1007.2,0,.1,0,.77,0,8,8,CuSc,11,2000,,01,28.7,0,27.7,26.7,25.1,25.2
108,서울,2017-08-17 18:00,27.3,0,,9,.7,0,360,0,70,0,25.3,21.3,997.5,0,1007.1,0,.6,0,.47,0,4,2,CuCc,14,2000,,,27.4,0,27.4,26.8,25.2,25.3
108,서울,2017-08-17 19:00,26.8,0,,9,.8,0,340,0,71,0,24.9,21,998,0,1007.7,0,.2,0,.21,0,,7,,12,2000,,,26,0,27,26.7,25.3,25.4
108,서울,2017-08-17 20:00,26.2,0,,9,.4,0,0,0,74,0,25,21.1,998.2,0,1007.9,0,0,0,.02,0,,1,,15,2000,,,24.5,0,26.4,26.6,25.4,25.5
108,서울,2017-08-17 21:00,25.7,0,,9,.7,0,20,0,78,0,25.6,21.5,998.8,0,1008.5,0,,9,,9,8,8,Sc,9,2000,,,24.6,0,25.8,26.4,25.4,25.5
108,서울,2017-08-17 22:00,25.7,0,,9,1.4,0,270,0,81,0,26.6,22.1,999.3,0,1009,0,,9,,9,,9,,5,1459,,,24.5,0,25.7,26.1,25.4,25.6
108,서울,2017-08-17 23:00,25.2,0,,9,1,0,360,0,85,0,27.1,22.4,999.2,0,1009,0,,9,,9,,8,,6,605,,19,23.7,0,25.5,26,25.3,25.6
108,서울,2017-08-18 00:00,24.9,0,,9,.6,0,340,0,85,0,26.6,22.1,999.4,0,1009.2,0,,9,,9,8,8,Sc,9,572,,19,23.4,0,25.2,25.8,25.3,25.6
108,서울,2017-08-18 01:00,24.7,0,,,0,0,0,0,86,0,26.6,22.1,999.2,0,1008.9,0,,9,,9,,7,,5,494,,19,23.4,0,24.9,25.7,25.2,25.6
108,서울,2017-08-18 02:00,24.4,0,,,0,0,0,0,82,0,25,21.1,999.3,0,1009,0,,9,,9,,9,,4,1940,,19,23.8,0,24.9,25.5,25.1,25.6
108,서울,2017-08-18 03:00,24.4,0,,,1.4,0,250,0,86,0,26.1,21.8,999.5,0,1009.2,0,,9,,9,9,9,Sc,9,883,,19,23.7,0,24.9,25.4,25,25.6
108,서울,2017-08-18 04:00,24.2,0,,,.8,0,250,0,86,0,26,21.7,999.8,0,1009.5,0,,9,,9,9,9,Sc,9,912,,19,23.6,0,24.8,25.4,25,25.5
108,서울,2017-08-18 05:00,24,0,,,1.6,0,230,0,86,0,25.6,21.5,1000,0,1009.7,0,,9,,9,8,8,Sc,10,719,,19,23.3,0,24.7,25.3,24.9,25.5
108,서울,2017-08-18 06:00,23.9,0,,,1.5,0,230,0,86,0,25.5,21.4,1000.6,0,1010.3,0,0,0,.01,0,8,8,Sc,10,723,,19,23.2,0,24.6,25.2,24.9,25.5
108,서울,2017-08-18 07:00,24,0,,,.6,0,270,0,85,0,25.3,21.3,1000.7,0,1010.4,0,0,0,.14,0,9,7,ScAc,10,765,,19,24.1,0,24.6,25.1,24.8,25.5
108,서울,2017-08-18 08:00,24.4,0,,,1,0,360,0,85,0,26,21.7,1000.8,0,1010.5,0,0,0,.25,0,10,6,ScAs,10,778,,19,24.9,0,24.9,25.1,24.8,25.5
108,서울,2017-08-18 09:00,24.6,0,,,.4,0,0,0,82,0,25.3,21.3,1001.6,0,1011.3,0,0,0,.27,0,10,7,ScAs,10,989,,19,25.3,0,25.3,25.2,24.8,25.4
108,서울,2017-08-18 10:00,25.2,0,0,0,.4,0,0,0,79,0,25.2,21.2,1001.9,0,1011.7,0,0,0,.43,0,10,6,ScAs,10,1181,,1901,26.8,0,25.6,25.3,24.7,25.4
108,서울,2017-08-18 11:00,26.6,0,,9,.8,0,70,0,70,0,24.3,20.6,1002,0,1011.7,0,.1,0,1.1,0,10,7,ScAs,10,1373,,,30.7,0,26.8,25.5,24.7,25.4
108,서울,2017-08-18 12:00,27.3,0,,9,1.8,0,250,0,66,0,23.8,20.3,1001.4,0,1011.1,0,0,0,1.07,0,10,8,ScAs,8,1600,,,30.8,0,27.7,26,24.8,25.4
108,서울,2017-08-18 13:00,28.5,0,,9,1.7,0,290,0,60,0,23.2,19.9,1000.7,0,1010.3,0,.4,0,1.65,0,10,6,ScAs,9,1600,,,34.5,0,28.9,26.5,24.9,25.4
108,서울,2017-08-18 14:00,28.4,0,,9,1.8,0,290,0,66,0,25.5,21.4,1000.5,0,1010.1,0,.2,0,1.12,0,10,7,ScAs,11,1914,,,31.6,0,29.2,27.1,25.1,25.4
108,서울,2017-08-18 15:00,29.4,0,,9,2.2,0,320,0,62,0,25.3,21.3,1000.2,0,1009.8,0,.7,0,1.54,0,9,6,CuScCi,8,1598,,,34,0,29.8,27.4,25.3,25.4
108,서울,2017-08-18 16:00,30,0,,9,2.4,0,320,0,59,0,25,21.1,1000.1,0,1009.7,0,1,0,1.83,0,8,8,CuSc,10,1265,,,35.4,0,30.4,27.9,25.6,25.5
108,서울,2017-08-18 17:00,30.5,0,,9,3.2,0,290,0,57,0,24.9,21,999.9,0,1009.5,0,1,0,1.49,0,7,7,CuSc,8,1345,,,32.2,0,30.5,28.3,25.8,25.6
108,서울,2017-08-18 18:00,29.3,0,,9,2.4,0,270,0,62,0,25.2,21.2,1000.2,0,1009.8,0,.9,0,.78,0,7,7,CuSc,9,1522,,,29.8,0,29.7,28.4,26,25.7
108,서울,2017-08-18 19:00,28.4,0,,9,2.2,0,270,0,60,0,23.1,19.8,1000.6,0,1010.2,0,.7,0,.4,0,3,3,Cu,8,1923,,,26.6,0,28.8,28.3,26.2,25.9
108,서울,2017-08-18 20:00,27.3,0,,9,1.3,0,340,0,68,0,24.6,20.8,1001,0,1010.7,0,0,0,.02,0,,1,,,1995,,,24.9,0,27.6,28,26.3,26
108,서울,2017-08-18 21:00,26.3,0,,9,.9,0,50,0,77,0,26.3,21.9,1001.9,0,1011.6,0,,9,,9,5,5,Sc,9,1301,,,24.1,0,26.7,27.6,26.3,26.1
108,서울,2017-08-18 22:00,25.4,0,,9,1.9,0,50,0,83,0,26.8,22.2,1002.4,0,1012.2,0,,9,,9,4,4,Sc,9,650,,19,23.5,0,26.2,27.2,26.2,26.2
108,서울,2017-08-18 23:00,25.2,0,,9,.1,0,0,0,83,0,26.4,22,1002.5,0,1012.3,0,,9,,9,,6,,7,519,,19,23.6,0,25.8,26.8,26.1,26.2
108,서울,2017-08-19 00:00,24.9,0,,9,.6,0,50,0,84,0,26.4,22,1002.4,0,1012.2,0,,9,,9,8,8,Sc,10,510,,19,23.6,0,25.6,26.5,26,26.2
108,서울,2017-08-19 01:00,24.3,0,,,1.4,0,50,0,87,0,26.3,21.9,1002.3,0,1012,0,,9,,9,,1,,,462,,19,22.8,0,25.3,26.3,25.9,26.2
108,서울,2017-08-19 02:00,24,0,,,1.3,0,50,0,87,0,25.8,21.6,1002.3,0,1012.1,0,,9,,9,,0,,23,412,,19,22.4,0,24.9,26.1,25.8,26.1
108,서울,2017-08-19 03:00,23.6,0,,,2,0,70,0,86,0,25,21.1,1002,0,1011.8,0,,9,,9,3,0,Ci,,585,,19,22.2,0,24.7,25.9,25.7,26.1
108,서울,2017-08-19 04:00,23.4,0,,,2.2,0,50,0,85,0,24.4,20.7,1002,0,1011.8,0,,9,,9,8,0,Ci,,1174,,19,22.2,0,24.5,25.7,25.5,26.1
108,서울,2017-08-19 05:00,23.3,0,,,2.3,0,70,0,85,0,24.3,20.6,1002,0,1011.8,0,,9,,9,3,0,Ci,,1250,,,22.2,0,24.4,25.5,25.4,26
108,서울,2017-08-19 06:00,23.2,0,,,1.7,0,70,0,85,0,24.1,20.5,1002.4,0,1012.2,0,0,0,.01,0,4,0,Ci,,1465,,,21.9,0,24.2,25.3,25.3,26
108,서울,2017-08-19 07:00,23.3,0,,,.9,0,70,0,83,0,23.7,20.2,1002.8,0,1012.6,0,0,0,.17,0,8,0,Ci,,1738,,,23,0,24.2,25.2,25.2,25.9
108,서울,2017-08-19 08:00,24.4,0,,,2.7,0,70,0,79,0,24.1,20.5,1003.1,0,1012.8,0,.4,0,.61,0,8,0,Ci,,1853,,,25.9,0,24.7,25.1,25.1,25.8
108,서울,2017-08-19 09:00,25.8,0,,,3,0,70,0,75,0,24.9,21,1003,0,1012.8,0,.7,0,1.19,0,9,0,Ci,,1368,,,29.6,0,25.9,25.3,25,25.8
108,서울,2017-08-19 10:00,26.3,0,,,2.8,0,50,0,75,0,25.6,21.5,1003,0,1012.7,0,0,0,1.02,0,9,0,Ci,,1373,,,29.2,0,26.8,25.7,25,25.7
108,서울,2017-08-19 11:00,26.7,0,,,2.9,0,70,0,75,0,26.1,21.8,1003.2,0,1012.9,0,0,0,.76,0,9,1,ScCi,10,1324,,,29,0,27.1,26.1,25.1,25.7
108,서울,2017-08-19 12:00,27.4,0,,,1.7,0,90,0,71,0,25.8,21.6,1002.8,0,1012.5,0,0,0,1.07,0,9,5,ScCi,10,1400,,,30.7,0,27.7,26.3,25.1,25.7
108,서울,2017-08-19 13:00,27.7,0,,,2.2,0,70,0,71,0,26.3,21.9,1002.4,0,1012.1,0,0,0,1,0,9,3,ScCi,10,1424,,,31.1,0,28.2,26.7,25.3,25.7
108,서울,2017-08-19 14:00,28.7,0,,,1.5,0,50,0,66,0,26,21.7,1002.2,0,1011.8,0,.1,0,1.31,0,9,4,CuScCi,7,1465,,,33,0,28.9,27,25.4,25.7
108,서울,2017-08-19 15:00,28.5,0,0,0,2,0,70,0,68,0,26.4,22,1001.6,0,1011.2,0,0,0,.87,0,10,3,ScAs,10,1386,,01,30.8,0,29,27.4,25.6,25.8
108,서울,2017-08-19 16:00,28.5,0,0,0,1.8,0,70,0,68,0,26.4,22,1001.4,0,1011,0,0,0,.7,0,10,4,ScAs,9,1651,,01,30.2,0,28.7,27.6,25.7,25.8
108,서울,2017-08-19 17:00,28.3,0,,9,2.8,0,50,0,67,0,25.6,21.5,1001.1,0,1010.7,0,0,0,.66,0,10,2,ScAs,9,1773,,,29.2,0,28.6,27.7,25.9,25.9
108,서울,2017-08-19 18:00,27.9,0,,9,1.7,0,70,0,67,0,25,21.1,1000.8,0,1010.4,0,0,0,.27,0,10,10,As,28,1922,,,27.2,0,28.1,27.7,26,26
108,서울,2017-08-19 19:00,27.5,0,,9,2.6,0,50,0,69,0,25.2,21.2,1000.6,0,1010.3,0,0,0,.14,0,,4,,38,1838,,,26,0,27.5,27.5,26.1,26.1
108,서울,2017-08-19 20:00,27.1,0,0,0,1.2,0,50,0,73,0,26.1,21.8,1001,0,1010.7,0,0,0,.01,0,10,3,ScAs,12,1833,,01,25.3,0,26.9,27.3,26.1,26.1
108,서울,2017-08-19 21:00,26.6,0,0,0,2.4,0,50,0,76,0,26.4,22,1001.5,0,1011.2,0,,9,,9,10,4,ScAs,12,1844,,01,24.8,0,26.5,27.1,26.1,26.1
108,서울,2017-08-19 22:00,26.3,0,0,0,2.5,0,50,0,79,0,26.9,22.3,1001.7,0,1011.4,0,,9,,9,10,6,ScAs,10,1960,,01,24.6,0,26.3,26.8,26,26.2
108,서울,2017-08-19 23:00,26,0,0,0,2.2,0,70,0,78,0,26.1,21.8,1001.4,0,1011.1,0,,9,,9,10,5,ScAs,12,1978,,01,24.3,0,26,26.6,25.9,26.2
108,서울,2017-08-20 00:00,25.8,0,0,0,2.5,0,70,0,78,0,25.8,21.6,1001.3,0,1011,0,,9,,9,10,6,ScAs,11,2000,,01,24.2,0,25.8,26.5,25.9,26.2
108,서울,2017-08-20 01:00,23.8,0,12.5,0,1.9,0,70,0,92,0,27.1,22.4,1001.6,0,1011.4,0,,9,,9,10,8,StNs,6,476,,1901,23.3,0,24.8,26.2,25.8,26.2
108,서울,2017-08-20 02:00,23.2,0,5,0,1.9,0,70,0,97,0,27.4,22.6,1000.9,0,1010.7,0,,9,,9,10,7,StNs,7,279,,1901,22.9,0,24.5,25.7,25.7,26.2
108,서울,2017-08-20 03:00,23,0,3,0,3.2,0,70,0,98,0,27.4,22.6,1000.4,0,1010.2,0,,9,,9,10,7,StNs,7,482,,1901,22.9,0,24.4,25.5,25.5,26.1
108,서울,2017-08-20 04:00,22.8,0,3.5,0,3.5,0,70,0,97,0,26.8,22.2,1000,0,1009.8,0,,9,,9,10,6,StNs,7,500,,1901,22.7,0,24.2,25.3,25.3,26.1
108,서울,2017-08-20 05:00,22.5,0,7,0,4.1,0,70,0,98,0,26.6,22.1,999.8,0,1009.6,0,,9,,9,10,8,StNs,6,495,,1901,22.5,0,23.9,25,25.2,26
108,서울,2017-08-20 06:00,22.3,0,1.5,0,3.8,0,70,0,98,0,26.3,21.9,999.8,0,1009.6,0,0,0,0,0,10,7,StNs,8,832,,1901,22.3,0,23.8,24.9,25,25.9
108,서울,2017-08-20 07:00,22.1,0,11,0,4.1,0,70,0,98,0,26,21.7,1000.1,0,1009.9,0,0,0,.04,0,10,7,StNs,6,224,,1901,22,0,23.2,24.6,24.9,25.8
108,서울,2017-08-20 08:00,22.1,0,7.5,0,3.4,0,70,0,99,0,26.3,21.9,1000.3,0,1010.1,0,0,0,.07,0,10,7,StNs,6,651,,1901,22.3,0,23.1,24.1,24.6,25.7
108,서울,2017-08-20 09:00,22.1,0,7.5,0,3.4,0,70,0,99,0,26.3,21.9,1000.5,0,1010.3,0,0,0,.12,0,10,7,StNs,6,489,,1901,22.4,0,23,24,24.4,25.6
108,서울,2017-08-20 10:00,22.3,0,10,0,3.4,0,50,0,99,0,26.6,22.1,1000.5,0,1010.3,0,0,0,.16,0,10,7,StNs,6,780,,1901,22.8,0,23,23.7,24.1,25.4
108,서울,2017-08-20 11:00,22.6,0,1,0,2,0,70,0,99,0,27.1,22.4,1000.4,0,1010.2,0,0,0,.31,0,10,6,StNs,6,1223,,1901,23.7,0,23.4,23.8,24,25.3
108,서울,2017-08-20 12:00,23,0,2,0,1.2,0,70,0,99,0,27.7,22.8,999.6,0,1009.4,0,0,0,.25,0,10,6,StNs,6,1312,,01,24.2,0,23.7,23.9,24,25.2
108,서울,2017-08-20 13:00,23.9,0,.5,0,2.5,0,70,0,92,0,27.2,22.5,998.8,0,1008.5,0,0,0,.7,0,10,5,StNs,7,1966,,01,27,0,24.4,24.1,24,25.1
108,서울,2017-08-20 14:00,23.9,0,0,0,2.8,0,50,0,90,0,26.6,22.1,998.4,0,1008.1,0,0,0,.46,0,10,5,ScAs,10,1978,,01,25.7,0,24.8,24.4,24,25.1
108,서울,2017-08-20 15:00,24.1,0,5.5,0,3.4,0,70,0,91,0,27.2,22.5,997.6,0,1007.3,0,0,0,.59,0,10,5,ScAs,10,2000,,01,26.5,0,24.9,24.6,24.1,25.1
108,서울,2017-08-20 16:00,24,0,.5,0,3.3,0,70,0,90,0,26.8,22.2,997.6,0,1007.3,0,0,0,.29,0,10,5,StNs,7,1776,,01,24.9,0,25,24.8,24.2,25.1
108,서울,2017-08-20 17:00,23.8,0,0,0,3.9,0,70,0,91,0,26.8,22.2,996.6,0,1006.3,0,0,0,.2,0,10,5,StNs,7,1378,,01,24.6,0,24.8,24.8,24.2,25
108,서울,2017-08-20 18:00,23.8,0,1,0,3.6,0,70,0,91,0,26.8,22.2,996.6,0,1006.3,0,0,0,.19,0,10,6,StNs,7,1387,,01,24,0,24.7,24.9,24.3,25
108,서울,2017-08-20 19:00,23.7,0,3,0,3.5,0,70,0,92,0,26.9,22.3,996.1,0,1005.8,0,0,0,.07,0,10,6,StNs,7,1137,,01,23.5,0,24.4,24.8,24.3,25.1
108,서울,2017-08-20 20:00,23.7,0,0,0,2.9,0,70,0,90,0,26.3,21.9,996.1,0,1005.8,0,0,0,.03,0,10,7,ScAs,12,861,,1901,23.4,0,24.3,24.8,24.3,25.1
108,서울,2017-08-20 21:00,23.8,0,3,0,1.4,0,110,0,90,0,26.4,22,997,0,1006.7,0,,9,,9,10,8,StNs,7,261,,1901,23.3,0,24.2,24.7,24.3,25.1
108,서울,2017-08-20 22:00,23.6,0,17.5,0,1.5,0,90,0,97,0,28.1,23,997.2,0,1006.9,0,,9,,9,10,8,StNs,7,180,,1901,23.2,0,23.7,24.4,24.3,25
108,서울,2017-08-20 23:00,23.6,0,21,0,1.4,0,70,0,99,0,28.8,23.4,997.1,0,1006.8,0,,9,,9,10,8,ScAs,10,971,,1901,23.1,0,23.5,23.9,23.8,24.8
108,서울,2017-08-21 00:00,23.7,0,1,0,1.2,0,50,0,99,0,28.9,23.5,996.9,0,1006.6,0,,9,,9,10,5,ScAs,10,1375,,1901,23.2,0,23.6,23.9,23.8,24.8
108,서울,2017-08-21 01:00,23.7,0,.1,0,1.3,0,50,0,99,0,28.9,23.5,996.9,0,1006.6,0,,9,,9,10,5,ScAs,10,1633,,01,23.3,0,23.7,24,23.8,24.8
108,서울,2017-08-21 02:00,24.2,0,0,0,2.2,0,160,0,88,0,26.4,22,996.8,0,1006.5,0,,9,,9,10,4,ScAs,10,1906,,01,23.3,0,23.8,24.1,23.8,24.7
108,서울,2017-08-21 03:00,24.5,0,.1,0,3.1,0,180,0,86,0,26.3,21.9,996.7,0,1006.4,0,,9,,9,10,6,ScAs,10,2000,,01,23.4,0,23.9,24.1,23.8,24.7
108,서울,2017-08-21 04:00,24.4,0,.3,0,1.8,0,180,0,87,0,26.4,22,997,0,1006.7,0,,9,,9,10,8,StNs,6,1688,,01,23.3,0,23.9,24.2,23.8,24.7
108,서울,2017-08-21 05:00,23.9,0,2,0,1.3,0,140,0,90,0,26.6,22.1,996.6,0,1006.3,0,,9,,9,9,4,ScAs,12,2000,,01,23,0,23.8,24.1,23.8,24.7
108,서울,2017-08-21 06:00,23.7,0,,9,1.3,0,70,0,94,0,27.4,22.6,996.6,0,1006.3,0,0,0,0,0,10,5,ScAs,15,1504,,,22.8,0,23.7,24.1,23.8,24.7
108,서울,2017-08-21 07:00,23.7,0,,9,1.3,0,50,0,92,0,26.9,22.3,996.6,0,1006.3,0,0,0,.13,0,9,7,ScAs,16,2000,,,23.7,0,23.8,24.1,23.8,24.7
108,서울,2017-08-21 08:00,24.5,0,,9,1.7,0,70,0,87,0,26.6,22.1,996.8,0,1006.5,0,.6,0,.53,0,9,6,ScAs,16,2000,,,25.9,0,24.3,24.1,23.8,24.7
108,서울,2017-08-21 09:00,25.5,0,,9,1.9,0,90,0,81,0,26.3,21.9,997,0,1006.7,0,.4,0,.9,0,9,6,ScCi,10,2000,,,27.9,0,25.3,24.3,23.8,24.6
108,서울,2017-08-21 10:00,25.8,0,,9,3.3,0,160,0,76,0,25.2,21.2,997,0,1006.7,0,0,0,.56,0,9,7,ScCi,10,2000,,,27.4,0,25.6,24.7,23.9,24.6
108,서울,2017-08-21 11:00,26,0,,9,4.3,0,180,0,77,0,25.8,21.6,996.9,0,1006.6,0,.3,0,.91,0,10,7,ScAs,10,1995,,,26.8,0,26.2,25,24,24.7
108,서울,2017-08-21 12:00,26.5,0,,9,2.3,0,180,0,73,0,25.2,21.2,996.8,0,1006.5,0,0,0,.73,0,10,6,ScAs,10,2000,,,29.2,0,26.1,25.3,24.1,24.7
108,서울,2017-08-21 13:00,26.6,0,,9,3.9,0,200,0,76,0,26.4,22,996.6,0,1006.3,0,0,0,.72,0,10,7,ScAs,10,2000,,,27.5,0,26.6,25.5,24.2,24.7
108,서울,2017-08-21 14:00,27.2,0,1,0,2.4,0,160,0,83,0,29.8,24,996.1,0,1005.7,0,.3,0,1.08,0,10,7,ScAs,9,1283,,01,28.7,0,27.4,25.8,24.4,24.8
108,서울,2017-08-21 15:00,27.3,0,1.5,0,1.2,0,230,0,81,0,29.3,23.7,995.7,0,1005.3,0,.2,0,.9,0,7,5,CuScCi,6,1731,,01,32.2,0,27,26,24.5,24.8
108,서울,2017-08-21 16:00,28.6,0,,9,3,0,200,0,72,0,28.1,23,995.6,0,1005.2,0,.8,0,1.67,0,6,5,CuScCi,6,1967,,,33.6,0,28.4,26.4,24.6,24.9
108,서울,2017-08-21 17:00,29,0,,9,5.3,0,230,0,66,0,26.3,21.9,995.7,0,1005.3,0,1,0,1.6,0,5,4,CuCi,7,2000,,,30.1,0,29,26.9,24.8,24.9
108,서울,2017-08-21 18:00,27.7,0,,9,3.9,0,230,0,71,0,26.3,21.9,996.2,0,1005.8,0,1,0,.65,0,4,3,CuScCi,7,2000,,,26.9,0,28,27.1,25,25
108,서울,2017-08-21 19:00,27.1,0,,9,2.3,0,230,0,75,0,26.8,22.2,997,0,1006.6,0,.6,0,.32,0,,7,,7,2000,,,25.7,0,27.4,27,25.2,25.2
108,서울,2017-08-21 20:00,26.1,0,,9,1.9,0,230,0,80,0,26.9,22.3,997.5,0,1007.2,0,0,0,.02,0,,1,,6,2000,,,24.3,0,26.5,26.8,25.3,25.2
108,서울,2017-08-21 21:00,25.8,0,,9,2.1,0,200,0,81,0,26.8,22.2,998,0,1007.7,0,,9,,9,4,4,Sc,10,2000,,,23.9,0,25.9,26.5,25.4,25.3
108,서울,2017-08-21 22:00,25.6,0,,9,1.8,0,200,0,82,0,26.8,22.2,998.4,0,1008.1,0,,9,,9,,6,,4,1996,,,23.8,0,25.6,26.2,25.3,25.4
108,서울,2017-08-21 23:00,25.5,0,,9,2.3,0,230,0,83,0,26.9,22.3,999,0,1008.7,0,,9,,9,,8,,4,1783,,,23.7,0,25.3,25.9,25.2,25.4
108,서울,2017-08-22 00:00,25.3,0,,9,3,0,250,0,85,0,27.2,22.5,999.4,0,1009.2,0,,9,,9,7,7,Sc,,1059,,,23.7,0,25.2,25.8,25.2,25.5
108,서울,2017-08-22 01:00,25.1,0,,,2.7,0,250,0,86,0,27.2,22.5,999.7,0,1009.5,0,,9,,9,,8,,3,811,,19,23.9,0,25.1,25.6,25.1,25.5
108,서울,2017-08-22 02:00,24.9,0,,,2.4,0,230,0,87,0,27.2,22.5,999.4,0,1009.2,0,,9,,9,,8,,3,1104,,19,23.6,0,25,25.5,25,25.5
108,서울,2017-08-22 03:00,24.5,0,,,1.8,0,290,0,85,0,26.1,21.8,999.6,0,1009.3,0,,9,,9,7,7,Sc,12,2000,,,23.5,0,24.9,25.4,24.9,25.5
108,서울,2017-08-22 04:00,24,0,,,1.3,0,290,0,85,0,25.3,21.3,1000.2,0,1009.9,0,,9,,9,7,7,Sc,10,2000,,,22.9,0,24.6,25.3,24.9,25.4
108,서울,2017-08-22 05:00,23.9,0,,,.6,0,180,0,86,0,25.5,21.4,1000.3,0,1010,0,,9,,9,7,7,Sc,10,2000,,,22.7,0,24.4,25.2,24.8,25.4
108,서울,2017-08-22 06:00,23.5,0,,,.4,0,0,0,89,0,25.6,21.5,1001,0,1010.8,0,0,0,.01,0,0,0,,,2000,,,21.8,0,24,25,24.8,25.4
108,서울,2017-08-22 07:00,23.6,0,,,.2,0,0,0,84,0,24.4,20.7,1001.4,0,1011.2,0,.7,0,.22,0,7,7,Sc,10,1996,,,23.3,0,23.9,24.8,24.7,25.3
108,서울,2017-08-22 08:00,24.8,0,,,1.7,0,180,0,73,0,22.8,19.6,1001.7,0,1011.5,0,.3,0,.55,0,2,2,CuSc,7,2000,,,26.7,0,24.6,24.8,24.6,25.3
108,서울,2017-08-22 09:00,26.7,0,,,1.8,0,200,0,68,0,23.7,20.2,1002.1,0,1011.8,0,1,0,1.55,0,7,5,CuScCi,6,2000,,,32.5,0,26,24.9,24.5,25.2
108,서울,2017-08-22 10:00,27.2,0,,,1.9,0,270,0,70,0,25.2,21.2,1002.8,0,1012.5,0,.5,0,1.12,0,8,8,Cu,7,2000,,,31.4,0,27,25.5,24.5,25.2
108,서울,2017-08-22 11:00,27.9,0,,,2,0,290,0,70,0,26.3,21.9,1002.6,0,1012.3,0,.6,0,1.47,0,8,6,CuCi,8,1993,,,30.9,0,28.3,26,24.6,25.2
108,서울,2017-08-22 12:00,29,0,,,2.5,0,290,0,65,0,26,21.7,1002.3,0,1011.9,0,.9,0,2.17,0,4,4,Cu,9,1957,,,33.7,0,29.9,26.7,24.8,25.2
108,서울,2017-08-22 13:00,30,0,,,3.3,0,290,0,57,0,24.1,20.5,1002.1,0,1011.7,0,.8,0,2.03,0,5,3,CuCi,11,2000,,,35.8,0,30.5,27.5,25,25.3
108,서울,2017-08-22 14:00,30.8,0,,,2.5,0,200,0,58,0,25.6,21.5,1001.9,0,1011.5,0,.9,0,2.01,0,7,5,CuCi,12,1991,,,36.6,0,31.2,28.1,25.3,25.3
108,서울,2017-08-22 15:00,31.3,0,,,2.9,0,230,0,55,0,25,21.1,1001.4,0,1011,0,.8,0,1.76,0,8,6,CuCi,12,2000,,,35.8,0,31.4,28.6,25.7,25.4
108,서울,2017-08-22 16:00,30.8,0,,,2.2,0,250,0,56,0,24.9,21,1001.4,0,1011,0,.5,0,1.08,0,6,4,CuCi,12,2000,,,32.6,0,30.8,28.9,26,25.6
108,서울,2017-08-22 17:00,30.9,0,,,3,0,200,0,53,0,23.7,20.2,1001.4,0,1011,0,1,0,1.3,0,6,2,CuCi,13,2000,,,30,0,30.5,28.9,26.2,25.7
108,서울,2017-08-22 18:00,30.9,0,,,2.8,0,230,0,53,0,23.7,20.2,1001.4,0,1011,0,1,0,.9,0,6,0,Ci,,2000,,,28,0,29.7,28.9,26.4,25.9
108,서울,2017-08-22 19:00,29,0,,,2.3,0,270,0,68,0,27.1,22.4,1001.8,0,1011.4,0,.5,0,.26,0,,0,,,2000,,,26.1,0,28.7,28.6,26.5,26
108,서울,2017-08-22 20:00,27.6,0,,,2.2,0,290,0,72,0,26.4,22,1002.7,0,1012.4,0,0,0,.02,0,,0,,,1917,,,24.9,0,27.7,28.2,26.6,26.1
108,서울,2017-08-22 21:00,26.9,0,,,2.4,0,270,0,72,0,25.5,21.4,1003.6,0,1013.3,0,,9,,9,0,0,,,2000,,,24,0,26.9,27.8,26.5,26.2
108,서울,2017-08-22 22:00,26.2,0,,,1.6,0,270,0,75,0,25.5,21.4,1003.7,0,1013.5,0,,9,,9,,0,,,2000,,,23.5,0,26.3,27.4,26.4,26.3
108,서울,2017-08-22 23:00,25.8,0,,,.9,0,290,0,75,0,24.9,21,1003.7,0,1013.5,0,,9,,9,,0,,,2000,,,23.2,0,25.9,27,26.3,26.3
108,서울,2017-08-23 00:00,25.4,0,,,.5,0,270,0,78,0,25.2,21.2,1003.6,0,1013.4,0,,9,,9,3,0,Cc,,2000,,,22.8,0,25.5,26.7,26.2,26.3
108,서울,2017-08-23 01:00,25.1,0,,,0,0,0,0,78,0,24.7,20.9,1003.7,0,1013.5,0,,9,,9,,1,,6,2000,,,22.8,0,25.2,26.3,26,26.3
108,서울,2017-08-23 02:00,25,0,,,.1,0,0,0,81,0,25.6,21.5,1003.6,0,1013.4,0,,9,,9,,8,,,2000,,,22.9,0,25.1,26.1,25.9,26.2
108,서울,2017-08-23 03:00,24.9,0,,,.1,0,0,0,81,0,25.5,21.4,1003.2,0,1013,0,,9,,9,7,7,Sc,11,2000,,,23.4,0,25,25.9,25.7,26.2
108,서울,2017-08-23 04:00,25,0,,,.8,0,70,0,81,0,25.6,21.5,1003.1,0,1012.9,0,,9,,9,9,9,Sc,10,1999,,,23.8,0,25.1,25.8,25.6,26.1
108,서울,2017-08-23 05:00,25,0,,,.9,0,50,0,82,0,26,21.7,1003.1,0,1012.9,0,,9,,9,9,9,Sc,10,2000,,,23.9,0,25.1,25.7,25.5,26.1
108,서울,2017-08-23 06:00,25,0,4,0,.5,0,50,0,88,0,27.7,22.8,1003.3,0,1013.1,0,0,0,0,0,10,8,StNs,6,156,,1901,23.7,0,25.1,25.7,25.4,26.1
108,서울,2017-08-23 07:00,24.7,0,4.5,0,1.7,0,50,0,98,0,30.4,24.3,1002.7,0,1012.4,0,0,0,.08,0,6,5,CuScCi,7,429,,1901,24.2,0,24.9,25.6,25.3,26
108,서울,2017-08-23 08:00,25.5,0,0,0,1.4,0,20,0,92,0,29.8,24,1002.9,0,1012.7,0,.1,0,.44,0,10,5,ScAs,9,411,,1901,26.7,0,25.4,25.5,25.2,26
108,서울,2017-08-23 09:00,26.1,0,5,0,1.7,0,200,0,90,0,30.4,24.3,1003.1,0,1012.9,0,.2,0,.46,0,10,7,StNs,6,269,,1901,26,0,26.2,25.7,25.2,25.9
108,서울,2017-08-23 10:00,25.7,0,11.5,0,.6,0,250,0,98,0,32.2,25.3,1002.5,0,1012.3,0,0,0,.18,0,10,6,StNs,7,659,,1901,25.9,0,25.8,25.9,25.2,25.8
108,서울,2017-08-23 11:00,26.9,0,.5,0,.2,0,0,0,91,0,32.1,25.2,1002,0,1011.7,0,0,0,.71,0,10,6,ScAs,10,1584,,1901,30,0,26.6,25.9,25.2,25.8
108,서울,2017-08-23 12:00,27.8,0,1.5,0,1.7,0,200,0,90,0,33.6,26,1001,0,1010.7,0,.1,0,.63,0,10,6,ScAs,10,1384,,01,30.7,0,27.1,26.2,25.2,25.8
108,서울,2017-08-23 13:00,28.2,0,.5,0,3.7,0,270,0,89,0,34,26.2,1000.8,0,1010.4,0,0,0,.67,0,10,5,ScAs,10,1336,,01,30.4,0,27.6,26.5,25.3,25.8
108,서울,2017-08-23 14:00,29,0,.5,0,5.4,0,250,0,83,0,33.2,25.8,1000.4,0,1010,0,.4,0,1.15,0,9,9,CuSc,8,1981,,01,31.5,0,28.4,26.8,25.4,25.8
108,서울,2017-08-23 15:00,30.2,0,,9,4.5,0,230,0,74,0,31.7,25,999.9,0,1009.5,0,.9,0,1.63,0,9,7,CuScAc,6,1967,,,33.5,0,29.3,27.2,25.5,25.8
108,서울,2017-08-23 16:00,29.4,0,,9,5.4,0,230,0,78,0,31.9,25.1,1000,0,1009.6,0,.3,0,.81,0,9,9,CuSc,8,1944,,,30.4,0,29.2,27.7,25.7,25.9
108,서울,2017-08-23 17:00,29.5,0,,9,5.6,0,230,0,76,0,31.3,24.8,1000.1,0,1009.7,0,.4,0,.98,0,9,7,CuAc,10,1992,,,30.3,0,29.2,27.9,25.9,26
108,서울,2017-08-23 18:00,28.8,0,,9,5.9,0,230,0,79,0,31.1,24.7,999.9,0,1009.5,0,0,0,.34,0,9,7,ScAs,12,2000,,,27.9,0,28.7,27.9,26,26
108,서울,2017-08-23 19:00,28.6,0,0,0,5.5,0,230,0,81,0,31.7,25,999.9,0,1009.5,0,0,0,.12,0,10,6,ScAs,12,1984,,01,27.2,0,28.1,27.8,26.2,26.1
108,서울,2017-08-23 20:00,27.9,0,0,0,5.1,0,230,0,85,0,31.9,25.1,1000,0,1009.6,0,0,0,.02,0,10,6,ScAs,10,1918,,01,26.6,0,27.6,27.7,26.2,26.2
108,서울,2017-08-23 21:00,27.6,0,3.5,0,4,0,230,0,86,0,31.7,25,1000.4,0,1010.1,0,,9,,9,10,6,ScAs,10,1798,,01,26.5,0,27.2,27.4,26.2,26.3
108,서울,2017-08-23 22:00,27.5,0,0,0,4.8,0,230,0,86,0,31.5,24.9,1000.2,0,1009.9,0,,9,,9,9,9,Sc,12,1774,,01,26.3,0,27.1,27.3,26.2,26.3
108,서울,2017-08-23 23:00,27.5,0,0,0,4.1,0,230,0,86,0,31.5,24.9,1000.1,0,1009.8,0,,9,,9,10,7,ScAs,10,1698,,01,26.2,0,26.9,27.1,26.2,26.3
108,서울,2017-08-24 00:00,27.4,0,0,0,4,0,200,0,85,0,30.9,24.6,999.7,0,1009.4,0,,9,,9,10,7,,,1952,,01,26.2,0,26.8,27,26.1,26.3
108,서울,2017-08-24 01:00,27.4,0,0,0,4.7,0,230,0,84,0,30.6,24.4,999.1,0,1008.8,0,,9,,9,9,9,Sc,10,1993,,01,25.9,0,26.7,26.9,26.1,26.3
108,서울,2017-08-24 02:00,27.4,0,,9,3.6,0,230,0,83,0,30.2,24.2,998.5,0,1008.1,0,,9,,9,,9,,4,2000,,,25.9,0,26.6,26.8,26,26.4
108,서울,2017-08-24 03:00,27.4,0,0,0,4.1,0,200,0,83,0,30.2,24.2,998.1,0,1007.7,0,,9,,9,10,7,ScAs,10,1967,,01,25.8,0,26.6,26.8,26,26.3
108,서울,2017-08-24 04:00,27.1,0,.5,0,4,0,230,0,85,0,30.4,24.3,997.5,0,1007.2,0,,9,,9,10,7,ScAs,10,1927,,01,25.7,0,26.5,26.7,26,26.3
108,서울,2017-08-24 05:00,27.2,0,0,0,4.2,0,200,0,84,0,30.2,24.2,997.2,0,1006.8,0,,9,,9,10,7,ScAs,10,2000,,01,25.7,0,26.3,26.6,25.9,26.3
108,서울,2017-08-24 06:00,27,0,.5,0,4.5,0,230,0,87,0,30.9,24.6,997,0,1006.7,0,0,0,0,0,10,7,ScAs,10,1137,,01,25.7,0,26.3,26.5,25.9,26.3
108,서울,2017-08-24 07:00,26.7,0,1,0,5,0,230,0,89,0,31.1,24.7,997.1,0,1006.8,0,0,0,.05,0,10,7,ScAs,10,1697,,01,25.8,0,26.3,26.5,25.8,26.3
108,서울,2017-08-24 08:00,27.1,0,0,0,5.3,0,230,0,86,0,30.7,24.5,996.7,0,1006.3,0,0,0,.17,0,10,7,ScAs,10,2000,,01,26.4,0,26.3,26.5,25.8,26.3
108,서울,2017-08-24 09:00,27.5,0,0,0,4.8,0,230,0,84,0,30.7,24.5,996.1,0,1005.7,0,0,0,.26,0,10,7,ScAs,10,1910,,01,26.9,0,26.5,26.5,25.8,26.2
108,서울,2017-08-24 10:00,27,0,2,0,4.4,0,230,0,89,0,31.7,25,995.8,0,1005.4,0,0,0,.22,0,10,8,StNs,7,1096,,01,26.5,0,26.6,26.5,25.7,26.2
108,서울,2017-08-24 11:00,27.8,0,0,0,5.7,0,200,0,81,0,30.2,24.2,995.3,0,1004.9,0,0,0,.59,0,10,8,ScAs,10,1892,,01,28.2,0,26.9,26.6,25.8,26.2
108,서울,2017-08-24 12:00,28,0,0,0,5.2,0,200,0,81,0,30.6,24.4,994.1,0,1003.7,0,0,0,.3,0,10,8,ScAs,10,1937,,01,27.4,0,26.9,26.7,25.7,26.2
108,서울,2017-08-24 13:00,27.6,0,1,0,7.4,0,230,0,85,0,31.3,24.8,993.5,0,1003.1,0,0,0,.17,0,10,8,StNs,7,1067,,01,26.6,0,26.9,26.7,25.8,26.2
108,서울,2017-08-24 14:00,26.9,0,6.5,0,5.8,0,230,0,91,0,32.1,25.2,993.6,0,1003.2,0,0,0,.1,0,10,8,CbStNs,4,523,,1901,26.5,0,26.7,26.7,25.8,26.2
108,서울,2017-08-24 15:00,26.3,0,2,0,2.9,0,250,0,91,0,31.1,24.7,993.6,0,1003.2,0,0,0,.11,0,10,7,StNs,7,873,,1901,26.3,0,26.6,26.7,25.8,26.2
108,서울,2017-08-24 16:00,26.4,0,.5,0,2.6,0,250,0,89,0,30.6,24.4,993.6,0,1003.2,0,0,0,.35,0,10,6,ScAs,10,1164,,1901,28.1,0,26.7,26.6,25.8,26.2
108,서울,2017-08-24 17:00,26.5,0,,9,4.1,0,250,0,84,0,28.9,23.5,993.8,0,1003.4,0,0,0,.53,0,9,5,ScAs,10,1897,,,28,0,27,26.7,25.8,26.2
108,서울,2017-08-24 18:00,26.9,0,,9,3.5,0,250,0,79,0,27.9,22.9,994.4,0,1004,0,.2,0,.54,0,8,3,ScAc,10,1999,,,27.2,0,27.1,26.8,25.8,26.2
108,서울,2017-08-24 19:00,26.1,0,,9,3.9,0,250,0,83,0,27.9,22.9,995.2,0,1004.9,0,.6,0,.22,0,,7,,4,1846,,,25.4,0,26.9,26.8,25.9,26.2
108,서울,2017-08-24 20:00,25.4,0,,9,1.6,0,250,0,83,0,26.8,22.2,996,0,1005.7,0,0,0,.01,0,,5,,6,1995,,,24.4,0,26.3,26.7,25.9,26.2
108,서울,2017-08-24 21:00,24.9,0,,9,2,0,270,0,86,0,26.9,22.3,996.9,0,1006.6,0,,9,,9,5,5,Sc,10,1763,,,23.8,0,25.9,26.6,25.9,26.3
108,서울,2017-08-24 22:00,24.6,0,,9,1.1,0,250,0,88,0,27.1,22.4,997.1,0,1006.8,0,,9,,9,,5,,3,1175,,,23.2,0,25.4,26.4,25.8,26.3
108,서울,2017-08-24 23:00,24.4,0,,9,.8,0,270,0,88,0,26.8,22.2,997.4,0,1007.1,0,,9,,9,,10,,3,891,,19,23.6,0,25.3,26.1,25.7,26.3
108,서울,2017-08-25 00:00,23.9,0,,9,1.1,0,270,0,91,0,26.9,22.3,997.5,0,1007.2,0,,9,,9,0,0,,,755,,19,22.4,0,24.9,25.9,25.7,26.2
108,서울,2017-08-25 01:00,23.6,0,,,.8,0,250,0,91,0,26.4,22,997.5,0,1007.2,0,,9,,9,,7,,2,642,,19,21.9,0,24.5,25.7,25.6,26.2
108,서울,2017-08-25 02:00,23.4,0,,,1.8,0,270,0,91,0,26.1,21.8,997.7,0,1007.4,0,,9,,9,,7,,2,684,,19,21.8,0,24.3,25.5,25.5,26.2
108,서울,2017-08-25 03:00,22.9,0,,,.2,0,0,0,91,0,25.3,21.3,997.6,0,1007.4,0,,9,,9,7,7,Ac,35,754,,19,21.3,0,23.9,25.3,25.4,26.1
108,서울,2017-08-25 04:00,22.7,0,,,1.1,0,290,0,93,0,25.6,21.5,997.8,0,1007.6,0,,9,,9,4,2,ScAc,10,367,,19,21,0,23.7,25.1,25.2,26.1
108,서울,2017-08-25 05:00,22.6,0,,,.6,0,290,0,92,0,25.2,21.2,998,0,1007.8,0,,9,,9,7,3,ScAc,10,372,,19,21.2,0,23.6,24.9,25.1,26
108,서울,2017-08-25 06:00,22.3,0,,,.7,0,360,0,93,0,25,21.1,998.2,0,1008,0,0,0,.01,0,9,5,ScAc,10,266,,19,21,0,23.4,24.7,25,25.9
108,서울,2017-08-25 07:00,22.5,0,,,1.1,0,320,0,92,0,25,21.1,998.8,0,1008.6,0,0,0,.13,0,9,7,ScAc,9,454,,19,22.4,0,23.5,24.6,24.9,25.9
108,서울,2017-08-25 08:00,23,0,,,.3,0,0,0,86,0,24.1,20.5,998.9,0,1008.7,0,0,0,.34,0,9,7,ScCi,10,603,,19,24.8,0,24.1,24.6,24.8,25.8
108,서울,2017-08-25 09:00,24.2,0,,,.4,0,0,0,80,0,24.1,20.5,999.1,0,1008.8,0,0,0,.86,0,8,5,ScCc,10,726,,19,27.6,0,25.1,24.8,24.7,25.7
108,서울,2017-08-25 10:00,25.9,0,,,.7,0,340,0,68,0,22.7,19.5,999,0,1008.7,0,1,0,1.77,0,7,3,ScCi,10,748,,4019,33.7,0,26.7,25.1,24.7,25.6
108,서울,2017-08-25 11:00,27.2,0,,,2,0,290,0,58,0,20.9,18.2,998.6,0,1008.3,0,1,0,2.43,0,7,1,ScAcCi,10,1276,,40,36.5,0,28.8,25.9,24.7,25.6
108,서울,2017-08-25 12:00,28.5,0,,,2.4,0,320,0,38,0,14.7,12.7,998.2,0,1007.8,0,1,0,3.08,0,8,4,AcCi,35,1954,,,38.2,0,30.9,26.9,24.9,25.6
108,서울,2017-08-25 13:00,29.2,0,,,2.9,0,290,0,36,0,14.5,12.5,998,0,1007.6,0,.9,0,2.66,0,8,3,AcCi,35,2000,,,39.9,0,31.5,27.9,25.3,25.6
108,서울,2017-08-25 14:00,29.9,0,,,1.5,0,270,0,26,0,10.9,8.3,997.6,0,1007.2,0,1,0,2.87,0,7,3,AcCi,35,2000,,,37.6,0,32.6,28.7,25.7,25.7
108,서울,2017-08-25 15:00,29.4,0,,,2.7,0,270,0,30,0,12.3,10,997.5,0,1007,0,.3,0,1.37,0,8,5,AcCi,35,1991,,,32.8,0,31.4,29.2,26,25.8
108,서울,2017-08-25 16:00,30.2,0,,,3.2,0,290,0,26,0,11.1,8.5,997.4,0,1007,0,1,0,2.14,0,6,1,AcCi,35,2000,,,33.4,0,31.2,29.3,26.4,26
108,서울,2017-08-25 17:00,30,0,,,3.2,0,270,0,41,0,17.4,15.3,997.4,0,1007,0,1,0,1.49,0,7,2,AcCi,35,1988,,,29.1,0,30.6,29.3,26.6,26.2
108,서울,2017-08-25 18:00,28.6,0,,,4,0,270,0,35,0,13.7,11.6,997.6,0,1007.2,0,.8,0,.83,0,6,1,AcCi,35,2000,,,25.2,0,29.3,29.1,26.8,26.3
108,서울,2017-08-25 19:00,26,0,,,4.3,0,270,0,53,0,17.7,15.6,998.2,0,1007.9,0,.5,0,.25,0,,0,,,2000,,,22.7,0,27.6,28.6,26.9,26.5
108,서울,2017-08-25 20:00,25,0,,,2.8,0,250,0,63,0,19.9,17.4,999,0,1008.8,0,0,0,.01,0,,1,,,2000,,,21.9,0,26.5,28,26.8,26.6
108,서울,2017-08-25 21:00,24.3,0,,,2.5,0,270,0,58,0,17.6,15.5,999.7,0,1009.4,0,,9,,9,2,0,Ci,,2000,,,21.1,0,25.6,27.4,26.7,26.6
108,서울,2017-08-25 22:00,23.6,0,,,1.2,0,290,0,62,0,17.9,15.8,1000.1,0,1009.9,0,,9,,9,,0,,,2000,,,20.2,0,24.8,26.8,26.5,26.6
108,서울,2017-08-25 23:00,22.9,0,,,.8,0,290,0,64,0,17.8,15.7,1000.5,0,1010.3,0,,9,,9,,0,,,2000,,,19.7,0,24.1,26.3,26.3,26.6
108,서울,2017-08-26 00:00,22.4,0,,,.9,0,270,0,70,0,18.9,16.6,1000.8,0,1010.6,0,,9,,9,0,0,,,2000,,,19.4,0,23.6,25.9,26.1,26.6
108,서울,2017-08-26 01:00,22,0,,,.6,0,290,0,74,0,19.5,17.1,1000.5,0,1010.3,0,,9,,9,,0,,,1929,,,19.1,0,23.2,25.4,25.9,26.5
108,서울,2017-08-26 02:00,21.8,0,,,.4,0,0,0,78,0,20.2,17.7,1000.7,0,1010.6,0,,9,,9,,0,,,1586,,,18.7,0,22.9,25.1,25.7,26.4
108,서울,2017-08-26 03:00,21.5,0,,,1.6,0,340,0,79,0,20.1,17.6,1001.3,0,1011.2,0,,9,,9,0,0,,,1450,,,18.5,0,22.6,24.8,25.4,26.3
108,서울,2017-08-26 04:00,20.8,0,,,1.1,0,270,0,81,0,19.9,17.4,1001.5,0,1011.4,0,,9,,9,0,0,,,1609,,,17.8,0,22.3,24.5,25.2,26.2
108,서울,2017-08-26 05:00,19.9,0,,,1.7,0,290,0,82,0,19,16.7,1001.8,0,1011.8,0,,9,,9,0,0,,,1863,,,17.1,0,21.8,24.2,25.1,26.1
108,서울,2017-08-26 06:00,19,0,,,.6,0,250,0,72,0,15.8,13.8,1002,0,1011.9,0,0,0,0,0,0,0,,,2000,,,16.1,0,21.2,23.9,24.9,26
108,서울,2017-08-26 07:00,19,0,,,1.9,0,270,0,54,0,11.8,9.4,1002.8,0,1012.7,0,.8,0,.26,0,2,0,Cc,,2000,,,16.5,0,20.9,23.6,24.7,25.9
108,서울,2017-08-26 08:00,20.8,0,,,1.1,0,270,0,45,0,11,8.4,1003.3,0,1013.2,0,1,0,.88,0,1,0,Cc,,2000,,,21.6,0,21.5,23.3,24.4,25.7
108,서울,2017-08-26 09:00,22.7,0,,,2.1,0,290,0,44,0,12.1,9.8,1004.1,0,1013.9,0,1,0,1.56,0,1,0,Ci,,1969,,,28,0,23,23.3,24.2,25.6
108,서울,2017-08-26 10:00,24.7,0,,,1.6,0,270,0,32,0,9.9,6.8,1004.3,0,1014,0,1,0,2.18,0,1,0,Cc,,2000,,,33.1,0,25.2,23.8,24.1,25.4
108,서울,2017-08-26 11:00,26.2,0,,,2.6,0,290,0,30,0,10.2,7.2,1004.5,0,1014.3,0,1,0,2.67,0,0,0,,,2000,,,36.4,0,27.4,24.7,24.1,25.4
108,서울,2017-08-26 12:00,27.2,0,,,2.5,0,340,0,36,0,12.9,10.8,1004.5,0,1014.2,0,1,0,2.98,0,1,0,Ci,,1940,,,38.9,0,29.3,25.7,24.3,25.3
108,서울,2017-08-26 13:00,28,0,,,2.6,0,340,0,29,0,10.9,8.2,1004.2,0,1013.9,0,1,0,3.07,0,1,0,Ci,,1966,,,40.6,0,30.8,26.8,24.6,25.4
108,서울,2017-08-26 14:00,28.7,0,,,2,0,360,0,27,0,10.6,7.8,1004,0,1013.6,0,1,0,3.01,0,1,0,Ci,,2000,,,41.6,0,31.6,27.8,25,25.4
108,서울,2017-08-26 15:00,28.8,0,,,4.1,0,290,0,29,0,11.4,8.9,1003.9,0,1013.5,0,1,0,2.7,0,1,0,Cc,,2000,,,40.6,0,31.9,28.5,25.4,25.5
108,서울,2017-08-26 16:00,28.9,0,,,3.9,0,340,0,28,0,11.1,8.5,1003.9,0,1013.5,0,1,0,2.28,0,1,0,Cc,,2000,,,38.3,0,31.5,29,25.8,25.7
108,서울,2017-08-26 17:00,28.8,0,,,3.6,0,270,0,34,0,13.4,11.3,1003.9,0,1013.5,0,1,0,1.63,0,1,0,Cc,,2000,,,33.2,0,30.5,29.1,26.1,25.8
108,서울,2017-08-26 18:00,28,0,,,3.3,0,250,0,39,0,14.7,12.7,1004,0,1013.7,0,1,0,.97,0,4,0,Cc,,2000,,,28.2,0,29.2,28.9,26.4,26
108,서울,2017-08-26 19:00,25.8,0,,,2.3,0,270,0,50,0,16.5,14.5,1004.4,0,1014.2,0,.7,0,.24,0,,0,,,2000,,,24.9,0,27.7,28.5,26.5,26.1
108,서울,2017-08-26 20:00,24.7,0,,,2,0,250,0,57,0,17.7,15.6,1005,0,1014.7,0,0,0,0,0,,0,,,2000,,,23,0,26.4,27.9,26.5,26.3
108,서울,2017-08-26 21:00,24.2,0,,,2.3,0,270,0,62,0,18.6,16.4,1005.4,0,1015.2,0,,9,,9,6,2,AcCi,35,2000,,,22.2,0,25.5,27.3,26.4,26.3
108,서울,2017-08-26 22:00,23.6,0,,,1.3,0,270,0,68,0,19.7,17.3,1005.4,0,1015.2,0,,9,,9,,0,,,2000,,,20.9,0,24.8,26.7,26.3,26.3
108,서울,2017-08-26 23:00,22.8,0,,,1.1,0,270,0,73,0,20.1,17.6,1005.4,0,1015.3,0,,9,,9,,0,,,2000,,,19.9,0,24.1,26.2,26.1,26.4
108,서울,2017-08-27 00:00,22,0,,,1.2,0,290,0,75,0,19.7,17.3,1005.4,0,1015.3,0,,9,,9,2,0,Ci,,2000,,,18.7,0,23.4,25.8,25.9,26.3
108,서울,2017-08-27 01:00,20.9,0,,,1.4,0,320,0,62,0,15.3,13.3,1005.5,0,1015.5,0,,9,,9,,0,,,2000,,,17.9,0,22.8,25.3,25.7,26.3
108,서울,2017-08-27 02:00,20.1,0,,,1.4,0,360,0,60,0,14,12,1005.4,0,1015.4,0,,9,,9,,2,,74,2000,,,17.9,0,22.3,24.9,25.4,26.2
108,서울,2017-08-27 03:00,20,0,,,.5,0,20,0,61,0,14.2,12.2,1005.3,0,1015.3,0,,9,,9,7,7,Ac,35,2000,,,18.2,0,22.1,24.5,25.2,26.1
108,서울,2017-08-27 04:00,19.5,0,,,1,0,20,0,66,0,14.9,12.9,1005.4,0,1015.3,0,,9,,9,6,3,AcCi,35,2000,,,17.4,0,21.8,24.2,25,26
108,서울,2017-08-27 05:00,19.2,0,,,.8,0,20,0,67,0,14.9,12.9,1005.6,0,1015.6,0,,9,,9,6,3,AcCi,35,2000,,,17.4,0,21.6,23.9,24.8,25.9
108,서울,2017-08-27 06:00,19,0,,,2.2,0,50,0,69,0,15.1,13.1,1005.8,0,1015.8,0,0,0,0,0,9,0,Ci,,2000,,,17.8,0,21.4,23.7,24.6,25.8
108,서울,2017-08-27 07:00,19.5,0,,,1.7,0,50,0,70,0,15.8,13.8,1006.5,0,1016.5,0,.8,0,.24,0,9,7,AcCi,35,2000,,,19.2,0,21.5,23.5,24.4,25.7
108,서울,2017-08-27 08:00,20.7,0,,,1.5,0,50,0,67,0,16.3,14.3,1006.5,0,1016.5,0,.3,0,.51,0,9,7,AcCi,35,2000,,,21.8,0,22.2,23.4,24.3,25.6
108,서울,2017-08-27 09:00,21.9,0,,,1.5,0,50,0,65,0,17,15,1006.9,0,1016.8,0,.7,0,.84,0,9,9,Ac,35,2000,,,23.9,0,23.3,23.6,24.1,25.5
108,서울,2017-08-27 10:00,22.8,0,,,2.3,0,20,0,62,0,17.2,15.1,1006.7,0,1016.6,0,0,0,.85,0,9,9,Ac,35,2000,,,26.5,0,24,23.9,24.1,25.4
108,서울,2017-08-27 11:00,24.4,0,,,1.9,0,50,0,55,0,16.7,14.7,1006.5,0,1016.3,0,.3,0,1.42,0,9,9,Ac,35,1949,,,32.5,0,25.1,24.2,24.1,25.3
108,서울,2017-08-27 12:00,24.5,0,,,1.7,0,70,0,61,0,18.6,16.4,1005.9,0,1015.7,0,.1,0,1.06,0,9,3,ScAs,15,1987,,,29.7,0,26,24.8,24.1,25.2
108,서울,2017-08-27 13:00,24.8,0,,,1.3,0,70,0,57,0,17.7,15.6,1005.6,0,1015.4,0,0,0,1,0,10,3,ScAs,15,1975,,,29.2,0,26.3,25.2,24.3,25.2
108,서울,2017-08-27 14:00,25,0,,,.9,0,180,0,54,0,17,15,1005.3,0,1015.1,0,0,0,.86,0,9,4,ScAs,15,2000,,,30,0,26.2,25.5,24.4,25.2
108,서울,2017-08-27 15:00,26.5,0,,,1.1,0,360,0,50,0,17.3,15.2,1004.6,0,1014.3,0,.8,0,1.92,0,8,7,AcCi,35,1980,,,34.6,0,27.8,25.8,24.5,25.2
108,서울,2017-08-27 16:00,26,0,,,.6,0,360,0,50,0,16.7,14.7,1004,0,1013.8,0,.3,0,.96,0,10,4,ScAs,13,1969,,,30.1,0,27.8,26.4,24.7,25.3
108,서울,2017-08-27 17:00,25.5,0,0,0,.3,0,0,0,51,0,16.6,14.6,1004.2,0,1014,0,0,0,.34,0,10,4,ScAs,10,2000,,01,27.4,0,26.8,26.5,24.9,25.3
108,서울,2017-08-27 18:00,24.7,0,,9,2.4,0,50,0,59,0,18.3,16.1,1004.3,0,1014,0,0,0,.24,0,10,6,ScAs,10,2000,,,25.5,0,26.2,26.4,25,25.4
108,서울,2017-08-27 19:00,24.2,0,,9,1.4,0,50,0,59,0,17.7,15.6,1004.5,0,1014.3,0,0,0,.08,0,,9,,38,2000,,,24.1,0,25.6,26.2,25.1,25.4
108,서울,2017-08-27 20:00,23.6,0,,9,2.1,0,50,0,61,0,17.7,15.6,1004.2,0,1014,0,0,0,0,0,,9,,39,2000,,,23,0,25,25.9,25.1,25.5
108,서울,2017-08-27 21:00,23.1,0,,9,1.8,0,50,0,62,0,17.5,15.4,1004.2,0,1014,0,,9,,9,7,7,Ac,38,2000,,,22.4,0,24.5,25.6,25.1,25.5
108,서울,2017-08-27 22:00,22.5,0,,9,1.9,0,50,0,68,0,18.4,16.2,1004,0,1013.9,0,,9,,9,,5,,36,2000,,,21.1,0,24,25.3,25,25.5
108,서울,2017-08-27 23:00,21.9,0,,9,2,0,50,0,69,0,18.1,15.9,1003.5,0,1013.4,0,,9,,9,,3,,39,2000,,,20.6,0,23.4,25,24.9,25.5
108,서울,2017-08-28 00:00,21.9,0,,9,1.9,0,50,0,69,0,18.1,15.9,1003.2,0,1013.1,0,,9,,9,7,6,AcCi,35,2000,,,20.8,0,23.3,24.7,24.8,25.5
108,서울,2017-08-28 01:00,21.7,0,,,.7,0,20,0,71,0,18.4,16.2,1002.7,0,1012.6,0,,9,,9,,9,,39,2000,,,20.5,0,23.1,24.6,24.7,25.5
108,서울,2017-08-28 02:00,21,0,,,.2,0,0,0,71,0,17.6,15.5,1002.7,0,1012.6,0,,9,,9,,3,,32,2000,,,19.1,0,22.6,24.4,24.6,25.4
108,서울,2017-08-28 03:00,20.7,0,,,.9,0,50,0,75,0,18.3,16.1,1002.7,0,1012.6,0,,9,,9,8,7,AcCi,32,2000,,,19.6,0,22.3,24.1,24.4,25.4
108,서울,2017-08-28 04:00,20.8,0,,,.4,0,0,0,74,0,18.1,15.9,1002.9,0,1012.8,0,,9,,9,9,9,Ac,33,2000,,,20.2,0,22.4,23.9,24.3,25.3
108,서울,2017-08-28 05:00,20.8,0,,,1.3,0,50,0,75,0,18.3,16.1,1002.7,0,1012.6,0,,9,,9,9,9,Ac,35,2000,,,20.4,0,22.5,23.8,24.2,25.3
108,서울,2017-08-28 06:00,20.7,0,,,1.4,0,50,0,76,0,18.5,16.3,1002.5,0,1012.4,0,0,0,0,0,10,10,As,27,2000,,,20.4,0,22.4,23.7,24.1,25.2
108,서울,2017-08-28 07:00,20.9,0,,,.9,0,360,0,75,0,18.4,16.2,1003.1,0,1013,0,0,0,.11,0,10,10,As,27,1991,,,21.3,0,22.5,23.7,24,25.1
108,서울,2017-08-28 08:00,21.6,0,,,1.5,0,20,0,74,0,19,16.7,1002.9,0,1012.8,0,0,0,.23,0,10,10,As,28,1990,,,22.6,0,22.9,23.7,23.9,25.1
108,서울,2017-08-28 09:00,22.6,0,,,.8,0,360,0,69,0,18.9,16.6,1002.9,0,1012.7,0,0,0,.56,0,10,10,As,28,1893,,,24.8,0,23.6,23.8,23.9,25
108,서울,2017-08-28 10:00,24.3,0,,,.7,0,110,0,59,0,17.8,15.7,1002.2,0,1011.9,0,.3,0,.99,0,9,9,Ac,35,1718,,,29.4,0,24.6,24,23.8,24.9
108,서울,2017-08-28 11:00,25.5,0,,,1.2,0,230,0,48,0,15.6,13.6,1001.9,0,1011.7,0,.5,0,1.43,0,10,10,As,28,1841,,,31.5,0,26.1,24.5,23.9,24.9
108,서울,2017-08-28 12:00,26.4,0,,,1.6,0,230,0,36,0,12.4,10.1,1001.4,0,1011.1,0,.4,0,1.5,0,9,2,ScAs,18,2000,,,33.2,0,27.1,25,24,24.8
108,서울,2017-08-28 13:00,26.4,0,,,1.3,0,250,0,44,0,15.1,13.1,1000.9,0,1010.6,0,.1,0,1.02,0,10,8,ScAs,19,2000,,,31.1,0,27.2,25.6,24.2,24.9
108,서울,2017-08-28 14:00,26,0,,,1.3,0,20,0,55,0,18.4,16.2,1000.4,0,1010.1,0,0,0,.46,0,10,4,ScAs,12,1976,,,28.2,0,26.7,25.9,24.4,24.9
108,서울,2017-08-28 15:00,25.1,0,0,0,1,0,180,0,58,0,18.4,16.2,999.7,0,1009.5,0,0,0,.17,0,10,7,ScAs,12,1979,,01,25.9,0,26,25.9,24.5,25
108,서울,2017-08-28 16:00,24.3,0,0,0,3.2,0,70,0,65,0,19.6,17.2,998.7,0,1008.4,0,0,0,.15,0,10,8,ScAs,10,1354,,01,24.8,0,25.5,25.8,24.6,25.1
108,서울,2017-08-28 17:00,22.1,0,.3,0,2.5,0,50,0,80,0,21.2,18.4,999.1,0,1008.9,0,0,0,.09,0,10,7,ScAs,9,771,,1901,22.6,0,24.7,25.5,24.7,25.1
108,서울,2017-08-28 18:00,19.7,0,4.7,0,1.8,0,340,0,91,0,20.8,18.1,1000.1,0,1010,0,0,0,.07,0,10,7,StNs,7,402,,1901,20.6,0,23.6,25.2,24.7,25.2
108,서울,2017-08-28 19:00,18.7,0,2,0,4.4,0,70,0,90,0,19.4,17,999.3,0,1009.2,0,0,0,.04,0,10,4,ScAs,10,1176,,1901,20,0,22.9,24.7,24.6,25.2
108,서울,2017-08-28 20:00,18.5,0,2,0,2.7,0,70,0,91,0,19.2,16.9,1000.1,0,1010.1,0,0,0,0,0,10,6,StNs,8,696,,1901,19.8,0,22.5,24.3,24.5,25.2
108,서울,2017-08-28 21:00,18.8,0,0,0,2.4,0,70,0,89,0,19.2,16.9,1000.2,0,1010.1,0,,9,,9,10,6,ScAs,15,1721,,1901,20,0,22.3,24,24.3,25.2
108,서울,2017-08-28 22:00,19,0,,9,1.2,0,340,0,90,0,19.7,17.3,1000.9,0,1010.8,0,,9,,9,,7,,3,737,,19,20,0,22.3,23.8,24.2,25.1
108,서울,2017-08-28 23:00,18.6,0,,9,1.6,0,270,0,90,0,19.2,16.9,1001.4,0,1011.4,0,,9,,9,,2,,2,691,,19,19.7,0,22.2,23.6,24,25
108,서울,2017-08-29 00:00,18.3,0,,9,2.9,0,290,0,91,0,19,16.7,1002.1,0,1012.1,0,,9,,9,6,2,ScAc,,882,,19,19,0,22,23.5,23.9,24.9
108,서울,2017-08-29 01:00,18.3,0,,,.5,0,230,0,89,0,18.6,16.4,1002,0,1012,0,,9,,9,,7,,43,2000,,19,19,0,21.7,23.3,23.8,24.9
108,서울,2017-08-29 02:00,18.4,0,,,3.3,0,290,0,86,0,18.2,16,1001.8,0,1011.8,0,,9,,9,,6,,44,2000,,,18.6,0,21.5,23.1,23.7,24.8
108,서울,2017-08-29 03:00,18.4,0,,,4,0,320,0,84,0,17.7,15.6,1002.4,0,1012.4,0,,9,,9,7,1,ScAc,10,2000,,,18.2,0,21.3,23,23.6,24.8
108,서울,2017-08-29 04:00,18.2,0,,,3.3,0,290,0,85,0,17.7,15.6,1002.5,0,1012.5,0,,9,,9,7,7,Ac,35,2000,,,18.1,0,21.1,22.8,23.5,24.7
108,서울,2017-08-29 05:00,17.9,0,,,2.6,0,320,0,88,0,17.9,15.8,1003.3,0,1013.3,0,,9,,9,7,1,ScAc,10,2000,,,18,0,21,22.7,23.4,24.6
108,서울,2017-08-29 06:00,17.8,0,,,2.3,0,320,0,84,0,17,15,1004,0,1014,0,,9,,9,8,2,ScAc,10,2000,,,17.5,0,20.8,22.5,23.3,24.6
108,서울,2017-08-29 07:00,17.4,0,,,3.2,0,320,0,73,0,14.5,12.5,1004.7,0,1014.8,0,.4,0,.15,0,5,4,AcCi,35,2000,,,17.1,0,20.5,22.4,23.1,24.5
108,서울,2017-08-29 08:00,18.3,0,,,5.3,0,340,0,48,0,10,7,1005,0,1015,0,1,0,.89,0,6,6,Ac,35,2000,,,19.5,0,20.5,22.1,23,24.4
108,서울,2017-08-29 09:00,18.9,0,,,2.1,0,360,0,47,0,10.2,7.3,1005.5,0,1015.5,0,1,0,1.47,0,7,7,Ac,35,2000,,,24.1,0,21.6,22.1,22.9,24.3
108,서울,2017-08-29 10:00,19.2,0,,,3.4,0,320,0,49,0,10.9,8.2,1006.2,0,1016.2,0,1,0,1.91,0,8,6,AcCi,35,2000,,,26.7,0,23.2,22.4,22.8,24.2
108,서울,2017-08-29 11:00,19.1,0,,,5.1,0,290,0,51,0,11.2,8.7,1005.8,0,1015.8,0,.6,0,2.02,0,8,8,Ac,35,2000,,,27.1,0,24.2,23,22.8,24.2
108,서울,2017-08-29 12:00,20.1,0,,,3,0,270,0,51,0,11.9,9.6,1005.2,0,1015.2,0,.9,0,2.06,0,8,5,AcCi,35,2000,,,28.4,0,25.2,23.6,22.9,24.1
108,서울,2017-08-29 13:00,21.6,0,,,3.2,0,290,0,43,0,11,8.4,1004.6,0,1014.5,0,1,0,2.5,0,7,0,Ci,,2000,,,32.6,0,26.3,24.2,23.1,24.1
108,서울,2017-08-29 14:00,22.7,0,,,4.1,0,290,0,36,0,9.9,6.8,1004.1,0,1013.9,0,1,0,2.78,0,7,0,Ci,,2000,,,33.2,0,27.7,24.8,23.3,24.1
108,서울,2017-08-29 15:00,22.8,0,,,4.1,0,290,0,37,0,10.2,7.3,1003.8,0,1013.6,0,1,0,2.36,0,5,0,Ci,,2000,,,32.4,0,27.9,25.5,23.6,24.1
108,서울,2017-08-29 16:00,23.7,0,,,2.6,0,270,0,37,0,10.8,8.1,1003.4,0,1013.2,0,1,0,2.22,0,1,0,Ci,,2000,,,30.8,0,28.1,26,23.8,24.2
108,서울,2017-08-29 17:00,23.7,0,,,3.3,0,270,0,33,0,9.6,6.4,1003.4,0,1013.2,0,1,0,1.62,0,3,0,Ci,,2000,,,26.6,0,27.3,26.2,24.1,24.4
108,서울,2017-08-29 18:00,22.5,0,,,4.2,0,270,0,34,0,9.2,5.8,1003.4,0,1013.2,0,1,0,.92,0,2,1,AcCi,35,2000,,,21.4,0,25.9,26.1,24.3,24.5
108,서울,2017-08-29 19:00,20.5,0,,,2.8,0,320,0,39,0,9.3,6,1003.7,0,1013.7,0,.4,0,.18,0,,0,,,2000,,,18.8,0,24.2,25.6,24.5,24.6
108,서울,2017-08-29 20:00,19.4,0,,,4.4,0,340,0,38,0,8.5,4.7,1004.3,0,1014.2,0,0,0,0,0,,8,,63,2000,,,17.7,0,23,25,24.4,24.7
108,서울,2017-08-29 21:00,18.7,0,,,3.9,0,320,0,38,0,8.1,4,1004.9,0,1014.9,0,,9,,9,7,0,Ci,,2000,,,16.5,0,22.1,24.4,24.3,24.7
108,서울,2017-08-29 22:00,17.9,0,,,3.4,0,340,0,40,0,8.1,4,1005.2,0,1015.2,0,,9,,9,,9,,67,2000,,,16,0,21.4,23.9,24.2,24.7
108,서울,2017-08-29 23:00,17.3,0,,,3.9,0,340,0,40,0,7.8,3.5,1005.4,0,1015.5,0,,9,,9,,9,,62,2000,,,15.3,0,20.9,23.4,24,24.7
108,서울,2017-08-30 00:00,17.1,0,,,2.4,0,320,0,36,0,7,1.8,1005.2,0,1015.3,0,,9,,9,8,0,,,2000,,,15.6,0,20.5,23,23.8,24.7
108,서울,2017-08-30 01:00,17,0,,,1.4,0,270,0,39,0,7.5,2.9,1004.8,0,1014.9,0,,9,,9,,9,,55,2000,,,15.7,0,20.2,22.6,23.5,24.6
108,서울,2017-08-30 02:00,17.4,0,,,3.4,0,340,0,34,0,6.7,1.3,1004.6,0,1014.7,0,,9,,9,,10,,56,2000,,,15.4,0,20,22.3,23.3,24.5
108,서울,2017-08-30 03:00,17.1,0,,,3.5,0,320,0,39,0,7.6,3,1004.9,0,1015,0,,9,,9,8,0,Ci,,2000,,,15.3,0,19.8,22.1,23.1,24.4
108,서울,2017-08-30 04:00,16.6,0,,,1,0,360,0,43,0,8.1,3.9,1004.4,0,1014.5,0,,9,,9,9,0,Ci,,2000,,,15.6,0,19.6,21.9,23,24.3
108,서울,2017-08-30 05:00,16.3,0,,,.7,0,360,0,45,0,8.3,4.3,1004.7,0,1014.8,0,,9,,9,8,0,Ci,,2000,,,15.6,0,19.4,21.7,22.8,24.2
108,서울,2017-08-30 06:00,16.1,0,,,.8,0,270,0,45,0,8.2,4.1,1005.1,0,1015.2,0,,9,,9,9,4,ScAs,10,2000,,,15.7,0,19.3,21.5,22.6,24.1
108,서울,2017-08-30 07:00,16.2,0,,,.2,0,0,0,46,0,8.4,4.5,1005.3,0,1015.4,0,0,0,.09,0,9,9,As,30,2000,,,16.4,0,19.3,21.3,22.5,24
108,서울,2017-08-30 08:00,16.7,0,,,.8,0,320,0,47,0,8.9,5.3,1005.5,0,1015.6,0,0,0,.29,0,10,10,As,30,2000,,,18,0,19.6,21.2,22.4,23.9
108,서울,2017-08-30 09:00,17.3,0,,,.8,0,360,0,50,0,9.8,6.7,1005.2,0,1015.3,0,0,0,.38,0,10,10,As,30,2000,,,19.1,0,20,21.3,22.3,23.8
108,서울,2017-08-30 10:00,18.4,0,,,1.1,0,360,0,48,0,10.1,7.1,1005.5,0,1015.5,0,0,0,.66,0,10,10,As,30,1981,,,20.6,0,20.8,21.4,22.2,23.7
108,서울,2017-08-30 11:00,19.6,0,,,.3,0,0,0,45,0,10.2,7.3,1005,0,1014.9,0,0,0,.75,0,10,10,As,30,2000,,,22.7,0,21.4,21.7,22.1,23.6
108,서울,2017-08-30 12:00,20.8,0,,,1.2,0,270,0,48,0,11.7,9.3,1004.5,0,1014.5,0,0,0,1.11,0,10,10,As,30,2000,,,24.3,0,22.5,21.9,22.1,23.6
108,서울,2017-08-30 13:00,21.3,0,,,2.3,0,250,0,44,0,11.1,8.5,1004.1,0,1014,0,0,0,1.09,0,9,0,Ci,,1976,,,25.2,0,23.1,22.4,22.2,23.5
108,서울,2017-08-30 14:00,21.6,0,,,2.3,0,290,0,46,0,11.8,9.4,1003.4,0,1013.3,0,.4,0,1.2,0,9,0,Ci,,1939,,,27,0,23.5,22.7,22.3,23.5
108,서울,2017-08-30 15:00,21.5,0,,,3.2,0,290,0,48,0,12.3,10,1003.1,0,1013,0,0,0,.83,0,9,0,Ci,,2000,,,24.7,0,23.6,23,22.4,23.5
108,서울,2017-08-30 16:00,23,0,,,2.1,0,270,0,49,0,13.7,11.7,1002.6,0,1012.4,0,.8,0,1.31,0,8,3,AcCi,35,2000,,,27.1,0,24.2,23.3,22.6,23.5
108,서울,2017-08-30 17:00,23.4,0,,,1.2,0,270,0,56,0,16.1,14.1,1002.1,0,1011.9,0,.7,0,1.01,0,8,3,AcCi,35,2000,,,26,0,24.3,23.6,22.7,23.5
108,서울,2017-08-30 18:00,23.3,0,,,2.3,0,250,0,61,0,17.4,15.3,1002.3,0,1012.1,0,.9,0,.71,0,6,6,Sc,9,2000,,,22.4,0,24,23.7,22.8,23.6
108,서울,2017-08-30 19:00,22.4,0,,,1.7,0,250,0,67,0,18.1,15.9,1002.3,0,1012.1,0,.6,0,.21,0,,5,,8,2000,,,20.7,0,23.2,23.7,22.9,23.6
108,서울,2017-08-30 20:00,22.1,0,,,1.6,0,200,0,68,0,18.1,15.9,1002.7,0,1012.6,0,0,0,0,0,,7,,7,2000,,,20.3,0,22.6,23.5,23,23.7
108,서울,2017-08-30 21:00,21.8,0,,,1.2,0,230,0,71,0,18.5,16.3,1003,0,1012.9,0,,9,,9,5,5,Sc,9,2000,,,19.6,0,22.2,23.3,23,23.7
108,서울,2017-08-30 22:00,21.2,0,,,.6,0,230,0,78,0,19.6,17.2,1003,0,1012.9,0,,9,,9,,6,,12,1904,,,18.6,0,21.7,23,23,23.7
108,서울,2017-08-30 23:00,20.7,0,,,.6,0,320,0,83,0,20.2,17.7,1003,0,1012.9,0,,9,,9,,0,,,1221,,,17.8,0,21.1,22.8,22.9,23.7
108,서울,2017-08-31 00:00,20.1,0,,,.9,0,290,0,84,0,19.7,17.3,1003,0,1013,0,,9,,9,0,0,,,1202,,,17.2,0,20.7,22.5,22.8,23.7
108,서울,2017-08-31 01:00,19.3,0,,,.8,0,20,0,88,0,19.6,17.2,1003.1,0,1013,0,,9,,9,,0,,,810,,19,16.7,0,20.3,22.2,22.7,23.7
108,서울,2017-08-31 02:00,18.7,0,,,.6,0,50,0,87,0,18.6,16.4,1003.2,0,1013.2,0,,9,,9,,0,,,1185,,19,16.1,0,19.9,22,22.6,23.7
108,서울,2017-08-31 03:00,18.1,0,,,.3,0,0,0,88,0,18.2,16,1003.2,0,1013.2,0,,9,,9,0,0,,,1296,,,15.7,0,19.5,21.7,22.5,23.6
108,서울,2017-08-31 04:00,17.6,0,,,.5,0,50,0,87,0,17.5,15.4,1003,0,1013,0,,9,,9,1,1,Sc,12,1470,,,15.3,0,19.2,21.5,22.3,23.6
108,서울,2017-08-31 05:00,17.1,0,,,.4,0,0,0,88,0,17,15,1003,0,1013.1,0,,9,,9,0,0,,,1287,,,14.9,0,18.9,21.2,22.2,23.5
108,서울,2017-08-31 06:00,16.7,0,,,1.4,0,50,0,89,0,16.8,14.8,1003.2,0,1013.3,0,,9,,9,0,0,,,1024,,,14.7,0,18.6,21,22,23.4
108,서울,2017-08-31 07:00,16.8,0,,,1.3,0,50,0,87,0,16.6,14.6,1003.4,0,1013.5,0,.5,0,.18,0,0,0,,,1006,,,15.6,0,18.6,20.8,21.9,23.4
108,서울,2017-08-31 08:00,18.9,0,,,1.3,0,50,0,73,0,15.9,13.9,1003.4,0,1013.4,0,1,0,.72,0,0,0,,,959,,19,19.9,0,19.3,20.6,21.7,23.3
108,서울,2017-08-31 09:00,21.3,0,,,1.6,0,50,0,68,0,17.2,15.1,1003.2,0,1013.1,0,1,0,1.36,0,0,0,,,811,,4019,25.9,0,20.8,20.8,21.6,23.1
108,서울,2017-08-31 10:00,23.2,0,,,1.4,0,50,0,63,0,17.8,15.7,1003.4,0,1013.2,0,1,0,1.93,0,1,1,Sc,10,990,,40,30.6,0,22.9,21.3,21.5,23
108,서울,2017-08-31 11:00,24.2,0,,,.6,0,200,0,64,0,19.2,16.9,1003,0,1012.8,0,1,0,1.93,0,6,6,Sc,10,1061,,40,30.5,0,24.8,22.2,21.7,23
108,서울,2017-08-31 12:00,25.2,0,,,2.8,0,290,0,56,0,17.8,15.7,1002.3,0,1012.1,0,.8,0,2.09,0,4,4,Sc,8,911,,40,34.9,0,26.1,23.1,21.9,23
108,서울,2017-08-31 13:00,25.5,0,,,2.3,0,340,0,57,0,18.5,16.3,1001.5,0,1011.3,0,.9,0,2.38,0,5,5,Sc,10,1374,,40,35.1,0,27.8,24,22.2,23
108,서울,2017-08-31 14:00,25.6,0,,,3.3,0,360,0,52,0,17,15,1001.1,0,1010.9,0,.9,0,1.74,0,5,5,Sc,13,1819,,,33,0,28,24.9,22.5,23.1
108,서울,2017-08-31 15:00,27.1,0,,,1,0,360,0,41,0,14.7,12.7,1000.5,0,1010.2,0,1,0,2.24,0,3,3,Sc,14,1866,,,35.8,0,28.7,25.4,22.9,23.2
108,서울,2017-08-31 16:00,27.3,0,,,4,0,340,0,35,0,12.6,10.4,1000.3,0,1010,0,1,0,2.1,0,2,2,Sc,10,1973,,,35.4,0,28.9,26,23.2,23.3
108,서울,2017-08-31 17:00,27.3,0,,,2.7,0,340,0,36,0,13,10.9,1000.3,0,1010,0,1,0,1.52,0,1,1,Sc,10,1993,,,31.1,0,28.3,26.3,23.6,23.5
108,서울,2017-08-31 18:00,26.1,0,,,2.7,0,340,0,42,0,14.1,12.1,1000.6,0,1010.3,0,1,0,.81,0,0,0,,,1999,,,26.1,0,27,26.3,23.9,23.6
108,서울,2017-08-31 19:00,24.5,0,,,3.1,0,340,0,47,0,14.4,12.4,1000.8,0,1010.5,0,.7,0,.21,0,,0,,,2000,,,22.9,0,25.5,26,24.1,23.8
108,서울,2017-08-31 20:00,23.3,0,,,2.1,0,340,0,52,0,14.8,12.8,1001.5,0,1011.3,0,0,0,0,0,,0,,,2000,,,20.9,0,24.2,25.4,24.1,24
108,서울,2017-08-31 21:00,22.4,0,,,.8,0,20,0,54,0,14.6,12.6,1002.1,0,1011.9,0,,9,,9,0,0,,,2000,,,19.6,0,23.2,24.9,24.1,24
108,서울,2017-08-31 22:00,21.8,0,,,.5,0,20,0,61,0,15.9,13.9,1002,0,1011.9,0,,9,,9,,0,,,2000,,,18.6,0,22.3,24.3,24,24.1
108,서울,2017-08-31 23:00,20.8,0,,,1.1,0,20,0,63,0,15.4,13.4,1002.3,0,1012.2,0,,9,,9,,0,,,1979,,,17.8,0,21.7,23.9,23.8,24.1
108,서울,2017-09-01 00:00,20.4,0,,,2,0,70,0,61,0,14.6,12.6,1002.4,0,1012.4,0,,9,,9,0,0,,,1945,,,17.4,0,21.3,23.4,23.6,24.1
108,서울,2017-09-01 01:00,19.8,0,,,2.6,0,70,0,67,0,15.4,13.4,1002.4,0,1012.4,0,,9,,9,,0,,,1837,,,17,0,20.9,23.1,23.5,24.1
108,서울,2017-09-01 02:00,19.4,0,,,1.8,0,70,0,68,0,15.3,13.3,1002.8,0,1012.7,0,,9,,9,,0,,,2000,,,16.6,0,20.6,22.7,23.2,24.1
108,서울,2017-09-01 03:00,18.7,0,,,2.5,0,50,0,73,0,15.7,13.7,1002.6,0,1012.6,0,,9,,9,0,0,,,2000,,,16.1,0,20.2,22.4,23,24
108,서울,2017-09-01 04:00,18.3,0,,,2.5,0,50,0,70,0,14.7,12.7,1002.4,0,1012.4,0,,9,,9,0,0,,,2000,,,15.8,0,20,22.2,22.9,23.9
108,서울,2017-09-01 05:00,17.9,0,,,1,0,70,0,70,0,14.3,12.3,1002.6,0,1012.6,0,,9,,9,0,0,,,2000,,,15.3,0,19.7,21.9,22.7,23.8
108,서울,2017-09-01 06:00,17.3,0,,,1.4,0,50,0,78,0,15.4,13.4,1003.2,0,1013.3,0,,9,,9,0,0,,,2000,,,14.8,0,19.2,21.7,22.6,23.7
108,서울,2017-09-01 07:00,17.4,0,,,2.3,0,70,0,75,0,14.9,12.9,1003.7,0,1013.7,0,.7,0,.2,0,0,0,,,1768,,,15.5,0,19,21.4,22.4,23.7
108,서울,2017-09-01 08:00,19.8,0,,,1.6,0,70,0,61,0,14,12,1004,0,1014,0,1,0,.79,0,0,0,,,1771,,,20,0,19.7,21.2,22.2,23.5
108,서울,2017-09-01 09:00,22,0,,,3,0,70,0,52,0,13.7,11.6,1004.1,0,1014,0,1,0,1.45,0,0,0,,,1975,,,26.9,0,21.2,21.3,22.1,23.4
108,서울,2017-09-01 10:00,24,0,,,2.9,0,90,0,46,0,13.7,11.6,1004.1,0,1013.9,0,1,0,2.11,0,0,0,,,2000,,,33.2,0,23.3,21.8,22,23.3
108,서울,2017-09-01 11:00,25.7,0,,,2.6,0,50,0,40,0,13.1,11,1004,0,1013.8,0,1,0,2.61,0,0,0,,,2000,,,38.5,0,25.6,22.6,22,23.3
108,서울,2017-09-01 12:00,27.2,0,,,1.9,0,70,0,36,0,12.9,10.8,1003.5,0,1013.2,0,1,0,2.91,0,0,0,,,1975,,,41.7,0,27.8,23.7,22.3,23.3
108,서울,2017-09-01 13:00,27.2,0,,,2.1,0,320,0,38,0,13.7,11.6,1002.8,0,1012.5,0,1,0,3.01,0,0,0,,,2000,,,44.4,0,29.7,24.9,22.6,23.3
108,서울,2017-09-01 14:00,28.8,0,,,1.7,0,160,0,35,0,13.8,11.8,1002.1,0,1011.7,0,1,0,2.9,0,1,1,Sc,10,2000,,,44.7,0,30.9,26.1,23,23.4
108,서울,2017-09-01 15:00,28.8,0,,,2,0,320,0,38,0,15,13,1001.5,0,1011.1,0,1,0,2.39,0,1,1,Sc,10,2000,,,41.9,0,31.2,27,23.5,23.5
108,서울,2017-09-01 16:00,29.4,0,,,1.2,0,270,0,36,0,14.7,12.7,1001.1,0,1010.7,0,1,0,1.95,0,1,1,Sc,10,2000,,,39.2,0,30.8,27.5,23.9,23.6
108,서울,2017-09-01 17:00,29,0,,,2.4,0,290,0,40,0,16,14,1000.9,0,1010.5,0,1,0,1.41,0,1,1,Sc,10,2000,,,34.2,0,30.1,27.8,24.3,23.8
108,서울,2017-09-01 18:00,27.5,0,,,3,0,320,0,40,0,14.6,12.6,1001.1,0,1010.8,0,1,0,.77,0,1,1,Sc,10,2000,,,28.8,0,28.7,27.7,24.6,24
108,서울,2017-09-01 19:00,25.5,0,,,3.3,0,340,0,52,0,16.9,14.9,1001.8,0,1011.6,0,.7,0,.2,0,,0,,,2000,,,25.1,0,27.1,27.3,24.8,24.2
108,서울,2017-09-01 20:00,24.3,0,,,3.9,0,340,0,55,0,16.6,14.6,1002.5,0,1012.2,0,0,0,0,0,,0,,,2000,,,23,0,25.7,26.7,24.9,24.4
108,서울,2017-09-01 21:00,23.4,0,,,1.8,0,290,0,61,0,17.5,15.4,1002.6,0,1012.4,0,,9,,9,1,0,Ci,,2000,,,21.6,0,24.7,26.1,24.8,24.5
108,서울,2017-09-01 22:00,22.5,0,,,1.5,0,270,0,66,0,17.9,15.8,1002.7,0,1012.5,0,,9,,9,,0,,,2000,,,20.5,0,23.9,25.5,24.7,24.6
108,서울,2017-09-01 23:00,21.8,0,,,.3,0,0,0,67,0,17.4,15.3,1002.7,0,1012.6,0,,9,,9,,0,,,2000,,,19.6,0,23.2,25,24.6,24.6
108,서울,2017-09-02 00:00,21.3,0,,,.7,0,290,0,70,0,17.6,15.5,1002.5,0,1012.4,0,,9,,9,0,0,,,2000,,,19.1,0,22.6,24.6,24.4,24.6
108,서울,2017-09-02 01:00,20.7,0,,,.1,0,0,0,72,0,17.5,15.4,1002.3,0,1012.2,0,,9,,9,,0,,,2000,,,18.4,0,22.1,24.2,24.2,24.6
108,서울,2017-09-02 02:00,20.1,0,,,1.4,0,50,0,72,0,16.8,14.8,1002.2,0,1012.2,0,,9,,9,,0,,,2000,,,17.9,0,21.6,23.8,24,24.5
108,서울,2017-09-02 03:00,19.5,0,,,1.5,0,50,0,75,0,16.9,14.9,1002.3,0,1012.2,0,,9,,9,0,0,,,2000,,,17.6,0,21.3,23.4,23.8,24.4
108,서울,2017-09-02 04:00,19.1,0,,,1.8,0,50,0,75,0,16.5,14.5,1002.3,0,1012.2,0,,9,,9,0,0,,,1869,,,17.3,0,21,23.1,23.6,24.4
108,서울,2017-09-02 05:00,18.8,0,,,1.9,0,50,0,76,0,16.4,14.4,1002.6,0,1012.6,0,,9,,9,0,0,,,1909,,,17,0,20.7,22.9,23.4,24.3
108,서울,2017-09-02 06:00,18.7,0,,,2.3,0,70,0,74,0,15.9,13.9,1002.9,0,1012.9,0,,9,,9,2,0,Ci,,2000,,,16.9,0,20.5,22.6,23.3,24.2
108,서울,2017-09-02 07:00,19,0,,,2.3,0,70,0,71,0,15.6,13.6,1003.1,0,1013.1,0,.6,0,.2,0,5,0,Ci,,1940,,,17.8,0,20.4,22.4,23.1,24.2
108,서울,2017-09-02 08:00,20.7,0,,,1.4,0,70,0,62,0,15.1,13.1,1003.6,0,1013.6,0,1,0,.69,0,1,0,Ci,,2000,,,20.9,0,21.1,22.2,22.9,24
108,서울,2017-09-02 09:00,22.8,0,,,2.5,0,70,0,57,0,15.8,13.8,1003.6,0,1013.4,0,1,0,1.38,0,2,0,Ci,,2000,,,28,0,22.6,22.4,22.8,23.9
108,서울,2017-09-02 10:00,24.8,0,,,2.7,0,50,0,50,0,15.6,13.6,1003.9,0,1013.7,0,1,0,2.01,0,3,0,Ci,,2000,,,34.4,0,24.6,22.8,22.7,23.8
108,서울,2017-09-02 11:00,26.1,0,,,2.4,0,50,0,41,0,13.8,11.8,1003.8,0,1013.6,0,1,0,2.48,0,3,0,Ci,,2000,,,40.7,0,26.8,23.7,22.8,23.8
108,서울,2017-09-02 12:00,27.1,0,,,2.9,0,50,0,41,0,14.7,12.7,1003,0,1012.7,0,1,0,2.76,0,4,0,Ci,,1982,,,44.5,0,28.9,24.7,23,23.7
108,서울,2017-09-02 13:00,28.2,0,,,1.7,0,90,0,38,0,14.5,12.5,1002.5,0,1012.2,0,1,0,2.92,0,5,3,ScCi,15,2000,,,46.8,0,30.6,25.8,23.3,23.8
108,서울,2017-09-02 14:00,29.2,0,,,2.4,0,180,0,35,0,14.1,12.1,1001.8,0,1011.4,0,1,0,2.62,0,4,4,Sc,15,2000,,,46.2,0,31.4,26.9,23.7,23.8
108,서울,2017-09-02 15:00,28.8,0,,,2.2,0,20,0,37,0,14.6,12.6,1001.2,0,1010.8,0,.9,0,2.06,0,7,7,Sc,19,2000,,,40.8,0,31.7,27.7,24.1,24
108,서울,2017-09-02 16:00,28,0,,,1.3,0,340,0,42,0,15.8,13.8,1001.2,0,1010.8,0,.6,0,1.11,0,7,5,ScCi,18,2000,,,35.1,0,30.7,28.1,24.5,24.1
108,서울,2017-09-02 17:00,27.9,0,,,.2,0,0,0,39,0,14.6,12.6,1001.5,0,1011.2,0,.2,0,.48,0,7,7,Sc,18,2000,,,31.8,0,29.4,28.1,24.9,24.3
108,서울,2017-09-02 18:00,27.6,0,,,3.5,0,270,0,54,0,19.9,17.4,1001.8,0,1011.5,0,1,0,.74,0,6,6,Sc,16,1582,,,31.1,0,28.8,27.8,25.1,24.5
108,서울,2017-09-02 19:00,25.2,0,,,3.1,0,270,0,61,0,19.5,17.1,1002,0,1011.8,0,.4,0,.22,0,,1,,,1521,,,25.9,0,27.6,27.5,25.2,24.6
108,서울,2017-09-02 20:00,24.3,0,,,1.9,0,270,0,64,0,19.4,17,1002.4,0,1012.1,0,0,0,0,0,,0,,,1593,,,23.8,0,26.3,27,25.3,24.8
108,서울,2017-09-02 21:00,23.7,0,,,1.4,0,270,0,67,0,19.6,17.2,1002.7,0,1012.5,0,,9,,9,1,1,Sc,10,1398,,,22.4,0,25.4,26.5,25.2,24.9
108,서울,2017-09-02 22:00,23.1,0,,,1.1,0,320,0,68,0,19.1,16.8,1002.7,0,1012.5,0,,9,,9,,0,,,1488,,,21.4,0,24.6,26,25.1,24.9
108,서울,2017-09-02 23:00,22.6,0,,,2.1,0,320,0,64,0,17.5,15.4,1003,0,1012.8,0,,9,,9,,0,,,1989,,,20.6,0,24,25.5,24.9,24.9
108,서울,2017-09-03 00:00,22.3,0,,,.6,0,320,0,67,0,17.9,15.8,1003.4,0,1013.3,0,,9,,9,1,1,Sc,,1782,,,20,0,23.5,25.1,24.8,24.9
108,서울,2017-09-03 01:00,21.6,0,,,.8,0,20,0,70,0,17.9,15.8,1003.5,0,1013.4,0,,9,,9,,1,,,1942,,,19.4,0,23,24.8,24.6,24.9
108,서울,2017-09-03 02:00,21.1,0,,,.9,0,50,0,74,0,18.4,16.2,1003.4,0,1013.3,0,,9,,9,,0,,,1861,,,18.8,0,22.5,24.4,24.4,24.8
108,서울,2017-09-03 03:00,20.5,0,,,.8,0,20,0,79,0,19,16.7,1003.6,0,1013.6,0,,9,,9,0,0,,,1647,,,18.4,0,22.1,24.1,24.2,24.8
108,서울,2017-09-03 04:00,20,0,,,1.7,0,70,0,79,0,18.4,16.2,1003.7,0,1013.7,0,,9,,9,0,0,,,1852,,,18.1,0,21.8,23.8,24.1,24.7
108,서울,2017-09-03 05:00,19.5,0,,,2,0,50,0,76,0,17.2,15.1,1004.1,0,1014,0,,9,,9,0,0,,,2000,,,17.8,0,21.5,23.5,23.9,24.7
108,서울,2017-09-03 06:00,19.1,0,,,2.4,0,50,0,78,0,17.2,15.1,1004.6,0,1014.6,0,,9,,9,0,0,,,2000,,,17.5,0,21.3,23.3,23.7,24.6
108,서울,2017-09-03 07:00,19.1,0,,,2.1,0,50,0,74,0,16.3,14.3,1005.2,0,1015.2,0,.5,0,.16,0,0,0,,,2000,,,18.3,0,21.2,23,23.6,24.5
108,서울,2017-09-03 08:00,20.9,0,,,1.9,0,70,0,64,0,15.8,13.8,1005.5,0,1015.5,0,1,0,.69,0,0,0,,,2000,,,21.8,0,21.8,22.9,23.4,24.4
108,서울,2017-09-03 09:00,23,0,,,2.2,0,50,0,61,0,17,15,1005.8,0,1015.6,0,1,0,1.34,0,0,0,,,1900,,,29.1,0,23.2,23,23.3,24.3
108,서울,2017-09-03 10:00,25,0,,,2.2,0,90,0,56,0,17.7,15.6,1005.7,0,1015.5,0,1,0,1.96,0,0,0,,,1794,,,35.8,0,25.2,23.4,23.2,24.2
108,서울,2017-09-03 11:00,26.5,0,,,1.5,0,110,0,53,0,18.3,16.1,1005.6,0,1015.4,0,1,0,2.44,0,0,0,,,1752,,,42.2,0,27.4,24.2,23.2,24.1
108,서울,2017-09-03 12:00,27,0,,,1.4,0,20,0,50,0,17.7,15.6,1005.2,0,1014.9,0,1,0,2.63,0,2,2,Cu,8,1738,,,45.1,0,29.5,25.2,23.5,24.1
108,서울,2017-09-03 13:00,27.7,0,,,1.8,0,270,0,45,0,16.6,14.6,1004.5,0,1014.2,0,.8,0,1.81,0,6,6,Cu,10,1945,,,39.8,0,29.9,26.2,23.7,24.1
108,서울,2017-09-03 14:00,27.4,0,,,1,0,360,0,47,0,17,15,1004.2,0,1013.9,0,.2,0,.81,0,7,4,CuCi,10,2000,,,35.3,0,29,26.8,24.1,24.2
108,서울,2017-09-03 15:00,27,0,,,1.7,0,340,0,49,0,17.4,15.3,1003.7,0,1013.4,0,.1,0,.75,0,7,5,CuScCi,10,1959,,,32.9,0,28.4,26.9,24.4,24.3
108,서울,2017-09-03 16:00,28.9,0,,,2.3,0,340,0,44,0,17.5,15.4,1003.3,0,1012.9,0,.9,0,1.78,0,7,4,CuScCi,10,2000,,,37.3,0,29.1,26.9,24.6,24.4
108,서울,2017-09-03 17:00,28.1,0,,,2.8,0,270,0,48,0,18.2,16,1003.6,0,1013.3,0,1,0,.99,0,8,5,ScCi,19,1921,,,32.6,0,28.9,27.1,24.8,24.5
108,서울,2017-09-03 18:00,26.6,0,,,2.8,0,270,0,59,0,20.5,17.9,1004.1,0,1013.8,0,0,0,.37,0,9,3,ScCi,19,1425,,,28.9,0,27.9,27.1,24.9,24.6
108,서울,2017-09-03 19:00,25.5,0,,,2.2,0,290,0,62,0,20.1,17.6,1004.2,0,1014,0,0,0,.12,0,,1,,,1452,,,25.5,0,26.9,26.9,25,24.7
108,서울,2017-09-03 20:00,24.5,0,,,1.9,0,290,0,68,0,20.8,18.1,1004.7,0,1014.5,0,,9,,9,,0,,,1153,,,23.4,0,25.9,26.6,25.1,24.8
108,서울,2017-09-03 21:00,23.9,0,,,1.5,0,250,0,64,0,18.9,16.6,1005.4,0,1015.2,0,,9,,9,4,0,Ci,,1132,,,22.1,0,25,26.1,25,24.9
108,서울,2017-09-03 22:00,23.4,0,,,.5,0,360,0,71,0,20.4,17.8,1005.6,0,1015.4,0,,9,,9,,0,,,979,,40,21.1,0,24.3,25.7,24.9,24.9
108,서울,2017-09-03 23:00,22.9,0,,,.5,0,20,0,70,0,19.5,17.1,1006,0,1015.9,0,,9,,9,,0,,,1080,,40,20.6,0,23.8,25.3,24.8,24.9
108,서울,2017-09-04 00:00,22.3,0,,,.1,0,0,0,72,0,19.4,17,1006.2,0,1016.1,0,,9,,9,2,0,Ci,,1128,,,19.9,0,23.3,24.9,24.6,24.9
108,서울,2017-09-04 01:00,21.6,0,,,.7,0,20,0,74,0,19,16.7,1005.9,0,1015.8,0,,9,,9,,0,,,1065,,,19.1,0,22.8,24.6,24.5,24.9
108,서울,2017-09-04 02:00,21,0,,,1.2,0,50,0,74,0,18.3,16.1,1006,0,1016,0,,9,,9,,0,,,1100,,,18.5,0,22.3,24.3,24.4,24.9
108,서울,2017-09-04 03:00,20.6,0,,,.8,0,50,0,77,0,18.6,16.4,1006,0,1016,0,,9,,9,0,0,,,965,,19,18.1,0,22,24,24.2,24.8
108,서울,2017-09-04 04:00,20,0,,,1.2,0,50,0,80,0,18.6,16.4,1005.9,0,1015.9,0,,9,,9,0,0,,,935,,19,17.7,0,21.6,23.7,24,24.7
108,서울,2017-09-04 05:00,19.9,0,,,2.2,0,50,0,77,0,17.8,15.7,1005.8,0,1015.8,0,,9,,9,2,0,Ci,,1270,,19,17.8,0,21.5,23.4,23.9,24.7
108,서울,2017-09-04 06:00,19.7,0,,,2.1,0,70,0,75,0,17.2,15.1,1006,0,1015.9,0,,9,,9,7,0,Ci,,1586,,,18.1,0,21.4,23.2,23.7,24.6
108,서울,2017-09-04 07:00,19.9,0,,,1.9,0,50,0,74,0,17.2,15.1,1006.6,0,1016.6,0,.1,0,.11,0,7,0,Ci,,1723,,,18.9,0,21.4,23,23.6,24.5
108,서울,2017-09-04 08:00,20.9,0,,,2,0,70,0,64,0,15.8,13.8,1006.7,0,1016.7,0,.7,0,.47,0,7,0,Cc,,1918,,,21.5,0,21.8,22.9,23.4,24.4
108,서울,2017-09-04 09:00,23.7,0,,,1.7,0,70,0,55,0,16.1,14.1,1006.6,0,1016.4,0,1,0,1.34,0,3,0,Ci,,1954,,,29.7,0,23.1,23,23.3,24.3
108,서울,2017-09-04 10:00,25.4,0,,,2.2,0,50,0,50,0,16.2,14.2,1006.9,0,1016.7,0,1,0,1.87,0,4,0,Ci,,1899,,,36.1,0,25.2,23.4,23.2,24.2
108,서울,2017-09-04 11:00,27.7,0,,,2.5,0,90,0,40,0,14.8,12.8,1006.3,0,1016,0,1,0,2.45,0,4,0,Ci,,1999,,,43.6,0,27.4,24.2,23.3,24.1
108,서울,2017-09-04 12:00,28.3,0,,,1.2,0,140,0,41,0,15.7,13.7,1005.7,0,1015.4,0,1,0,2.6,0,7,0,Ci,,2000,,,46.8,0,29.3,25.2,23.5,24.1
108,서울,2017-09-04 13:00,29.3,0,,,2.2,0,110,0,36,0,14.6,12.6,1005,0,1014.6,0,1,0,2.74,0,6,2,ScCi,15,2000,,,47.8,0,30.9,26.3,23.8,24.2
108,서울,2017-09-04 14:00,29.8,0,,,2.1,0,140,0,35,0,14.6,12.6,1004.4,0,1014,0,1,0,2.36,0,8,6,CuCi,10,2000,,,45.8,0,31.6,27.2,24.1,24.2
108,서울,2017-09-04 15:00,30.1,0,,,2.6,0,180,0,32,0,13.6,11.5,1003.7,0,1013.3,0,1,0,1.84,0,9,6,CuCi,10,2000,,,43.9,0,31.3,27.9,24.5,24.3
108,서울,2017-09-04 16:00,29,0,,,1.5,0,180,0,31,0,12.4,10.1,1003.9,0,1013.5,0,.6,0,1,0,8,5,CuCi,10,2000,,,36.2,0,30.6,28.2,24.9,24.5
108,서울,2017-09-04 17:00,28.1,0,,,3,0,180,0,31,0,11.7,9.3,1003.7,0,1013.4,0,.4,0,.68,0,9,3,ScCi,15,2000,,,32.3,0,29.5,28.1,25.2,24.6
108,서울,2017-09-04 18:00,27.3,0,,,2.2,0,200,0,31,0,11.2,8.6,1004,0,1013.7,0,0,0,.38,0,8,0,Ci,,2000,,,28.4,0,28.4,27.9,25.4,24.8
108,서울,2017-09-04 19:00,26,0,,,1.5,0,290,0,46,0,15.4,13.4,1004.1,0,1013.9,0,0,0,.1,0,,0,,,2000,,,25.4,0,27.2,27.5,25.5,24.9
108,서울,2017-09-04 20:00,25.1,0,,,1.4,0,290,0,59,0,18.8,16.5,1004.5,0,1014.3,0,,9,,9,,0,,,1483,,,23.6,0,26.1,27,25.5,25
108,서울,2017-09-04 21:00,24.5,0,,,.5,0,250,0,58,0,17.7,15.6,1004.8,0,1014.6,0,,9,,9,9,0,Ci,,1531,,,22.6,0,25.4,26.5,25.4,25.1
108,서울,2017-09-04 22:00,23.8,0,,,.7,0,20,0,60,0,17.6,15.5,1004.6,0,1014.4,0,,9,,9,,1,,,1748,,,21.6,0,24.8,26.1,25.3,25.1
108,서울,2017-09-04 23:00,23.3,0,,,.9,0,20,0,53,0,15.1,13.1,1004.7,0,1014.5,0,,9,,9,,0,,,2000,,,20.6,0,24.2,25.7,25.1,25.2
108,서울,2017-09-05 00:00,22.6,0,,,1.7,0,70,0,61,0,16.6,14.6,1004.9,0,1014.8,0,,9,,9,6,1,ScCi,10,2000,,,19.9,0,23.7,25.3,24.9,25.1
108,서울,2017-09-05 01:00,21.9,0,,,1.6,0,50,0,65,0,17,15,1004.4,0,1014.3,0,,9,,9,,0,,,1994,,,19.2,0,23.2,25,24.8,25.1
108,서울,2017-09-05 02:00,21.3,0,,,1.7,0,50,0,69,0,17.4,15.3,1004,0,1013.9,0,,9,,9,,0,,,2000,,,18.7,0,22.8,24.6,24.6,25
108,서울,2017-09-05 03:00,20.9,0,,,1.7,0,70,0,64,0,15.8,13.8,1003.9,0,1013.8,0,,9,,9,8,0,Ci,,2000,,,18.5,0,22.5,24.3,24.5,25
108,서울,2017-09-05 04:00,20.7,0,,,1.7,0,70,0,63,0,15.3,13.3,1003.5,0,1013.5,0,,9,,9,9,0,Ci,,2000,,,18.6,0,22.3,24.1,24.3,25
108,서울,2017-09-05 05:00,20.6,0,,,1.4,0,70,0,64,0,15.5,13.5,1003.2,0,1013.2,0,,9,,9,9,0,Ci,,2000,,,18.9,0,22.2,23.9,24.1,24.9
108,서울,2017-09-05 06:00,20.5,0,,,1.9,0,90,0,60,0,14.4,12.4,1003.5,0,1013.5,0,,9,,9,9,0,Ci,,2000,,,19,0,22.1,23.7,24,24.8
108,서울,2017-09-05 07:00,20.5,0,,,.9,0,50,0,63,0,15.2,13.2,1003.7,0,1013.7,0,0,0,.06,0,10,10,As,30,2000,,,19.6,0,22.1,23.5,23.9,24.7
108,서울,2017-09-05 08:00,20.6,0,,,2.7,0,50,0,64,0,15.5,13.5,1003,0,1013,0,0,0,.14,0,10,10,As,30,2000,,,20.7,0,22.2,23.5,23.8,24.6
108,서울,2017-09-05 09:00,21.2,0,,,2.8,0,70,0,62,0,15.6,13.6,1002.8,0,1012.7,0,0,0,.36,0,10,10,As,30,2000,,,23.1,0,22.6,23.4,23.7,24.6
108,서울,2017-09-05 10:00,22.2,0,,,2,0,50,0,59,0,15.7,13.7,1003.3,0,1013.2,0,0,0,.6,0,10,10,As,30,2000,,,26,0,23.4,23.5,23.6,24.5
108,서울,2017-09-05 11:00,22.9,0,0,0,2.1,0,20,0,59,0,16.4,14.4,1003.1,0,1012.9,0,0,0,.77,0,10,1,ScAs,10,2000,,01,27.7,0,24.1,23.7,23.6,24.4
108,서울,2017-09-05 12:00,23.4,0,0,0,2.4,0,50,0,60,0,17.2,15.1,1002.7,0,1012.5,0,0,0,.76,0,10,2,ScAs,13,2000,,01,28,0,24.6,24,23.6,24.4
108,서울,2017-09-05 13:00,23.6,0,0,0,2.6,0,50,0,57,0,16.5,14.5,1002,0,1011.8,0,0,0,.75,0,10,2,ScAs,10,2000,,01,28.5,0,24.9,24.3,23.6,24.3
108,서울,2017-09-05 14:00,23.7,0,0,0,2.2,0,50,0,58,0,16.9,14.9,1001.8,0,1011.6,0,0,0,.58,0,10,10,As,28,2000,,01,28,0,25.1,24.5,23.7,24.3
108,서울,2017-09-05 15:00,23.5,0,,9,2.5,0,50,0,56,0,16.2,14.2,1000.8,0,1010.6,0,0,0,.44,0,10,10,As,26,2000,,,26.9,0,25,24.6,23.8,24.3
108,서울,2017-09-05 16:00,23.4,0,,9,2.4,0,110,0,54,0,15.5,13.5,999.9,0,1009.7,0,0,0,.39,0,10,10,As,27,2000,,,26.1,0,24.9,24.7,23.8,24.4
108,서울,2017-09-05 17:00,23.2,0,,9,1.8,0,140,0,59,0,16.7,14.7,999.7,0,1009.5,0,0,0,.28,0,10,10,As,27,2000,,,25.4,0,24.7,24.7,23.9,24.4
108,서울,2017-09-05 18:00,23,0,,9,3.2,0,160,0,62,0,17.4,15.3,999.6,0,1009.4,0,0,0,.19,0,10,10,As,30,2000,,,24.3,0,24.4,24.6,23.9,24.4
108,서울,2017-09-05 19:00,22.8,0,,9,.9,0,70,0,63,0,17.4,15.3,999.8,0,1009.6,0,0,0,.06,0,,10,,31,2000,,,22.9,0,24.1,24.6,23.9,24.4
108,서울,2017-09-05 20:00,22.5,0,,9,.6,0,20,0,67,0,18.2,16,1000.1,0,1009.9,0,,9,,9,,10,,32,2000,,,22.2,0,23.7,24.4,23.9,24.4
108,서울,2017-09-05 21:00,22,0,,9,1.8,0,50,0,65,0,17.2,15.1,1000.7,0,1010.6,0,,9,,9,9,9,As,30,2000,,,21.7,0,23.4,24.3,23.9,24.4
108,서울,2017-09-05 22:00,21.7,0,,9,1,0,20,0,69,0,17.8,15.7,1000.4,0,1010.3,0,,9,,9,,10,,35,2000,,,21.3,0,23.2,24.1,23.8,24.4
108,서울,2017-09-05 23:00,21.3,0,,9,.8,0,20,0,70,0,17.6,15.5,1000.8,0,1010.7,0,,9,,9,,8,,38,2000,,,20.3,0,22.9,24,23.8,24.4
108,서울,2017-09-06 00:00,20.9,0,,9,.2,0,0,0,70,0,17.3,15.2,1000.4,0,1010.3,0,,9,,9,4,4,Ac,35,1999,,,19.2,0,22.4,23.8,23.7,24.4
108,서울,2017-09-06 01:00,20.5,0,,,.4,0,0,0,72,0,17.3,15.2,1000,0,1009.9,0,,9,,9,,9,,63,2000,,,18.5,0,21.9,23.5,23.6,24.3
108,서울,2017-09-06 02:00,20.2,0,,,.7,0,340,0,74,0,17.5,15.4,999.6,0,1009.5,0,,9,,9,,7,,63,2000,,,18.5,0,21.7,23.3,23.5,24.3
108,서울,2017-09-06 03:00,20.1,0,,,.4,0,0,0,75,0,17.6,15.5,999.6,0,1009.5,0,,9,,9,9,9,As,30,1997,,,18.9,0,21.5,23.1,23.4,24.2
108,서울,2017-09-06 04:00,19.9,0,,,.8,0,20,0,78,0,18.1,15.9,998.9,0,1008.9,0,,9,,9,9,9,As,30,1961,,,19.1,0,21.5,23,23.3,24.2
108,서울,2017-09-06 05:00,19.7,0,,,1.4,0,50,0,77,0,17.6,15.5,998.7,0,1008.6,0,,9,,9,9,9,As,30,1976,,,19.1,0,21.5,22.9,23.2,24.1
108,서울,2017-09-06 06:00,19.6,0,,,.7,0,20,0,77,0,17.5,15.4,998.8,0,1008.7,0,,9,,9,9,9,As,30,2000,,,19.1,0,21.4,22.8,23.1,24.1
108,서울,2017-09-06 07:00,19.6,0,,,.9,0,20,0,78,0,17.7,15.6,998.9,0,1008.8,0,0,0,.06,0,10,10,As,30,1958,,,19.8,0,21.5,22.7,23.1,24
108,서울,2017-09-06 08:00,20,0,0,0,1,0,20,0,80,0,18.6,16.4,999.1,0,1009,0,0,0,.18,0,10,2,ScAs,10,1652,,01,21,0,21.7,22.7,23,24
108,서울,2017-09-06 09:00,20.8,0,0,0,1,0,20,0,74,0,18.1,15.9,999.3,0,1009.2,0,0,0,.38,0,10,10,As,32,1457,,01,22.9,0,22.2,22.7,22.9,23.9
108,서울,2017-09-06 10:00,22.1,0,,9,1.2,0,360,0,70,0,18.5,16.3,999.3,0,1009.1,0,0,0,.69,0,10,10,As,30,1127,,,26.7,0,23,22.9,22.9,23.9
108,서울,2017-09-06 11:00,23.4,0,,9,.3,0,0,0,64,0,18.3,16.1,999.2,0,1009,0,0,0,.96,0,10,1,ScAs,10,961,,40,29.3,0,24.2,23.2,22.9,23.8
108,서울,2017-09-06 12:00,23.9,0,,9,2,0,290,0,65,0,19.2,16.9,998.8,0,1008.5,0,0,0,.87,0,10,1,ScAs,8,898,,40,29.6,0,24.9,23.6,22.9,23.8
108,서울,2017-09-06 13:00,23.9,0,0,0,2.3,0,290,0,63,0,18.6,16.4,998.5,0,1008.2,0,0,0,.81,0,10,3,ScAs,8,1151,,4001,28.7,0,25.1,24,23,23.8
108,서울,2017-09-06 14:00,23.4,0,.1,0,1.6,0,290,0,68,0,19.5,17.1,998.2,0,1007.9,0,0,0,.76,0,10,2,ScAs,10,1977,,01,28.2,0,25.1,24.3,23.2,23.8
108,서울,2017-09-06 15:00,22.5,0,.4,0,2.5,0,360,0,76,0,20.6,18,997.9,0,1007.7,0,0,0,.45,0,10,5,StNs,6,694,,1901,24.4,0,24.9,24.4,23.3,23.8
108,서울,2017-09-06 16:00,21.3,0,1,0,1.2,0,360,0,75,0,18.9,16.6,997.9,0,1007.8,0,0,0,.26,0,10,5,StNs,6,1048,,1901,23.4,0,24.1,24.4,23.4,23.9
108,서울,2017-09-06 17:00,20.8,0,.5,0,.5,0,270,0,79,0,19.4,17,998.1,0,1008,0,0,0,.36,0,10,3,StNs,6,1684,,01,23.3,0,23.7,24.2,23.5,23.9
108,서울,2017-09-06 18:00,20.4,0,0,0,.9,0,270,0,80,0,19.1,16.8,998,0,1007.9,0,0,0,.22,0,10,3,StNs,6,1563,,01,22,0,23.4,24.1,23.5,23.9
108,서울,2017-09-06 19:00,20.1,0,0,0,1.8,0,290,0,86,0,20.1,17.6,998,0,1007.9,0,0,0,.06,0,10,4,StNs,6,885,,1901,20.8,0,22.9,23.9,23.5,24
108,서울,2017-09-06 20:00,19.9,0,0,0,1.1,0,290,0,86,0,19.9,17.4,998.2,0,1008.1,0,,9,,9,10,3,ScAs,10,1037,,1901,20.2,0,22.4,23.7,23.4,24
108,서울,2017-09-06 21:00,19.2,0,0,0,1.9,0,290,0,82,0,18.2,16,998.4,0,1008.3,0,,9,,9,10,2,ScAs,13,1602,,01,19.7,0,22.1,23.5,23.4,24
108,서울,2017-09-06 22:00,19,0,0,0,2.2,0,290,0,72,0,15.8,13.8,998.1,0,1008,0,,9,,9,8,3,AcCi,35,2000,,01,18.9,0,21.7,23.2,23.3,24
108,서울,2017-09-06 23:00,18.6,0,,9,.8,0,250,0,70,0,15,13,997.9,0,1007.8,0,,9,,9,,1,,16,2000,,,18.4,0,21.3,23,23.2,23.9
108,서울,2017-09-07 00:00,18.6,0,,9,2.6,0,290,0,75,0,16,14,997.9,0,1007.8,0,,9,,9,9,5,ScAc,10,2000,,,18.1,0,21,22.8,23.1,23.9
108,서울,2017-09-07 01:00,18.5,0,,,1.4,0,250,0,79,0,16.7,14.7,997.9,0,1007.8,0,,9,,9,,6,,13,1863,,,18.3,0,20.8,22.5,23,23.9
108,서울,2017-09-07 02:00,18.1,0,,,.8,0,270,0,77,0,15.9,13.9,997.7,0,1007.6,0,,9,,9,,5,,12,1935,,,17.5,0,20.6,22.4,22.9,23.8
108,서울,2017-09-07 03:00,18.1,0,,,1.9,0,290,0,76,0,15.7,13.7,997.5,0,1007.4,0,,9,,9,8,5,ScAc,10,1877,,,17.6,0,20.5,22.2,22.8,23.8
108,서울,2017-09-07 04:00,17.8,0,,,.5,0,320,0,79,0,16.1,14.1,997.4,0,1007.4,0,,9,,9,8,8,Sc,9,1515,,,17.1,0,20.1,22.1,22.7,23.7
108,서울,2017-09-07 05:00,17.8,0,,,.3,0,0,0,82,0,16.6,14.6,997.2,0,1007.2,0,,9,,9,9,9,Sc,9,1389,,,17.1,0,19.9,21.9,22.5,23.7
108,서울,2017-09-07 06:00,18.1,0,,,.1,0,0,0,80,0,16.5,14.5,997.5,0,1007.4,0,,9,,9,9,9,Sc,8,1170,,,17.9,0,20,21.7,22.5,23.6
108,서울,2017-09-07 07:00,18,0,,,.4,0,0,0,83,0,17,15,997.8,0,1007.8,0,0,0,.1,0,8,8,Sc,10,941,,19,17.7,0,19.9,21.6,22.3,23.5
108,서울,2017-09-07 08:00,19,0,,,.1,0,0,0,79,0,17.3,15.2,998.1,0,1008,0,0,0,.25,0,8,8,Sc,10,892,,19,20.2,0,20.5,21.6,22.2,23.5
108,서울,2017-09-07 09:00,20.2,0,,,1.1,0,250,0,76,0,17.9,15.8,998.1,0,1008,0,0,0,.46,0,8,8,Sc,10,1193,,19,22.8,0,21.3,21.7,22.2,23.4
108,서울,2017-09-07 10:00,22.4,0,,,1.3,0,20,0,66,0,17.8,15.7,998.3,0,1008.1,0,.5,0,1.27,0,7,7,Sc,10,868,,40,29.4,0,22.9,22,22.1,23.3
108,서울,2017-09-07 11:00,23.5,0,,,1.8,0,270,0,66,0,19,16.7,998.3,0,1008,0,.6,0,1.51,0,8,8,Sc,10,719,,40,30.9,0,24.8,22.6,22.2,23.3
108,서울,2017-09-07 12:00,24.8,0,,,1.7,0,290,0,60,0,18.8,16.5,997.9,0,1007.7,0,.8,0,1.88,0,7,7,Sc,10,805,,40,35.2,0,26.2,23.4,22.3,23.2
108,서울,2017-09-07 13:00,26,0,,,1.9,0,290,0,57,0,19.1,16.8,997.3,0,1007,0,1,0,2.23,0,6,6,Sc,8,852,,40,37.8,0,27.8,24.2,22.6,23.2
108,서울,2017-09-07 14:00,26.3,0,,,2.2,0,290,0,60,0,20.5,17.9,997.1,0,1006.8,0,.8,0,1.63,0,5,5,Sc,10,881,,40,33.9,0,28.5,25.1,22.8,23.3
108,서울,2017-09-07 15:00,27.2,0,,,2.8,0,250,0,59,0,21.2,18.4,996.7,0,1006.3,0,1,0,1.91,0,6,6,Sc,10,818,,40,35.8,0,28.9,25.7,23.1,23.3
108,서울,2017-09-07 16:00,26.5,0,,,1.8,0,340,0,62,0,21.4,18.6,996.7,0,1006.4,0,.7,0,1.03,0,6,6,Sc,9,921,,40,32,0,28.5,26.1,23.5,23.5
108,서울,2017-09-07 17:00,27.2,0,,,2.6,0,250,0,57,0,20.5,17.9,996.8,0,1006.4,0,1,0,1.05,0,4,4,Sc,10,1087,,40,30.3,0,28.1,26.2,23.8,23.6
108,서울,2017-09-07 18:00,26.1,0,,,3.2,0,250,0,64,0,21.6,18.7,997,0,1006.7,0,1,0,.57,0,2,2,Sc,10,1193,,,26.5,0,27.1,26.3,24,23.7
108,서울,2017-09-07 19:00,24.3,0,,,2.7,0,290,0,73,0,22.1,19.1,997.4,0,1007.1,0,.2,0,.12,0,,0,,,795,,40,23.7,0,25.7,25.9,24.1,23.9
108,서울,2017-09-07 20:00,23.2,0,,,2.4,0,290,0,76,0,21.6,18.7,998.2,0,1008,0,,9,,9,,9,,9,452,,40,22,0,24.6,25.5,24.2,24
108,서울,2017-09-07 21:00,22.6,0,,,1.1,0,320,0,83,0,22.7,19.5,998.9,0,1008.7,0,,9,,9,0,0,,,303,,4019,21,0,23.8,25,24.2,24.1
108,서울,2017-09-07 22:00,22.2,0,,,.8,0,290,0,85,0,22.7,19.5,999.2,0,1009,0,,9,,9,,0,,,250,,19,20.3,0,23.2,24.6,24.1,24.1
108,서울,2017-09-07 23:00,22,0,,,1.3,0,320,0,86,0,22.7,19.5,999.6,0,1009.4,0,,9,,9,,3,,4,228,,19,19.7,0,22.6,24.2,23.9,24.1
108,서울,2017-09-08 00:00,21.7,0,,,.7,0,270,0,88,0,22.8,19.6,999.8,0,1009.7,0,,9,,9,5,5,,,192,,19,19.4,0,22.3,23.9,23.8,24.1
108,서울,2017-09-08 01:00,21.5,0,,,.7,0,320,0,89,0,22.8,19.6,999.8,0,1009.7,0,,9,,9,,9,,3,182,,19,19.1,0,22,23.6,23.7,24.1
108,서울,2017-09-08 02:00,21.4,0,,,0,0,0,0,88,0,22.4,19.3,1000.2,0,1010.1,0,,9,,9,,9,,3,190,,19,19.7,0,21.8,23.4,23.5,24.1
108,서울,2017-09-08 03:00,21.1,0,,,.5,0,20,0,89,0,22.2,19.2,1000.5,0,1010.4,0,,9,,9,8,8,Sc,8,176,,19,18.9,0,21.6,23.2,23.4,24
108,서울,2017-09-08 04:00,20.8,0,,,1.4,0,20,0,88,0,21.6,18.7,1000.6,0,1010.5,0,,9,,9,9,9,St,6,213,,19,19.9,0,21.6,23,23.3,24
108,서울,2017-09-08 05:00,20.5,0,,,.9,0,20,0,88,0,21.2,18.4,1000.8,0,1010.7,0,,9,,9,9,9,St,6,219,,19,19,0,21.6,22.9,23.2,24
108,서울,2017-09-08 06:00,20.4,0,,,.7,0,20,0,88,0,21,18.3,1001.2,0,1011.1,0,,9,,9,10,10,St,4,205,,19,19.4,0,21.5,22.8,23.1,23.9
108,서울,2017-09-08 07:00,20.5,0,,,.7,0,360,0,89,0,21.4,18.6,1001.7,0,1011.6,0,0,0,.09,0,7,7,St,6,203,,19,19.4,0,21.4,22.7,22.9,23.8
108,서울,2017-09-08 08:00,21.3,0,,,.6,0,50,0,81,0,20.4,17.8,1002.1,0,1012,0,0,0,.4,0,8,8,St,6,265,,19,22.1,0,21.9,22.6,22.9,23.8
108,서울,2017-09-08 09:00,22.9,0,,,1.2,0,180,0,74,0,20.6,18,1002.3,0,1012.1,0,.4,0,.8,0,7,7,Sc,10,321,,19,25.6,0,23,22.7,22.8,23.7
108,서울,2017-09-08 10:00,24.6,0,,,.7,0,290,0,63,0,19.4,17,1002.3,0,1012,0,.8,0,1.55,0,6,6,Sc,10,527,,4019,30,0,24.9,23.1,22.7,23.6
108,서울,2017-09-08 11:00,26,0,,,2,0,250,0,59,0,19.7,17.3,1002.4,0,1012.1,0,1,0,2.12,0,3,3,Sc,10,608,,40,37.5,0,26.6,23.8,22.8,23.6
108,서울,2017-09-08 12:00,26.9,0,,,3,0,340,0,47,0,16.6,14.6,1001.8,0,1011.5,0,1,0,2.72,0,2,2,Sc,10,1393,,40,42.7,0,29,24.7,23,23.6
108,서울,2017-09-08 13:00,27.8,0,,,2.4,0,270,0,44,0,16.4,14.4,1001.3,0,1011,0,1,0,2.85,0,1,1,Sc,14,1209,,,45.6,0,30.7,25.8,23.3,23.6
108,서울,2017-09-08 14:00,29.2,0,,,2.2,0,250,0,41,0,16.5,14.5,1000.9,0,1010.5,0,1,0,2.66,0,1,0,Ci,,1515,,,44.9,0,31.8,26.9,23.7,23.7
108,서울,2017-09-08 15:00,29.6,0,,,2.5,0,290,0,35,0,14.5,12.5,1000.4,0,1010,0,1,0,2.45,0,1,0,Ci,,2000,,,43.9,0,32.1,27.7,24.1,23.8
108,서울,2017-09-08 16:00,29.6,0,,,2.3,0,290,0,36,0,14.9,12.9,1000.2,0,1009.8,0,1,0,1.98,0,1,0,Ci,,2000,,,40,0,31.7,28.2,24.5,24
108,서울,2017-09-08 17:00,29,0,,,3.5,0,290,0,42,0,16.7,14.7,1000.4,0,1010,0,1,0,1.33,0,3,0,Ci,,2000,,,33.9,0,30.6,28.4,24.9,24.1
108,서울,2017-09-08 18:00,27.5,0,,,3.1,0,270,0,49,0,17.9,15.8,1000.5,0,1010.2,0,1,0,.69,0,2,0,Ci,,2000,,,28.6,0,29.2,28.2,25.1,24.3
108,서울,2017-09-08 19:00,25.5,0,,,2.2,0,290,0,60,0,19.5,17.1,1000.4,0,1010.2,0,.5,0,.13,0,,0,,,1981,,,25,0,27.5,27.8,25.3,24.5
108,서울,2017-09-08 20:00,24.6,0,,,2.1,0,250,0,61,0,18.8,16.5,1001.3,0,1011,0,,9,,9,,0,,,1768,,,23.1,0,26.1,27.1,25.3,24.7
108,서울,2017-09-08 21:00,23.5,0,,,2.9,0,270,0,72,0,20.8,18.1,1002,0,1011.8,0,,9,,9,0,0,,,641,,40,22,0,25.2,26.5,25.3,24.8
108,서울,2017-09-08 22:00,22.8,0,,,2.2,0,270,0,85,0,23.5,20.1,1002.2,0,1012,0,,9,,9,,0,,,252,,4019,21.4,0,24.6,26,25.1,24.8
108,서울,2017-09-08 23:00,22.6,0,,,1.3,0,250,0,83,0,22.7,19.5,1002.5,0,1012.3,0,,9,,9,,0,,,248,,19,20.7,0,24.1,25.6,25,24.8
108,서울,2017-09-09 00:00,22.3,0,,,1.5,0,230,0,86,0,23.1,19.8,1002.8,0,1012.7,0,,9,,9,0,0,,,205,,19,20.2,0,23.7,25.2,24.8,24.8
108,서울,2017-09-09 01:00,21.8,0,,,.2,0,0,0,87,0,22.7,19.5,1002.9,0,1012.8,0,,9,,9,,0,,,223,,19,19.5,0,23.2,24.8,24.6,24.8
108,서울,2017-09-09 02:00,21.3,0,,,.2,0,0,0,86,0,21.7,18.8,1002.6,0,1012.5,0,,9,,9,,0,,,245,,19,18.8,0,22.7,24.5,24.5,24.8
108,서울,2017-09-09 03:00,20.7,0,,,.6,0,20,0,88,0,21.4,18.6,1002.7,0,1012.6,0,,9,,9,0,0,,,240,,19,18.3,0,22.2,24.2,24.3,24.7
108,서울,2017-09-09 04:00,20.1,0,,,1.3,0,70,0,86,0,20.1,17.6,1002.6,0,1012.6,0,,9,,9,0,0,,,345,,19,17.9,0,21.8,23.8,24.1,24.6
108,서울,2017-09-09 05:00,19.7,0,,,.3,0,0,0,88,0,20.1,17.6,1002.6,0,1012.5,0,,9,,9,0,0,,,303,,19,17.3,0,21.4,23.6,24,24.6
108,서울,2017-09-09 06:00,19.4,0,,,.5,0,20,0,89,0,20,17.5,1002.9,0,1012.8,0,,9,,9,0,0,,,288,,19,16.9,0,21,23.3,23.8,24.5
108,서울,2017-09-09 07:00,19.2,0,,,.9,0,20,0,89,0,19.7,17.3,1003.1,0,1013,0,.1,0,.12,0,3,0,Ci,,276,,19,17.6,0,20.8,23,23.6,24.4
108,서울,2017-09-09 08:00,20.6,0,,,.5,0,50,0,79,0,19.1,16.8,1003.4,0,1013.4,0,1,0,.58,0,5,0,Ci,,404,,19,21.2,0,21.5,22.8,23.4,24.3
108,서울,2017-09-09 09:00,22.6,0,,,.5,0,70,0,71,0,19.4,17,1003.7,0,1013.5,0,1,0,1.2,0,4,0,Ci,,358,,19,27.3,0,23,22.9,23.2,24.2
108,서울,2017-09-09 10:00,25.1,0,,,.9,0,180,0,63,0,20,17.5,1003.6,0,1013.4,0,1,0,1.87,0,5,0,Ci,,452,,4019,35,0,25.1,23.3,23.2,24.1
108,서울,2017-09-09 11:00,26.6,0,,,2.2,0,230,0,60,0,20.8,18.1,1003.5,0,1013.2,0,1,0,2.17,0,7,3,ScCi,8,434,,40,39.5,0,27.2,24.1,23.2,24
108,서울,2017-09-09 12:00,27.2,0,,,3,0,230,0,57,0,20.5,17.9,1003.3,0,1013,0,1,0,2.08,0,8,2,ScCi,8,406,,40,40.6,0,28.6,25,23.4,24
108,서울,2017-09-09 13:00,27.4,0,,,2.3,0,290,0,50,0,18.2,16,1002.8,0,1012.5,0,1,0,2,0,8,0,Ci,,707,,40,41.2,0,29.5,25.8,23.7,24
108,서울,2017-09-09 14:00,27.9,0,,,3.1,0,340,0,53,0,19.9,17.4,1002.2,0,1011.9,0,1,0,2.04,0,9,0,Ci,,508,,40,41.5,0,30.3,26.5,23.9,24.1
108,서울,2017-09-09 15:00,28.2,0,,,2.7,0,270,0,51,0,19.4,17,1002.5,0,1012.2,0,.9,0,1.59,0,8,3,ScCi,8,486,,40,39.3,0,30.2,27.1,24.3,24.2
108,서울,2017-09-09 16:00,27.9,0,,,2.1,0,290,0,52,0,19.5,17.1,1002.3,0,1012,0,.9,0,1.26,0,8,0,Ci,,674,,40,35.9,0,29.9,27.5,24.5,24.3
108,서울,2017-09-09 17:00,28,0,,,1.5,0,340,0,48,0,18.1,15.9,1002.1,0,1011.8,0,1,0,1.11,0,6,0,Ci,,908,,40,33,0,29.4,27.6,24.8,24.4
108,서울,2017-09-09 18:00,27,0,,,1.9,0,340,0,48,0,17,15,1002.7,0,1012.4,0,1,0,.57,0,2,0,Ci,,1772,,40,28.3,0,28.5,27.5,25,24.5
108,서울,2017-09-09 19:00,25.5,0,,,1.9,0,290,0,62,0,20.1,17.6,1002.4,0,1012.2,0,.2,0,.1,0,,0,,,1176,,,24.5,0,27,27.2,25.1,24.7
108,서울,2017-09-09 20:00,24.5,0,,,1.4,0,250,0,66,0,20.2,17.7,1002.5,0,1012.2,0,,9,,9,,0,,,1057,,,22.1,0,25.7,26.7,25.2,24.8
108,서울,2017-09-09 21:00,23.6,0,,,1.6,0,290,0,77,0,22.4,19.3,1003.2,0,1013,0,,9,,9,0,0,,,543,,40,20.9,0,24.6,26.1,25.1,24.8
108,서울,2017-09-09 22:00,22.9,0,,,1.3,0,270,0,82,0,22.8,19.6,1003.6,0,1013.4,0,,9,,9,,0,,,328,,4019,20.5,0,24.2,25.7,25,24.8
108,서울,2017-09-09 23:00,22.4,0,,,.7,0,270,0,82,0,22.1,19.1,1004.1,0,1014,0,,9,,9,,0,,,402,,19,19.8,0,23.7,25.2,24.8,24.9
108,서울,2017-09-10 00:00,21.9,0,,,.6,0,20,0,80,0,20.9,18.2,1004.2,0,1014.1,0,,9,,9,0,0,,,442,,19,19.1,0,23.1,24.9,24.7,24.9
108,서울,2017-09-10 01:00,21.2,0,,,.4,0,0,0,76,0,19,16.7,1004.1,0,1014,0,,9,,9,,0,,,639,,19,18.7,0,22.6,24.5,24.5,24.8
108,서울,2017-09-10 02:00,20.6,0,,,.9,0,20,0,81,0,19.6,17.2,1004,0,1014,0,,9,,9,,0,,,603,,19,18.3,0,22.2,24.2,24.3,24.8
108,서울,2017-09-10 03:00,20.5,0,,,.1,0,0,0,80,0,19.2,16.9,1004.1,0,1014.1,0,,9,,9,7,0,Cs,,539,,19,18.1,0,21.9,23.9,24.2,24.7
108,서울,2017-09-10 04:00,20.3,0,,,.6,0,20,0,83,0,19.7,17.3,1004.1,0,1014.1,0,,9,,9,7,0,Ci,,491,,19,18.1,0,21.7,23.7,24,24.6
108,서울,2017-09-10 05:00,20,0,,,1.8,0,50,0,84,0,19.6,17.2,1004.1,0,1014.1,0,,9,,9,8,0,Ci,,461,,19,18.1,0,21.6,23.4,23.9,24.6
108,서울,2017-09-10 06:00,19.9,0,,,1.4,0,50,0,83,0,19.2,16.9,1004.3,0,1014.3,0,,9,,9,8,0,Ci,,509,,19,18.3,0,21.5,23.2,23.7,24.5
108,서울,2017-09-10 07:00,20.4,0,,,1.3,0,70,0,81,0,19.4,17,1004.9,0,1014.9,0,0,0,.15,0,9,0,Ci,,524,,19,19.8,0,21.6,23.1,23.6,24.4
108,서울,2017-09-10 08:00,21.3,0,,,1.3,0,50,0,78,0,19.7,17.3,1005,0,1014.9,0,0,0,.42,0,9,0,Ci,,560,,19,22.3,0,22.2,23.1,23.4,24.3
108,서울,2017-09-10 09:00,22.4,0,,,1.4,0,70,0,74,0,20,17.5,1005.1,0,1015,0,0,0,.64,0,9,0,Ci,,586,,19,25.4,0,23,23.2,23.4,24.3
108,서울,2017-09-10 10:00,23.4,0,,,1.7,0,70,0,72,0,20.6,18,1005.4,0,1015.2,0,0,0,.81,0,10,0,Cs,,622,,19,28.2,0,23.9,23.5,23.3,24.2
108,서울,2017-09-10 11:00,24.4,0,,,1.7,0,90,0,69,0,21,18.3,1005.2,0,1015,0,0,0,.99,0,10,0,Cs,,664,,4019,29.7,0,25,23.8,23.3,24.2
108,서울,2017-09-10 12:00,25.2,0,,,2,0,50,0,66,0,21,18.3,1004.3,0,1014.1,0,0,0,.94,0,10,0,Cs,,652,,40,31.3,0,25.6,24.2,23.4,24.1
108,서울,2017-09-10 13:00,25.5,0,,,1.2,0,70,0,67,0,21.8,18.9,1003.9,0,1013.7,0,0,0,.86,0,10,0,Cs,,634,,40,30.8,0,26.1,24.6,23.5,24.1
108,서울,2017-09-10 14:00,25.4,0,,,1.8,0,90,0,65,0,21,18.3,1003.3,0,1013.1,0,0,0,.64,0,10,0,Cs,,570,,40,30.9,0,26,24.9,23.6,24.1
108,서울,2017-09-10 15:00,26,0,,,1.8,0,70,0,65,0,21.8,18.9,1002.8,0,1012.6,0,0,0,1,0,10,0,Cs,,733,,40,31.4,0,26.7,25.1,23.7,24.1
108,서울,2017-09-10 16:00,25.5,0,,,1.4,0,110,0,60,0,19.5,17.1,1003,0,1012.8,0,0,0,.43,0,10,0,Cs,,823,,40,28.8,0,26.3,25.3,23.9,24.2
108,서울,2017-09-10 17:00,25.2,0,,,1.6,0,140,0,58,0,18.5,16.3,1003.2,0,1013,0,0,0,.29,0,10,10,As,28,940,,40,27.1,0,25.9,25.4,24,24.2
108,서울,2017-09-10 18:00,24.8,0,,,.8,0,160,0,60,0,18.8,16.5,1003.1,0,1012.9,0,0,0,.14,0,10,10,As,30,873,,40,25.2,0,25.4,25.3,24.1,24.2
108,서울,2017-09-10 19:00,24.2,0,,,1.6,0,20,0,71,0,21.4,18.6,1002.5,0,1012.2,0,0,0,.03,0,,8,,32,799,,40,23.8,0,24.8,25.1,24.1,24.3
108,서울,2017-09-10 20:00,23.7,0,0,0,1.8,0,50,0,75,0,21.8,18.9,1002.6,0,1012.4,0,,9,,9,10,4,ScAs,10,770,,4001,22.7,0,24.4,24.9,24.1,24.3
108,서울,2017-09-10 21:00,23.2,0,0,0,1.3,0,20,0,81,0,22.9,19.7,1002.5,0,1012.3,0,,9,,9,10,4,ScAs,10,576,,401901,22.1,0,24,24.8,24.1,24.4
108,서울,2017-09-10 22:00,23,0,.1,0,1.1,0,70,0,75,0,21,18.3,1002.3,0,1012.1,0,,9,,9,10,4,ScAs,10,666,,1901,21.7,0,23.7,24.5,24.1,24.4
108,서울,2017-09-10 23:00,22.6,0,0,0,1.7,0,70,0,77,0,21,18.3,1001.6,0,1011.4,0,,9,,9,10,4,ScAs,10,566,,1901,21.4,0,23.5,24.4,24,24.4
108,서울,2017-09-11 00:00,22.3,0,.4,0,.6,0,20,0,85,0,22.8,19.6,1001.1,0,1010.9,0,,9,,9,10,5,StNs,8,402,,1901,21.2,0,23.3,24.2,23.9,24.3
108,서울,2017-09-11 01:00,21.8,0,.5,0,1,0,70,0,89,0,23.1,19.8,1000.7,0,1010.6,0,,9,,9,10,5,StNs,8,312,,1901,21.2,0,23.1,24.1,23.9,24.3
108,서울,2017-09-11 02:00,21.4,0,3.5,0,1.3,0,50,0,92,0,23.4,20,1000,0,1009.9,0,,9,,9,10,6,StNs,7,149,,1901,21.2,0,22.9,23.9,23.8,24.3
108,서울,2017-09-11 03:00,20.8,0,8.5,0,1.5,0,70,0,93,0,22.8,19.6,999.4,0,1009.3,0,,9,,9,10,6,StNs,6,173,,1901,20.8,0,22.2,23.6,23.7,24.3
108,서울,2017-09-11 04:00,20.3,0,3.5,0,1.1,0,70,0,93,0,22.1,19.1,998.8,0,1008.7,0,,9,,9,10,6,StNs,8,261,,1901,20.5,0,22,23.3,23.5,24.3
108,서울,2017-09-11 05:00,19.5,0,4,0,3.9,0,70,0,93,0,21,18.3,998.2,0,1008.1,0,,9,,9,10,6,StNs,8,313,,1901,20,0,21.7,23.1,23.4,24.2
108,서울,2017-09-11 06:00,18.9,0,2.5,0,1.7,0,50,0,92,0,20,17.5,997.6,0,1007.5,0,,9,,9,10,6,StNs,8,500,,1901,19.7,0,21.5,22.9,23.2,24.1
108,서울,2017-09-11 07:00,18.6,0,.5,0,2,0,50,0,90,0,19.2,16.9,997.7,0,1007.6,0,0,0,.03,0,10,5,StNs,8,780,,1901,19.6,0,21.4,22.7,23.1,24.1
108,서울,2017-09-11 08:00,18.8,0,.5,0,.3,0,0,0,91,0,19.6,17.2,997.8,0,1007.7,0,0,0,.07,0,10,6,StNs,7,750,,1901,20,0,21.4,22.6,23,24
108,서울,2017-09-11 09:00,19,0,.5,0,2.5,0,50,0,91,0,19.9,17.4,997.7,0,1007.6,0,0,0,.24,0,10,5,ScAs,14,718,,1901,21,0,21.6,22.5,22.9,23.9
108,서울,2017-09-11 10:00,19.1,0,0,0,3.2,0,50,0,89,0,19.6,17.2,997.6,0,1007.5,0,0,0,.4,0,10,5,ScAs,15,923,,1901,21.8,0,21.9,22.5,22.8,23.8
108,서울,2017-09-11 11:00,20.6,0,0,0,3.3,0,70,0,81,0,19.6,17.2,996.9,0,1006.8,0,0,0,1,0,10,4,ScAs,17,1415,,1901,25.6,0,22.6,22.6,22.7,23.8
108,서울,2017-09-11 12:00,22,0,,9,2.9,0,90,0,74,0,19.5,17.1,996.2,0,1006,0,.1,0,1.31,0,10,1,ScAs,19,1949,,,27.3,0,24,23,22.7,23.7
108,서울,2017-09-11 13:00,22.2,0,,9,1.7,0,50,0,72,0,19.2,16.9,996.1,0,1005.9,0,0,0,.89,0,10,2,ScAs,8,1824,,,26.5,0,24.3,23.4,22.8,23.6
108,서울,2017-09-11 14:00,22.9,0,,9,2.3,0,50,0,70,0,19.5,17.1,995.6,0,1005.4,0,0,0,.91,0,10,5,ScAs,10,1901,,,26.5,0,24.7,23.8,22.9,23.6
108,서울,2017-09-11 15:00,23.8,0,,9,1.8,0,270,0,65,0,19.1,16.8,995.9,0,1005.6,0,.4,0,1.2,0,9,6,ScAcCi,8,1854,,,28.8,0,25.2,24,23,23.6
108,서울,2017-09-11 16:00,23.7,0,,9,1.9,0,360,0,67,0,19.6,17.2,995.7,0,1005.4,0,.2,0,.79,0,8,8,Sc,9,1913,,,26.7,0,25.5,24.4,23.2,23.7
108,서울,2017-09-11 17:00,24.5,0,,9,1.4,0,340,0,64,0,19.6,17.2,996.1,0,1005.8,0,.6,0,.85,0,7,5,ScAc,10,2000,,,26.2,0,25.6,24.5,23.3,23.7
108,서울,2017-09-11 18:00,23.9,0,,9,2.5,0,360,0,65,0,19.2,16.9,996.4,0,1006.1,0,.5,0,.41,0,8,8,Sc,11,2000,,,24.6,0,25.1,24.7,23.4,23.7
108,서울,2017-09-11 19:00,23,0,,9,2.6,0,340,0,68,0,19,16.7,997.1,0,1006.9,0,.1,0,.07,0,,10,,15,2000,,,22.5,0,24.5,24.6,23.5,23.8
108,서울,2017-09-11 20:00,22.1,0,,9,1.1,0,360,0,71,0,18.8,16.5,997.7,0,1007.5,0,,9,,9,,0,,,2000,,,20.7,0,23.4,24.3,23.6,23.8
108,서울,2017-09-11 21:00,21.4,0,,9,.3,0,0,0,77,0,19.5,17.1,998.5,0,1008.4,0,,9,,9,0,0,,,2000,,,19.7,0,22.6,24,23.6,23.9
108,서울,2017-09-11 22:00,20.7,0,,9,1,0,290,0,79,0,19.2,16.9,998.7,0,1008.6,0,,9,,9,,0,,,1992,,,19,0,22,23.6,23.5,23.9
108,서울,2017-09-11 23:00,20.1,0,,9,.9,0,270,0,81,0,19,16.7,999.5,0,1009.4,0,,9,,9,,0,,,2000,,,18.6,0,21.6,23.3,23.4,23.9
108,서울,2017-09-12 00:00,19.6,0,,9,.1,0,0,0,81,0,18.4,16.2,999.9,0,1009.8,0,,9,,9,4,4,,,2000,,,18.6,0,21.3,23,23.2,23.9
108,서울,2017-09-12 01:00,19.4,0,,,.5,0,20,0,81,0,18.2,16,1000,0,1009.9,0,,9,,9,,6,,16,1972,,,18.2,0,21.1,22.7,23.1,23.9
108,서울,2017-09-12 02:00,19.2,0,,,.4,0,0,0,84,0,18.6,16.4,1000.4,0,1010.3,0,,9,,9,,0,,,2000,,,17.6,0,20.7,22.5,22.9,23.8
108,서울,2017-09-12 03:00,18.8,0,,,0,0,0,0,84,0,18.2,16,1000.8,0,1010.7,0,,9,,9,0,0,,,2000,,,17.2,0,20.3,22.3,22.8,23.8
108,서울,2017-09-12 04:00,18.5,0,,,.2,0,0,0,88,0,18.6,16.4,1001.2,0,1011.2,0,,9,,9,0,0,,,2000,,,17,0,20.1,22,22.7,23.7
108,서울,2017-09-12 05:00,18.2,0,,,0,0,0,0,86,0,17.9,15.8,1001.6,0,1011.6,0,,9,,9,0,0,,,2000,,,16.7,0,19.8,21.8,22.6,23.6
108,서울,2017-09-12 06:00,17.8,0,,,.9,0,50,0,89,0,18.1,15.9,1002,0,1012,0,,9,,9,0,0,,,1971,,,16.5,0,19.6,21.6,22.4,23.5
108,서울,2017-09-12 07:00,17.7,0,,,1,0,20,0,90,0,18.2,16,1002.6,0,1012.6,0,.3,0,.13,0,0,0,,,1776,,,17,0,19.5,21.4,22.2,23.4
108,서울,2017-09-12 08:00,19.1,0,,,.7,0,20,0,77,0,16.9,14.9,1002.8,0,1012.7,0,1,0,.61,0,0,0,,,1799,,,19.9,0,20.1,21.3,22.1,23.3
108,서울,2017-09-12 09:00,21.8,0,,,.5,0,20,0,68,0,17.7,15.6,1003.1,0,1013,0,1,0,1.26,0,0,0,,,1273,,,25.1,0,21.5,21.4,21.9,23.2
108,서울,2017-09-12 10:00,23.8,0,,,1.6,0,250,0,64,0,18.8,16.5,1003.4,0,1013.2,0,1,0,1.71,0,3,3,Sc,10,881,,40,29.6,0,23.3,21.8,21.9,23.1
108,서울,2017-09-12 11:00,24.8,0,,,2.5,0,290,0,63,0,19.6,17.2,1003.4,0,1013.2,0,1,0,2.02,0,5,5,Sc,8,799,,40,32.5,0,25.1,22.6,22,23.1
108,서울,2017-09-12 12:00,25.4,0,,,2.2,0,290,0,58,0,18.8,16.5,1003.4,0,1013.2,0,.9,0,1.82,0,4,4,CuSc,8,1153,,40,31.7,0,26.3,23.5,22.2,23.1
108,서울,2017-09-12 13:00,26.5,0,,,2.9,0,270,0,53,0,18.3,16.1,1003.3,0,1013,0,1,0,2.42,0,2,2,Sc,11,1474,,,32.9,0,27.6,24.3,22.5,23.1
108,서울,2017-09-12 14:00,27.2,0,,,3.5,0,270,0,42,0,15.1,13.1,1003,0,1012.7,0,1,0,2.78,0,1,1,Sc,10,1908,,,34.7,0,28.8,25.1,22.8,23.1
108,서울,2017-09-12 15:00,27.1,0,,,4.7,0,290,0,47,0,16.8,14.8,1002.8,0,1012.5,0,1,0,2.3,0,1,1,Sc,14,1925,,,33.4,0,29.1,25.8,23.1,23.2
108,서울,2017-09-12 16:00,27,0,,,3.1,0,320,0,42,0,14.9,12.9,1002.9,0,1012.6,0,1,0,1.94,0,0,0,,,2000,,,30.4,0,28.8,26.3,23.5,23.4
108,서울,2017-09-12 17:00,26.7,0,,,4.3,0,290,0,37,0,12.9,10.7,1003.3,0,1013,0,1,0,1.33,0,0,0,,,2000,,,26.2,0,27.8,26.4,23.8,23.5
108,서울,2017-09-12 18:00,25.6,0,,,3,0,270,0,34,0,11.1,8.5,1004,0,1013.8,0,1,0,.67,0,0,0,,,2000,,,22.7,0,26.4,26.2,24.1,23.7
108,서울,2017-09-12 19:00,23.6,0,,,4.2,0,270,0,31,0,9,5.4,1004.3,0,1014.1,0,.4,0,.1,0,,0,,,2000,,,19.8,0,24.7,25.7,24.2,23.9
108,서울,2017-09-12 20:00,22.4,0,,,2.7,0,250,0,32,0,8.6,4.8,1005,0,1014.9,0,,9,,9,,0,,,2000,,,18.4,0,23.3,25.1,24.2,24
108,서울,2017-09-12 21:00,21.3,0,,,1.4,0,290,0,38,0,9.5,6.3,1005.7,0,1015.6,0,,9,,9,0,0,,,2000,,,17.5,0,22.3,24.4,24.1,24
108,서울,2017-09-12 22:00,20.1,0,,,1.6,0,340,0,44,0,10.3,7.4,1006.3,0,1016.3,0,,9,,9,,0,,,2000,,,16.7,0,21.5,23.9,23.9,24
108,서울,2017-09-12 23:00,19.5,0,,,2.1,0,340,0,45,0,10.2,7.2,1006.8,0,1016.8,0,,9,,9,,0,,,2000,,,16.1,0,20.9,23.3,23.7,24
108,서울,2017-09-13 00:00,18.9,0,,,2.1,0,320,0,51,0,11.1,8.5,1007.2,0,1017.2,0,,9,,9,0,0,,,2000,,,15.6,0,20.3,22.9,23.5,24
108,서울,2017-09-13 01:00,18.3,0,,,1.5,0,290,0,51,0,10.6,7.9,1007.4,0,1017.4,0,,9,,9,,0,,,2000,,,15.2,0,19.8,22.4,23.2,23.9
108,서울,2017-09-13 02:00,17.8,0,,,2,0,270,0,54,0,10.9,8.3,1007.2,0,1017.3,0,,9,,9,,0,,,2000,,,15,0,19.4,22.1,23,23.9
108,서울,2017-09-13 03:00,17.4,0,,,.7,0,290,0,53,0,10.5,7.7,1007.3,0,1017.4,0,,9,,9,0,0,,,2000,,,14.8,0,19.1,21.7,22.8,23.8
108,서울,2017-09-13 04:00,17,0,,,.4,0,0,0,56,0,10.8,8.1,1007.3,0,1017.4,0,,9,,9,0,0,,,2000,,,14.5,0,18.8,21.4,22.5,23.7
108,서울,2017-09-13 05:00,16.6,0,,,.9,0,270,0,61,0,11.5,9,1007.6,0,1017.7,0,,9,,9,0,0,,,2000,,,14.3,0,18.5,21.1,22.3,23.6
108,서울,2017-09-13 06:00,16.1,0,,,.3,0,0,0,63,0,11.5,9,1007.9,0,1018.1,0,,9,,9,0,0,,,2000,,,13.9,0,18.2,20.9,22.2,23.5
108,서울,2017-09-13 07:00,16.1,0,,,1.1,0,360,0,62,0,11.3,8.8,1008.6,0,1018.8,0,.5,0,.13,0,0,0,,,2000,,,14.3,0,18,20.6,22,23.4
108,서울,2017-09-13 08:00,18.1,0,,,1.2,0,20,0,55,0,11.4,8.9,1008.8,0,1018.9,0,1,0,.72,0,0,0,,,2000,,,17.6,0,18.5,20.4,21.7,23.2
108,서울,2017-09-13 09:00,20.4,0,,,1.8,0,290,0,51,0,12.2,9.9,1009.4,0,1019.4,0,1,0,1.39,0,0,0,,,2000,,,23.5,0,20.1,20.4,21.5,23
108,서울,2017-09-13 10:00,23,0,,,1,0,250,0,45,0,12.6,10.4,1009.4,0,1019.3,0,1,0,1.97,0,0,0,,,1978,,,28.7,0,22.2,20.9,21.5,22.9
108,서울,2017-09-13 11:00,24.3,0,,,1.9,0,250,0,40,0,12.1,9.8,1009,0,1018.8,0,1,0,2.45,0,0,0,,,2000,,,33,0,24.3,21.7,21.5,22.8
108,서울,2017-09-13 12:00,24.8,0,,,3.5,0,290,0,33,0,10.3,7.4,1008.6,0,1018.5,0,1,0,2.8,0,0,0,,,1987,,,34.9,0,26.3,22.8,21.7,22.8
108,서울,2017-09-13 13:00,25.3,0,,,3.1,0,290,0,38,0,12.2,9.9,1008.3,0,1018.1,0,1,0,2.89,0,0,0,,,2000,,,36.1,0,27.7,23.8,22,22.8
108,서울,2017-09-13 14:00,26.6,0,,,3.3,0,250,0,30,0,10.4,7.5,1007.8,0,1017.6,0,1,0,2.77,0,0,0,,,1998,,,36,0,28.7,24.8,22.4,22.8
108,서울,2017-09-13 15:00,26.8,0,,,3.7,0,250,0,32,0,11.2,8.7,1007.4,0,1017.2,0,1,0,2.44,0,0,0,,,2000,,,35.1,0,28.9,25.5,22.8,23
108,서울,2017-09-13 16:00,26.8,0,,,2.4,0,290,0,33,0,11.6,9.1,1007.4,0,1017.2,0,1,0,1.97,0,0,0,,,2000,,,32.1,0,28.5,26,23.2,23.1
108,서울,2017-09-13 17:00,26.7,0,,,2.9,0,270,0,32,0,11.2,8.6,1007.6,0,1017.4,0,1,0,1.33,0,0,0,,,2000,,,27.7,0,27.6,26.1,23.5,23.3
108,서울,2017-09-13 18:00,25.3,0,,,3.1,0,290,0,37,0,11.9,9.5,1007.9,0,1017.7,0,1,0,.65,0,0,0,,,2000,,,23.8,0,26.2,25.9,23.7,23.4
108,서울,2017-09-13 19:00,23.1,0,,,2.8,0,270,0,52,0,14.6,12.6,1008.3,0,1018.2,0,.4,0,.09,0,,0,,,2000,,,21.2,0,24.6,25.5,23.9,23.6
108,서울,2017-09-13 20:00,22,0,,,.7,0,340,0,61,0,16.1,14.1,1008.8,0,1018.7,0,,9,,9,,0,,,2000,,,19.5,0,23.4,24.9,23.9,23.7
108,서울,2017-09-13 21:00,21.2,0,,,2,0,290,0,66,0,16.5,14.5,1009.1,0,1019.1,0,,9,,9,0,0,,,2000,,,18.5,0,22.4,24.3,23.8,23.8
108,서울,2017-09-13 22:00,20.4,0,,,.4,0,0,0,68,0,16.2,14.2,1009.1,0,1019.1,0,,9,,9,,0,,,2000,,,17.4,0,21.7,23.8,23.6,23.8
108,서울,2017-09-13 23:00,19.6,0,,,.5,0,290,0,64,0,14.5,12.5,1009.3,0,1019.3,0,,9,,9,,0,,,2000,,,16.5,0,20.9,23.3,23.5,23.8
108,서울,2017-09-14 00:00,18.9,0,,,.6,0,20,0,59,0,12.9,10.7,1009.6,0,1019.6,0,,9,,9,0,0,,,2000,,,15.8,0,20.3,22.8,23.3,23.8
108,서울,2017-09-14 01:00,17.9,0,,,1.5,0,50,0,63,0,12.9,10.7,1009.4,0,1019.5,0,,9,,9,,0,,,2000,,,15.2,0,19.7,22.4,23,23.7
108,서울,2017-09-14 02:00,17.2,0,,,1.3,0,270,0,67,0,13.1,11,1009.4,0,1019.5,0,,9,,9,,0,,,2000,,,14.6,0,19.2,22,22.8,23.7
108,서울,2017-09-14 03:00,16.8,0,,,1.1,0,250,0,65,0,12.4,10.1,1009.4,0,1019.5,0,,9,,9,0,0,,,2000,,,14.3,0,18.8,21.6,22.6,23.6
108,서울,2017-09-14 04:00,16.1,0,,,1.2,0,50,0,67,0,12.2,9.9,1009.5,0,1019.7,0,,9,,9,0,0,,,2000,,,13.7,0,18.4,21.3,22.4,23.5
108,서울,2017-09-14 05:00,15.2,0,,,1.6,0,20,0,72,0,12.4,10.1,1009.5,0,1019.7,0,,9,,9,0,0,,,2000,,,13.5,0,18.1,20.9,22.2,23.4
108,서울,2017-09-14 06:00,15.2,0,,,1.1,0,360,0,70,0,12,9.7,1010.2,0,1020.4,0,,9,,9,1,0,Ci,,2000,,,13.1,0,17.8,20.7,22,23.3
108,서울,2017-09-14 07:00,15.2,0,,,2,0,50,0,68,0,11.7,9.3,1010.6,0,1020.8,0,.4,0,.14,0,6,0,Cc,,2000,,,14.5,0,17.6,20.4,21.8,23.2
108,서울,2017-09-14 08:00,17.4,0,,,1.2,0,70,0,57,0,11.2,8.7,1010.7,0,1020.8,0,.9,0,.59,0,7,0,Ci,,1967,,,18.1,0,18.4,20.2,21.6,23
108,서울,2017-09-14 09:00,20.7,0,,,1.6,0,70,0,49,0,11.9,9.5,1010.6,0,1020.6,0,1,0,1.38,0,2,0,Ci,,1956,,,23.7,0,20.1,20.3,21.4,22.9
108,서울,2017-09-14 10:00,23.2,0,,,2.7,0,90,0,44,0,12.4,10.2,1010.6,0,1020.5,0,1,0,1.99,0,1,0,Ci,,1883,,,29.4,0,22.1,20.8,21.3,22.7
108,서울,2017-09-14 11:00,25.3,0,,,1.9,0,70,0,38,0,12.2,9.9,1010.4,0,1020.3,0,1,0,2.46,0,0,0,,,1982,,,34.8,0,24.4,21.6,21.4,22.7
108,서울,2017-09-14 12:00,26.6,0,,,1.4,0,110,0,38,0,13.2,11.1,1009.6,0,1019.4,0,1,0,2.71,0,0,0,,,1982,,,38.2,0,26.4,22.7,21.5,22.6
108,서울,2017-09-14 13:00,27.5,0,,,1,0,90,0,31,0,11.3,8.8,1008.7,0,1018.4,0,1,0,2.84,0,1,0,Ci,,1946,,,40.4,0,28.1,23.8,21.9,22.6
108,서울,2017-09-14 14:00,28.5,0,,,1.6,0,360,0,31,0,12,9.7,1007.9,0,1017.6,0,1,0,2.72,0,1,0,Ci,,2000,,,40.3,0,29.2,24.9,22.2,22.7
108,서울,2017-09-14 15:00,29.1,0,,,2.5,0,250,0,36,0,14.4,12.4,1007.6,0,1017.3,0,1,0,1.92,0,3,0,Ci,,2000,,,37.8,0,29.2,25.7,22.7,22.8
108,서울,2017-09-14 16:00,29.2,0,,,3,0,340,0,36,0,14.5,12.5,1007,0,1016.6,0,1,0,1.9,0,2,0,Ci,,2000,,,35.2,0,29.2,26.1,23.1,22.9
108,서울,2017-09-14 17:00,28.1,0,,,2.4,0,340,0,36,0,13.7,11.6,1007.1,0,1016.8,0,1,0,1.27,0,1,0,Ci,,2000,,,30.1,0,28.4,26.4,23.4,23.1
108,서울,2017-09-14 18:00,27,0,,,2,0,340,0,37,0,13.1,11,1007.7,0,1017.5,0,1,0,.6,0,2,0,Ci,,2000,,,26.1,0,27.1,26.3,23.7,23.3
108,서울,2017-09-14 19:00,24.7,0,,,.7,0,320,0,44,0,13.7,11.6,1007.9,0,1017.7,0,.2,0,.07,0,,0,,,2000,,,22.7,0,25.4,25.9,23.9,23.4
108,서울,2017-09-14 20:00,23.4,0,,,1.1,0,70,0,41,0,11.7,9.3,1008.6,0,1018.4,0,,9,,9,,0,,,2000,,,20.7,0,23.9,25.3,23.9,23.6
108,서울,2017-09-14 21:00,22.6,0,,,1.5,0,90,0,40,0,10.9,8.3,1009.2,0,1019.1,0,,9,,9,4,0,Ci,,2000,,,19.9,0,22.9,24.7,23.9,23.7
108,서울,2017-09-14 22:00,22,0,,,1.7,0,50,0,41,0,10.8,8.1,1009.5,0,1019.4,0,,9,,9,,0,,75,2000,,,19.4,0,22.4,24.1,23.7,23.7
108,서울,2017-09-14 23:00,21.3,0,,,2.2,0,50,0,49,0,12.4,10.1,1009.7,0,1019.7,0,,9,,9,,1,,,2000,,,18.4,0,21.9,23.7,23.6,23.7
108,서울,2017-09-15 00:00,21,0,,,2.6,0,70,0,55,0,13.7,11.6,1009.8,0,1019.8,0,,9,,9,0,0,,,2000,,,18,0,21.4,23.3,23.4,23.7
108,서울,2017-09-15 01:00,20.5,0,,,3.3,0,70,0,59,0,14.2,12.2,1009.6,0,1019.6,0,,9,,9,,,,,2000,,,17.7,0,21.1,23,23.2,23.7
108,서울,2017-09-15 02:00,19.7,0,,,3.6,0,70,0,60,0,13.7,11.7,1009.6,0,1019.6,0,,9,,9,,0,,,2000,,,17.2,0,20.7,22.7,23,23.6
108,서울,2017-09-15 03:00,19.3,0,,,2.7,0,70,0,61,0,13.6,11.5,1009.5,0,1019.5,0,,9,,9,0,0,,,2000,,,16.9,0,20.5,22.4,22.9,23.6
108,서울,2017-09-15 04:00,19,0,,,2.8,0,50,0,62,0,13.6,11.5,1009.6,0,1019.6,0,,9,,9,0,0,,,2000,,,16.5,0,20.2,22.1,22.7,23.5
108,서울,2017-09-15 05:00,18.4,0,,,3,0,70,0,61,0,12.9,10.7,1009.7,0,1019.8,0,,9,,9,0,0,,,2000,,,15.9,0,19.8,21.9,22.6,23.5
108,서울,2017-09-15 06:00,18,0,,,2.9,0,70,0,62,0,12.8,10.6,1010.1,0,1020.2,0,,9,,9,1,0,Ci,,2000,,,15.5,0,19.5,21.6,22.4,23.4
108,서울,2017-09-15 07:00,18,0,,,2.7,0,70,0,60,0,12.4,10.1,1010.3,0,1020.4,0,.5,0,.13,0,1,0,Ci,,2000,,,15.7,0,19.2,21.4,22.2,23.3
108,서울,2017-09-15 08:00,20.5,0,,,3.4,0,70,0,55,0,13.2,11.1,1010.5,0,1020.5,0,1,0,.68,0,1,0,Ci,,2000,,,18.7,0,19.6,21.2,22,23.2
108,서울,2017-09-15 09:00,22.9,0,,,3.1,0,70,0,50,0,13.9,11.9,1010.7,0,1020.6,0,1,0,1.34,0,0,0,,,1987,,,25.1,0,20.9,21.2,21.9,23
108,서울,2017-09-15 10:00,24.4,0,,,5.6,0,90,0,47,0,14.3,12.3,1010.6,0,1020.4,0,1,0,1.97,0,1,0,Ci,,1979,,,31.7,0,22.8,21.6,21.8,23
108,서울,2017-09-15 11:00,25.1,0,,,4.8,0,50,0,46,0,14.6,12.6,1010.4,0,1020.3,0,1,0,2.4,0,2,1,ScCi,15,1960,,,36.9,0,24.9,22.3,21.8,22.9
108,서울,2017-09-15 12:00,26.1,0,,,2.7,0,70,0,44,0,14.8,12.8,1010,0,1019.8,0,1,0,2.62,0,4,4,Sc,15,2000,,,38.4,0,26.9,23.2,22,22.9
108,서울,2017-09-15 13:00,26.7,0,,,3.4,0,50,0,41,0,14.3,12.3,1009.4,0,1019.2,0,1,0,2.57,0,6,6,Sc,15,2000,,,40.6,0,28.2,24.2,22.3,22.9
108,서울,2017-09-15 14:00,27.2,0,,,2.8,0,70,0,38,0,13.7,11.6,1008.4,0,1018.2,0,1,0,2.13,0,7,6,ScCi,16,2000,,,39,0,28.7,25.1,22.6,22.9
108,서울,2017-09-15 15:00,27.6,0,,,2.1,0,70,0,35,0,12.9,10.7,1007.7,0,1017.4,0,.9,0,1.86,0,5,4,ScCi,19,2000,,,37.8,0,28.5,25.7,22.9,23
108,서울,2017-09-15 16:00,27.3,0,,,4.1,0,70,0,35,0,12.6,10.4,1007.4,0,1017.1,0,1,0,1.67,0,6,4,ScCi,19,2000,,,34,0,28.5,26.1,23.3,23.1
108,서울,2017-09-15 17:00,26.8,0,,,3.9,0,50,0,38,0,13.3,11.2,1007.3,0,1017.1,0,1,0,1.07,0,8,2,ScCi,19,2000,,,29.8,0,27.7,26.2,23.5,23.3
108,서울,2017-09-15 18:00,25.4,0,,,3.5,0,50,0,39,0,12.6,10.4,1007.5,0,1017.3,0,.9,0,.51,0,9,1,ScCi,19,2000,,,26.2,0,26.6,26,23.8,23.4
108,서울,2017-09-15 19:00,24,0,,,3.8,0,50,0,40,0,11.9,9.5,1007.3,0,1017.1,0,0,0,.08,0,,0,,75,2000,,,23.4,0,25.4,25.7,23.9,23.5
108,서울,2017-09-15 20:00,23,0,,,4.2,0,70,0,39,0,10.9,8.2,1007.8,0,1017.7,0,,9,,9,,0,,,2000,,,21.7,0,24.3,25.2,23.9,23.6
108,서울,2017-09-15 21:00,21.8,0,,,4.1,0,70,0,44,0,11.4,8.9,1008.4,0,1018.3,0,,9,,9,6,0,Ci,,2000,,,20.2,0,23.4,24.7,23.8,23.7
108,서울,2017-09-15 22:00,20.8,0,,,4.1,0,50,0,48,0,11.7,9.3,1008.4,0,1018.4,0,,9,,9,,0,,,2000,,,19.1,0,22.7,24.3,23.8,23.7
108,서울,2017-09-15 23:00,20,0,,,3.5,0,50,0,50,0,11.6,9.2,1008.2,0,1018.2,0,,9,,9,,0,,,2000,,,18.4,0,22.1,23.8,23.6,23.7
108,서울,2017-09-16 00:00,19.3,0,,,3.8,0,70,0,52,0,11.6,9.1,1008.1,0,1018.1,0,,9,,9,6,0,Ci,,2000,,,17.7,0,21.6,23.4,23.4,23.8
108,서울,2017-09-16 01:00,18.8,0,,,3,0,70,0,55,0,11.9,9.5,1007.9,0,1017.9,0,,9,,9,,0,,,2000,,,17,0,21,23.1,23.3,23.7
108,서울,2017-09-16 02:00,18.4,0,,,3.1,0,70,0,56,0,11.8,9.4,1007.4,0,1017.4,0,,9,,9,,0,,,2000,,,16.4,0,20.6,22.7,23.1,23.7
108,서울,2017-09-16 03:00,18,0,,,3.6,0,70,0,59,0,12.1,9.8,1007,0,1017,0,,9,,9,0,0,,,2000,,,16,0,20.2,22.4,22.9,23.6
108,서울,2017-09-16 04:00,17.6,0,,,3.3,0,70,0,60,0,12,9.7,1006.7,0,1016.8,0,,9,,9,0,0,,,2000,,,15.6,0,19.9,22,22.7,23.5
108,서울,2017-09-16 05:00,17.4,0,,,3.1,0,70,0,59,0,11.6,9.2,1006.7,0,1016.8,0,,9,,9,0,0,,,2000,,,15.4,0,19.6,21.8,22.5,23.5
108,서울,2017-09-16 06:00,17,0,,,2.6,0,70,0,61,0,11.8,9.4,1006.8,0,1016.9,0,,9,,9,1,0,Ci,,2000,,,14.9,0,19.3,21.5,22.4,23.4
108,서울,2017-09-16 07:00,16.8,0,,,2.7,0,70,0,59,0,11.2,8.7,1007,0,1017.1,0,.3,0,.09,0,2,0,Ci,,2000,,,15,0,19,21.3,22.2,23.3
108,서울,2017-09-16 08:00,19.2,0,,,3.1,0,70,0,49,0,10.9,8.2,1006.9,0,1016.9,0,1,0,.65,0,2,0,Ci,,2000,,,18.2,0,19.2,21,22,23.1
108,서울,2017-09-16 09:00,21.3,0,,,4.1,0,70,0,48,0,12.1,9.8,1006.7,0,1016.6,0,1,0,1.36,0,3,0,Ci,,2000,,,25.2,0,20.6,21,21.8,23
108,서울,2017-09-16 10:00,23.3,0,,,3.8,0,70,0,47,0,13.4,11.3,1006.6,0,1016.4,0,1,0,2.03,0,3,0,Ci,,2000,,,32.5,0,22.6,21.4,21.7,22.9
108,서울,2017-09-16 11:00,24.7,0,,,4.4,0,50,0,44,0,13.7,11.6,1005.9,0,1015.7,0,1,0,2.48,0,3,0,Ci,,1962,,,38.9,0,24.7,22.1,21.7,22.9
108,서울,2017-09-16 12:00,25.9,0,,,4.5,0,50,0,43,0,14.3,12.3,1005.3,0,1015.1,0,1,0,2.74,0,3,0,Ci,,2000,,,42.7,0,26.8,23.1,21.9,22.8
108,서울,2017-09-16 13:00,26.8,0,,,4.6,0,110,0,43,0,15.1,13.1,1004.2,0,1013.9,0,1,0,2.93,0,7,5,ScCi,15,2000,,,44.7,0,28.4,24.1,22.2,22.8
108,서울,2017-09-16 14:00,26.6,0,,,4,0,50,0,44,0,15.3,13.3,1003.1,0,1012.8,0,1,0,2.34,0,6,5,ScCi,15,2000,,,40.3,0,29.1,25.1,22.5,22.9
108,서울,2017-09-16 15:00,27.2,0,,,4.2,0,50,0,43,0,15.5,13.5,1002.3,0,1012,0,1,0,2.08,0,7,6,ScCi,15,2000,,,39.3,0,29.3,25.9,22.9,22.9
108,서울,2017-09-16 16:00,27.1,0,,,4.4,0,70,0,42,0,15,13,1001.9,0,1011.6,0,1,0,1.83,0,6,5,ScCi,15,2000,,,36.1,0,29.1,26.3,23.3,23.1
108,서울,2017-09-16 17:00,26.6,0,,,3.7,0,70,0,42,0,14.6,12.6,1001.9,0,1011.6,0,1,0,1.21,0,7,7,Sc,16,2000,,,30.7,0,28.3,26.5,23.6,23.2
108,서울,2017-09-16 18:00,24.7,0,,,3.8,0,70,0,46,0,14.2,12.2,1002.3,0,1012,0,.7,0,.42,0,8,4,ScCi,16,2000,,,26.2,0,27,26.3,23.8,23.4
108,서울,2017-09-16 19:00,23.6,0,,,4.6,0,70,0,47,0,13.7,11.6,1002.7,0,1012.5,0,0,0,.07,0,,9,,16,2000,,,23.8,0,25.7,26,24,23.5
108,서울,2017-09-16 20:00,22.6,0,,,4.5,0,70,0,49,0,13.4,11.3,1002.8,0,1012.6,0,,9,,9,,2,,,2000,,,21.7,0,24.7,25.4,24,23.6
108,서울,2017-09-16 21:00,21.8,0,,,3.6,0,70,0,52,0,13.5,11.4,1003.2,0,1013.1,0,,9,,9,1,0,Ci,,2000,,,20.2,0,23.8,25,24,23.7
108,서울,2017-09-16 22:00,21.2,0,,,3.7,0,70,0,52,0,13,10.9,1002.9,0,1012.8,0,,9,,9,,0,,,2000,,,19.4,0,23.1,24.5,23.9,23.8
108,서울,2017-09-16 23:00,20.6,0,,,2.7,0,50,0,54,0,13,10.9,1002.9,0,1012.9,0,,9,,9,,0,,,2000,,,18.5,0,22.5,24.1,23.7,23.8
108,서울,2017-09-17 00:00,20.3,0,,,3.1,0,70,0,55,0,13,10.9,1002.3,0,1012.3,0,,9,,9,2,0,,,2000,,,18.2,0,22,23.7,23.6,23.8
108,서울,2017-09-17 01:00,19.7,0,,,2.3,0,20,0,57,0,13,10.9,1001.7,0,1011.6,0,,9,,9,,0,,,2000,,,17.8,0,21.6,23.4,23.4,23.7
108,서울,2017-09-17 02:00,19.4,0,,,2.6,0,50,0,57,0,12.8,10.6,1001.1,0,1011,0,,9,,9,,4,,74,2000,,,17.7,0,21.3,23,23.2,23.7
108,서울,2017-09-17 03:00,19.4,0,,,3.1,0,50,0,57,0,12.8,10.6,1000.8,0,1010.7,0,,9,,9,6,0,Ci,,2000,,,17.8,0,21.1,22.8,23.1,23.7
108,서울,2017-09-17 04:00,19.2,0,,,3.2,0,50,0,57,0,12.6,10.4,1000.2,0,1010.1,0,,9,,9,8,0,Ci,,2000,,,17.7,0,20.9,22.6,22.9,23.6
108,서울,2017-09-17 05:00,19,0,,,2,0,20,0,57,0,12.4,10.2,1000.1,0,1010,0,,9,,9,4,0,Ci,,2000,,,17.1,0,20.7,22.4,22.8,23.5
108,서울,2017-09-17 06:00,19.1,0,,,2.9,0,50,0,55,0,12.1,9.8,1000,0,1009.9,0,,9,,9,7,2,ScCi,10,2000,,,17.4,0,20.5,22.2,22.6,23.5
108,서울,2017-09-17 07:00,19.5,0,,,3.5,0,50,0,55,0,12.4,10.2,1000,0,1009.9,0,.1,0,.08,0,8,3,ScCi,10,2000,,,18.1,0,20.5,22,22.5,23.4
108,서울,2017-09-17 08:00,20,0,,,3,0,50,0,58,0,13.5,11.4,999.5,0,1009.5,0,.1,0,.32,0,9,0,Ci,,2000,,,20.1,0,20.8,21.9,22.4,23.3
108,서울,2017-09-17 09:00,21.8,0,,,3.6,0,50,0,54,0,14,12,999.5,0,1009.4,0,.5,0,.81,0,8,0,Ci,,2000,,,24.8,0,21.6,21.9,22.3,23.2
108,서울,2017-09-17 10:00,24,0,,,3.4,0,50,0,50,0,14.9,12.9,998.9,0,1008.6,0,1,0,1.74,0,7,0,Ci,,2000,,,33.6,0,23.2,22.2,22.2,23.1
108,서울,2017-09-17 11:00,25.6,0,,,2.7,0,20,0,49,0,16,14,998.4,0,1008.1,0,1,0,2.42,0,1,0,Ci,,2000,,,41.2,0,25.5,22.8,22.2,23
108,서울,2017-09-17 12:00,27.1,0,,,2.2,0,70,0,44,0,15.7,13.7,997.6,0,1007.3,0,1,0,2.69,0,1,0,Ci,,2000,,,45.6,0,27.6,23.7,22.3,23
108,서울,2017-09-17 13:00,28,0,,,3.2,0,50,0,41,0,15.5,13.5,996.8,0,1006.4,0,1,0,2.81,0,1,1,Sc,10,2000,,,47.1,0,29.2,24.8,22.6,23
108,서울,2017-09-17 14:00,28.7,0,,,4,0,50,0,36,0,14.1,12.1,996,0,1005.6,0,1,0,2.7,0,2,2,Sc,17,2000,,,44.8,0,30.4,25.8,22.9,23.1
108,서울,2017-09-17 15:00,29.2,0,,,3.1,0,360,0,37,0,15,13,995.2,0,1004.7,0,1,0,2.21,0,3,3,Sc,18,2000,,,43.6,0,30.5,26.6,23.3,23.2
108,서울,2017-09-17 16:00,28.2,0,,,2.7,0,20,0,39,0,14.9,12.9,994.6,0,1004.2,0,1,0,1.37,0,2,2,Sc,10,2000,,,36.8,0,29.9,27,23.7,23.3
108,서울,2017-09-17 17:00,28.4,0,,,2.6,0,360,0,39,0,15.1,13.1,994.6,0,1004.2,0,1,0,1.24,0,2,2,Sc,18,2000,,,32,0,29.2,27.1,24,23.5
108,서울,2017-09-17 18:00,26.1,0,,,4,0,360,0,45,0,15.2,13.2,994.9,0,1004.6,0,1,0,.57,0,2,2,Sc,10,2000,,,26.8,0,28,27,24.3,23.6
108,서울,2017-09-17 19:00,24.1,0,,,2.9,0,20,0,49,0,14.7,12.7,995.3,0,1005,0,.3,0,.08,0,,1,,17,2000,,,23.6,0,26.4,26.6,24.4,23.8
108,서울,2017-09-17 20:00,23.1,0,,,2.3,0,50,0,52,0,14.6,12.6,996,0,1005.7,0,,9,,9,,2,,17,2000,,,22,0,25.2,26.1,24.4,23.9
108,서울,2017-09-17 21:00,22.2,0,,,2.5,0,50,0,55,0,14.7,12.7,996.4,0,1006.2,0,,9,,9,1,1,Sc,15,2000,,,20.4,0,24.3,25.5,24.4,24
108,서울,2017-09-17 22:00,21.2,0,,,1.7,0,20,0,59,0,14.8,12.8,996.5,0,1006.4,0,,9,,9,,0,,,2000,,,19.1,0,23.5,25.1,24.3,24.1
108,서울,2017-09-17 23:00,20.3,0,,,1.1,0,20,0,61,0,14.5,12.5,996.5,0,1006.4,0,,9,,9,,0,,,2000,,,17.8,0,22.7,24.5,24.2,24.1
108,서울,2017-09-18 00:00,19.5,0,,,1.2,0,50,0,63,0,14.2,12.2,996.5,0,1006.4,0,,9,,9,0,0,,,2000,,,16.9,0,22,24.1,24,24.1
108,서울,2017-09-18 01:00,18.8,0,,,.6,0,20,0,65,0,14,12,996.8,0,1006.7,0,,9,,9,,0,,,2000,,,16.1,0,21.3,23.7,23.8,24
108,서울,2017-09-18 02:00,18.1,0,,,1.6,0,270,0,74,0,15.3,13.3,996.9,0,1006.8,0,,9,,9,,0,,,2000,,,15.9,0,20.8,23.2,23.6,24
108,서울,2017-09-18 03:00,17.6,0,,,.2,0,0,0,74,0,14.9,12.9,997.1,0,1007.1,0,,9,,9,0,0,,,2000,,,15.4,0,20.5,22.9,23.4,23.9
108,서울,2017-09-18 04:00,17.2,0,,,1.4,0,70,0,73,0,14.3,12.3,997.1,0,1007.1,0,,9,,9,0,0,,,2000,,,15.1,0,20.1,22.5,23.2,23.9
108,서울,2017-09-18 05:00,16.9,0,,,1.3,0,50,0,75,0,14.4,12.4,997.2,0,1007.2,0,,9,,9,0,0,,,2000,,,14.8,0,19.8,22.2,23,23.8
108,서울,2017-09-18 06:00,16.6,0,,,.5,0,20,0,77,0,14.5,12.5,997.8,0,1007.8,0,,9,,9,0,0,,,2000,,,14.4,0,19.5,21.9,22.8,23.7
108,서울,2017-09-18 07:00,16.5,0,,,.8,0,20,0,76,0,14.2,12.2,998.4,0,1008.4,0,.3,0,.1,0,0,0,,,2000,,,15,0,19.2,21.7,22.6,23.6
108,서울,2017-09-18 08:00,18.3,0,,,.8,0,20,0,63,0,13.2,11.1,998.9,0,1008.8,0,1,0,.59,0,0,0,,,2000,,,18.8,0,19.7,21.5,22.4,23.5
108,서울,2017-09-18 09:00,21.4,0,,,.5,0,140,0,54,0,13.7,11.6,999.1,0,1009,0,1,0,1.24,0,0,0,,,1932,,,26.5,0,21.2,21.5,22.2,23.3
108,서울,2017-09-18 10:00,23.5,0,,,1.1,0,200,0,49,0,14.1,12.1,999.4,0,1009.2,0,1,0,1.84,0,0,0,,,1967,,,33.4,0,23.2,21.9,22.1,23.2
108,서울,2017-09-18 11:00,24.4,0,,,3.1,0,250,0,51,0,15.5,13.5,999.5,0,1009.2,0,1,0,2.31,0,0,0,,,1939,,,40,0,25.3,22.6,22.2,23.1
108,서울,2017-09-18 12:00,25.9,0,,,2.6,0,250,0,47,0,15.7,13.7,999,0,1008.7,0,1,0,2.64,0,2,2,Sc,10,1965,,,44.3,0,27.3,23.5,22.3,23.1
108,서울,2017-09-18 13:00,26.6,0,,,2.9,0,250,0,42,0,14.6,12.6,998.4,0,1008.1,0,1,0,2.29,0,3,3,Sc,15,1990,,,42.6,0,28.4,24.6,22.6,23.1
108,서울,2017-09-18 14:00,27,0,,,3.3,0,270,0,38,0,13.5,11.4,998,0,1007.7,0,1,0,2.54,0,4,3,ScCi,16,1967,,,45.2,0,29.4,25.4,22.9,23.1
108,서울,2017-09-18 15:00,27.4,0,,,3.4,0,270,0,42,0,15.3,13.3,997.5,0,1007.1,0,1,0,2.19,0,4,3,ScCi,15,2000,,,40.8,0,29.9,26.1,23.2,23.2
108,서울,2017-09-18 16:00,27,0,,,3.3,0,250,0,45,0,16,14,997.4,0,1007.1,0,1,0,1.68,0,7,2,ScCi,15,2000,,,36.6,0,29.6,26.6,23.6,23.3
108,서울,2017-09-18 17:00,25.9,0,,,3.5,0,270,0,50,0,16.6,14.6,997.4,0,1007.1,0,1,0,1.03,0,6,2,ScCi,13,2000,,,31,0,28.7,26.8,23.9,23.5
108,서울,2017-09-18 18:00,24.2,0,,,3.6,0,270,0,58,0,17.5,15.4,997.7,0,1007.4,0,.9,0,.45,0,2,2,Sc,11,2000,,,26.7,0,27.4,26.7,24.1,23.6
108,서울,2017-09-18 19:00,23,0,,,3.4,0,270,0,63,0,17.6,15.5,998,0,1007.8,0,.2,0,.08,0,,2,,,2000,,,23.4,0,26,26.3,24.3,23.8
108,서울,2017-09-18 20:00,22.2,0,,,2.9,0,270,0,70,0,18.6,16.4,998.6,0,1008.4,0,,9,,9,,0,,,1762,,,21.6,0,25,25.8,24.3,23.9
108,서울,2017-09-18 21:00,21.5,0,,,1.9,0,270,0,72,0,18.4,16.2,999.1,0,1009,0,,9,,9,2,2,Sc,15,1912,,,20.3,0,24.1,25.3,24.2,24
108,서울,2017-09-18 22:00,21,0,,,2,0,270,0,77,0,19.1,16.8,999.2,0,1009.1,0,,9,,9,,1,,7,1518,,,19.6,0,23.4,24.9,24.2,24
108,서울,2017-09-18 23:00,20.9,0,,,1.6,0,250,0,77,0,19,16.7,999.4,0,1009.3,0,,9,,9,,3,,7,1544,,,19.3,0,23,24.5,24,24
108,서울,2017-09-19 00:00,20.7,0,,,1.2,0,250,0,78,0,19,16.7,999.3,0,1009.2,0,,9,,9,4,4,Sc,10,1688,,,18.5,0,22.6,24.1,23.9,24
108,서울,2017-09-19 01:00,20.6,0,,,2.5,0,200,0,76,0,18.4,16.2,999.6,0,1009.5,0,,9,,9,,5,,5,1372,,,18.7,0,22.3,23.8,23.7,24
108,서울,2017-09-19 02:00,20.3,0,,,.9,0,250,0,84,0,20,17.5,999.7,0,1009.6,0,,9,,9,,5,,4,946,,19,18.1,0,22,23.6,23.6,23.9
108,서울,2017-09-19 03:00,20.2,0,,,1.6,0,200,0,82,0,19.4,17,999.5,0,1009.4,0,,9,,9,8,8,Sc,10,1105,,19,18.8,0,21.7,23.3,23.4,23.9
108,서울,2017-09-19 04:00,20.4,0,,,.6,0,160,0,83,0,19.9,17.4,999.4,0,1009.3,0,,9,,9,8,8,Sc,10,863,,19,19.5,0,21.8,23.1,23.3,23.8
108,서울,2017-09-19 05:00,20.4,0,,,1.8,0,160,0,82,0,19.6,17.2,999.5,0,1009.4,0,,9,,9,9,9,Sc,9,579,,19,19.5,0,21.8,23,23.2,23.8
108,서울,2017-09-19 06:00,20.3,0,,,1.1,0,110,0,82,0,19.5,17.1,999.9,0,1009.8,0,,9,,9,9,9,Sc,9,531,,19,19.8,0,21.8,22.9,23.1,23.7
108,서울,2017-09-19 07:00,20.5,0,,,1.8,0,140,0,81,0,19.5,17.1,1000,0,1009.9,0,0,0,.06,0,9,9,Sc,10,445,,19,20.2,0,21.8,22.8,23,23.7
108,서울,2017-09-19 08:00,20.9,0,,,1.1,0,140,0,79,0,19.5,17.1,1000.5,0,1010.4,0,0,0,.25,0,9,9,Sc,10,444,,19,22.1,0,22.1,22.8,22.9,23.6
108,서울,2017-09-19 09:00,22.2,0,,,2.1,0,140,0,73,0,19.5,17.1,1000.4,0,1010.2,0,.5,0,.72,0,8,8,Sc,10,477,,19,26.5,0,22.8,22.8,22.8,23.5
108,서울,2017-09-19 10:00,23.6,0,,,2.3,0,180,0,69,0,20,17.5,1000.1,0,1009.9,0,.8,0,1.27,0,8,8,Sc,10,540,,4019,30,0,24.3,23.1,22.8,23.5
108,서울,2017-09-19 11:00,24.1,0,,,3.1,0,180,0,68,0,20.4,17.8,999.6,0,1009.3,0,.3,0,1.08,0,9,9,Sc,10,397,,40,31,0,25.2,23.6,22.8,23.4
108,서울,2017-09-19 12:00,23.9,0,,,1.9,0,200,0,71,0,21,18.3,999.2,0,1008.9,0,0,0,.47,0,9,9,Sc,10,265,,40,28.2,0,25,24,22.9,23.4
108,서울,2017-09-19 13:00,24.8,0,,,3.6,0,200,0,71,0,22.1,19.1,998.2,0,1008,0,0,0,.57,0,9,9,Sc,10,248,,40,29.5,0,25,24.1,23,23.4
108,서울,2017-09-19 14:00,25.2,0,,,5.7,0,230,0,75,0,24,20.4,997.2,0,1006.9,0,.2,0,.81,0,9,9,Sc,10,288,,40,30.6,0,25.5,24.3,23.1,23.4
108,서울,2017-09-19 15:00,25.5,0,,,4.2,0,230,0,75,0,24.4,20.7,996.8,0,1006.5,0,.1,0,.76,0,9,9,Sc,10,378,,40,30.4,0,25.8,24.5,23.2,23.5
108,서울,2017-09-19 16:00,25.6,0,,,4.8,0,230,0,74,0,24.3,20.6,996.7,0,1006.4,0,.2,0,.6,0,9,9,Sc,10,419,,40,30.1,0,25.8,24.7,23.3,23.5
108,서울,2017-09-19 17:00,25.3,0,,,6,0,230,0,74,0,23.8,20.3,997.1,0,1006.8,0,0,0,.43,0,9,9,Sc,10,424,,40,27.8,0,25.7,24.8,23.4,23.5
108,서울,2017-09-19 18:00,24.8,0,,,4.8,0,230,0,77,0,24,20.4,997,0,1006.8,0,0,0,.22,0,8,8,Sc,10,400,,40,26,0,25.3,24.8,23.5,23.6
108,서울,2017-09-19 19:00,24.4,0,,,4.4,0,230,0,77,0,23.4,20,997,0,1006.7,0,0,0,.02,0,,9,,5,372,,40,24.4,0,24.9,24.7,23.5,23.6
108,서울,2017-09-19 20:00,24.3,0,,,6.2,0,230,0,77,0,23.4,20,997,0,1006.7,0,,9,,9,,9,,5,366,,40,23.9,0,24.5,24.6,23.6,23.7
108,서울,2017-09-19 21:00,23.3,0,4,0,6,0,250,0,88,0,25,21.1,998,0,1007.8,0,,9,,9,10,8,CbStNs,4,177,,40190401,22.7,0,24.1,24.5,23.6,23.7
108,서울,2017-09-19 22:00,22.2,0,4,0,4.6,0,270,0,87,0,23.2,19.9,997.8,0,1007.6,0,,9,,9,3,1,ScAc,10,223,,190401,21.4,0,23.4,24.2,23.6,23.7
108,서울,2017-09-19 23:00,20.9,0,,9,3,0,230,0,84,0,20.6,18,998.6,0,1008.5,0,,9,,9,,3,,24,510,,19,20.2,0,22.9,23.9,23.5,23.7
108,서울,2017-09-20 00:00,20.6,0,,9,3.4,0,250,0,85,0,20.5,17.9,999.2,0,1009.1,0,,9,,9,2,2,Ac,,370,,19,19.4,0,22.3,23.6,23.4,23.7
108,서울,2017-09-20 01:00,19.6,0,,,2.9,0,290,0,59,0,13.4,11.3,999.7,0,1009.6,0,,9,,9,,,,,1709,,19,17.6,0,21.7,23.3,23.3,23.7
108,서울,2017-09-20 02:00,18.3,0,,,2.5,0,250,0,50,0,10.4,7.6,1000.1,0,1010.1,0,,9,,9,,0,,,2000,,,16.1,0,20.8,22.9,23.2,23.7
108,서울,2017-09-20 03:00,17.5,0,,,3.3,0,270,0,45,0,9,5.4,1000.5,0,1010.5,0,,9,,9,0,0,,,2000,,,14.8,0,20.1,22.5,23,23.6
108,서울,2017-09-20 04:00,16.4,0,,,2.9,0,340,0,51,0,9.5,6.2,1001,0,1011.1,0,,9,,9,0,0,,,2000,,,13.7,0,19.4,22,22.8,23.6
108,서울,2017-09-20 05:00,15.2,0,,,1.4,0,270,0,52,0,8.9,5.3,1001,0,1011.2,0,,9,,9,0,0,,,2000,,,13.1,0,18.7,21.6,22.6,23.5
108,서울,2017-09-20 06:00,14.4,0,,,1.5,0,270,0,58,0,9.5,6.2,1001.3,0,1011.4,0,,9,,9,0,0,,,2000,,,12.4,0,18,21.1,22.4,23.5
108,서울,2017-09-20 07:00,14.3,0,,,1.2,0,290,0,57,0,9.2,5.8,1001.7,0,1011.9,0,.5,0,.11,0,0,0,,,2000,,,12.3,0,17.5,20.6,22.2,23.3
108,서울,2017-09-20 08:00,16.1,0,,,2.9,0,250,0,48,0,8.7,5,1002,0,1012.1,0,1,0,.65,0,0,0,,,2000,,,14.7,0,17.6,20.3,21.9,23.2
108,서울,2017-09-20 09:00,17.6,0,,,3.4,0,320,0,45,0,9,5.5,1002.5,0,1012.5,0,1,0,1.34,0,1,0,Ci,,1927,,,19.6,0,18.9,20.1,21.6,23
108,서울,2017-09-20 10:00,19.2,0,,,2.6,0,290,0,43,0,9.5,6.3,1003.1,0,1013,0,1,0,1.95,0,1,0,Ci,,2000,,,25,0,20.9,20.4,21.5,22.9
108,서울,2017-09-20 11:00,20.6,0,,,3.2,0,270,0,43,0,10.4,7.5,1003.1,0,1013.1,0,1,0,2.43,0,1,0,Ci,,2000,,,29,0,22.9,21.2,21.5,22.8
108,서울,2017-09-20 12:00,21.7,0,,,4.2,0,290,0,35,0,9,5.5,1003.2,0,1013.1,0,1,0,2.73,0,1,0,Ci,,2000,,,31.6,0,24.8,22.1,21.6,22.7
108,서울,2017-09-20 13:00,22.6,0,,,3.1,0,290,0,36,0,9.8,6.7,1002.7,0,1012.5,0,1,0,2.83,0,1,0,Ci,,2000,,,32.6,0,26.2,23.1,21.7,22.7
108,서울,2017-09-20 14:00,23.1,0,,,2.5,0,340,0,35,0,9.8,6.7,1002.1,0,1011.9,0,1,0,2.7,0,1,0,Ci,,2000,,,32,0,27.2,24,22.1,22.7
108,서울,2017-09-20 15:00,24.8,0,,,2,0,250,0,33,0,10.3,7.4,1001.7,0,1011.5,0,1,0,2.35,0,1,0,Ci,,2000,,,30.4,0,27.6,24.7,22.4,22.7
108,서울,2017-09-20 16:00,23.9,0,,,2.5,0,340,0,32,0,9.4,6.1,1001.6,0,1011.4,0,1,0,1.86,0,0,0,,,2000,,,27.3,0,27.2,25.1,22.7,22.9
108,서울,2017-09-20 17:00,23.7,0,,,2.3,0,360,0,34,0,9.9,6.8,1001.9,0,1011.7,0,1,0,1.23,0,1,0,Ci,,2000,,,23.7,0,26.3,25.2,23,23
108,서울,2017-09-20 18:00,22.7,0,,,1.9,0,320,0,38,0,10.4,7.6,1002.2,0,1012,0,1,0,.52,0,2,0,Ci,,2000,,,20.5,0,24.8,25,23.2,23.1
108,서울,2017-09-20 19:00,20.8,0,,,1.4,0,290,0,50,0,12.2,9.9,1002.4,0,1012.3,0,.1,0,.04,0,,0,,,2000,,,18.2,0,23,24.5,23.3,23.2
108,서울,2017-09-20 20:00,20,0,,,2.1,0,270,0,55,0,12.8,10.6,1003.1,0,1013.1,0,,9,,9,,0,,,2000,,,17,0,21.9,23.8,23.3,23.3
108,서울,2017-09-20 21:00,19.8,0,,,2.4,0,250,0,61,0,14,12,1003.7,0,1013.7,0,,9,,9,0,0,,,2000,,,16.5,0,21.2,23.2,23.2,23.3
108,서울,2017-09-20 22:00,19.1,0,,,.9,0,270,0,66,0,14.5,12.5,1003.9,0,1013.9,0,,9,,9,,0,,,2000,,,15.7,0,20.6,22.7,23,23.3
108,서울,2017-09-20 23:00,18.5,0,,,.7,0,360,0,71,0,15.1,13.1,1004.1,0,1014.1,0,,9,,9,,0,,,2000,,,15.1,0,19.9,22.3,22.8,23.3
108,서울,2017-09-21 00:00,17.7,0,,,.9,0,20,0,76,0,15.4,13.4,1004.1,0,1014.1,0,,9,,9,1,0,,,2000,,,14.5,0,19.3,21.9,22.6,23.3
108,서울,2017-09-21 01:00,16.7,0,,,1.4,0,50,0,71,0,13.5,11.4,1004.2,0,1014.3,0,,9,,9,,0,,,2000,,,13.9,0,18.9,21.5,22.4,23.2
108,서울,2017-09-21 02:00,16.1,0,,,1.7,0,50,0,77,0,14,12,1004.2,0,1014.3,0,,9,,9,,3,,,2000,,,13.7,0,18.5,21.1,22.2,23.1
108,서울,2017-09-21 03:00,15.7,0,,,1.3,0,20,0,77,0,13.7,11.6,1004.3,0,1014.5,0,,9,,9,3,0,Ci,,2000,,,13.3,0,18.1,20.8,22,23
108,서울,2017-09-21 04:00,15.2,0,,,2.1,0,50,0,79,0,13.6,11.5,1004.3,0,1014.5,0,,9,,9,0,0,,,2000,,,13,0,17.8,20.5,21.8,22.9
108,서울,2017-09-21 05:00,14.8,0,,,2.2,0,70,0,78,0,13,10.9,1004.4,0,1014.6,0,,9,,9,0,0,,,2000,,,12.8,0,17.6,20.2,21.6,22.8
108,서울,2017-09-21 06:00,14.4,0,,,1.6,0,50,0,80,0,13,10.9,1004.6,0,1014.8,0,,9,,9,0,0,,,2000,,,12.5,0,17.4,20,21.4,22.7
108,서울,2017-09-21 07:00,14.5,0,,,1.3,0,70,0,75,0,12.4,10.1,1005,0,1015.2,0,.4,0,.09,0,0,0,,,2000,,,12.8,0,17.2,19.7,21.3,22.6
108,서울,2017-09-21 08:00,16.9,0,,,1.9,0,70,0,67,0,12.9,10.7,1005.4,0,1015.5,0,1,0,.59,0,0,0,,,1973,,,15.5,0,17.4,19.5,21,22.5
108,서울,2017-09-21 09:00,19,0,,,2.3,0,50,0,61,0,13.3,11.2,1005.6,0,1015.6,0,1,0,1.27,0,0,0,,,1950,,,20.8,0,18.9,19.5,20.9,22.3
108,서울,2017-09-21 10:00,21.1,0,,,1.6,0,50,0,56,0,13.9,11.9,1005.7,0,1015.7,0,1,0,1.88,0,1,1,Sc,15,1824,,,26.7,0,21,20,20.8,22.2
108,서울,2017-09-21 11:00,23,0,,,1.8,0,50,0,47,0,13.1,11,1005.4,0,1015.2,0,1,0,2.33,0,3,3,Sc,12,1936,,,31.7,0,23.2,20.7,20.8,22.1
108,서울,2017-09-21 12:00,23.9,0,,,1.5,0,360,0,38,0,11.2,8.7,1004.6,0,1014.4,0,1,0,2.6,0,1,1,Sc,15,1976,,,35,0,25.2,21.8,21,22.1
108,서울,2017-09-21 13:00,24.7,0,,,1.9,0,20,0,36,0,11.2,8.6,1004,0,1013.7,0,1,0,2.67,0,0,0,,,2000,,,36.8,0,26.7,22.9,21.2,22.1
108,서울,2017-09-21 14:00,26.3,0,,,1.5,0,250,0,32,0,10.9,8.2,1003.4,0,1013.1,0,1,0,2.52,0,0,0,,,1880,,,36.5,0,27.7,23.9,21.6,22.1
108,서울,2017-09-21 15:00,26.6,0,,,1.5,0,270,0,31,0,10.7,8,1002.9,0,1012.6,0,1,0,2.17,0,0,0,,,1979,,,34.6,0,28.1,24.7,22,22.2
108,서울,2017-09-21 16:00,26.8,0,,,2.3,0,200,0,30,0,10.5,7.7,1002.7,0,1012.4,0,1,0,1.7,0,0,0,,,1992,,,31.4,0,27.7,25.2,22.4,22.4
108,서울,2017-09-21 17:00,26.4,0,,,.8,0,360,0,32,0,10.9,8.3,1002.5,0,1012.2,0,1,0,1.07,0,0,0,,,2000,,,27.4,0,26.8,25.3,22.7,22.5
108,서울,2017-09-21 18:00,24.9,0,,,1,0,160,0,35,0,10.9,8.3,1002.6,0,1012.4,0,1,0,.42,0,0,0,,,1998,,,23.7,0,25.5,25.2,23,22.7
108,서울,2017-09-21 19:00,22.5,0,,,1.6,0,250,0,61,0,16.5,14.5,1002.7,0,1012.5,0,.1,0,.04,0,,0,,,1735,,,21,0,23.9,24.7,23.1,22.8
108,서울,2017-09-21 20:00,21.1,0,,,1.9,0,270,0,67,0,16.7,14.7,1003.2,0,1013.1,0,,9,,9,,0,,,1650,,,19.3,0,22.8,24.2,23.1,22.9
108,서울,2017-09-21 21:00,20.3,0,,,1.5,0,270,0,69,0,16.4,14.4,1003.7,0,1013.7,0,,9,,9,0,0,,,1597,,,18.1,0,21.9,23.6,23.1,23
108,서울,2017-09-21 22:00,19.4,0,,,.2,0,0,0,72,0,16.2,14.2,1003.8,0,1013.7,0,,9,,9,,0,,,1493,,,16.7,0,21,23.1,22.9,23
108,서울,2017-09-21 23:00,18.5,0,,,1.2,0,50,0,75,0,15.9,13.9,1003.4,0,1013.4,0,,9,,9,,0,,,1323,,,15.7,0,20.2,22.6,22.8,23.1
108,서울,2017-09-22 00:00,17.5,0,,,1.1,0,20,0,67,0,13.3,11.2,1003.4,0,1013.4,0,,9,,9,0,0,,,2000,,,15,0,19.6,22.1,22.6,23
108,서울,2017-09-22 01:00,17,0,,,2.1,0,50,0,66,0,12.7,10.5,1003.4,0,1013.5,0,,9,,9,,0,,,2000,,,14.5,0,19.2,21.7,22.4,23
108,서울,2017-09-22 02:00,16.4,0,,,1.8,0,50,0,70,0,13,10.9,1003.5,0,1013.6,0,,9,,9,,0,,,2000,,,14.1,0,18.7,21.3,22.2,22.9
108,서울,2017-09-22 03:00,16.2,0,,,1.7,0,50,0,71,0,13,10.9,1003,0,1013.1,0,,9,,9,4,0,Ci,,1993,,,14.2,0,18.5,20.9,22,22.9
108,서울,2017-09-22 04:00,15.9,0,,,1.6,0,50,0,73,0,13.1,11,1002.8,0,1012.9,0,,9,,9,1,1,Sc,14,2000,,,14,0,18.3,20.7,21.8,22.8
108,서울,2017-09-22 05:00,15.6,0,,,1.7,0,50,0,72,0,12.7,10.5,1002.7,0,1012.8,0,,9,,9,3,3,Sc,14,2000,,,13.8,0,18.1,20.4,21.6,22.7
108,서울,2017-09-22 06:00,15.4,0,,,2.4,0,70,0,71,0,12.4,10.1,1003,0,1013.2,0,,9,,9,4,4,Sc,14,2000,,,13.7,0,17.9,20.3,21.4,22.6
108,서울,2017-09-22 07:00,15.6,0,,,2,0,70,0,69,0,12.2,9.9,1003.3,0,1013.5,0,0,0,.07,0,2,1,ScCi,14,2000,,,13.9,0,17.7,20.1,21.3,22.5
108,서울,2017-09-22 08:00,17.2,0,,,1.8,0,70,0,63,0,12.3,10,1003.6,0,1013.7,0,1,0,.49,0,7,0,Ci,,2000,,,16.5,0,18,19.9,21.1,22.4
108,서울,2017-09-22 09:00,20,0,,,2.2,0,90,0,55,0,12.8,10.6,1003.9,0,1013.9,0,1,0,1.2,0,6,0,Ci,,1959,,,21.6,0,19.4,19.9,20.9,22.2
108,서울,2017-09-22 10:00,21.7,0,,,2.3,0,50,0,52,0,13.5,11.4,1003.6,0,1013.5,0,1,0,1.69,0,8,0,Ci,,1922,,,27.7,0,21.5,20.5,21.1,22.4
108,서울,2017-09-22 11:00,23.7,0,,,1.5,0,70,0,48,0,14,12,1003.5,0,1013.3,0,1,0,2.01,0,8,0,Ci,,1950,,,31.9,0,23.3,21,20.9,22.1
108,서울,2017-09-22 12:00,24.9,0,,,1.9,0,110,0,48,0,15.1,13.1,1003.2,0,1013,0,1,0,2.2,0,8,4,ScCi,15,1865,,,35,0,25.1,22,21.1,22.1
108,서울,2017-09-22 13:00,25.4,0,,,3.3,0,200,0,41,0,13.2,11.1,1002.8,0,1012.6,0,.9,0,1.77,0,9,7,ScCi,14,1923,,,34.3,0,25.9,22.9,21.3,22.1
108,서울,2017-09-22 14:00,26.2,0,,,2.9,0,180,0,45,0,15.3,13.3,1002,0,1011.7,0,1,0,2.09,0,8,6,ScCi,14,1604,,,34.6,0,26.8,23.6,21.6,22.1
108,서울,2017-09-22 15:00,26.4,0,,,3.1,0,250,0,37,0,12.7,10.5,1001.5,0,1011.2,0,1,0,1.88,0,6,3,ScCi,15,1935,,,34.5,0,27,24.2,21.9,22.1
108,서울,2017-09-22 16:00,26.7,0,,,3.4,0,250,0,44,0,15.4,13.4,1001,0,1010.7,0,1,0,1.73,0,3,2,ScCi,15,1989,,,31.6,0,27.2,24.7,22.2,22.2
108,서울,2017-09-22 17:00,25.4,0,,,3.8,0,230,0,46,0,14.9,12.9,1001.4,0,1011.2,0,1,0,1.07,0,2,2,Sc,15,1972,,,27.5,0,26.5,24.9,22.5,22.4
108,서울,2017-09-22 18:00,23.9,0,,,2.5,0,250,0,54,0,16,14,1001.4,0,1011.2,0,1,0,.48,0,0,0,,,2000,,,23.8,0,25.3,24.8,22.7,22.5
108,서울,2017-09-22 19:00,22,0,,,2.4,0,250,0,59,0,15.6,13.6,1002,0,1011.9,0,.1,0,.02,0,,0,,,2000,,,20.9,0,23.9,24.5,22.9,22.6
108,서울,2017-09-22 20:00,20.8,0,,,2,0,270,0,70,0,17.2,15.1,1002.4,0,1012.3,0,,9,,9,,0,,,1526,,,19.2,0,22.7,24,22.9,22.8
108,서울,2017-09-22 21:00,20,0,,,2,0,270,0,75,0,17.5,15.4,1003.5,0,1013.5,0,,9,,9,0,0,,,1080,,,18.2,0,21.9,23.5,22.8,22.8
108,서울,2017-09-22 22:00,19.5,0,,,1.2,0,290,0,71,0,16,14,1003.5,0,1013.4,0,,9,,9,,0,,,1121,,,17.1,0,21.2,23,22.7,22.9
108,서울,2017-09-22 23:00,19,0,,,.7,0,290,0,74,0,16.2,14.2,1004.1,0,1014.1,0,,9,,9,,0,,,957,,40,16.4,0,20.6,22.5,22.6,22.9
108,서울,2017-09-23 00:00,18.3,0,,,.6,0,290,0,75,0,15.7,13.7,1004.2,0,1014.2,0,,9,,9,0,0,,,969,,40,15.6,0,20,22.1,22.4,22.9
108,서울,2017-09-23 01:00,18,0,,,.6,0,110,0,74,0,15.2,13.2,1004,0,1014,0,,9,,9,,0,,,947,,40,15.3,0,19.5,21.7,22.3,22.8
108,서울,2017-09-23 02:00,17.7,0,,,.7,0,50,0,76,0,15.4,13.4,1004.2,0,1014.2,0,,9,,9,,5,,4,778,,40,15.3,0,19.3,21.4,22.1,22.8
108,서울,2017-09-23 03:00,17.6,0,,,1.6,0,50,0,78,0,15.7,13.7,1004.4,0,1014.4,0,,9,,9,9,9,Sc,10,772,,4019,16.6,0,19.2,21.2,21.9,22.7
108,서울,2017-09-23 04:00,18,0,,,1,0,50,0,75,0,15.4,13.4,1004.5,0,1014.5,0,,9,,9,9,9,Sc,10,956,,19,17.7,0,19.6,21,21.8,22.6
108,서울,2017-09-23 05:00,18.7,0,,,.7,0,50,0,79,0,16.9,14.9,1004.7,0,1014.7,0,,9,,9,9,9,Sc,10,726,,19,18.3,0,19.9,21,21.6,22.6
108,서울,2017-09-23 06:00,18.7,0,,,1.2,0,50,0,79,0,16.9,14.9,1005.1,0,1015.1,0,,9,,9,9,9,Sc,10,791,,19,18.4,0,20,21,21.6,22.5
108,서울,2017-09-23 07:00,18.7,0,0,0,2,0,50,0,82,0,17.6,15.5,1005.5,0,1015.5,0,0,0,.06,0,9,5,ScCi,10,559,,1901,18.4,0,20.1,21,21.5,22.4
108,서울,2017-09-23 08:00,19.3,0,,9,1.4,0,50,0,79,0,17.6,15.5,1005.8,0,1015.8,0,0,0,.28,0,9,6,ScCi,10,537,,19,20.4,0,20.4,21,21.4,22.4
108,서울,2017-09-23 09:00,20.5,0,,9,1.4,0,50,0,75,0,18.1,15.9,1006.2,0,1016.2,0,.1,0,.54,0,9,9,Sc,10,660,,19,22.8,0,21.2,21.2,21.4,22.3
108,서울,2017-09-23 10:00,21.5,0,,9,1.5,0,70,0,72,0,18.4,16.2,1006.5,0,1016.4,0,.2,0,.59,0,8,5,ScCi,10,865,,19,24.9,0,21.8,21.4,21.4,22.3
108,서울,2017-09-23 11:00,23.1,0,,9,.9,0,270,0,65,0,18.3,16.1,1006.3,0,1016.1,0,.5,0,1.14,0,8,6,ScCi,10,990,,4019,30.4,0,22.9,21.8,21.4,22.2
108,서울,2017-09-23 12:00,25.1,0,,9,2.8,0,200,0,64,0,20.4,17.8,1005.9,0,1015.7,0,1,0,2.33,0,8,4,ScCi,10,1106,,40,36.6,0,25.2,22.4,21.5,22.2
108,서울,2017-09-23 13:00,25.8,0,,9,2.5,0,180,0,64,0,21.2,18.4,1005.5,0,1015.3,0,1,0,2.23,0,8,3,ScCi,8,1102,,,38.2,0,26.6,23.3,21.7,22.2
108,서울,2017-09-23 14:00,27,0,,9,2.5,0,200,0,53,0,18.8,16.5,1004.9,0,1014.6,0,1,0,2.17,0,8,3,ScCi,10,1178,,,38.9,0,27.8,24.2,21.9,22.2
108,서울,2017-09-23 15:00,26.9,0,,9,1.5,0,270,0,52,0,18.4,16.2,1004.5,0,1014.2,0,.9,0,1.42,0,8,3,ScCi,12,1279,,,35.1,0,28,24.9,22.2,22.3
108,서울,2017-09-23 16:00,26.9,0,,9,3.1,0,230,0,43,0,15.2,13.2,1004.5,0,1014.2,0,.6,0,1.14,0,8,2,ScCi,14,1534,,,33.1,0,27.3,25.2,22.6,22.4
108,서울,2017-09-23 17:00,26.3,0,,9,2.9,0,270,0,47,0,16,14,1004.6,0,1014.4,0,.9,0,1,0,6,1,ScCi,10,1628,,,28.8,0,26.9,25.3,22.9,22.6
108,서울,2017-09-23 18:00,24.8,0,,9,3.3,0,200,0,46,0,14.3,12.3,1004.9,0,1014.7,0,1,0,.36,0,4,0,Ci,,1687,,,24.5,0,25.7,25.2,23.1,22.7
108,서울,2017-09-23 19:00,23.2,0,,9,1.7,0,200,0,50,0,14.1,12.1,1005.2,0,1015,0,.1,0,.04,0,,0,,,1531,,,21.1,0,24.3,24.8,23.2,22.8
108,서울,2017-09-23 20:00,22,0,,9,1.9,0,250,0,70,0,18.4,16.2,1005.7,0,1015.6,0,,9,,9,,0,,,1109,,,19.6,0,23.1,24.3,23.3,22.9
108,서울,2017-09-23 21:00,21.4,0,,9,1.7,0,230,0,78,0,19.7,17.3,1006,0,1015.9,0,,9,,9,0,0,,,749,,40,18.7,0,22.4,23.9,23.2,23
108,서울,2017-09-23 22:00,21.1,0,,9,1.3,0,230,0,83,0,20.6,18,1006.1,0,1016.1,0,,9,,9,,2,,5,600,,4019,18.2,0,21.9,23.4,23,23
108,서울,2017-09-23 23:00,20.5,0,,9,.3,0,0,0,84,0,20.1,17.6,1006,0,1016,0,,9,,9,,6,,5,524,,19,17.8,0,21.5,23,22.9,23.1
108,서울,2017-09-24 00:00,19.7,0,,9,.4,0,0,0,86,0,19.6,17.2,1006.1,0,1016,0,,9,,9,6,6,Sc,,478,,19,17,0,20.9,22.7,22.8,23
108,서울,2017-09-24 01:00,19.3,0,,,0,0,0,0,86,0,19.1,16.8,1005.9,0,1015.9,0,,9,,9,,9,,6,425,,19,17.2,0,20.5,22.4,22.6,23
108,서울,2017-09-24 02:00,19.1,0,,,1.8,0,70,0,83,0,18.3,16.1,1005.8,0,1015.8,0,,9,,9,,9,,4,546,,19,17.6,0,20.6,22.1,22.4,23
108,서울,2017-09-24 03:00,18.8,0,,,1.5,0,50,0,82,0,17.7,15.6,1005.6,0,1015.6,0,,9,,9,8,8,Sc,10,562,,19,17.9,0,20.4,21.9,22.3,22.9
108,서울,2017-09-24 04:00,18.9,0,,,1.6,0,50,0,83,0,18.1,15.9,1005.6,0,1015.6,0,,9,,9,9,9,Sc,10,497,,19,17.6,0,20.4,21.8,22.2,22.9
108,서울,2017-09-24 05:00,18.8,0,,,2.1,0,70,0,84,0,18.2,16,1005.6,0,1015.6,0,,9,,9,8,8,Sc,10,438,,19,17.5,0,20.3,21.7,22.1,22.8
108,서울,2017-09-24 06:00,18.9,0,,,1.9,0,70,0,84,0,18.3,16.1,1005.6,0,1015.6,0,,9,,9,9,9,Sc,10,431,,19,17.5,0,20.3,21.5,22,22.7
108,서울,2017-09-24 07:00,19.2,0,,,2.4,0,70,0,82,0,18.2,16,1006,0,1016,0,0,0,.04,0,9,9,Sc,9,437,,19,18.6,0,20.4,21.5,21.9,22.7
108,서울,2017-09-24 08:00,19.8,0,,,1.5,0,70,0,80,0,18.4,16.2,1006.3,0,1016.3,0,0,0,.26,0,9,9,Sc,10,463,,19,20.4,0,20.6,21.4,21.8,22.6
108,서울,2017-09-24 09:00,20.7,0,,,2.4,0,70,0,76,0,18.5,16.3,1006.4,0,1016.4,0,0,0,.49,0,9,9,Sc,10,489,,19,23,0,21.3,21.5,21.7,22.6
108,서울,2017-09-24 10:00,22.4,0,,,1.4,0,50,0,70,0,18.9,16.6,1006.4,0,1016.3,0,.4,0,.99,0,9,9,Sc,10,510,,4019,28.1,0,22.5,21.7,21.7,22.5
108,서울,2017-09-24 11:00,23.8,0,,,1.2,0,110,0,70,0,20.5,17.9,1005.9,0,1015.7,0,.5,0,1.29,0,8,8,Sc,10,440,,40,31.6,0,23.9,22.2,21.7,22.4
108,서울,2017-09-24 12:00,25.8,0,,,1.1,0,270,0,61,0,20.2,17.7,1005.4,0,1015.2,0,1,0,1.98,0,7,7,Sc,10,484,,40,36.5,0,25.8,22.9,21.8,22.4
108,서울,2017-09-24 13:00,27.7,0,,,1.5,0,290,0,56,0,20.8,18.1,1004.6,0,1014.3,0,1,0,2.28,0,7,7,Sc,8,548,,40,40.5,0,27.4,23.7,22,22.4
108,서울,2017-09-24 14:00,27.7,0,,,3,0,200,0,56,0,20.8,18.1,1003.6,0,1013.3,0,.7,0,1.45,0,7,7,Sc,9,548,,40,37.7,0,27.7,24.6,22.2,22.4
108,서울,2017-09-24 15:00,27.6,0,,,1.5,0,230,0,57,0,21,18.3,1002.8,0,1012.5,0,.9,0,1.4,0,6,6,Sc,9,602,,40,34.6,0,28,25.1,22.6,22.5
108,서울,2017-09-24 16:00,26.6,0,,,3.9,0,270,0,60,0,20.8,18.1,1003.7,0,1013.4,0,.5,0,.75,0,7,7,Sc,10,609,,40,31.1,0,27.5,25.4,22.9,22.6
108,서울,2017-09-24 17:00,25.8,0,0,0,3.4,0,270,0,67,0,22.1,19.1,1004.2,0,1014,0,.4,0,.53,0,8,8,Sc,10,493,,4001,29,0,26.8,25.5,23.1,22.8
108,서울,2017-09-24 18:00,25,0,,9,2.8,0,320,0,73,0,23.1,19.8,1004.4,0,1014.2,0,0,0,.29,0,5,3,ScAc,10,432,,40,25.8,0,26,25.3,23.3,22.9
108,서울,2017-09-24 19:00,23.8,0,,9,3,0,270,0,81,0,23.8,20.3,1005.6,0,1015.4,0,0,0,.02,0,,6,,5,295,,4019,23.4,0,25,25.1,23.4,23
108,서울,2017-09-24 20:00,23.4,0,,9,2,0,320,0,81,0,23.2,19.9,1006.3,0,1016.1,0,,9,,9,,5,,4,274,,19,23.1,0,24.3,24.7,23.4,23.1
108,서울,2017-09-24 21:00,22.6,0,0,0,2.5,0,50,0,65,0,17.7,15.6,1006.3,0,1016.2,0,,9,,9,8,4,ScAc,15,792,,401901,21.8,0,23.9,24.4,23.4,23.2
108,서울,2017-09-24 22:00,21.2,0,,9,1.9,0,90,0,70,0,17.6,15.5,1006,0,1015.9,0,,9,,9,,3,,,1202,,40,19.9,0,23.2,24.1,23.3,23.2
108,서울,2017-09-24 23:00,20.4,0,,9,.9,0,160,0,69,0,16.5,14.5,1004.9,0,1014.9,0,,9,,9,,0,,46,859,,40,18.6,0,22.4,23.8,23.3,23.3
108,서울,2017-09-25 00:00,19.8,0,,9,.9,0,50,0,74,0,17,15,1004.5,0,1014.5,0,,9,,9,3,0,Ci,,976,,40,17.7,0,21.8,23.4,23.1,23.2
108,서울,2017-09-25 01:00,19.3,0,,,.6,0,360,0,75,0,16.7,14.7,1004.7,0,1014.6,0,,9,,9,,0,,,1026,,40,16.9,0,21.2,23,23,23.2
108,서울,2017-09-25 02:00,19.2,0,,,1.5,0,290,0,77,0,17,15,1005.4,0,1015.4,0,,9,,9,,1,,64,909,,19,16.8,0,20.8,22.6,22.8,23.2
108,서울,2017-09-25 03:00,18.8,0,,,.8,0,290,0,77,0,16.6,14.6,1005.4,0,1015.4,0,,9,,9,2,0,Ci,,954,,19,16.3,0,20.5,22.3,22.7,23.2
108,서울,2017-09-25 04:00,18.5,0,,,.3,0,0,0,77,0,16.3,14.3,1005.8,0,1015.8,0,,9,,9,8,8,Sc,10,990,,19,16.5,0,20.1,22.1,22.5,23.1
108,서울,2017-09-25 05:00,18,0,,,1.1,0,50,0,79,0,16.2,14.2,1005.8,0,1015.8,0,,9,,9,0,0,,,952,,19,15.7,0,19.9,21.8,22.4,23.1
108,서울,2017-09-25 06:00,17.5,0,,,1.8,0,70,0,79,0,15.8,13.8,1005.8,0,1015.9,0,,9,,9,5,0,Ci,,915,,19,15.5,0,19.6,21.6,22.2,23
108,서울,2017-09-25 07:00,17.5,0,,,1.8,0,70,0,76,0,15.2,13.2,1006.2,0,1016.3,0,0,0,.07,0,0,0,,,1099,,19,15.9,0,19.5,21.4,22.1,22.9
108,서울,2017-09-25 08:00,19.3,0,,,1.2,0,70,0,67,0,15,13,1006.5,0,1016.5,0,.9,0,.47,0,0,0,,,1173,,,18.8,0,19.8,21.2,21.9,22.8
108,서울,2017-09-25 09:00,21.5,0,,,1.7,0,70,0,64,0,16.3,14.3,1006.4,0,1016.3,0,1,0,1.05,0,0,0,,,783,,40,24.3,0,21,21.2,21.8,22.7
108,서울,2017-09-25 10:00,24.1,0,,,2.3,0,90,0,56,0,16.7,14.7,1006.2,0,1016,0,1,0,1.62,0,1,0,Ci,,908,,40,31.1,0,22.9,21.6,21.7,22.6
108,서울,2017-09-25 11:00,25.8,0,,,1.3,0,50,0,46,0,15.2,13.2,1005.8,0,1015.6,0,1,0,2,0,1,0,Ci,,1705,,40,36.9,0,24.8,22.3,21.7,22.5
108,서울,2017-09-25 12:00,26.9,0,,,1.2,0,290,0,42,0,14.8,12.8,1005.3,0,1015,0,1,0,2.32,0,0,0,,,1644,,,40.8,0,26.8,23.1,21.9,22.5
108,서울,2017-09-25 13:00,28.7,0,,,1.1,0,360,0,38,0,14.9,12.9,1004.2,0,1013.8,0,1,0,2.35,0,1,1,Sc,10,1705,,,42.3,0,28.2,24.1,22.1,22.5
108,서울,2017-09-25 14:00,29,0,,,1.4,0,70,0,36,0,14.4,12.4,1004,0,1013.6,0,1,0,2.25,0,0,0,,,1638,,,41.9,0,29.2,25.1,22.4,22.6
108,서울,2017-09-25 15:00,29.8,0,,,1.3,0,50,0,37,0,15.5,13.5,1003.5,0,1013.1,0,1,0,1.93,0,0,0,,,1596,,,39.4,0,29.7,25.8,22.8,22.6
108,서울,2017-09-25 16:00,29.6,0,,,1.1,0,20,0,39,0,16.1,14.1,1003.4,0,1013,0,1,0,1.42,0,1,0,Ci,,1669,,,35.6,0,29.9,26.3,23.2,22.8
108,서울,2017-09-25 17:00,29,0,,,1,0,70,0,40,0,16,14,1003.4,0,1013,0,1,0,.81,0,0,0,,,1431,,,31,0,29.1,26.6,23.5,22.9
108,서울,2017-09-25 18:00,27.4,0,,,1.8,0,50,0,43,0,15.7,13.7,1003.6,0,1013.3,0,.5,0,.31,0,2,0,Cc,,1666,,,26,0,27.7,26.5,23.8,23.1
108,서울,2017-09-25 19:00,25.5,0,,,.7,0,20,0,50,0,16.3,14.3,1003.5,0,1013.3,0,0,0,.02,0,,0,,,1696,,,23.4,0,26,26.1,23.9,23.2
108,서울,2017-09-25 20:00,24.4,0,,,1.2,0,20,0,53,0,16.1,14.1,1004.2,0,1014,0,,9,,9,,0,,,1677,,,21.7,0,24.7,25.6,24,23.4
108,서울,2017-09-25 21:00,23.7,0,,,1.2,0,50,0,57,0,16.6,14.6,1004.5,0,1014.3,0,,9,,9,4,0,Ci,,1600,,,20.6,0,23.8,25,23.9,23.4
108,서울,2017-09-25 22:00,22.8,0,,,1.7,0,50,0,62,0,17.2,15.1,1004.3,0,1014.1,0,,9,,9,,0,,,1533,,,19.7,0,23.2,24.6,23.8,23.5
108,서울,2017-09-25 23:00,22,0,,,1.4,0,20,0,67,0,17.6,15.5,1004.4,0,1014.3,0,,9,,9,,0,,,1454,,,18.9,0,22.6,24.1,23.7,23.5
108,서울,2017-09-26 00:00,21.7,0,,,1.7,0,70,0,65,0,16.8,14.8,1004.1,0,1014,0,,9,,9,7,6,AcCi,35,1392,,,19.3,0,22.2,23.7,23.5,23.6
108,서울,2017-09-26 01:00,21.3,0,,,2.5,0,70,0,65,0,16.4,14.4,1003.8,0,1013.7,0,,9,,9,,6,,65,1489,,,18.6,0,22,23.4,23.4,23.5
108,서울,2017-09-26 02:00,20.8,0,,,2.3,0,50,0,69,0,16.8,14.8,1003.5,0,1013.4,0,,9,,9,,0,,,1387,,,17.9,0,21.6,23.2,23.2,23.5
108,서울,2017-09-26 03:00,20.4,0,,,1.7,0,70,0,70,0,16.7,14.7,1003.7,0,1013.7,0,,9,,9,0,0,,,1530,,,17.7,0,21.2,22.9,23,23.4
108,서울,2017-09-26 04:00,19.9,0,,,2.5,0,70,0,72,0,16.6,14.6,1003.6,0,1013.6,0,,9,,9,0,0,,,1683,,,17.2,0,20.9,22.6,22.9,23.4
108,서울,2017-09-26 05:00,19.8,0,,,2.2,0,70,0,71,0,16.3,14.3,1003.4,0,1013.4,0,,9,,9,2,0,Ci,,1667,,,17.4,0,20.7,22.4,22.8,23.3
108,서울,2017-09-26 06:00,19.5,0,,,2.2,0,70,0,72,0,16.3,14.3,1003.8,0,1013.7,0,,9,,9,1,0,Ci,,1679,,,17.1,0,20.5,22.2,22.6,23.2
108,서울,2017-09-26 07:00,19.5,0,,,2,0,70,0,72,0,16.3,14.3,1003.9,0,1013.8,0,0,0,.06,0,0,0,,,1665,,,17.4,0,20.4,22,22.5,23.2
108,서울,2017-09-26 08:00,20.8,0,,,1.9,0,70,0,66,0,16.2,14.2,1004.2,0,1014.2,0,1,0,.46,0,0,0,,,1521,,,20,0,20.6,21.9,22.3,23.1
108,서울,2017-09-26 09:00,23,0,,,2.7,0,70,0,61,0,17,15,1004.4,0,1014.2,0,1,0,1.09,0,0,0,,,1535,,,25.3,0,21.9,21.9,22.2,23
108,서울,2017-09-26 10:00,24.9,0,,,2.3,0,70,0,55,0,17.3,15.2,1004.1,0,1013.9,0,1,0,1.68,0,0,0,,,1559,,,32.4,0,24,22.2,22.1,22.9
108,서울,2017-09-26 11:00,26.5,0,,,2.8,0,90,0,50,0,17.3,15.2,1003.6,0,1013.3,0,1,0,2.14,0,1,0,Ci,,1328,,,38.6,0,26.3,22.9,22.2,22.8
108,서울,2017-09-26 12:00,28.7,0,,,2.2,0,50,0,43,0,16.8,14.8,1002.5,0,1012.1,0,1,0,2.37,0,2,0,Ci,,1429,,,43.1,0,28.3,23.9,22.3,22.8
108,서울,2017-09-26 13:00,29.3,0,,,1.8,0,50,0,42,0,17,15,1002,0,1011.6,0,1,0,2.45,0,6,0,Ci,,1574,,,44.6,0,30,24.9,22.5,22.8
108,서울,2017-09-26 14:00,30.7,0,,,1.8,0,50,0,37,0,16.3,14.3,1001.1,0,1010.7,0,1,0,2.36,0,5,3,AcCi,35,1182,,,44.3,0,31.2,25.9,22.9,22.9
108,서울,2017-09-26 15:00,31.1,0,,,1.5,0,160,0,39,0,17.6,15.5,1000.3,0,1009.9,0,1,0,1.85,0,6,3,AcCi,35,1354,,,40.9,0,31.5,26.7,23.3,23
108,서울,2017-09-26 16:00,30.4,0,,,1.2,0,230,0,39,0,16.8,14.8,1000,0,1009.6,0,.7,0,1.2,0,8,5,AcCi,42,1346,,,35.7,0,31,27.2,23.7,23.1
108,서울,2017-09-26 17:00,,9,,,,9,,9,,9,2.8,-10.5,,9,1010.7,0,,9,,9,10,2,ScAs,10,1459,,,,9,,,,
108,서울,2017-09-26 18:00,27.9,0,,9,,9,,9,45,0,16.8,14.8,,9,,9,0,0,,9,10,1,ScAs,10,1512,,,27.8,0,27.9,27,24.3,23.5
108,서울,2017-09-26 19:00,26.4,0,,,,9,,9,60,0,20.6,18,1000.4,0,1010.1,0,0,0,,9,,6,,42,612,,40,26,0,26.8,26.6,24.4,23.6
108,서울,2017-09-26 20:00,25.9,0,,,.3,0,0,0,59,0,19.6,17.2,1000.5,0,1010.2,0,,9,,9,,7,,39,769,,40,24.8,0,26.1,26.2,24.4,23.7
108,서울,2017-09-26 21:00,25.5,0,0,0,1.1,0,20,0,61,0,19.9,17.4,1000.4,0,1010.2,0,,9,,9,10,2,ScAs,10,912,,4001,24,0,25.5,25.8,24.4,23.8
108,서울,2017-09-26 22:00,25,0,0,0,1.3,0,50,0,65,0,20.5,17.9,1000.5,0,1010.3,0,,9,,9,10,3,ScAs,10,957,,4001,22.9,0,25,25.5,24.3,23.9
108,서울,2017-09-26 23:00,24.6,0,0,0,.6,0,360,0,63,0,19.4,17,1000.2,0,1009.9,0,,9,,9,10,3,ScAs,10,868,,4001,22.6,0,24.5,25.1,24.2,23.9
108,서울,2017-09-27 00:00,24.3,0,0,0,.3,0,0,0,65,0,19.6,17.2,999.8,0,1009.5,0,,9,,9,10,4,ScAs,,823,,4001,22.2,0,24.2,24.9,24.1,23.9
108,서울,2017-09-27 01:00,24.1,0,0,0,1.2,0,200,0,70,0,20.9,18.2,999.4,0,1009.1,0,,9,,9,10,4,ScAs,10,745,,4001,21.9,0,23.9,24.7,24,23.9
108,서울,2017-09-27 02:00,23.8,0,0,0,.5,0,250,0,73,0,21.4,18.6,999.1,0,1008.8,0,,9,,9,10,4,ScAs,10,389,,401901,21.6,0,23.7,24.5,23.9,23.9
108,서울,2017-09-27 03:00,23.2,0,.5,0,2.4,0,230,0,75,0,21.3,18.5,999.3,0,1009.1,0,,9,,9,10,5,ScAs,10,323,,1901,21.1,0,23.5,24.3,23.8,23.9
108,서울,2017-09-27 04:00,22.8,0,0,0,1.2,0,250,0,83,0,22.9,19.7,998.9,0,1008.7,0,,9,,9,10,5,ScAs,10,224,,1901,21.1,0,23.3,24.1,23.7,23.8
108,서울,2017-09-27 05:00,22.3,0,0,0,1.2,0,230,0,66,0,17.7,15.6,998.5,0,1008.3,0,,9,,9,10,3,ScAs,10,700,,401901,20.4,0,23,23.9,23.6,23.8
108,서울,2017-09-27 06:00,21.6,0,0,0,2.2,0,140,0,61,0,15.7,13.7,998.4,0,1008.3,0,,9,,9,10,5,ScAs,8,1509,,4001,19.7,0,22.7,23.7,23.5,23.8
108,서울,2017-09-27 07:00,20.9,0,0,0,1.6,0,110,0,55,0,13.6,11.5,998.3,0,1008.2,0,,9,,9,10,3,ScAs,10,2000,,01,19.2,0,22.2,23.5,23.4,23.8
108,서울,2017-09-27 08:00,21,0,,9,1.6,0,70,0,56,0,13.8,11.8,998.5,0,1008.4,0,,9,,9,10,2,ScAs,10,2000,,,20.3,0,22.2,23.4,23.3,23.7
108,서울,2017-09-27 09:00,21.1,0,0,0,1.2,0,360,0,65,0,16.2,14.2,998.6,0,1008.5,0,,9,,9,10,4,ScAs,9,1924,,01,21.5,0,22.3,23.2,23.2,23.7
108,서울,2017-09-27 10:00,22.2,0,0,0,.3,0,0,0,63,0,16.8,14.8,998.3,0,1008.1,0,,9,,9,10,3,ScAs,9,1389,,01,24.2,0,23.2,23.2,23.1,23.6
108,서울,2017-09-27 11:00,23.1,0,0,0,1.2,0,250,0,71,0,20,17.5,997.5,0,1007.3,0,,9,,9,10,3,ScAs,10,723,,1901,26.7,0,23.8,23.4,23.1,23.5
108,서울,2017-09-27 12:00,22.7,0,0,0,4.2,0,290,0,73,0,20.1,17.6,997.5,0,1007.3,0,,9,,9,10,5,ScAs,10,580,,1901,25.7,0,24.2,23.6,23.1,23.5
108,서울,2017-09-27 13:00,23.8,0,,9,2.6,0,290,0,70,0,20.5,17.9,996.5,0,1006.2,0,,9,,9,10,2,ScAs,15,604,,4019,28.5,0,24.9,23.9,23.1,23.5
108,서울,2017-09-27 14:00,25.9,0,,9,2.3,0,270,0,58,0,19.2,16.9,995.7,0,1005.4,0,,9,,9,8,3,ScCi,12,710,,40,34.5,0,26.3,24.2,23.1,23.5
108,서울,2017-09-27 15:00,27.1,0,,9,2.1,0,270,0,58,0,20.8,18.1,995.1,0,1004.7,0,,9,,9,9,3,ScAc,15,903,,40,34,0,27.7,24.8,23.3,23.5
108,서울,2017-09-27 16:00,26.2,0,,9,3.3,0,340,0,59,0,20,17.5,994.8,0,1004.5,0,,9,,9,10,4,ScAs,10,1128,,40,29.2,0,27.3,25.3,23.4,23.5
108,서울,2017-09-27 17:00,25.3,0,,9,2.8,0,340,0,61,0,19.6,17.2,995.3,0,1005,0,,9,,9,9,5,ScAc,15,1206,,,27.6,0,26.3,25.4,23.6,23.5
108,서울,2017-09-27 18:00,24.8,0,,9,2.3,0,340,0,58,0,18.1,15.9,995.9,0,1005.6,0,,9,,9,8,3,ScAc,15,1408,,,25,0,25.7,25.2,23.7,23.6
108,서울,2017-09-27 19:00,23.6,0,,9,2.5,0,340,0,65,0,18.9,16.6,996.8,0,1006.5,0,,9,,9,,4,,,1194,,,22,0,24.7,25,23.8,23.7
108,서울,2017-09-27 20:00,22.5,0,,9,3.4,0,20,0,65,0,17.6,15.5,997.3,0,1007.1,0,,9,,9,,6,,60,1779,,,20.5,0,23.7,24.7,23.8,23.7
108,서울,2017-09-27 21:00,21.5,0,,9,1.8,0,20,0,70,0,17.8,15.7,998,0,1007.9,0,,9,,9,5,0,Ci,,2000,,,19.4,0,23,24.3,23.7,23.7
108,서울,2017-09-27 22:00,20.8,0,,9,2.1,0,50,0,69,0,16.8,14.8,998.1,0,1008,0,,9,,9,,5,,49,2000,,,19,0,22.5,24,23.6,23.8
108,서울,2017-09-27 23:00,20.4,0,,9,1.1,0,70,0,67,0,16,14,998.4,0,1008.3,0,,9,,9,,2,,61,2000,,,18.6,0,22.1,23.6,23.5,23.7
108,서울,2017-09-28 00:00,19.9,0,,9,2.1,0,290,0,71,0,16.4,14.4,998.5,0,1008.4,0,,9,,9,8,0,,,2000,,,18.3,0,21.7,23.3,23.4,23.7
108,서울,2017-09-28 01:00,19.5,0,,,1,0,70,0,70,0,15.8,13.8,998.8,0,1008.7,0,,9,,9,,9,,50,2000,,,18.2,0,21.5,23.1,23.2,23.7
108,서울,2017-09-28 02:00,19.1,0,,,1.4,0,50,0,72,0,15.9,13.9,998.9,0,1008.8,0,,9,,9,,9,,51,2000,,,18,0,21.2,22.9,23.1,23.6
108,서울,2017-09-28 03:00,18.8,0,,,1,0,50,0,74,0,16,14,999,0,1008.9,0,,9,,9,9,0,Ci,,2000,,,17.7,0,21,22.6,23,23.6
108,서울,2017-09-28 04:00,18.5,0,,,1.9,0,290,0,75,0,15.9,13.9,999,0,1008.9,0,,9,,9,9,0,Ci,,2000,,,17.6,0,20.8,22.4,22.9,23.5
108,서울,2017-09-28 05:00,17.8,0,,,2.5,0,320,0,79,0,16.1,14.1,999.3,0,1009.3,0,,9,,9,5,0,Ci,,2000,,,16.5,0,20.5,22.3,22.8,23.5
108,서울,2017-09-28 06:00,17.1,0,,,1.9,0,270,0,82,0,15.9,13.9,999.5,0,1009.5,0,,9,,9,3,2,AcCi,35,2000,,,15.3,0,20,22,22.6,23.4
108,서울,2017-09-28 07:00,16.6,0,,,1.1,0,270,0,83,0,15.6,13.6,1000.1,0,1010.2,0,,9,.04,0,1,1,Ac,35,2000,,,14.8,0,19.5,21.8,22.5,23.3
108,서울,2017-09-28 08:00,17.7,0,,,2.2,0,290,0,69,0,13.9,11.9,1000.5,0,1010.5,0,,9,.34,0,0,0,,,2000,,,17,0,19.4,21.5,22.3,23.2
108,서울,2017-09-28 09:00,19.2,0,,,2.8,0,290,0,56,0,12.4,10.2,1000.7,0,1010.6,0,,9,.76,0,0,0,,,2000,,,22.7,0,20.8,21.4,22.2,23.1
108,서울,2017-09-28 10:00,20.9,0,,,2.9,0,290,0,39,0,9.6,6.4,1000.7,0,1010.6,0,,9,1.06,0,3,3,Ac,34,2000,,,29.4,0,22.6,21.7,22.1,23
108,서울,2017-09-28 11:00,22.1,0,,,2.8,0,270,0,33,0,8.7,5,1000.4,0,1010.2,0,,9,1.44,0,0,0,,,2000,,,35.9,0,24.8,22.2,22,23
108,서울,2017-09-28 12:00,23,0,,,3.7,0,290,0,21,0,5.9,-.5,999.9,0,1009.7,0,,9,1.69,0,7,7,Ac,39,2000,,,39.8,0,26.7,23,22.1,22.9
108,서울,2017-09-28 13:00,24.1,0,,,3.2,0,250,0,26,0,7.7,3.3,999.5,0,1009.2,0,,9,1.61,0,2,2,Ac,35,2000,,,41.2,0,28.1,23.9,22.3,22.9
108,서울,2017-09-28 14:00,24.9,0,,,3.5,0,250,0,30,0,9.4,6.1,999,0,1008.8,0,,9,1.58,0,0,0,,,1996,,,40.8,0,29.2,24.7,22.6,22.9
108,서울,2017-09-28 15:00,24.1,0,,,5.3,0,270,0,35,0,10.4,7.6,998.7,0,1008.4,0,,9,1.37,0,1,1,Sc,18,2000,,,36.3,0,29.5,25.4,22.9,23
108,서울,2017-09-28 16:00,23.8,0,,,3.8,0,250,0,38,0,11.2,8.6,998.6,0,1008.3,0,,9,.97,0,3,3,Sc,13,1973,,,31.6,0,28.8,25.9,23.2,23.1
108,서울,2017-09-28 17:00,22.6,0,,,5.2,0,270,0,38,0,10.4,7.5,999,0,1008.8,0,1,0,.68,0,0,0,,,2000,,,25.7,0,27.5,25.9,23.5,23.2
108,서울,2017-09-28 18:00,20.4,0,,,3.9,0,270,0,42,0,10,7,999.6,0,1009.5,0,1,0,.25,0,0,0,,,2000,,,21.3,0,25.5,25.7,23.7,23.3
108,서울,2017-09-28 19:00,19.1,0,,,2.9,0,270,0,46,0,10.1,7.1,1000,0,1009.9,0,0,0,.02,0,,0,,,2000,,,18.6,0,23.8,25.1,23.7,23.4
108,서울,2017-09-28 20:00,18.3,0,,,4.1,0,290,0,39,0,8.1,4,1001.1,0,1011.1,0,,9,,9,,0,,,2000,,,17.1,0,22.6,24.5,23.7,23.5
108,서울,2017-09-28 21:00,16.6,0,,,3.8,0,290,0,36,0,6.8,1.4,1002.5,0,1012.6,0,,9,,9,0,0,,,2000,,,15.4,0,21.6,23.9,23.6,23.5
108,서울,2017-09-28 22:00,15.7,0,,,3.2,0,340,0,41,0,7.3,2.4,1003.1,0,1013.2,0,,9,,9,,0,,,2000,,,14.2,0,20.7,23.3,23.4,23.5
108,서울,2017-09-28 23:00,14.7,0,,,1,0,230,0,43,0,7.2,2.2,1003.5,0,1013.7,0,,9,,9,,0,,,2000,,,12.7,0,19.8,22.8,23.2,23.5
108,서울,2017-09-29 00:00,14.3,0,,,1.9,0,270,0,47,0,7.6,3.1,1003.8,0,1014,0,,9,,9,0,0,,,2000,,,12,0,19,22.3,23,23.5
108,서울,2017-09-29 01:00,13.9,0,,,1.6,0,270,0,48,0,7.6,3,1004.3,0,1014.5,0,,9,,9,,0,,,2000,,,11.5,0,18.6,21.8,22.8,23.4
108,서울,2017-09-29 02:00,13.8,0,,,1.8,0,270,0,48,0,7.5,2.9,1005,0,1015.2,0,,9,,9,,0,,,2000,,,11.1,0,18.1,21.4,22.5,23.3
108,서울,2017-09-29 03:00,13.1,0,,,1.1,0,290,0,51,0,7.6,3.1,1005.3,0,1015.5,0,,9,,9,0,0,,,2000,,,10.1,0,17.5,21,22.3,23.2
108,서울,2017-09-29 04:00,12.3,0,,,.8,0,320,0,58,0,8.2,4.2,1005.3,0,1015.6,0,,9,,9,0,0,,,2000,,,9.3,0,16.9,20.6,22.1,23.1
108,서울,2017-09-29 05:00,11.7,0,,,.9,0,270,0,61,0,8.4,4.4,1005.9,0,1016.2,0,,9,,9,0,0,,,2000,,,8.6,0,16.4,20.2,21.9,23
108,서울,2017-09-29 06:00,11.4,0,,,1.1,0,290,0,60,0,8,3.8,1006.4,0,1016.7,0,,9,,9,0,0,,,2000,,,8.2,0,15.9,19.8,21.6,22.9
108,서울,2017-09-29 07:00,11.3,0,,,.2,0,0,0,54,0,7.2,2.3,1006.8,0,1017.2,0,.3,0,.15,0,0,0,,,2000,,,8.3,0,15.6,19.5,21.4,22.8
108,서울,2017-09-29 08:00,13.4,0,,,0,0,0,0,35,0,5.4,-1.7,1007.4,0,1017.7,0,1,0,1.1,0,1,0,Ci,,2000,,,10.9,0,15.6,19.2,21.2,22.6
108,서울,2017-09-29 09:00,16.7,0,,,1.3,0,250,0,27,0,5.1,-2.4,1007.9,0,1018,0,1,0,1.53,0,2,0,Ci,,1973,,,19.3,0,17.5,19,20.9,22.4
108,서울,2017-09-29 10:00,18.7,0,,,1.4,0,290,0,28,0,6,-.2,1008.1,0,1018.1,0,1,0,1.43,0,4,0,Ci,,2000,,,26.3,0,20.3,19.4,20.8,22.3
108,서울,2017-09-29 11:00,20.4,0,,,2.4,0,270,0,27,0,6.4,.7,1007.9,0,1017.9,0,1,0,1.67,0,3,0,Ci,,2000,,,34.7,0,22.8,20.1,20.7,22.2
108,서울,2017-09-29 12:00,22,0,,,2.6,0,200,0,26,0,6.8,1.5,1007.4,0,1017.3,0,1,0,1.68,0,4,0,Ci,,2000,,,38.9,0,25.1,21.1,20.8,22.1
108,서울,2017-09-29 13:00,22.7,0,,,3.2,0,250,0,25,0,6.9,1.6,1007.1,0,1017,0,1,0,1.66,0,4,0,Ci,,2000,,,40.6,0,26.8,22.2,21,22.1
108,서울,2017-09-29 14:00,23,0,,,4,0,250,0,27,0,7.5,2.9,1006.7,0,1016.6,0,1,0,1.7,0,3,0,Ci,,2000,,,39.5,0,27.9,23.2,21.3,22.1
108,서울,2017-09-29 15:00,22.4,0,,,4.2,0,270,0,27,0,7.3,2.4,1006.8,0,1016.7,0,1,0,1.43,0,7,0,Ci,,2000,,,35.4,0,28,24,21.7,22.1
108,서울,2017-09-29 16:00,21.3,0,,,3.5,0,230,0,29,0,7.3,2.5,1006.9,0,1016.9,0,.9,0,.84,0,8,0,Ci,,2000,,,29.6,0,27,24.5,22.1,22.2
108,서울,2017-09-29 17:00,20.4,0,,,2.5,0,230,0,32,0,7.6,3.1,1006.7,0,1016.7,0,.4,0,.35,0,8,0,Ci,,2000,,,25.1,0,25.3,24.4,22.4,22.3
108,서울,2017-09-29 18:00,19.5,0,,,4,0,230,0,30,0,6.8,1.4,1007.4,0,1017.4,0,.9,0,.19,0,8,0,Ci,,2000,,,20.8,0,23.9,24.2,22.6,22.5
108,서울,2017-09-29 19:00,18.4,0,,,1.9,0,250,0,33,0,7,1.8,1007.9,0,1017.9,0,0,0,.02,0,,0,,,2000,,,17.4,0,22.4,23.7,22.6,22.6
108,서울,2017-09-29 20:00,17.9,0,,,2.3,0,230,0,42,0,8.5,4.7,1008.2,0,1018.3,0,,9,,9,,0,,,2000,,,16,0,21.3,23.2,22.6,22.6
108,서울,2017-09-29 21:00,17.6,0,,,2.8,0,230,0,42,0,8.4,4.5,1008.9,0,1019,0,,9,,9,4,0,Ci,,2000,,,15.1,0,20.5,22.7,22.5,22.7
108,서울,2017-09-29 22:00,17.3,0,,,2.5,0,230,0,45,0,8.8,5.2,1009.5,0,1019.6,0,,9,,9,,0,,,2000,,,14.6,0,19.9,22.2,22.4,22.7
108,서울,2017-09-29 23:00,17,0,,,2.5,0,230,0,46,0,8.8,5.2,1009.8,0,1019.9,0,,9,,9,,0,,,2000,,,14.1,0,19.4,21.8,22.2,22.7
108,서울,2017-09-30 00:00,16.6,0,,,1.4,0,230,0,51,0,9.6,6.4,1009.6,0,1019.8,0,,9,,9,0,0,,,2000,,,13.5,0,19,21.5,22.1,22.7
108,서울,2017-09-30 01:00,16.7,0,,,1.6,0,230,0,55,0,10.4,7.6,1009.5,0,1019.6,0,,9,,9,,0,,,2000,,,13.6,0,18.7,21.1,21.9,22.6
108,서울,2017-09-30 02:00,16.6,0,,,2,0,200,0,60,0,11.2,8.7,1009.6,0,1019.8,0,,9,,9,,0,,,2000,,,13.4,0,18.5,20.8,21.7,22.5
108,서울,2017-09-30 03:00,16.5,0,,,1.2,0,200,0,62,0,11.6,9.1,1010,0,1020.2,0,,9,,9,0,0,,,2000,,,13.2,0,18.3,20.6,21.6,22.5
108,서울,2017-09-30 04:00,16.2,0,,,1,0,20,0,68,0,12.4,10.2,1010.4,0,1020.6,0,,9,,9,4,4,Sc,10,2000,,,13.5,0,18.1,20.4,21.4,22.4
108,서울,2017-09-30 05:00,15.5,0,,,1,0,20,0,67,0,11.7,9.3,1010.5,0,1020.7,0,,9,,9,3,3,Sc,9,2000,,,13.2,0,18,20.2,21.3,22.3
108,서울,2017-09-30 06:00,14.9,0,,,1.4,0,20,0,68,0,11.5,9,1010.7,0,1021,0,,9,,9,4,4,Sc,10,2000,,,12.9,0,17.6,20,21.2,22.3
108,서울,2017-09-30 07:00,14.7,0,,,1,0,20,0,67,0,11.2,8.6,1011.5,0,1021.7,0,0,0,.03,0,5,5,Sc,10,2000,,,13.5,0,17.4,19.9,21.1,22.2
108,서울,2017-09-30 08:00,16,0,,,1.9,0,70,0,62,0,11.2,8.7,1012.1,0,1022.3,0,0,0,.12,0,7,7,Sc,10,2000,,,16.8,0,18,19.7,20.9,22.1
108,서울,2017-09-30 09:00,17.6,0,,,1.4,0,20,0,58,0,11.6,9.2,1012.4,0,1022.5,0,0,0,.29,0,7,7,Sc,10,2000,,,20.3,0,18.8,19.8,20.8,22
108,서울,2017-09-30 10:00,20.8,0,,,1.1,0,110,0,55,0,13.5,11.4,1012.5,0,1022.5,0,.7,0,.79,0,1,1,Sc,10,1998,,,28,0,20.4,20,20.7,21.9
108,서울,2017-09-30 11:00,22.5,0,,,1.1,0,160,0,57,0,15.5,13.5,1012.3,0,1022.2,0,.8,0,1.05,0,6,6,Sc,8,1914,,,30.2,0,22.9,20.6,20.7,21.8
108,서울,2017-09-30 12:00,22.6,0,,,1,0,180,0,59,0,16.1,14.1,1011.8,0,1021.7,0,0,0,.49,0,9,9,Sc,9,1716,,,28.6,0,23.2,21.3,20.8,21.8
108,서울,2017-09-30 13:00,23.3,0,,,1.4,0,70,0,54,0,15.4,13.4,1011.4,0,1021.3,0,.4,0,.47,0,8,8,Sc,9,1950,,,29.5,0,23.4,21.8,21,21.8
108,서울,2017-09-30 14:00,23.5,0,,,1.3,0,70,0,56,0,16.2,14.2,1011,0,1020.9,0,.3,0,.43,0,8,8,Sc,9,1643,,,27.9,0,23.9,22.2,21.1,21.8
108,서울,2017-09-30 15:00,25.7,0,,,3.6,0,200,0,54,0,17.7,15.6,1010.9,0,1020.7,0,1,0,1.09,0,5,5,Sc,10,1315,,,33.6,0,25.6,22.5,21.3,21.8
108,서울,2017-09-30 16:00,25.3,0,,,2.4,0,250,0,52,0,16.7,14.7,1010.7,0,1020.6,0,.9,0,.67,0,3,3,Sc,10,1506,,,30.3,0,25.6,23.1,21.5,21.8
108,서울,2017-09-30 17:00,25,0,,,2,0,250,0,53,0,16.7,14.7,1010.7,0,1020.6,0,1,0,.5,0,1,1,Sc,11,1521,,,26.5,0,25.4,23.4,21.7,21.9
108,서울,2017-09-30 18:00,23.7,0,,,1.5,0,200,0,59,0,17.3,15.2,1010.4,0,1020.3,0,.7,0,.17,0,0,0,,,1391,,,22.6,0,24.3,23.5,21.9,22
108,서울,2017-09-30 19:00,22.3,0,,,1.6,0,250,0,65,0,17.4,15.3,1010.6,0,1020.5,0,0,0,.01,0,,0,,,1258,,,19.9,0,22.9,23.3,22,22.1
108,서울,2017-09-30 20:00,21.5,0,,,1.5,0,290,0,69,0,17.6,15.5,1010.9,0,1020.9,0,,9,,9,,0,,,1070,,,18.3,0,21.9,22.9,22.1,22.1
108,서울,2017-09-30 21:00,20.3,0,,,1.5,0,270,0,76,0,18.1,15.9,1011.4,0,1021.5,0,,9,,9,0,0,,,826,,40,17.2,0,21.2,22.5,22.1,22.2
108,서울,2017-09-30 22:00,19.7,0,,,.7,0,270,0,79,0,18.1,15.9,1011.5,0,1021.5,0,,9,,9,,0,,,708,,40,16.2,0,20.5,22.2,22,22.2
108,서울,2017-09-30 23:00,19.1,0,,,.6,0,340,0,81,0,17.8,15.7,1011.6,0,1021.6,0,,9,,9,,0,,,606,,4019,15.6,0,20,21.8,21.9,22.2
108,서울,2017-10-01 00:00,18.4,0,,,1.3,0,70,0,83,0,17.5,15.4,1011.3,0,1021.4,0,,9,,9,3,0,Ci,,513,,19,15.1,0,19.5,21.5,21.8,22.3
108,서울,2017-10-01 01:00,18,0,,,1.6,0,70,0,81,0,16.6,14.6,1011,0,1021.1,0,,9,,9,,0,,,582,,19,15.2,0,19.3,21.2,21.7,22.2
108,서울,2017-10-01 02:00,17.9,0,,,1.8,0,50,0,81,0,16.5,14.5,1009.9,0,1020,0,,9,,9,,0,,,561,,19,15.5,0,19.1,21,21.5,22.2
108,서울,2017-10-01 03:00,17.7,0,,,1.8,0,70,0,80,0,16.1,14.1,1009.8,0,1019.9,0,,9,,9,4,0,Ci,,532,,19,15.2,0,19,20.8,21.4,22.2
108,서울,2017-10-01 04:00,17.5,0,,,1.3,0,70,0,79,0,15.8,13.8,1009.4,0,1019.5,0,,9,,9,9,0,Ci,,604,,19,15.4,0,18.8,20.6,21.3,22.1
108,서울,2017-10-01 05:00,17.3,0,,,1.9,0,70,0,79,0,15.6,13.6,1009.1,0,1019.2,0,,9,,9,9,0,Ci,,628,,19,15.5,0,18.7,20.5,21.2,22
108,서울,2017-10-01 06:00,17.4,0,,,2,0,70,0,77,0,15.3,13.3,1008.5,0,1018.6,0,,9,,9,9,0,Ci,,736,,19,15.7,0,18.7,20.4,21.1,22
108,서울,2017-10-01 07:00,17.3,0,,,2.7,0,70,0,77,0,15.2,13.2,1008.5,0,1018.6,0,0,0,.01,0,9,0,Ci,,858,,19,15.8,0,18.6,20.3,21,21.9
108,서울,2017-10-01 08:00,17.6,0,,,2.3,0,70,0,72,0,14.4,12.4,1008.8,0,1018.9,0,0,0,.08,0,9,0,Cs,,1030,,19,17.1,0,18.8,20.2,20.9,21.9
108,서울,2017-10-01 09:00,19.3,0,,,1.5,0,70,0,63,0,14,12,1008.8,0,1018.8,0,.1,0,.39,0,9,0,Cs,,1248,,,22.2,0,19.4,20.2,20.9,21.8
108,서울,2017-10-01 10:00,20.5,0,,,1.8,0,70,0,62,0,14.9,12.9,1008.9,0,1018.9,0,.5,0,.53,0,9,9,As,30,1379,,,22.9,0,20.8,20.4,20.8,21.7
108,서울,2017-10-01 11:00,20.5,0,0,0,1.4,0,70,0,59,0,14.2,12.2,1008.5,0,1018.5,0,0,0,.25,0,10,2,ScAs,15,1502,,01,22.7,0,21,20.7,20.8,21.7
108,서울,2017-10-01 12:00,21.1,0,0,0,1.3,0,20,0,59,0,14.7,12.7,1008.7,0,1018.7,0,0,0,.33,0,10,2,ScAs,11,1472,,01,23.8,0,21.4,20.9,20.9,21.7
108,서울,2017-10-01 13:00,19.5,0,.4,0,3.6,0,270,0,65,0,14.7,12.7,1008.9,0,1018.9,0,0,0,.24,0,10,4,ScAs,11,1412,,01,20,0,21.2,21.1,20.9,21.7
108,서울,2017-10-01 14:00,18.8,0,1.1,0,1.3,0,250,0,73,0,15.8,13.8,1008.2,0,1018.2,0,0,0,.25,0,10,4,StNs,8,1105,,01,20.8,0,20.7,21.2,21,21.7
108,서울,2017-10-01 15:00,19.1,0,0,0,1.2,0,50,0,77,0,16.9,14.9,1006.7,0,1016.7,0,0,0,.35,0,10,4,ScAs,10,1061,,01,21.6,0,21,21.2,21,21.6
108,서울,2017-10-01 16:00,18.5,0,0,0,2.5,0,90,0,73,0,15.5,13.5,1004.6,0,1014.6,0,0,0,.23,0,10,4,ScAs,10,1224,,01,19.8,0,20.8,21.2,21.1,21.7
108,서울,2017-10-01 17:00,18.8,0,0,0,2.7,0,70,0,70,0,15.2,13.2,1003.8,0,1013.8,0,0,0,.27,0,9,2,ScAs,11,1784,,01,19.5,0,20.6,21.2,21.1,21.7
108,서울,2017-10-01 18:00,18.5,0,,9,1.6,0,50,0,67,0,14.2,12.2,1004.3,0,1014.3,0,0,0,.13,0,9,8,AcCi,46,1943,,,18,0,20.2,21.2,21.1,21.7
108,서울,2017-10-01 19:00,18.3,0,,9,3.9,0,50,0,67,0,14,12,1004.7,0,1014.7,0,0,0,0,0,,5,,16,1992,,,17.2,0,19.8,21,21.1,21.7
108,서울,2017-10-01 20:00,17.4,0,.5,0,3.3,0,70,0,78,0,15.5,13.5,1004.9,0,1015,0,,9,,9,10,5,ScAs,17,1349,,01,16.7,0,19.3,20.8,21.1,21.7
108,서울,2017-10-01 21:00,16.5,0,0,0,3.9,0,70,0,83,0,15.5,13.5,1004.5,0,1014.6,0,,9,,9,10,6,ScAs,14,1062,,01,16.2,0,18.9,20.6,21,21.7
108,서울,2017-10-01 22:00,15.7,0,.5,0,3.7,0,70,0,89,0,15.8,13.8,1004,0,1014.2,0,,9,,9,10,6,StNs,7,674,,1901,15.9,0,18.6,20.4,20.9,21.7
108,서울,2017-10-01 23:00,15.5,0,.5,0,3.9,0,70,0,91,0,16,14,1003.6,0,1013.8,0,,9,,9,10,7,StNs,7,445,,1901,15.8,0,18.4,20.2,20.9,21.6
108,서울,2017-10-02 00:00,15.6,0,1,0,3.8,0,70,0,92,0,16.2,14.2,1002.8,0,1012.9,0,,9,,9,10,8,,,350,,1901,15.9,0,18.2,20.1,20.8,21.6
108,서울,2017-10-02 01:00,15.9,0,.5,0,3.4,0,70,0,93,0,16.7,14.7,1002,0,1012.1,0,,9,,9,10,8,StNs,6,412,,1901,16.1,0,18.1,19.9,20.7,21.5
108,서울,2017-10-02 02:00,16.1,0,.5,0,2.6,0,70,0,93,0,16.9,14.9,1001.3,0,1011.4,0,,9,,9,10,7,StNs,6,349,,1901,16.3,0,18.1,19.7,20.6,21.5
108,서울,2017-10-02 03:00,16.3,0,.5,0,2.8,0,70,0,93,0,17.2,15.1,1000.8,0,1010.9,0,,9,,9,10,6,ScAs,10,1143,,1901,16.4,0,18.1,19.7,20.5,21.5
108,서울,2017-10-02 04:00,16.5,0,0,0,2.4,0,70,0,92,0,17.2,15.1,1000.4,0,1010.5,0,,9,,9,10,6,ScAs,10,1948,,01,16.5,0,18.1,19.6,20.4,21.4
108,서울,2017-10-02 05:00,16.7,0,,9,.4,0,0,0,89,0,16.8,14.8,1000.5,0,1010.6,0,,9,,9,9,8,ScAs,8,2000,,,16.8,0,18.3,19.5,20.3,21.3
108,서울,2017-10-02 06:00,17,0,,9,.8,0,200,0,90,0,17.4,15.3,1000.6,0,1010.6,0,,9,,9,9,9,Sc,10,2000,,,17,0,18.4,19.5,20.3,21.3
108,서울,2017-10-02 07:00,16.9,0,,9,.9,0,70,0,87,0,16.7,14.7,1000.7,0,1010.7,0,0,0,.02,0,9,9,Sc,11,1976,,,17.1,0,18.4,19.5,20.3,21.3
108,서울,2017-10-02 08:00,17.8,0,,9,1.7,0,70,0,77,0,15.7,13.7,1000.7,0,1010.7,0,.3,0,.2,0,2,2,Sc,15,2000,,,17.2,0,18.5,19.5,20.2,21.2
108,서울,2017-10-02 09:00,20.5,0,,9,2,0,90,0,69,0,16.6,14.6,1000.9,0,1010.8,0,1,0,.73,0,1,1,Sc,15,1951,,,21.7,0,19.9,19.5,20.1,21.1
108,서울,2017-10-02 10:00,23.1,0,,9,1.9,0,90,0,62,0,17.5,15.4,1001,0,1010.8,0,1,0,1.11,0,0,0,,,2000,,,26.8,0,22.2,20,20.1,21
108,서울,2017-10-02 11:00,24.9,0,,9,1.6,0,50,0,52,0,16.3,14.3,1000.7,0,1010.5,0,1,0,1.41,0,0,0,,,2000,,,30.6,0,24.6,20.9,20.2,21
108,서울,2017-10-02 12:00,26.4,0,,9,2.2,0,70,0,47,0,16.1,14.1,1000.5,0,1010.2,0,1,0,1.58,0,1,1,Sc,10,2000,,,32.5,0,26.9,22,20.4,21
108,서울,2017-10-02 13:00,27.4,0,,9,3.7,0,50,0,44,0,16,14,1000.3,0,1010,0,1,0,1.62,0,0,0,,,2000,,,32.3,0,28.4,23.2,20.8,21.1
108,서울,2017-10-02 14:00,28,0,,9,2.5,0,20,0,40,0,15.1,13.1,999.4,0,1009,0,1,0,1.5,0,0,0,,,2000,,,31.9,0,29.3,24.2,21.2,21.2
108,서울,2017-10-02 15:00,29,0,,9,1.5,0,20,0,35,0,13.9,11.9,999.4,0,1009,0,1,0,1.29,0,0,0,,,2000,,,30.4,0,29.6,24.9,21.6,21.3
108,서울,2017-10-02 16:00,28.9,0,,9,3.1,0,320,0,35,0,13.8,11.8,999.7,0,1009.3,0,1,0,.96,0,0,0,,,2000,,,27.3,0,29.1,25.4,22,21.5
108,서울,2017-10-02 17:00,27.7,0,,9,2.8,0,360,0,40,0,14.8,12.8,999.6,0,1009.2,0,1,0,.58,0,0,0,,,2000,,,24.1,0,27.9,25.5,22.4,21.7
108,서울,2017-10-02 18:00,25.8,0,,9,3.4,0,340,0,47,0,15.6,13.6,1000.8,0,1010.5,0,.9,0,.19,0,0,0,,,2000,,,21.7,0,26,25.2,22.7,21.9
108,서울,2017-10-02 19:00,24.4,0,,9,1.9,0,340,0,53,0,16.1,14.1,1001.1,0,1010.8,0,0,0,.01,0,,0,,,2000,,,20.2,0,24.2,24.6,22.8,22
108,서울,2017-10-02 20:00,23,0,,9,4.3,0,320,0,59,0,16.5,14.5,1002.3,0,1012.1,0,,9,,9,,0,,,2000,,,19,0,22.8,24,22.8,22.2
108,서울,2017-10-02 21:00,21.9,0,,9,4.8,0,340,0,57,0,14.9,12.9,1003.3,0,1013.2,0,,9,,9,0,0,,,2000,,,18.1,0,22,23.4,22.7,22.3
108,서울,2017-10-02 22:00,21,0,,9,1.9,0,320,0,58,0,14.4,12.4,1003.7,0,1013.6,0,,9,,9,,0,,,1996,,,17.4,0,21.3,22.8,22.5,22.3
108,서울,2017-10-02 23:00,20,0,,9,1.7,0,270,0,63,0,14.7,12.7,1003.6,0,1013.6,0,,9,,9,,0,,,2000,,,16.6,0,20.5,22.4,22.4,22.3
108,서울,2017-10-03 00:00,19,0,,9,3.5,0,290,0,60,0,13.1,11,1003.7,0,1013.7,0,,9,,9,0,0,,,2000,,,15.6,0,19.9,21.9,22.2,22.3
108,서울,2017-10-03 01:00,17.7,0,,,2.6,0,320,0,60,0,12.1,9.8,1004.4,0,1014.4,0,,9,,9,,0,,,2000,,,14.7,0,19.3,21.5,22,22.3
108,서울,2017-10-03 02:00,16.6,0,,,1.4,0,290,0,59,0,11.1,8.5,1005.2,0,1015.3,0,,9,,9,,0,,,2000,,,13.9,0,18.6,21.1,21.8,22.2
108,서울,2017-10-03 03:00,15.7,0,,,2,0,290,0,61,0,10.8,8.1,1005,0,1015.2,0,,9,,9,0,0,,,2000,,,13.1,0,17.9,20.6,21.6,22.2
108,서울,2017-10-03 04:00,15.2,0,,,2.1,0,270,0,64,0,11,8.4,1005.3,0,1015.5,0,,9,,9,1,0,Ci,,2000,,,12.5,0,17.3,20.2,21.4,22.1
108,서울,2017-10-03 05:00,14.5,0,,,2.5,0,290,0,54,0,8.8,5.2,1005.7,0,1015.9,0,,9,,9,3,0,Ci,,2000,,,11.9,0,16.8,19.8,21.2,22
108,서울,2017-10-03 06:00,14.1,0,,,2.8,0,290,0,49,0,7.8,3.5,1006.5,0,1016.7,0,,9,,9,1,0,Ci,,2000,,,11.4,0,16.4,19.4,21,21.9
108,서울,2017-10-03 07:00,13.4,0,,,1.4,0,290,0,56,0,8.5,4.7,1007.1,0,1017.4,0,0,0,.03,0,3,0,Ci,,2000,,,11.5,0,16,19.1,20.8,21.8
108,서울,2017-10-03 08:00,14.1,0,,,2.3,0,290,0,48,0,7.7,3.2,1008.3,0,1018.5,0,1,0,.3,0,7,4,AcCi,35,2000,,,12.4,0,16.1,18.8,20.5,21.7
108,서울,2017-10-03 09:00,16,0,,,2.5,0,290,0,47,0,8.5,4.6,1008.8,0,1019,0,1,0,.66,0,7,0,Ci,,2000,,,17.5,0,17.6,18.7,20.3,21.6
108,서울,2017-10-03 10:00,19,0,,,.8,0,290,0,45,0,9.8,6.7,1008.8,0,1018.8,0,1,0,1.02,0,8,8,Ac,35,2000,,,23,0,19.9,19,20.2,21.4
108,서울,2017-10-03 11:00,20.3,0,,,1.4,0,20,0,56,0,13.3,11.2,1008.6,0,1018.6,0,.9,0,.72,0,9,9,Sc,9,2000,,,22.1,0,21.2,19.7,20.1,21.4
108,서울,2017-10-03 12:00,21.8,0,,,1.8,0,270,0,46,0,11.9,9.6,1008.3,0,1018.2,0,.7,0,1,0,9,6,ScAcCi,9,2000,,,28.3,0,22.5,20.3,20.2,21.3
108,서울,2017-10-03 13:00,22.7,0,,,1.1,0,180,0,53,0,14.6,12.6,1007.5,0,1017.4,0,.9,0,1.08,0,9,7,ScAc,10,1982,,,28.8,0,24.1,21.1,20.4,21.2
108,서울,2017-10-03 14:00,23.2,0,,,.9,0,20,0,48,0,13.6,11.5,1007.1,0,1016.9,0,.7,0,.9,0,8,5,ScAc,11,2000,,,29.7,0,24.6,21.8,20.6,21.2
108,서울,2017-10-03 15:00,22.9,0,,,2.4,0,270,0,51,0,14.2,12.2,1007,0,1016.9,0,.5,0,.78,0,9,9,Sc,10,2000,,,27.1,0,24.8,22.4,20.8,21.3
108,서울,2017-10-03 16:00,21.7,0,,,2.4,0,270,0,55,0,14.2,12.2,1006.9,0,1016.8,0,0,0,.38,0,10,3,ScAs,11,2000,,,24.2,0,24,22.7,21.1,21.3
108,서울,2017-10-03 17:00,20.7,0,,,3.1,0,270,0,55,0,13.4,11.3,1007.5,0,1017.5,0,0,0,.23,0,10,3,ScAs,12,2000,,,22,0,23,22.7,21.3,21.4
108,서울,2017-10-03 18:00,19.5,0,,,4.1,0,320,0,47,0,10.6,7.8,1008.2,0,1018.2,0,0,0,.09,0,10,4,ScAs,12,2000,,,19.6,0,22,22.4,21.4,21.5
108,서울,2017-10-03 19:00,18,0,,,3.6,0,320,0,46,0,9.4,6.1,1008.7,0,1018.8,0,0,0,0,0,,1,,14,2000,,,17.6,0,20.9,22,21.5,21.6
108,서울,2017-10-03 20:00,17.2,0,,,4.5,0,320,0,47,0,9.2,5.7,1009.7,0,1019.8,0,,9,,9,,8,,58,2000,,,16.3,0,20,21.6,21.4,21.6
108,서울,2017-10-03 21:00,16.5,0,,,3.1,0,290,0,48,0,9,5.4,1010.1,0,1020.3,0,,9,,9,8,2,ScCi,14,2000,,,15.2,0,19.2,21.1,21.4,21.7
108,서울,2017-10-03 22:00,16,0,,,3.2,0,320,0,47,0,8.5,4.6,1010.7,0,1020.9,0,,9,,9,,3,,15,1967,,,14.4,0,18.6,20.7,21.2,21.7
108,서울,2017-10-03 23:00,15.1,0,,,2.1,0,320,0,47,0,8,3.8,1011.2,0,1021.5,0,,9,,9,,6,,14,2000,,,13.6,0,18,20.3,21.1,21.6
108,서울,2017-10-04 00:00,14.1,0,,,1.2,0,290,0,49,0,7.8,3.5,1011.4,0,1021.7,0,,9,,9,2,0,Ci,,2000,,,12.3,0,17.3,19.9,20.9,21.6
108,서울,2017-10-04 01:00,13.4,0,,,1.8,0,290,0,49,0,7.5,2.8,1011.7,0,1022,0,,9,,9,,6,,15,2000,,,11.6,0,16.7,19.5,20.7,21.5
108,서울,2017-10-04 02:00,12.5,0,,,2,0,270,0,49,0,7.1,2,1012.1,0,1022.4,0,,9,,9,,0,,,2000,,,11.2,0,16.1,19.1,20.6,21.5
108,서울,2017-10-04 03:00,12.1,0,,,1.2,0,290,0,52,0,7.3,2.5,1011.9,0,1022.3,0,,9,,9,7,1,ScCi,15,2000,,,10.8,0,15.8,18.7,20.4,21.4
108,서울,2017-10-04 04:00,11.6,0,,,1.5,0,270,0,56,0,7.6,3.1,1012.2,0,1022.6,0,,9,,9,2,0,Ci,,2000,,,10.1,0,15.4,18.4,20.2,21.3
108,서울,2017-10-04 05:00,11.2,0,,,1.6,0,270,0,59,0,7.8,3.4,1012.9,0,1023.3,0,,9,,9,2,0,Ci,,2000,,,9.5,0,14.9,18.1,19.9,21.2
108,서울,2017-10-04 06:00,10.8,0,,,.5,0,360,0,61,0,7.8,3.5,1013.1,0,1023.5,0,,9,,9,4,1,ScCi,15,2000,,,8.9,0,14.5,17.8,19.8,21.1
108,서울,2017-10-04 07:00,10.7,0,,,1.2,0,270,0,65,0,8.3,4.3,1013.7,0,1024.2,0,0,0,.02,0,4,1,ScCi,15,2000,,,8.9,0,14.1,17.5,19.6,21
108,서울,2017-10-04 08:00,11.8,0,,,.4,0,0,0,54,0,7.4,2.7,1014.3,0,1024.7,0,.7,0,.29,0,6,0,Ci,,2000,,,10.3,0,14.2,17.2,19.4,20.8
108,서울,2017-10-04 09:00,15.2,0,,,2.4,0,70,0,47,0,8.1,3.9,1014.5,0,1024.8,0,1,0,.57,0,7,0,Ci,,2000,,,15.6,0,15.6,17.1,19.2,20.7
108,서울,2017-10-04 10:00,18,0,,,2.4,0,50,0,43,0,8.8,5.2,1014.8,0,1024.9,0,1,0,1.16,0,6,0,Ci,,2000,,,23.1,0,18.5,17.5,19,20.6
108,서울,2017-10-04 11:00,19.9,0,,,2.3,0,90,0,41,0,9.5,6.2,1014.4,0,1024.5,0,1,0,1.42,0,7,0,Ci,,2000,,,29.1,0,21.2,18.3,19,20.5
108,서울,2017-10-04 12:00,21.7,0,,,1.9,0,90,0,38,0,9.8,6.7,1013.6,0,1023.6,0,1,0,1.58,0,7,0,Ci,,1987,,,33,0,23.6,19.4,19.2,20.4
108,서울,2017-10-04 13:00,23.6,0,,,1.9,0,110,0,34,0,9.9,6.8,1012.8,0,1022.7,0,1,0,1.63,0,7,1,ScCi,15,1985,,,35.1,0,25.6,20.6,19.4,20.4
108,서울,2017-10-04 14:00,24.2,0,,,1.4,0,250,0,33,0,9.9,6.8,1012.1,0,1021.9,0,1,0,1.53,0,6,3,ScCi,16,2000,,,34.9,0,26.8,21.8,19.7,20.4
108,서울,2017-10-04 15:00,22.7,0,,,1.3,0,340,0,36,0,9.9,6.8,1012,0,1021.9,0,.8,0,.84,0,8,5,ScCi,17,2000,,,28.5,0,26.3,22.7,20.2,20.5
108,서울,2017-10-04 16:00,22.3,0,,,.4,0,0,0,34,0,9.1,5.6,1011.9,0,1021.8,0,.3,0,.39,0,8,6,ScCi,18,2000,,,25.3,0,24.8,22.9,20.6,20.6
108,서울,2017-10-04 17:00,20.9,0,,,3.2,0,320,0,44,0,10.8,8.1,1012,0,1022,0,.7,0,.36,0,9,6,ScCi,17,2000,,,22.8,0,23.7,22.8,20.9,20.8
108,서울,2017-10-04 18:00,19.2,0,,,4.4,0,320,0,46,0,10.2,7.2,1012.1,0,1022.1,0,0,0,.14,0,8,0,Ci,,2000,,,19.6,0,22.4,22.5,21,20.9
108,서울,2017-10-04 19:00,18.2,0,,,1.6,0,320,0,50,0,10.4,7.5,1012.5,0,1022.6,0,0,0,0,0,,0,,,2000,,,17.3,0,20.9,22.1,21.1,21
108,서울,2017-10-04 20:00,17.4,0,,,.9,0,270,0,54,0,10.6,7.9,1012.9,0,1023,0,,9,,9,,8,,68,2000,,,16.3,0,20,21.5,21.1,21.1
108,서울,2017-10-04 21:00,16.8,0,,,.4,0,0,0,56,0,10.6,7.9,1013.4,0,1023.6,0,,9,,9,6,0,Ci,,2000,,,15.2,0,19.3,21.1,21,21.1
108,서울,2017-10-04 22:00,16.1,0,,,2.1,0,70,0,49,0,8.9,5.3,1013.5,0,1023.7,0,,9,,9,,1,,74,2000,,,14.1,0,18.5,20.6,20.9,21.2
108,서울,2017-10-04 23:00,15.7,0,,,2.7,0,70,0,47,0,8.4,4.4,1013.7,0,1024,0,,9,,9,,1,,,2000,,,13.7,0,17.9,20.1,20.7,21.2
108,서울,2017-10-05 00:00,15.4,0,,,2.8,0,70,0,52,0,9,5.5,1013.8,0,1024.1,0,,9,,9,6,1,ScCi,10,2000,,,13.2,0,17.5,19.8,20.6,21.1
108,서울,2017-10-05 01:00,15.2,0,,,2.9,0,70,0,57,0,9.8,6.7,1014,0,1024.3,0,,9,,9,,0,,,2000,,,12.9,0,17.1,19.4,20.4,21.1
108,서울,2017-10-05 02:00,15,0,,,2.6,0,70,0,60,0,10.2,7.2,1014,0,1024.3,0,,9,,9,,0,,16,2000,,,12.7,0,16.8,19.2,20.3,21.1
108,서울,2017-10-05 03:00,14.7,0,,,2.1,0,70,0,65,0,10.8,8.1,1013.9,0,1024.2,0,,9,,9,6,0,Ci,,2000,,,12.3,0,16.6,18.9,20.1,21
108,서울,2017-10-05 04:00,14.3,0,,,2.7,0,70,0,68,0,11,8.4,1014,0,1024.3,0,,9,,9,3,3,Sc,15,2000,,,12,0,16.3,18.6,20,20.9
108,서울,2017-10-05 05:00,14.1,0,,,2.9,0,70,0,69,0,11,8.4,1013.9,0,1024.2,0,,9,,9,3,3,Sc,15,2000,,,11.8,0,16,18.4,19.8,20.8
108,서울,2017-10-05 06:00,13.9,0,,,2.6,0,70,0,69,0,10.9,8.2,1014.1,0,1024.4,0,,9,,9,3,1,ScCi,15,2000,,,11.6,0,15.8,18.2,19.7,20.8
108,서울,2017-10-05 07:00,13.9,0,,,3.2,0,70,0,68,0,10.7,8,1014,0,1024.3,0,.1,0,.03,0,2,1,ScCi,15,2000,,,11.7,0,15.6,18,19.5,20.7
108,서울,2017-10-05 08:00,15.1,0,,,2.8,0,70,0,63,0,10.7,8,1014.3,0,1024.6,0,1,0,.24,0,5,1,ScCi,10,2000,,,12.7,0,15.7,17.9,19.4,20.6
108,서울,2017-10-05 09:00,17.5,0,,,2.2,0,90,0,56,0,11.2,8.6,1014.5,0,1024.7,0,1,0,.59,0,6,1,ScCi,10,2000,,,17.9,0,17,17.8,19.2,20.5
108,서울,2017-10-05 10:00,19.8,0,,,2.1,0,70,0,53,0,12.2,9.9,1014.2,0,1024.3,0,1,0,1.03,0,7,1,ScCi,10,2000,,,24.8,0,19.4,18.1,19.1,20.4
108,서울,2017-10-05 11:00,21,0,,,1.9,0,90,0,49,0,12.1,9.8,1014,0,1024,0,1,0,1,0,8,0,Ci,,2000,,,26.6,0,21.2,18.9,19.2,20.3
108,서울,2017-10-05 12:00,22.5,0,,,3,0,110,0,46,0,12.4,10.2,1013.4,0,1023.3,0,1,0,1.26,0,9,0,Ci,,2000,,,31.4,0,23,19.7,19.3,20.3
108,서울,2017-10-05 13:00,23,0,,,1.5,0,110,0,45,0,12.6,10.4,1012.7,0,1022.6,0,.9,0,1.06,0,9,1,ScCi,12,2000,,,30.9,0,24,20.6,19.5,20.3
108,서울,2017-10-05 14:00,23.3,0,,,1.4,0,140,0,47,0,13.4,11.3,1012.3,0,1022.2,0,.4,0,.85,0,10,1,ScCs,13,1986,,,29.2,0,24.4,21.3,19.8,20.3
108,서울,2017-10-05 15:00,22.6,0,,,1.9,0,90,0,48,0,13.1,11,1011.9,0,1021.8,0,0,0,.54,0,10,2,ScCs,13,2000,,,26.9,0,23.9,21.8,20.1,20.4
108,서울,2017-10-05 16:00,21.9,0,,,2.2,0,140,0,48,0,12.5,10.3,1012,0,1022,0,0,0,.35,0,10,1,ScAs,10,2000,,,24.7,0,23.2,21.9,20.3,20.4
108,서울,2017-10-05 17:00,21.2,0,,,1.2,0,140,0,52,0,13,10.9,1012,0,1022,0,0,0,.2,0,10,1,ScAs,13,2000,,,22.4,0,22.4,21.9,20.5,20.6
108,서울,2017-10-05 18:00,20.5,0,,,2.3,0,140,0,53,0,12.7,10.5,1011.8,0,1021.8,0,0,0,.06,0,10,1,ScAs,10,2000,,,20.1,0,21.6,21.7,20.7,20.6
108,서울,2017-10-05 19:00,20.1,0,,,2.1,0,160,0,55,0,12.9,10.7,1012,0,1022.1,0,0,0,0,0,,9,,60,2000,,,18.8,0,20.8,21.4,20.7,20.7
108,서울,2017-10-05 20:00,19.7,0,,,.3,0,0,0,59,0,13.5,11.4,1012.5,0,1022.5,0,,9,,9,,3,,17,2000,,,18.1,0,20.3,21.1,20.7,20.8
108,서울,2017-10-05 21:00,19.3,0,,,1.8,0,160,0,55,0,12.3,10,1012.7,0,1022.7,0,,9,,9,10,10,As,30,2000,,,17.5,0,19.8,20.9,20.6,20.8
108,서울,2017-10-05 22:00,19.1,0,,,1.6,0,140,0,54,0,11.9,9.5,1012.8,0,1022.8,0,,9,,9,,9,,48,2000,,,17.2,0,19.5,20.6,20.6,20.8
108,서울,2017-10-05 23:00,18.6,0,,,1.8,0,110,0,56,0,11.9,9.6,1012.6,0,1022.7,0,,9,,9,,9,,52,2000,,,16.8,0,19.2,20.4,20.5,20.8
108,서울,2017-10-06 00:00,18.2,0,,,1.4,0,70,0,59,0,12.3,10,1012.4,0,1022.5,0,,9,,9,10,10,As,32,2000,,,16.6,0,18.9,20.2,20.4,20.9
108,서울,2017-10-06 01:00,17.9,0,,,1.4,0,140,0,59,0,12,9.7,1012.3,0,1022.4,0,,9,,9,,9,,52,2000,,,16.2,0,18.7,20,20.4,20.8
108,서울,2017-10-06 02:00,17.5,0,,,1.5,0,70,0,59,0,11.7,9.3,1011.7,0,1021.8,0,,9,,9,,9,,47,2000,,,16,0,18.4,19.8,20.3,20.8
108,서울,2017-10-06 03:00,17.2,0,,,2.4,0,50,0,67,0,13.1,11,1010.9,0,1021,0,,9,,9,10,10,As,32,2000,,,16,0,18.3,19.6,20.2,20.8
108,서울,2017-10-06 04:00,16.7,0,,,2.1,0,50,0,67,0,12.7,10.5,1010.6,0,1020.8,0,,9,,9,7,7,Ac,42,2000,,,14.9,0,18.1,19.5,20.1,20.8
108,서울,2017-10-06 05:00,16.2,0,,,2,0,90,0,65,0,11.9,9.6,1010.3,0,1020.5,0,,9,,9,9,9,Ac,39,2000,,,14.5,0,17.6,19.3,20,20.7
108,서울,2017-10-06 06:00,16.3,0,,,2.3,0,70,0,66,0,12.2,9.9,1010.3,0,1020.5,0,,9,,9,9,9,Ac,38,2000,,,14.8,0,17.5,19.1,19.9,20.7
108,서울,2017-10-06 07:00,16.3,0,,,1.5,0,70,0,67,0,12.4,10.1,1010.4,0,1020.6,0,.1,0,.03,0,8,8,Ac,38,2000,,,15.1,0,17.5,19,19.8,20.6
108,서울,2017-10-06 08:00,17.5,0,,,2.7,0,90,0,60,0,11.9,9.6,1010.5,0,1020.6,0,1,0,.32,0,1,1,Ac,37,2000,,,15.1,0,17.5,18.9,19.7,20.5
108,서울,2017-10-06 09:00,20,0,,,3,0,70,0,58,0,13.5,11.4,1010.5,0,1020.6,0,1,0,.69,0,1,1,Ac,35,2000,,,20.8,0,18.7,18.8,19.6,20.5
108,서울,2017-10-06 10:00,21.8,0,,,2.2,0,70,0,51,0,13.3,11.2,1010.3,0,1020.3,0,1,0,1.06,0,2,2,Ac,35,2000,,,27.6,0,21.1,19.2,19.5,20.4
108,서울,2017-10-06 11:00,23.1,0,,,2.5,0,70,0,48,0,13.5,11.4,1009.9,0,1019.8,0,1,0,1.13,0,6,6,Ac,39,2000,,,30.7,0,23,19.9,19.6,20.4
108,서울,2017-10-06 12:00,23.1,0,,,2.6,0,70,0,47,0,13.2,11.1,1009.4,0,1019.3,0,.5,0,.88,0,8,4,ScAc,16,2000,,,30.2,0,23.8,20.7,19.8,20.4
108,서울,2017-10-06 13:00,21.5,0,,,3.7,0,70,0,55,0,14,12,1009.1,0,1019.1,0,0,0,.44,0,10,7,ScAs,11,2000,,,25.4,0,23.3,21.2,20,20.4
108,서울,2017-10-06 14:00,20.2,0,,,3,0,50,0,61,0,14.4,12.4,1008.3,0,1018.3,0,0,0,.18,0,10,8,ScAs,9,2000,,,23,0,22.2,21.4,20.2,20.4
108,서울,2017-10-06 15:00,20,0,,,2.7,0,70,0,63,0,14.7,12.7,1007.4,0,1017.4,0,0,0,.21,0,10,7,ScAs,11,2000,,,22.8,0,21.8,21.4,20.4,20.5
108,서울,2017-10-06 16:00,19.9,0,,,1.7,0,50,0,63,0,14.6,12.6,1007,0,1017,0,0,0,.21,0,10,7,ScAs,11,2000,,,21.9,0,21.6,21.3,20.5,20.6
108,서울,2017-10-06 17:00,19.6,0,,,2.2,0,20,0,64,0,14.5,12.5,1006.8,0,1016.8,0,0,0,.12,0,10,7,ScAs,9,2000,,,21,0,21.2,21.2,20.5,20.6
108,서울,2017-10-06 18:00,19.2,0,,,1.8,0,20,0,64,0,14.2,12.2,1006.8,0,1016.8,0,0,0,.05,0,10,8,ScAs,10,1970,,,19.8,0,20.8,21.1,20.5,20.7
108,서울,2017-10-06 19:00,18.9,0,,,2.5,0,50,0,66,0,14.4,12.4,1007.1,0,1017.1,0,0,0,0,0,,10,,10,2000,,,19,0,20.4,20.9,20.5,20.7
108,서울,2017-10-06 20:00,18.5,0,0,0,3.2,0,50,0,73,0,15.5,13.5,1007.5,0,1017.5,0,,9,,9,10,6,ScAs,10,2000,,01,18,0,20,20.8,20.5,20.8
108,서울,2017-10-06 21:00,18.4,0,0,0,2.5,0,90,0,76,0,16,14,1008,0,1018,0,,9,,9,10,5,ScAs,9,2000,,01,18,0,19.7,20.6,20.5,20.8
108,서울,2017-10-06 22:00,17.7,0,0,0,2.8,0,70,0,86,0,17.4,15.3,1008.2,0,1018.3,0,,9,,9,10,7,ScAs,8,889,,1901,17.4,0,19.5,20.4,20.5,20.8
108,서울,2017-10-06 23:00,17.1,0,.4,0,2.7,0,70,0,91,0,17.7,15.6,1008.2,0,1018.3,0,,9,,9,10,6,StNs,7,728,,1901,17,0,19.3,20.2,20.4,20.8
108,서울,2017-10-07 00:00,17,0,.1,0,2.6,0,70,0,90,0,17.4,15.3,1007.9,0,1018,0,,9,,9,10,5,ScAs,8,2000,,1901,16.9,0,19.1,20.1,20.3,20.8
108,서울,2017-10-07 01:00,17.1,0,0,0,1.2,0,20,0,90,0,17.5,15.4,1008,0,1018.1,0,,9,,9,10,3,ScAs,9,2000,,01,17,0,18.9,20,20.3,20.7
108,서울,2017-10-07 02:00,17.1,0,0,0,1.2,0,50,0,89,0,17.3,15.2,1008.1,0,1018.2,0,,9,,9,10,3,ScAs,9,2000,,01,16.9,0,18.9,19.9,20.2,20.7
108,서울,2017-10-07 03:00,17.2,0,0,0,1.3,0,50,0,87,0,17,15,1007.9,0,1018,0,,9,,9,9,9,Sc,10,2000,,01,16.8,0,18.7,19.8,20.1,20.7
108,서울,2017-10-07 04:00,17.1,0,,9,.3,0,0,0,89,0,17.3,15.2,1008.2,0,1018.3,0,,9,,9,9,9,Sc,16,2000,,,16.5,0,18.6,19.7,20.1,20.7
108,서울,2017-10-07 05:00,17.1,0,,9,0,0,0,0,85,0,16.5,14.5,1008.5,0,1018.6,0,,9,,9,9,9,Sc,8,2000,,,16.7,0,18.6,19.6,20,20.7
108,서울,2017-10-07 06:00,17,0,,9,1.8,0,50,0,86,0,16.6,14.6,1008.9,0,1019,0,,9,,9,9,9,Sc,16,2000,,,16.6,0,18.5,19.5,20,20.7
108,서울,2017-10-07 07:00,17,0,,9,.6,0,20,0,87,0,16.8,14.8,1009.5,0,1019.6,0,0,0,.02,0,9,9,Sc,15,2000,,,16.8,0,18.4,19.5,19.9,20.6
108,서울,2017-10-07 08:00,17.5,0,,9,.2,0,0,0,83,0,16.5,14.5,1010,0,1020.1,0,0,0,.13,0,9,9,Sc,16,2000,,,18.5,0,18.7,19.4,19.9,20.6
108,서울,2017-10-07 09:00,18.8,0,,9,1.5,0,50,0,75,0,16.2,14.2,1010.7,0,1020.7,0,0,0,.41,0,9,9,Sc,16,2000,,,21.3,0,19.6,19.5,19.8,20.5
108,서울,2017-10-07 10:00,20.5,0,,9,1,0,110,0,69,0,16.6,14.6,1011.1,0,1021.1,0,.2,0,.65,0,9,9,Sc,16,2000,,,24.5,0,20.8,19.8,19.8,20.5
108,서울,2017-10-07 11:00,22.9,0,,9,.8,0,70,0,58,0,16.1,14.1,1011,0,1020.9,0,.9,0,1.22,0,2,2,Sc,16,2000,,,31.6,0,23.2,20.3,19.9,20.4
108,서울,2017-10-07 12:00,25.5,0,,9,2.1,0,110,0,54,0,17.6,15.5,1010.1,0,1019.9,0,1,0,1.51,0,2,2,Sc,15,2000,,,35.9,0,25.7,21.2,20,20.4
108,서울,2017-10-07 13:00,26.4,0,,9,1.2,0,20,0,48,0,16.4,14.4,1009.6,0,1019.4,0,1,0,1.59,0,5,5,Sc,10,2000,,,37.6,0,27.7,22.2,20.2,20.5
108,서울,2017-10-07 14:00,27.3,0,,9,1.7,0,70,0,46,0,16.6,14.6,1008.3,0,1018,0,1,0,1.16,0,5,5,Sc,11,2000,,,37.4,0,28,23.2,20.6,20.5
108,서울,2017-10-07 15:00,28.3,0,,9,1.3,0,70,0,45,0,17.3,15.2,1008.1,0,1017.8,0,1,0,1.41,0,6,6,Sc,12,2000,,,37.2,0,29.2,23.9,21,20.6
108,서울,2017-10-07 16:00,27,0,,9,.8,0,70,0,49,0,17.4,15.3,1008.7,0,1018.5,0,.8,0,.77,0,8,8,Sc,13,2000,,,31.4,0,28.7,24.6,21.5,20.8
108,서울,2017-10-07 17:00,25.8,0,,9,1.3,0,140,0,52,0,17.2,15.1,1008.9,0,1018.7,0,.3,0,.23,0,8,8,Sc,13,2000,,,27.6,0,26.9,24.7,21.9,20.9
108,서울,2017-10-07 18:00,25,0,,9,1,0,180,0,54,0,17,15,1009.7,0,1019.6,0,0,0,.07,0,9,9,Sc,13,2000,,,25.1,0,25.5,24.5,22.1,21.1
108,서울,2017-10-07 19:00,23.4,0,,9,1.5,0,320,0,65,0,18.6,16.4,1009.6,0,1019.5,0,0,0,0,0,,2,,12,2000,,,22.7,0,24.4,24.1,22.3,21.3
108,서울,2017-10-07 20:00,22.5,0,,9,2.1,0,270,0,68,0,18.4,16.2,1010.2,0,1020.1,0,,9,,9,,2,,15,2000,,,21.5,0,23.4,23.7,22.3,21.4
108,서울,2017-10-07 21:00,22.1,0,,9,.8,0,250,0,69,0,18.3,16.1,1010.1,0,1020,0,,9,,9,8,6,ScCi,15,2000,,,20.4,0,22.7,23.3,22.3,21.5
108,서울,2017-10-07 22:00,21.8,0,,9,.8,0,320,0,70,0,18.2,16,1010.5,0,1020.5,0,,9,,9,,6,,12,2000,,,20.1,0,22.1,22.9,22.2,21.6
108,서울,2017-10-07 23:00,21.5,0,,9,1.4,0,270,0,72,0,18.4,16.2,1011.4,0,1021.4,0,,9,,9,,5,,19,2000,,,20.1,0,21.9,22.6,22.2,21.6
108,서울,2017-10-08 00:00,21.4,0,,9,.4,0,0,0,71,0,18.1,15.9,1011.8,0,1021.8,0,,9,,9,8,7,ScCi,14,2000,,,20,0,21.7,22.3,22,21.6
108,서울,2017-10-08 01:00,21.2,0,,,.8,0,290,0,73,0,18.3,16.1,1012,0,1022,0,,9,,9,,1,,17,2000,,,19.6,0,21.4,22.1,22,21.6
108,서울,2017-10-08 02:00,21.1,0,,,1.1,0,140,0,73,0,18.2,16,1011.3,0,1021.3,0,,9,,9,,1,,14,2000,,,19.2,0,21.1,21.9,21.9,21.6
108,서울,2017-10-08 03:00,20.8,0,,,1,0,50,0,77,0,18.9,16.6,1011.2,0,1021.2,0,,9,,9,8,4,ScCi,14,2000,,,18.8,0,20.9,21.7,21.8,21.6
108,서울,2017-10-08 04:00,20.4,0,,,.7,0,50,0,80,0,19.1,16.8,1011.3,0,1021.3,0,,9,,9,9,4,AcCi,35,2000,,,17.6,0,20.5,21.5,21.7,21.6
108,서울,2017-10-08 05:00,19.8,0,,,1.3,0,50,0,81,0,18.6,16.4,1011.8,0,1021.9,0,,9,,9,8,1,ScAcCi,11,2000,,,17,0,20,21.3,21.6,21.6
108,서울,2017-10-08 06:00,19.7,0,,,.5,0,20,0,82,0,18.8,16.5,1012.4,0,1022.4,0,,9,,9,6,6,Sc,10,2000,,,17.3,0,19.9,21.1,21.5,21.5
108,서울,2017-10-08 07:00,19.3,0,,,1.4,0,50,0,84,0,18.8,16.5,1012.8,0,1022.8,0,0,0,.02,0,6,6,Sc,18,2000,,,16.8,0,19.6,20.9,21.4,21.5
108,서울,2017-10-08 08:00,20.4,0,,,1.4,0,50,0,75,0,17.9,15.8,1013,0,1023.1,0,.8,0,.26,0,7,7,Sc,16,2000,,,19.4,0,19.9,20.7,21.3,21.4
108,서울,2017-10-08 09:00,22.6,0,,,.8,0,70,0,65,0,17.7,15.6,1013.2,0,1023.1,0,1,0,.59,0,3,3,Sc,16,1979,,,24.2,0,21.1,20.8,21.1,21.4
108,서울,2017-10-08 10:00,24.6,0,,,1.3,0,110,0,58,0,17.8,15.7,1013,0,1022.8,0,1,0,.84,0,7,7,Sc,10,1949,,,29.5,0,23,21.1,21.1,21.3
108,서울,2017-10-08 11:00,25.6,0,,,2,0,200,0,56,0,18.3,16.1,1013.2,0,1023.1,0,1,0,1.03,0,7,7,Sc,10,2000,,,33.9,0,24.8,21.7,21.1,21.3
108,서울,2017-10-08 12:00,26.2,0,,,2.3,0,230,0,52,0,17.6,15.5,1012.5,0,1022.3,0,.9,0,1.12,0,5,5,Sc,10,2000,,,36.9,0,26.1,22.4,21.3,21.3
108,서울,2017-10-08 13:00,27.6,0,,,2,0,230,0,48,0,17.6,15.5,1012,0,1021.8,0,1,0,1.53,0,7,7,Sc,11,1975,,,41,0,28.4,23.2,21.5,21.3
108,서울,2017-10-08 14:00,28.3,0,,,2,0,250,0,43,0,16.5,14.5,1011.2,0,1020.9,0,1,0,1.49,0,3,3,Sc,12,1985,,,40.5,0,29.9,24.2,21.7,21.3
108,서울,2017-10-08 15:00,28.3,0,,,3,0,230,0,45,0,17.3,15.2,1010.7,0,1020.4,0,1,0,1.24,0,6,6,Sc,13,1892,,,37.8,0,30.2,25,22.1,21.4
108,서울,2017-10-08 16:00,26.5,0,,,2.8,0,250,0,50,0,17.3,15.2,1010.8,0,1020.6,0,.7,0,.59,0,8,3,ScCi,16,2000,,,31.6,0,29,25.5,22.4,21.6
108,서울,2017-10-08 17:00,26,0,,,2.8,0,270,0,53,0,17.7,15.6,1011.4,0,1021.2,0,1,0,.47,0,5,1,ScCi,11,2000,,,29.2,0,27.8,25.6,22.7,21.7
108,서울,2017-10-08 18:00,23.9,0,,,2.6,0,270,0,66,0,19.5,17.1,1011.4,0,1021.2,0,.6,0,.13,0,4,2,AcCi,32,1975,,,24.4,0,26.4,25.4,23,21.9
108,서울,2017-10-08 19:00,22.6,0,,,2.2,0,270,0,69,0,18.9,16.6,1011.8,0,1021.7,0,0,0,.01,0,,0,,32,1830,,,22.3,0,24.8,25,23.1,22
108,서울,2017-10-08 20:00,22.2,0,,,1.4,0,270,0,69,0,18.4,16.2,1012.1,0,1022.1,0,,9,,9,,10,,32,1697,,,21.7,0,24,24.5,23.1,22.1
108,서울,2017-10-08 21:00,21.8,0,,,1.3,0,290,0,72,0,18.8,16.5,1012.5,0,1022.5,0,,9,,9,0,0,,,1324,,,20.2,0,23.2,24,23.1,22.2
108,서울,2017-10-08 22:00,21.1,0,,,.7,0,250,0,74,0,18.4,16.2,1012.2,0,1022.2,0,,9,,9,,0,,,1271,,,19,0,22.4,23.6,23,22.3
108,서울,2017-10-08 23:00,20.8,0,,,.6,0,20,0,74,0,18.1,15.9,1012.2,0,1022.2,0,,9,,9,,4,,26,1287,,,19.5,0,21.9,23.2,22.9,22.3
108,서울,2017-10-09 00:00,20.8,0,,,.9,0,290,0,76,0,18.6,16.4,1012.4,0,1022.4,0,,9,,9,6,6,Ac,,1204,,,19.2,0,21.7,22.8,22.7,22.3
108,서울,2017-10-09 01:00,20.6,0,,,1.3,0,290,0,75,0,18.2,16,1012.3,0,1022.3,0,,9,,9,,9,,23,1244,,,18.9,0,21.5,22.6,22.6,22.3
108,서울,2017-10-09 02:00,20.3,0,,,.9,0,290,0,76,0,18.1,15.9,1012.3,0,1022.4,0,,9,,9,,3,,19,788,,19,18.8,0,21.1,22.3,22.5,22.3
108,서울,2017-10-09 03:00,20.4,0,,,1.7,0,270,0,76,0,18.2,16,1012.6,0,1022.7,0,,9,,9,10,7,ScAs,10,680,,19,19.4,0,21.1,22.1,22.4,22.2
108,서울,2017-10-09 04:00,20.3,0,,,1.4,0,270,0,77,0,18.3,16.1,1012.4,0,1022.5,0,,9,,9,10,6,ScAs,10,578,,19,19.5,0,21.1,22,22.2,22.2
108,서울,2017-10-09 05:00,20.3,0,,,1.1,0,200,0,74,0,17.6,15.5,1012.4,0,1022.5,0,,9,,9,10,8,ScAs,10,893,,19,19.5,0,21.1,21.9,22.2,22.1
108,서울,2017-10-09 06:00,20.3,0,,,1.7,0,270,0,76,0,18.1,15.9,1013.2,0,1023.3,0,,9,,9,9,5,ScAs,10,889,,19,19.5,0,21,21.8,22,22.1
108,서울,2017-10-09 07:00,20,0,,,.8,0,290,0,77,0,17.9,15.8,1013.2,0,1023.3,0,0,0,.01,0,8,5,ScAc,10,799,,19,19.1,0,20.8,21.7,22,22.1
108,서울,2017-10-09 08:00,20.5,0,,,.8,0,200,0,74,0,17.7,15.6,1013.1,0,1023.2,0,0,0,.16,0,9,6,ScAc,19,916,,19,21.6,0,21,21.6,21.9,22
108,서울,2017-10-09 09:00,21.9,0,,,.4,0,0,0,67,0,17.5,15.4,1013.2,0,1023.2,0,.6,0,.46,0,7,4,ScAc,19,983,,4019,24.9,0,21.8,21.6,21.8,21.9
108,서울,2017-10-09 10:00,23.7,0,,,1.9,0,230,0,60,0,17.5,15.4,1012.8,0,1022.7,0,1,0,.88,0,7,3,ScAc,19,1405,,40,31.7,0,23.6,21.8,21.7,21.9
108,서울,2017-10-09 11:00,25,0,,,1,0,230,0,54,0,17,15,1012.8,0,1022.7,0,.9,0,1.02,0,8,4,ScAc,19,1697,,,33.9,0,25.3,22.4,21.8,21.9
108,서울,2017-10-09 12:00,25.4,0,,,1.5,0,270,0,53,0,17.2,15.1,1012.2,0,1022.1,0,.4,0,.9,0,9,6,ScAc,19,1451,,,34.5,0,26.3,23,21.9,21.8
108,서울,2017-10-09 13:00,26,0,,,1.6,0,200,0,49,0,16.4,14.4,1011.3,0,1021.1,0,.2,0,.82,0,9,7,ScAc,11,1439,,,34.9,0,26.6,23.6,22.1,21.8
108,서울,2017-10-09 14:00,26,0,0,0,2,0,250,0,50,0,16.7,14.7,1010.4,0,1020.2,0,.2,0,.75,0,8,4,ScAc,15,1571,,01,34.4,0,26.8,24.1,22.2,21.9
108,서울,2017-10-09 15:00,26.7,0,,9,2,0,270,0,47,0,16.4,14.4,1009.8,0,1019.6,0,.9,0,.91,0,8,2,ScAc,18,1925,,,34.9,0,27.7,24.4,22.4,22
108,서울,2017-10-09 16:00,26.7,0,,9,1.7,0,250,0,45,0,15.7,13.7,1009.5,0,1019.3,0,.7,0,.7,0,8,8,Ac,35,2000,,,31.3,0,27.9,24.8,22.6,22
108,서울,2017-10-09 17:00,26.6,0,,9,1.1,0,250,0,50,0,17.4,15.3,1009.4,0,1019.2,0,.9,0,.49,0,1,1,Ac,35,2000,,,27.2,0,27.2,25,22.8,22.1
108,서울,2017-10-09 18:00,24.5,0,,9,2.3,0,270,0,48,0,14.7,12.7,1009.6,0,1019.4,0,.7,0,.14,0,0,0,,,2000,,,23.4,0,25.7,24.9,23,22.3
108,서울,2017-10-09 19:00,22.5,0,,9,2.5,0,270,0,72,0,19.5,17.1,1009.8,0,1019.7,0,0,0,0,0,,1,,44,1486,,,21.9,0,24.4,24.6,23.1,22.3
108,서울,2017-10-09 20:00,21.6,0,,9,1.8,0,270,0,76,0,19.5,17.1,1010,0,1020,0,,9,,9,,7,,45,1222,,,20.7,0,23.6,24.2,23.1,22.4
108,서울,2017-10-09 21:00,21,0,,9,1.8,0,270,0,77,0,19.1,16.8,1010,0,1020,0,,9,,9,8,8,Ac,42,1151,,,20.3,0,22.8,23.8,23.1,22.5
108,서울,2017-10-09 22:00,20.5,0,,9,1.4,0,270,0,81,0,19.5,17.1,1010.3,0,1020.3,0,,9,,9,,7,,47,1161,,,19.4,0,22.3,23.4,23,22.5
108,서울,2017-10-09 23:00,20.3,0,,9,1.1,0,270,0,83,0,19.7,17.3,1010.3,0,1020.3,0,,9,,9,,9,,49,691,,19,19,0,21.9,23.1,22.9,22.5
108,서울,2017-10-10 00:00,19.8,0,,9,1,0,250,0,84,0,19.4,17,1010.3,0,1020.4,0,,9,,9,1,0,Ci,,536,,19,18.2,0,21.5,22.8,22.8,22.5
108,서울,2017-10-10 01:00,19.5,0,,,.6,0,230,0,84,0,19,16.7,1009.9,0,1019.9,0,,9,,9,,1,,,621,,19,17.5,0,21.1,22.5,22.7,22.5
108,서울,2017-10-10 02:00,19.3,0,,,.7,0,360,0,85,0,19,16.7,1009.8,0,1019.8,0,,9,,9,,6,,61,654,,19,17.3,0,20.7,22.3,22.6,22.5
108,서울,2017-10-10 03:00,19.1,0,,,.3,0,0,0,84,0,18.5,16.3,1009.6,0,1019.6,0,,9,,9,7,7,Ac,35,733,,19,17.3,0,20.3,22,22.4,22.4
108,서울,2017-10-10 04:00,18.7,0,,,.6,0,20,0,85,0,18.3,16.1,1009.6,0,1019.6,0,,9,,9,4,0,Ci,,697,,19,16.2,0,20,21.7,22.3,22.4
108,서울,2017-10-10 05:00,18.6,0,,,.1,0,0,0,83,0,17.7,15.6,1009.6,0,1019.6,0,,9,,9,9,9,Sc,11,667,,19,16.8,0,19.8,21.5,22.2,22.3
108,서울,2017-10-10 06:00,18.8,0,,,.4,0,0,0,82,0,17.7,15.6,1009.6,0,1019.6,0,,9,,9,8,8,Sc,10,704,,19,17.6,0,19.8,21.3,22.1,22.2
108,서울,2017-10-10 07:00,18.7,0,,,.9,0,20,0,85,0,18.3,16.1,1009.6,0,1019.6,0,0,0,.02,0,9,9,Sc,10,613,,19,17.5,0,19.7,21.2,21.9,22.2
108,서울,2017-10-10 08:00,19.4,0,,,1.6,0,20,0,78,0,17.5,15.4,1009.6,0,1019.6,0,0,0,.15,0,9,7,ScAc,12,689,,19,20.1,0,20,21.1,21.8,22.1
108,서울,2017-10-10 09:00,20.7,0,,,1.2,0,50,0,75,0,18.3,16.1,1009.9,0,1019.9,0,0,0,.31,0,9,7,ScAc,12,639,,19,22.7,0,20.9,21.1,21.7,22.1
108,서울,2017-10-10 10:00,22.4,0,,,.8,0,110,0,68,0,18.3,16.1,1009.9,0,1019.8,0,.2,0,.57,0,9,6,ScAc,10,1093,,4019,26.6,0,22.2,21.3,21.7,22
108,서울,2017-10-10 11:00,22.9,0,,,1.7,0,140,0,68,0,18.9,16.6,1009.4,0,1019.3,0,0,0,.46,0,10,8,ScAs,10,1153,,,27.5,0,22.9,21.7,21.7,21.9
108,서울,2017-10-10 12:00,22.8,0,0,0,1.3,0,250,0,68,0,18.8,16.5,1009.6,0,1019.5,0,0,0,.33,0,10,8,ScAs,10,1325,,01,24.8,0,23.1,22.1,21.7,21.9
108,서울,2017-10-10 13:00,23.8,0,,9,1.2,0,250,0,64,0,18.8,16.5,1008.8,0,1018.6,0,.2,0,.6,0,9,6,ScAc,10,1334,,,28,0,23.9,22.3,21.8,21.9
108,서울,2017-10-10 14:00,24.6,0,,9,1.6,0,250,0,59,0,18.2,16,1008.3,0,1018.1,0,.6,0,.74,0,9,5,ScAcCc,9,1813,,,30.2,0,24.9,22.6,21.9,21.9
108,서울,2017-10-10 15:00,24.1,0,,9,1.5,0,200,0,63,0,18.9,16.6,1008,0,1017.8,0,0,0,.29,0,10,6,ScAs,9,1186,,,27.4,0,24.5,23,22,21.9
108,서울,2017-10-10 16:00,23.8,0,,9,1.8,0,230,0,62,0,18.2,16,1007.6,0,1017.4,0,0,0,.2,0,10,4,ScAs,9,1415,,,25.5,0,24.2,23.1,22.1,21.9
108,서울,2017-10-10 17:00,22.4,0,.1,0,.7,0,180,0,78,0,21,18.3,1007.7,0,1017.6,0,0,0,.06,0,10,8,ScAs,8,823,,1901,22.7,0,23.6,23.1,22.2,22
108,서울,2017-10-10 18:00,22,0,0,0,.8,0,50,0,79,0,20.8,18.1,1007.2,0,1017.1,0,0,0,.02,0,10,6,ScAs,11,758,,1901,21.4,0,22.9,23,22.3,22
108,서울,2017-10-10 19:00,21.7,0,,9,1.1,0,20,0,79,0,20.4,17.8,1007,0,1016.9,0,0,0,0,0,,1,,8,702,,19,20.9,0,22.5,22.8,22.3,22.1
108,서울,2017-10-10 20:00,21.7,0,,9,.8,0,50,0,76,0,19.6,17.2,1006.8,0,1016.7,0,,9,,9,,9,,7,807,,19,21,0,22.2,22.7,22.3,22.1
108,서울,2017-10-10 21:00,21.8,0,,9,.5,0,290,0,74,0,19.2,16.9,1006.5,0,1016.4,0,,9,,9,10,6,ScAs,9,856,,19,21,0,22.1,22.5,22.3,22.1
108,서울,2017-10-10 22:00,22.3,0,0,0,3.2,0,200,0,80,0,21.4,18.6,1006,0,1015.9,0,,9,,9,10,6,ScAs,9,799,,1901,21.1,0,22,22.4,22.3,22.1
108,서울,2017-10-10 23:00,22.1,0,0,0,2.8,0,200,0,85,0,22.5,19.4,1005.6,0,1015.5,0,,9,,9,10,6,ScAs,9,594,,1901,21.2,0,22,22.3,22.2,22.1
108,서울,2017-10-11 00:00,21.7,0,.3,0,3.3,0,200,0,90,0,23.2,19.9,1004.8,0,1014.7,0,,9,,9,10,7,ScAs,,423,,1901,20.9,0,21.9,22.3,22.2,22.1
108,서울,2017-10-11 01:00,21.5,0,.5,0,3.1,0,230,0,91,0,23.2,19.9,1004.4,0,1014.3,0,,9,,9,10,7,StNs,6,222,,1901,20.9,0,21.8,22.2,22.1,22.1
108,서울,2017-10-11 02:00,20.3,0,6,0,3.7,0,270,0,92,0,21.8,18.9,1004.5,0,1014.5,0,,9,,9,10,8,StNs,5,340,,1901,20.2,0,21.4,22.1,22.1,22.1
108,서울,2017-10-11 03:00,19.2,0,1,0,4.1,0,290,0,92,0,20.4,17.8,1004.8,0,1014.8,0,,9,,9,10,7,StNs,5,353,,1901,19.5,0,21.1,22,22,22.1
108,서울,2017-10-11 04:00,17.2,0,1,0,3.2,0,320,0,92,0,17.9,15.8,1005,0,1015.1,0,,9,,9,10,7,StNs,6,469,,1901,18.3,0,20.5,21.7,22,22.1
108,서울,2017-10-11 05:00,16.6,0,3.5,0,2.7,0,290,0,92,0,17.3,15.2,1006.1,0,1016.2,0,,9,,9,10,7,StNs,6,738,,1901,17.6,0,19.8,21.4,21.9,22.1
108,서울,2017-10-11 06:00,16.1,0,3,0,2.3,0,270,0,92,0,16.7,14.7,1006.5,0,1016.7,0,,9,,9,10,5,StNs,8,1954,,1901,17.2,0,19.2,20.9,21.8,22
108,서울,2017-10-11 07:00,15.6,0,1,0,2.2,0,290,0,92,0,16.2,14.2,1006.7,0,1016.9,0,0,0,.01,0,10,5,StNs,8,1109,,01,16.8,0,19,20.7,21.6,22
108,서울,2017-10-11 08:00,15.4,0,2,0,1.5,0,270,0,92,0,16.1,14.1,1007.5,0,1017.7,0,0,0,.05,0,10,7,StNs,6,1127,,01,16.8,0,18.8,20.4,21.5,21.9
108,서울,2017-10-11 09:00,15.4,0,1.5,0,1.8,0,250,0,92,0,16.1,14.1,1007.8,0,1018,0,0,0,.14,0,10,4,StNs,6,1361,,01,17.2,0,18.8,20.2,21.3,21.9
108,서울,2017-10-11 10:00,15.1,0,.5,0,3.8,0,270,0,91,0,15.6,13.6,1008.3,0,1018.5,0,0,0,.12,0,10,8,StNs,6,1169,,01,16.9,0,18.8,20.1,21.1,21.8
108,서울,2017-10-11 11:00,15.5,0,0,0,2.6,0,290,0,86,0,15.1,13.1,1008.2,0,1018.4,0,0,0,.43,0,10,6,ScAs,10,2000,,01,20.1,0,19.2,20,21,21.7
108,서울,2017-10-11 12:00,16.2,0,,9,3.3,0,320,0,79,0,14.5,12.5,1007.8,0,1018,0,.4,0,.72,0,10,8,ScAs,10,2000,,,21.2,0,20.3,20.2,20.9,21.6
108,서울,2017-10-11 13:00,16.4,0,,9,3.1,0,290,0,74,0,13.7,11.7,1007.7,0,1017.8,0,0,0,.44,0,9,9,Sc,10,2000,,,20.5,0,20.4,20.4,20.9,21.5
108,서울,2017-10-11 14:00,16.9,0,,9,3,0,270,0,71,0,13.7,11.6,1007.4,0,1017.5,0,0,0,.61,0,9,9,Sc,10,2000,,,20.9,0,20.8,20.6,20.9,21.5
108,서울,2017-10-11 15:00,16.8,0,,9,3.6,0,270,0,71,0,13.6,11.5,1007.7,0,1017.8,0,0,0,.34,0,9,9,Sc,10,2000,,,19.9,0,20.5,20.7,20.9,21.4
108,서울,2017-10-11 16:00,16.9,0,,9,3.2,0,270,0,62,0,11.9,9.5,1008,0,1018.1,0,.1,0,.45,0,8,7,ScCi,9,2000,,,19.1,0,20.3,20.8,21,21.4
108,서울,2017-10-11 17:00,16.6,0,,9,2.9,0,290,0,62,0,11.6,9.2,1008.3,0,1018.4,0,.7,0,.44,0,9,4,ScCi,10,2000,,,17.4,0,20.1,20.8,21,21.3
108,서울,2017-10-11 18:00,15.1,0,,9,2.9,0,340,0,61,0,10.4,7.6,1008.9,0,1019.1,0,.7,0,.12,0,7,0,Ci,,2000,,,14.7,0,19.1,20.6,21,21.4
108,서울,2017-10-11 19:00,14.2,0,,9,3.4,0,320,0,65,0,10.5,7.7,1009.4,0,1019.6,0,0,0,0,0,,4,,73,2000,,,13.9,0,18.1,20.3,21,21.3
108,서울,2017-10-11 20:00,13.6,0,,9,4.4,0,340,0,68,0,10.5,7.7,1010.1,0,1020.4,0,,9,,9,,9,,64,2000,,,13.3,0,17.5,19.9,20.9,21.3
108,서울,2017-10-11 21:00,13.2,0,,9,3.6,0,340,0,65,0,9.8,6.7,1010.4,0,1020.7,0,,9,,9,9,0,Ci,,2000,,,12.9,0,17.1,19.5,20.7,21.3
108,서울,2017-10-11 22:00,12.8,0,,9,2.7,0,340,0,66,0,9.7,6.5,1011.3,0,1021.6,0,,9,,9,,9,,53,2000,,,12.7,0,16.7,19.1,20.5,21.2
108,서울,2017-10-11 23:00,12.5,0,,9,2.8,0,340,0,68,0,9.8,6.7,1011,0,1021.3,0,,9,,9,,9,,53,2000,,,12.4,0,16.4,18.9,20.4,21.2
108,서울,2017-10-12 00:00,12.2,0,,9,3.2,0,320,0,65,0,9.2,5.8,1011,0,1021.4,0,,9,,9,9,0,,,2000,,,12.1,0,16.1,18.6,20.2,21.1
108,서울,2017-10-12 01:00,12,0,,,3.1,0,320,0,66,0,9.2,5.8,1010.9,0,1021.3,0,,9,,9,,,,48,2000,,,12,0,15.8,18.3,20,21
108,서울,2017-10-12 02:00,11.8,0,,,1.3,0,320,0,67,0,9.2,5.8,1011.1,0,1021.5,0,,9,,9,,9,,,2000,,,12,0,15.6,18.1,19.9,20.9
108,서울,2017-10-12 03:00,11.6,0,,,2.4,0,290,0,69,0,9.3,6,1011.2,0,1021.6,0,,9,,9,9,0,Ci,,2000,,,11.8,0,15.5,17.8,19.7,20.8
108,서울,2017-10-12 04:00,11.3,0,,,1.9,0,320,0,72,0,9.6,6.4,1011.3,0,1021.7,0,,9,,9,9,0,Ci,,2000,,,11.7,0,15.3,17.7,19.5,20.6
108,서울,2017-10-12 05:00,11.1,0,,,1.4,0,290,0,75,0,9.9,6.8,1011.2,0,1021.6,0,,9,,9,9,0,Ci,,2000,,,11.7,0,15.1,17.5,19.4,20.6
108,서울,2017-10-12 06:00,10.7,0,,,1.7,0,270,0,76,0,9.7,6.6,1011.4,0,1021.8,0,,9,,9,10,10,As,30,2000,,,11.7,0,15,17.3,19.2,20.5
108,서울,2017-10-12 07:00,10.7,0,,,.9,0,340,0,75,0,9.6,6.4,1011.5,0,1021.9,0,0,0,0,0,10,10,As,30,2000,,,11.8,0,14.9,17.2,19.1,20.4
108,서울,2017-10-12 08:00,11,0,,,1.6,0,270,0,69,0,9,5.5,1011.9,0,1022.3,0,0,0,.09,0,10,10,As,30,2000,,,12.8,0,15,17.1,18.9,20.3
108,서울,2017-10-12 09:00,11.8,0,,,1.3,0,20,0,70,0,9.6,6.4,1011.5,0,1021.9,0,0,0,.21,0,10,10,As,30,2000,,,13.9,0,15.5,17,18.8,20.2
108,서울,2017-10-12 10:00,12.2,0,,,2.3,0,270,0,68,0,9.6,6.4,1011.3,0,1021.7,0,0,0,.3,0,10,10,As,33,2000,,,14.9,0,15.9,17.1,18.7,20.1
108,서울,2017-10-12 11:00,12.6,0,,,1.8,0,270,0,67,0,9.7,6.6,1010.9,0,1021.2,0,0,0,.39,0,10,10,As,30,1993,,,16,0,16.3,17.2,18.7,20
108,서울,2017-10-12 12:00,13.1,0,,,1.7,0,270,0,65,0,9.7,6.6,1010.4,0,1020.7,0,0,0,.4,0,10,10,As,26,1998,,,16.8,0,16.7,17.4,18.6,19.9
108,서울,2017-10-12 13:00,13.5,0,,,1.7,0,270,0,64,0,9.9,6.8,1009.7,0,1020,0,0,0,.39,0,10,10,As,28,1904,,,16.9,0,17,17.6,18.7,19.8
108,서울,2017-10-12 14:00,13.7,0,,,3.3,0,290,0,61,0,9.5,6.3,1009.1,0,1019.4,0,0,0,.45,0,10,10,As,28,1985,,,18,0,17.3,17.8,18.6,19.8
108,서울,2017-10-12 15:00,,9,,,,9,,9,,9,9.6,6.4,,9,1019.5,0,,9,,9,10,10,As,28,2000,,,,9,,,,
108,서울,2017-10-12 16:00,,9,,,,,,,,9,,,,9,,9,,,,,10,10,As,28,1912,,,,9,,,,
108,서울,2017-10-12 17:00,,9,,,,,,,,9,,,,9,,9,,,,,9,9,Ac,35,1964,,,,9,,,,
108,서울,2017-10-12 18:00,12.8,0,,9,2.3,0,270,0,66,0,9.7,6.5,1009,0,1019.3,0,,9,,9,8,3,AcCi,35,1980,,,13.2,0,16.6,18.1,18.8,19.7
108,서울,2017-10-12 19:00,11.5,0,,,1.5,0,320,0,66,0,8.9,5.3,1009.4,0,1019.8,0,,9,,9,,0,,,2000,,,11.3,0,15.5,17.8,18.8,19.7
108,서울,2017-10-12 20:00,10.6,0,,,1.2,0,290,0,66,0,8.4,4.5,1010,0,1020.4,0,,9,,9,,0,,,2000,,,10.1,0,14.7,17.4,18.8,19.6
108,서울,2017-10-12 21:00,10.2,0,,,3.1,0,340,0,65,0,8.1,3.9,1010.4,0,1020.8,0,,9,,9,0,0,,,2000,,,9.3,0,14,17,18.7,19.6
108,서울,2017-10-12 22:00,9.7,0,,,2.1,0,290,0,73,0,8.7,5,1010.5,0,1020.9,0,,9,,9,,0,,,1977,,,8.6,0,13.4,16.6,18.5,19.6
108,서울,2017-10-12 23:00,9.3,0,,,3.8,0,290,0,75,0,8.7,5,1010.7,0,1021.2,0,,9,,9,,0,,,1874,,,8.3,0,12.9,16.3,18.3,19.5
108,서울,2017-10-13 00:00,8.8,0,,,1.3,0,290,0,77,0,8.7,4.9,1010.8,0,1021.3,0,,9,,9,0,0,,,1989,,,7.8,0,12.6,15.9,18.2,19.4
108,서울,2017-10-13 01:00,8.1,0,,,1.4,0,290,0,77,0,8.3,4.3,1010.7,0,1021.2,0,,9,,9,,0,,,2000,,,7.3,0,12.2,15.6,18,19.3
108,서울,2017-10-13 02:00,7.5,0,,,1,0,290,0,77,0,8,3.7,1011.1,0,1021.6,0,,9,,9,,0,,,2000,,,6.8,0,11.8,15.3,17.8,19.3
108,서울,2017-10-13 03:00,7.1,0,,,.8,0,20,0,64,0,6.4,.7,1011,0,1021.6,0,,9,,9,0,0,,,2000,,,6.4,0,11.4,15,17.5,19.1
108,서울,2017-10-13 04:00,7,0,,,1.2,0,290,0,76,0,7.6,3,1011.1,0,1021.7,0,,9,,9,0,0,,,2000,,,6,0,11,14.7,17.4,19
108,서울,2017-10-13 05:00,6.8,0,,,.9,0,360,0,71,0,7,1.8,1011.6,0,1022.2,0,,9,,9,0,0,,,2000,,,5.8,0,10.7,14.4,17.2,18.9
108,서울,2017-10-13 06:00,6.2,0,,,2.1,0,50,0,71,0,6.7,1.3,1011.8,0,1022.4,0,,9,,9,0,0,,,2000,,,5.4,0,10.4,14.2,16.9,18.7
108,서울,2017-10-13 07:00,6.2,0,,,1.2,0,20,0,72,0,6.8,1.5,1012.1,0,1022.7,0,.1,0,.01,0,0,0,,,2000,,,5.4,0,10.2,13.9,16.8,18.6
108,서울,2017-10-13 08:00,7.2,0,,,1.8,0,20,0,59,0,6,-.2,1012.8,0,1023.4,0,1,0,.28,0,0,0,,,1973,,,6.2,0,10.2,13.7,16.6,18.5
108,서울,2017-10-13 09:00,10.7,0,,,3.2,0,50,0,51,0,6.5,.9,1012.9,0,1023.3,0,1,0,.72,0,0,0,,,1893,,,13.1,0,11.8,13.6,16.4,18.3
108,서울,2017-10-13 10:00,13.3,0,,,3.4,0,90,0,45,0,6.8,1.5,1012.7,0,1023,0,1,0,1.12,0,0,0,,,1889,,,18.1,0,14.4,13.9,16.2,18.1
108,서울,2017-10-13 11:00,15.3,0,,,2,0,20,0,37,0,6.4,.6,1012.5,0,1022.8,0,1,0,1.53,0,1,0,Ci,,1915,,,22,0,17,14.7,16.2,18.1
108,서울,2017-10-13 12:00,16.8,0,,,3.6,0,270,0,34,0,6.5,.8,1012.1,0,1022.3,0,1,0,1.53,0,6,0,Ci,,1969,,,23,0,19,15.7,16.3,18
108,서울,2017-10-13 13:00,16.5,0,,,6,0,290,0,38,0,7.1,2.1,1011.6,0,1021.8,0,.9,0,.88,0,8,0,Cs,,1921,,,19.8,0,18.8,16.6,16.5,18
108,서울,2017-10-13 14:00,18,0,,,3.5,0,270,0,35,0,7.2,2.2,1011.1,0,1021.2,0,1,0,1.09,0,8,0,Ci,,2000,,,21.1,0,19.4,17.2,16.9,18
108,서울,2017-10-13 15:00,18.4,0,,,5.3,0,270,0,33,0,7,1.8,1010.9,0,1021,0,1,0,1.01,0,8,0,Ci,,1997,,,20.5,0,19.7,17.7,17.1,18
108,서울,2017-10-13 16:00,18.7,0,,,4.7,0,290,0,35,0,7.5,2.9,1011,0,1021,0,1,0,.76,0,6,0,Ci,,1954,,,18.2,0,19.5,18.1,17.4,18.1
108,서울,2017-10-13 17:00,17.4,0,,,3,0,290,0,37,0,7.3,2.5,1011.2,0,1021.3,0,.6,0,.41,0,8,0,Ci,,2000,,,15.9,0,18.6,18.2,17.7,18.2
108,서울,2017-10-13 18:00,16,0,,,5.2,0,270,0,49,0,8.8,5.2,1011.6,0,1021.8,0,0,0,.07,0,6,0,Cc,,1873,,,13.5,0,17.4,18.1,17.9,18.3
108,서울,2017-10-13 19:00,15,0,,,3,0,290,0,55,0,9.3,6,1012.1,0,1022.4,0,,9,,9,,0,,,2000,,,12.3,0,16.3,17.8,17.9,18.4
108,서울,2017-10-13 20:00,14.5,0,,,1.8,0,290,0,59,0,9.7,6.5,1012.5,0,1022.8,0,,9,,9,,0,,,2000,,,11.8,0,15.6,17.4,17.9,18.4
108,서울,2017-10-13 21:00,14,0,,,3.5,0,290,0,63,0,10,7,1012.8,0,1023.1,0,,9,,9,4,0,Ci,,2000,,,11,0,15.1,17.1,17.9,18.5
108,서울,2017-10-13 22:00,14.1,0,,,6.6,0,340,0,53,0,8.5,4.6,1013.4,0,1023.7,0,,9,,9,,0,,,2000,,,10.5,0,14.6,16.7,17.8,18.5
108,서울,2017-10-13 23:00,13.8,0,,,5.8,0,340,0,48,0,7.5,2.9,1013.8,0,1024.1,0,,9,,9,,0,,,2000,,,9.8,0,14.3,16.4,17.7,18.5
108,서울,2017-10-14 00:00,13.4,0,,,5.2,0,340,0,43,0,6.6,1,1013.9,0,1024.2,0,,9,,9,3,0,Ci,,2000,,,8.8,0,13.7,16.1,17.6,18.5
108,서울,2017-10-14 01:00,12.2,0,,,1.7,0,20,0,50,0,7.1,2,1013.8,0,1024.2,0,,9,,9,,0,,,2000,,,8,0,13.2,15.9,17.5,18.4
108,서울,2017-10-14 02:00,11.1,0,,,1.8,0,20,0,58,0,7.6,3.1,1014,0,1024.4,0,,9,,9,,0,,,2000,,,7.3,0,12.5,15.5,17.3,18.4
108,서울,2017-10-14 03:00,10.2,0,,,2.5,0,70,0,66,0,8.2,4.1,1014,0,1024.5,0,,9,,9,0,0,,,1976,,,6.7,0,11.9,15.1,17.2,18.3
108,서울,2017-10-14 04:00,9.9,0,,,.1,0,0,0,67,0,8.1,4,1014.4,0,1024.9,0,,9,,9,0,0,,,1892,,,6.4,0,11.7,14.8,17,18.2
108,서울,2017-10-14 05:00,9.4,0,,,1,0,50,0,69,0,8.1,3.9,1014.6,0,1025.1,0,,9,,9,0,0,,,1891,,,6.1,0,11.3,14.5,16.8,18.1
108,서울,2017-10-14 06:00,9.2,0,,,1.1,0,20,0,72,0,8.4,4.4,1015.2,0,1025.7,0,,9,,9,0,0,,,1747,,,5.9,0,11,14.3,16.6,18
108,서울,2017-10-14 07:00,9,0,,,.8,0,20,0,73,0,8.4,4.4,1015.6,0,1026.1,0,.1,0,.01,0,4,0,Ci,,1737,,,6.2,0,10.8,14,16.4,18
108,서울,2017-10-14 08:00,9.9,0,,,1.5,0,70,0,69,0,8.4,4.4,1016.4,0,1026.9,0,1,0,.26,0,4,0,Ci,,1459,,,8,0,11,13.8,16.3,17.9
108,서울,2017-10-14 09:00,12.2,0,,,1.2,0,360,0,56,0,7.9,3.6,1016.8,0,1027.2,0,1,0,.66,0,5,0,Ci,,1626,,,13.4,0,12.7,13.8,16.1,17.7
108,서울,2017-10-14 10:00,15.3,0,,,.5,0,20,0,41,0,7.1,2.1,1016.6,0,1026.9,0,1,0,1.04,0,5,0,Ci,,1925,,,18.2,0,15.2,14.2,16,17.6
108,서울,2017-10-14 11:00,18.1,0,,,2.6,0,90,0,29,0,6,-.2,1016.8,0,1026.9,0,1,0,1.38,0,6,6,Ac,35,1996,,,23.1,0,17.5,15,16,17.5
108,서울,2017-10-14 12:00,18.9,0,,,1.9,0,200,0,37,0,8,3.8,1016.6,0,1026.7,0,1,0,1.5,0,1,1,Ac,35,1923,,,24.4,0,19.3,15.9,16.1,17.5
108,서울,2017-10-14 13:00,19.6,0,,,,9,,9,23,0,5.2,-2.1,1015.5,0,1025.5,0,1,0,1.58,0,3,0,Ci,,1995,,,24.7,0,20.8,16.9,16.4,17.5
108,서울,2017-10-14 14:00,19.7,0,,,,9,,9,27,0,6.2,.1,1014.5,0,1024.5,0,1,0,1.48,0,7,0,Ci,,2000,,,24.2,0,21.8,17.8,16.7,17.5
108,서울,2017-10-14 15:00,20,0,,,,9,,9,24,0,5.6,-1.2,1014.2,0,1024.3,0,1,0,1.23,0,8,2,AcCi,35,2000,,,22.4,0,21.7,18.5,17.1,17.6
108,서울,2017-10-14 16:00,19.3,0,,,,9,,9,24,0,5.4,-1.8,1014.3,0,1024.3,0,1,0,.87,0,9,3,AcCi,35,2000,,,19.6,0,21.1,18.9,17.4,17.7
108,서울,2017-10-14 17:00,18.1,0,,,,9,,9,24,0,5,-2.8,1014.3,0,1024.4,0,1,0,.46,0,8,3,AcCi,35,2000,,,16.5,0,19.8,19,17.8,17.8
108,서울,2017-10-14 18:00,16.6,0,,,,9,,9,29,0,5.5,-1.5,1014.6,0,1024.8,0,.5,0,.11,0,9,6,AcCi,35,2000,,,13.8,0,18.1,18.7,18,18
108,서울,2017-10-14 19:00,15.8,0,,,1.7,0,360,0,28,0,5,-2.7,1015.6,0,1025.9,0,,9,,9,,6,,60,2000,,,12.5,0,16.8,18.2,18.1,18.1
108,서울,2017-10-14 20:00,15.3,0,,,2.7,0,340,0,27,0,4.7,-3.6,1015.7,0,1026,0,,9,,9,,3,,59,2000,,,11.6,0,15.9,17.8,18,18.2
108,서울,2017-10-14 21:00,14.7,0,,,1.7,0,340,0,28,0,4.7,-3.6,1016.1,0,1026.4,0,,9,,9,8,0,Ci,,2000,,,11.3,0,15.4,17.3,18,18.3
108,서울,2017-10-14 22:00,14.1,0,,,1.9,0,320,0,28,0,4.5,-4.1,1016.4,0,1026.7,0,,9,,9,,9,,57,2000,,,11.1,0,14.9,16.9,17.9,18.3
108,서울,2017-10-14 23:00,14,0,,,1.1,0,320,0,30,0,4.8,-3.3,1016.7,0,1027,0,,9,,9,,9,,59,2000,,,10.8,0,14.6,16.6,17.7,18.2
108,서울,2017-10-15 00:00,13.6,0,,,1.9,0,340,0,30,0,4.7,-3.6,1016.7,0,1027,0,,9,,9,8,0,Ci,,2000,,,10.5,0,14.3,16.3,17.6,18.2
108,서울,2017-10-15 01:00,12.9,0,,,.7,0,340,0,36,0,5.4,-1.8,1016.6,0,1027,0,,9,,9,,9,,57,2000,,,10,0,14,16.1,17.5,18.2
108,서울,2017-10-15 02:00,11.9,0,,,.6,0,320,0,41,0,5.7,-.9,1016.5,0,1026.9,0,,9,,9,,9,,69,2000,,,9,0,13.5,15.8,17.3,18.1
108,서울,2017-10-15 03:00,11.2,0,,,1.8,0,50,0,47,0,6.2,.2,1016.3,0,1026.8,0,,9,,9,2,0,Ci,,2000,,,8.2,0,13,15.5,17.1,18.1
108,서울,2017-10-15 04:00,10.3,0,,,.8,0,180,0,48,0,6,-.2,1016.3,0,1026.8,0,,9,,9,0,0,,,2000,,,7,0,12.4,15.3,17,18
108,서울,2017-10-15 05:00,9.7,0,,,1.8,0,50,0,49,0,5.9,-.5,1016.5,0,1027,0,,9,,9,0,0,,,2000,,,6.5,0,11.9,14.9,16.9,18
108,서울,2017-10-15 06:00,9.3,0,,,2.1,0,70,0,49,0,5.8,-.8,1017.1,0,1027.6,0,,9,,9,2,0,Ci,,2000,,,6.2,0,11.5,14.6,16.7,17.9
108,서울,2017-10-15 07:00,9,0,,,2.1,0,70,0,52,0,6,-.3,1017.2,0,1027.7,0,0,0,0,0,8,0,Ci,,2000,,,6.6,0,11.3,14.3,16.5,17.8
108,서울,2017-10-15 08:00,10.4,0,,,1.9,0,70,0,47,0,5.9,-.4,1018.1,0,1028.6,0,.3,0,.15,0,9,0,Ci,,2000,,,9.6,0,11.7,14.1,16.3,17.7
108,서울,2017-10-15 09:00,13.4,0,,,2.3,0,70,0,40,0,6.1,0,1018.7,0,1029.1,0,1,0,.49,0,7,3,AcCi,35,2000,,,12.8,0,13,14.1,16.2,17.6
108,서울,2017-10-15 10:00,15.6,0,,,2.9,0,70,0,38,0,6.7,1.3,1018.7,0,1029,0,1,0,.79,0,5,0,Ci,,2000,,,16.6,0,14.6,14.4,16.1,17.5
108,서울,2017-10-15 11:00,18,0,,,3.6,0,70,0,37,0,7.6,3,1018.1,0,1028.3,0,1,0,1.35,0,7,0,Cc,,2000,,,23.7,0,17.1,15,16,17.4
108,서울,2017-10-15 12:00,19.9,0,,,2.2,0,70,0,35,0,8.1,3.9,1017.7,0,1027.8,0,1,0,1.61,0,3,0,Ci,,2000,,,27.1,0,19.6,15.9,16.1,17.3
108,서울,2017-10-15 13:00,21.8,0,,,3.1,0,90,0,33,0,8.5,4.7,1016.6,0,1026.6,0,1,0,1.65,0,3,0,Ci,,2000,,,29.3,0,21.4,17,16.3,17.3
108,서울,2017-10-15 14:00,22,0,,,2.8,0,90,0,29,0,7.6,3.1,1015.6,0,1025.6,0,1,0,1.44,0,8,0,Cc,,2000,,,28.2,0,22.4,18,16.7,17.3
108,서울,2017-10-15 15:00,23,0,,,2,0,50,0,27,0,7.5,2.9,1015.8,0,1025.7,0,1,0,1.26,0,6,0,Ci,,1788,,,27.4,0,22.8,18.8,17,17.4
108,서울,2017-10-15 16:00,21.4,0,,,2.4,0,70,0,26,0,6.6,1,1015.6,0,1025.6,0,1,0,.75,0,7,0,Ci,,2000,,,21.9,0,22,19.3,17.4,17.5
108,서울,2017-10-15 17:00,20.4,0,,,2.7,0,50,0,32,0,7.6,3.1,1015.8,0,1025.9,0,.8,0,.43,0,8,5,AcCi,35,2000,,,18.9,0,20.8,19.4,17.8,17.7
108,서울,2017-10-15 18:00,18.9,0,,,1,0,20,0,38,0,8.2,4.2,1015.9,0,1026,0,.2,0,.05,0,7,4,AcCi,35,2000,,,16.1,0,19.2,19.2,18,17.9
108,서울,2017-10-15 19:00,17.4,0,,,.4,0,0,0,44,0,8.7,5,1016.7,0,1026.9,0,,9,,9,,4,,74,2000,,,14.1,0,17.7,18.8,18.2,18
108,서울,2017-10-15 20:00,16.5,0,,,.6,0,290,0,50,0,9.3,6,1017.2,0,1027.4,0,,9,,9,,6,,60,2000,,,12.9,0,16.6,18.3,18.2,18.1
108,서울,2017-10-15 21:00,16,0,,,.5,0,20,0,47,0,8.5,4.6,1017.3,0,1027.6,0,,9,,9,7,0,Ci,,2000,,,12.8,0,16,17.8,18.1,18.1
108,서울,2017-10-15 22:00,15.7,0,,,.5,0,340,0,50,0,8.8,5.2,1018.1,0,1028.4,0,,9,,9,,9,,59,2000,,,12.3,0,15.7,17.4,18,18.2
108,서울,2017-10-15 23:00,15.1,0,,,1.8,0,50,0,55,0,9.4,6.1,1018,0,1028.3,0,,9,,9,,9,,56,2000,,,12.5,0,15.4,17.1,17.9,18.2
108,서울,2017-10-16 00:00,15,0,,,1.5,0,20,0,57,0,9.7,6.5,1017.6,0,1027.9,0,,9,,9,9,0,Ci,,2000,,,12.6,0,15.3,16.9,17.7,18.2
108,서울,2017-10-16 01:00,14.9,0,,,2.2,0,70,0,55,0,9.3,5.9,1017.4,0,1027.7,0,,9,,9,,5,,43,2000,,,12.6,0,15.2,16.7,17.7,18.2
108,서울,2017-10-16 02:00,14.8,0,,,1.6,0,70,0,55,0,9.2,5.8,1017.9,0,1028.2,0,,9,,9,,10,,42,2000,,,12.7,0,15.1,16.5,17.5,18.1
108,서울,2017-10-16 03:00,14.7,0,,,1.1,0,50,0,58,0,9.7,6.5,1017.9,0,1028.2,0,,9,,9,9,0,Ci,,2000,,,12.7,0,15.1,16.4,17.4,18.1
108,서울,2017-10-16 04:00,14.5,0,,,1,0,50,0,61,0,10,7,1018,0,1028.3,0,,9,,9,9,0,Ci,,2000,,,12.6,0,14.9,16.3,17.4,18
108,서울,2017-10-16 05:00,14.3,0,,,1.1,0,20,0,64,0,10.4,7.5,1018,0,1028.3,0,,9,,9,9,0,Ci,,2000,,,12.5,0,14.9,16.2,17.3,18
108,서울,2017-10-16 06:00,14.1,0,,,1.1,0,50,0,64,0,10.2,7.3,1017.7,0,1028,0,,9,,9,9,0,Ci,,2000,,,12.3,0,14.7,16.1,17.2,18
108,서울,2017-10-16 07:00,14,0,,,.8,0,20,0,66,0,10.5,7.7,1017.6,0,1027.9,0,0,0,0,0,9,0,Ci,,2000,,,12.3,0,14.6,16,17.1,17.9
108,서울,2017-10-16 08:00,14.2,0,,,1,0,20,0,67,0,10.8,8.1,1018,0,1028.3,0,0,0,.07,0,9,0,Ci,,2000,,,13.4,0,14.7,15.9,17.1,17.9
108,서울,2017-10-16 09:00,15.2,0,,,1.1,0,360,0,61,0,10.5,7.7,1018.5,0,1028.8,0,0,0,.26,0,9,0,Ci,,1996,,,15.9,0,15.3,15.9,17,17.8
108,서울,2017-10-16 10:00,16.7,0,,,.6,0,50,0,54,0,10.2,7.3,1018.5,0,1028.7,0,0,0,.46,0,9,0,Ci,,1969,,,18.4,0,16.3,16.1,17,17.8
108,서울,2017-10-16 11:00,18.4,0,,,.8,0,20,0,49,0,10.3,7.4,1018,0,1028.1,0,.2,0,.81,0,9,9,As,34,1944,,,22.4,0,17.9,16.5,17,17.7
108,서울,2017-10-16 12:00,19.1,0,,,1.9,0,290,0,48,0,10.6,7.8,1017.2,0,1027.3,0,0,0,.74,0,10,10,As,34,1957,,,24.2,0,18.8,17.1,17,17.7
108,서울,2017-10-16 13:00,20,0,,,2.7,0,270,0,41,0,9.5,6.3,1016.4,0,1026.5,0,1,0,1.16,0,9,9,Ac,35,1850,,,27.4,0,20.3,17.7,17.2,17.7
108,서울,2017-10-16 14:00,21.1,0,,,3.3,0,290,0,38,0,9.5,6.2,1015.3,0,1025.3,0,1,0,1.31,0,4,3,ScCc,15,1745,,,28.1,0,21.8,18.4,17.4,17.7
108,서울,2017-10-16 15:00,21.8,0,,,3.5,0,290,0,35,0,9.1,5.6,1014.8,0,1024.8,0,1,0,1.21,0,3,2,ScAc,15,1471,,,27.3,0,22.6,19.1,17.6,17.8
108,서울,2017-10-16 16:00,21.5,0,,,2.4,0,320,0,33,0,8.4,4.5,1014.5,0,1024.5,0,1,0,.8,0,1,0,Ci,,1134,,,23.1,0,22.2,19.6,17.9,17.9
108,서울,2017-10-16 17:00,19.9,0,,,2.6,0,360,0,29,0,6.7,1.3,1014.6,0,1024.7,0,.9,0,.42,0,6,0,Cc,,2000,,,19,0,21.1,19.7,18.2,18
108,서울,2017-10-16 18:00,18.6,0,,,1.8,0,290,0,32,0,6.8,1.5,1014.6,0,1024.7,0,.2,0,.06,0,9,9,Ac,35,2000,,,16.9,0,19.5,19.6,18.4,18.1
108,서울,2017-10-16 19:00,17.5,0,,,3.3,0,320,0,32,0,6.4,.6,1015.1,0,1025.3,0,,9,,9,,9,,66,2000,,,15.5,0,18.3,19.1,18.6,18.3
108,서울,2017-10-16 20:00,16.7,0,,,2.3,0,320,0,36,0,6.8,1.5,1015.4,0,1025.6,0,,9,,9,,8,,64,2000,,,14.6,0,17.5,18.7,18.6,18.4
108,서울,2017-10-16 21:00,15.7,0,,,1.6,0,270,0,41,0,7.3,2.4,1015.4,0,1025.7,0,,9,,9,5,3,AcCi,35,1999,,,13,0,16.6,18.3,18.5,18.4
108,서울,2017-10-16 22:00,15,0,,,2.6,0,290,0,41,0,7,1.8,1015.3,0,1025.6,0,,9,,9,,9,,73,2000,,,12.4,0,16,17.9,18.4,18.5
108,서울,2017-10-16 23:00,14.1,0,,,1.7,0,270,0,44,0,7.1,2,1015.3,0,1025.6,0,,9,,9,,7,,73,2000,,,11.6,0,15.4,17.5,18.3,18.5
108,서울,2017-10-17 00:00,13.6,0,,,.3,,0,,42,0,6.5,.9,1015.3,0,1025.6,0,,9,,9,9,9,,,2000,,,11.4,0,15.1,17.1,18.1,18.4
108,서울,2017-10-17 01:00,13.2,0,,,1.3,,90,,35,0,5.3,-1.9,1015.3,0,1025.6,0,,9,,9,,9,,75,2000,,,10.9,0,14.7,16.8,17.9,18.4
108,서울,2017-10-17 02:00,12.6,0,,,.1,,0,,50,0,7.3,2.4,1015.4,0,1025.8,0,,9,,9,,9,,,2000,,,9.6,0,14.3,16.5,17.8,18.4
108,서울,2017-10-17 03:00,11.4,0,,,1,,20,,47,0,6.3,.4,1015.1,0,1025.5,0,,9,,9,1,1,Ac,35,2000,,,8.3,0,13.6,16.2,17.6,18.3
108,서울,2017-10-17 04:00,10.6,0,,,.6,,340,,55,0,7,1.9,1014.9,0,1025.4,0,,9,,9,0,0,,,2000,,,7.3,0,12.8,15.8,17.5,18.2
108,서울,2017-10-17 05:00,10.1,0,,,1,,20,,53,0,6.5,.9,1014.9,0,1025.4,0,,9,,9,2,0,Ci,,2000,,,6.7,0,12.3,15.5,17.3,18.2
108,서울,2017-10-17 06:00,9.5,0,,,.7,,20,,53,0,6.2,.3,1015.1,0,1025.6,0,,9,,9,0,0,,,2000,,,6.2,0,11.8,15.1,17.1,18.1
108,서울,2017-10-17 07:00,9.2,0,,,.9,,20,,55,0,6.4,.6,1015.3,0,1025.8,0,0,,0,,0,0,,,2000,,,6.1,0,11.4,14.8,16.9,18
108,서울,2017-10-17 08:00,10.2,0,,,1.2,,50,,51,0,6.3,.4,1015.6,0,1026.1,0,.8,,.22,,1,0,Cc,,1882,,,7.7,0,11.5,14.5,16.7,17.9
108,서울,2017-10-17 09:00,14.4,0,,,1.9,,90,,47,0,7.7,3.2,1016,0,1026.3,0,1,,.65,,1,0,Cc,,1736,,,14.8,0,13.1,14.3,16.5,17.7
108,서울,2017-10-17 10:00,16.9,0,,,2.6,,50,,45,0,8.6,4.8,1016,0,1026.2,0,1,,1.03,,0,0,,,1985,,,20.9,0,15.7,14.7,16.3,17.6
108,서울,2017-10-17 11:00,19.4,0,,,1.9,,90,,40,0,9,5.4,1015.5,0,1025.6,0,1,,1.34,,0,0,,,1749,,,26.6,0,18.2,15.4,16.3,17.5
108,서울,2017-10-17 12:00,20.6,0,,,1.5,,360,,38,0,9.2,5.7,1014.9,0,1025,0,1,,1.53,,0,0,,,1508,,,29.8,0,20.6,16.4,16.4,17.5
108,서울,2017-10-17 13:00,23.3,0,,,2.2,,160,,32,0,9.1,5.6,1014.4,0,1024.3,0,1,,1.58,,0,0,,,1643,,,31.7,0,22.3,17.5,16.7,17.5
108,서울,2017-10-17 14:00,22.9,0,,,1.1,,320,,30,0,8.3,4.3,1013.5,0,1023.4,0,1,,1.45,,0,0,,,1817,,,31.2,0,23.4,18.6,17,17.5
108,서울,2017-10-17 15:00,23.8,0,,,1.4,,50,,27,0,7.9,3.6,1012.8,0,1022.7,0,1,,1.19,,0,0,,,1872,,,29.1,0,23.8,19.4,17.4,17.6
108,서울,2017-10-17 16:00,23.4,0,,,1.8,,70,,29,0,8.3,4.3,1012.2,0,1022.1,0,1,,.84,,0,0,,,1938,,,24.4,0,23.3,20,17.8,17.7
108,서울,2017-10-17 17:00,22.5,0,,,1.6,,270,,37,0,10,7,1012.2,0,1022.1,0,1,,.39,,0,0,,,1456,,,20,0,22,20.2,18.1,17.8
108,서울,2017-10-17 18:00,19.8,0,,,2.7,,320,,44,0,10.1,7.1,1012.3,0,1022.4,0,.5,,.08,,1,0,Ci,,1185,,,16.8,0,20.2,20,18.4,18
108,서울,2017-10-17 19:00,18.2,0,,,1.6,,290,,49,0,10.2,7.2,1012.9,0,1023,0,,9,,9,,0,,,1247,,,14.7,0,18.6,19.5,18.6,18.1
108,서울,2017-10-17 20:00,17,0,,,1.8,,270,,57,0,11,8.4,1013.4,0,1023.6,0,,9,,9,,0,,,1202,,,13.4,0,17.5,18.9,18.6,18.2
108,서울,2017-10-17 21:00,15.9,0,,,1.7,,270,,60,0,10.8,8.1,1013.3,0,1023.5,0,,9,,9,0,0,,,1212,,,12.4,0,16.6,18.4,18.5,18.3
108,서울,2017-10-17 22:00,15.4,0,,,.6,,360,,60,0,10.4,7.6,1013.6,0,1023.9,0,,9,,9,,0,,,1242,,,11.5,0,15.9,17.9,18.4,18.4
108,서울,2017-10-17 23:00,14.5,0,,,1.9,,50,,63,0,10.4,7.5,1013.8,0,1024.1,0,,9,,9,,0,,68,1239,,,11.1,0,15.3,17.5,18.2,18.4
108,서울,2017-10-18 00:00,14.2,0,,,2.6,,70,,61,0,9.8,6.7,1013.5,0,1023.8,0,,9,,9,0,0,,,1241,,,11,0,15,17.1,18.1,18.3
108,서울,2017-10-18 01:00,14.3,0,,,2.5,0,50,0,63,0,10.2,7.3,1014.2,0,1024.5,0,,9,,9,,,,18,1538,,,11.8,0,14.9,16.8,17.9,18.3
108,서울,2017-10-18 02:00,15.2,0,,,2.7,0,70,0,62,0,10.6,7.9,1014.1,0,1024.4,0,,9,,9,,3,,20,1980,,,12.7,0,15.1,16.6,17.8,18.3
108,서울,2017-10-18 03:00,15.4,0,,,3,0,70,0,62,0,10.8,8.1,1013.9,0,1024.2,0,,9,,9,6,6,Sc,16,1994,,,13,0,15.1,16.5,17.6,18.2
108,서울,2017-10-18 04:00,15.5,0,,,2.5,0,70,0,61,0,10.7,8,1013.9,0,1024.2,0,,9,,9,8,8,Sc,15,2000,,,13.4,0,15.2,16.4,17.5,18.2
108,서울,2017-10-18 05:00,15.4,0,,,2.9,0,90,0,60,0,10.4,7.6,1013.8,0,1024.1,0,,9,,9,9,4,ScCi,15,2000,,,13.3,0,15.2,16.4,17.4,18.1
108,서울,2017-10-18 06:00,15.3,0,,,2.3,0,70,0,60,0,10.4,7.5,1014.1,0,1024.4,0,,9,,9,9,9,As,30,2000,,,13.2,0,15.2,16.4,17.4,18
108,서울,2017-10-18 07:00,15.1,0,,,2.6,0,70,0,60,0,10.2,7.3,1014.2,0,1024.5,0,0,0,0,0,10,10,As,30,2000,,,13.2,0,15.1,16.3,17.3,18
108,서울,2017-10-18 08:00,15.2,0,,,2.4,0,70,0,60,0,10.3,7.4,1014.3,0,1024.6,0,0,0,.04,0,9,9,As,30,2000,,,13.8,0,15.1,16.2,17.2,17.9
108,서울,2017-10-18 09:00,15.9,0,,,3.1,0,70,0,54,0,9.7,6.5,1014.7,0,1024.9,0,0,0,.22,0,10,10,As,30,2000,,,15.8,0,15.5,16.2,17.2,17.9
108,서울,2017-10-18 10:00,16.8,0,,,2.2,0,70,0,51,0,9.7,6.5,1014.7,0,1024.9,0,0,0,.36,0,10,10,As,30,2000,,,18.3,0,15.8,16.3,17.1,17.9
108,서울,2017-10-18 11:00,17.6,0,,,2.7,0,70,0,49,0,9.8,6.7,1013.8,0,1023.9,0,0,0,.51,0,10,10,As,30,2000,,,19.6,0,16.5,16.5,17,17.8
108,서울,2017-10-18 12:00,18.9,0,,,3.1,0,90,0,45,0,9.7,6.6,1013.4,0,1023.5,0,.3,0,.75,0,10,10,As,30,2000,,,22.7,0,17.8,16.8,17,17.8
108,서울,2017-10-18 13:00,18.5,0,,,2,0,90,0,46,0,9.7,6.6,1012.8,0,1022.9,0,0,0,.32,0,10,10,As,31,2000,,,20.3,0,17.9,17.1,17.1,17.8
108,서울,2017-10-18 14:00,18.5,0,0,0,3,0,70,0,48,0,10.2,7.2,1012.2,0,1022.3,0,0,0,.36,0,10,10,As,28,1997,,01,20.4,0,18,17.4,17.1,17.8
108,서울,2017-10-18 15:00,18.4,0,0,0,2.7,0,70,0,51,0,10.7,8,1011.7,0,1021.8,0,0,0,.29,0,10,1,ScAs,10,2000,,01,19.6,0,18,17.6,17.2,17.8
108,서울,2017-10-18 16:00,17.9,0,.1,0,2.4,0,50,0,54,0,11,8.4,1012,0,1022.1,0,0,0,.16,0,10,1,ScAs,10,2000,,01,17.2,0,17.8,17.7,17.4,17.9
108,서울,2017-10-18 17:00,17.3,0,0,0,2.2,0,50,0,60,0,11.8,9.4,1012,0,1022.1,0,0,0,.1,0,10,3,ScAs,10,2000,,01,16.3,0,17.5,17.7,17.4,17.9
108,서울,2017-10-18 18:00,16.9,0,0,0,1.4,0,140,0,60,0,11.5,9,1012,0,1022.2,0,0,0,.02,0,10,1,ScAs,10,2000,,01,15.2,0,17,17.6,17.4,17.9
108,서울,2017-10-18 19:00,16.7,0,0,0,2.2,0,90,0,61,0,11.6,9.1,1012.1,0,1022.3,0,,9,,9,9,9,As,28,1999,,01,14.7,0,16.6,17.4,17.5,17.9
108,서울,2017-10-18 20:00,16.5,0,0,0,1.6,0,70,0,63,0,11.8,9.4,1012.1,0,1022.3,0,,9,,9,9,9,As,26,1991,,01,14.5,0,16.4,17.3,17.5,18
108,서울,2017-10-18 21:00,16.1,0,,9,1.7,0,70,0,64,0,11.6,9.2,1011.9,0,1022.1,0,,9,,9,10,10,As,28,2000,,,14.3,0,16.2,17.1,17.4,18
108,서울,2017-10-18 22:00,15.9,0,0,0,1.9,0,50,0,71,0,12.8,10.6,1012.3,0,1022.5,0,,9,,9,10,3,ScAs,15,1977,,01,14.3,0,16.1,17,17.4,18
108,서울,2017-10-18 23:00,15.3,0,0,0,2.5,0,50,0,76,0,13.1,11,1012.3,0,1022.6,0,,9,,9,10,4,ScAs,12,1908,,01,13.9,0,15.9,16.9,17.4,18
108,서울,2017-10-19 00:00,15,0,0,0,2.8,0,70,0,74,0,12.5,10.3,1011.8,0,1022.1,0,,9,,9,9,9,,,1936,,01,13.6,0,15.7,16.8,17.3,18
108,서울,2017-10-19 01:00,14.8,0,,,3.1,0,50,0,76,0,12.8,10.6,1011.2,0,1021.5,0,,9,,9,,10,,24,1793,,,13.4,0,15.5,16.7,17.2,17.9
108,서울,2017-10-19 02:00,14.5,0,,,3.1,0,50,0,78,0,12.9,10.7,1011.1,0,1021.3,0,,9,,9,,7,,20,1819,,,13.1,0,15.4,16.6,17.2,17.9
108,서울,2017-10-19 03:00,13.8,0,,,2.7,0,70,0,81,0,12.7,10.5,1010.8,0,1021.1,0,,9,,9,5,5,Ac,35,1621,,,11.8,0,15,16.4,17.2,17.9
108,서울,2017-10-19 04:00,13.4,0,,,2.4,0,70,0,75,0,11.5,9,1010.4,0,1020.7,0,,9,,9,3,3,Sc,18,2000,,,11.1,0,14.6,16.2,17.1,17.9
108,서울,2017-10-19 05:00,12.8,0,,,2,0,70,0,75,0,11,8.4,1010.2,0,1020.5,0,,9,,9,0,0,,,2000,,,10.4,0,14.2,16.1,17,17.9
108,서울,2017-10-19 06:00,12.3,0,,,1.7,0,50,0,79,0,11.2,8.7,1010.2,0,1020.5,0,,9,,9,5,5,Ac,35,2000,,,9.9,0,13.7,15.8,16.9,17.8
108,서울,2017-10-19 07:00,12,0,,,1.8,0,50,0,79,0,11,8.4,1010.5,0,1020.9,0,0,0,0,0,2,0,Ci,,1951,,,9.8,0,13.4,15.6,16.8,17.8
108,서울,2017-10-19 08:00,12.7,0,,,2.2,0,70,0,68,0,9.9,6.9,1010.8,0,1021.1,0,.7,0,.2,0,1,0,Ci,,1953,,,10.6,0,13.4,15.3,16.7,17.7
108,서울,2017-10-19 09:00,15.8,0,,,2,0,50,0,56,0,10,7,1010.9,0,1021.1,0,1,0,.65,0,1,0,Ci,,1978,,,16.3,0,14.5,15.2,16.6,17.6
108,서울,2017-10-19 10:00,18,0,,,2.4,0,70,0,50,0,10.3,7.4,1010.5,0,1020.6,0,1,0,1.04,0,1,0,Ci,,2000,,,20.8,0,16.7,15.5,16.5,17.5
108,서울,2017-10-19 11:00,19.5,0,,,1.9,0,50,0,46,0,10.4,7.5,1010.1,0,1020.1,0,1,0,1.35,0,2,0,Ci,,2000,,,24.5,0,18.9,16.2,16.5,17.5
108,서울,2017-10-19 12:00,21,0,,,2.5,0,50,0,40,0,9.9,6.8,1009.5,0,1019.5,0,1,0,1.49,0,4,1,ScCi,10,1947,,,27.4,0,20.9,17.2,16.6,17.5
108,서울,2017-10-19 13:00,22.1,0,,,2,0,90,0,35,0,9.3,5.9,1008.4,0,1018.3,0,1,0,1.56,0,4,2,ScCi,15,2000,,,30.2,0,22.4,18.1,16.8,17.5
108,서울,2017-10-19 14:00,22.2,0,,,2.4,0,50,0,34,0,9,5.5,1007.8,0,1017.7,0,1,0,1.22,0,7,3,ScCi,16,2000,,,28.3,0,23.1,19,17.1,17.5
108,서울,2017-10-19 15:00,22.2,0,,,1.4,0,70,0,37,0,9.9,6.8,1007.2,0,1017.1,0,1,0,.86,0,7,2,ScCi,16,2000,,,25.7,0,22.9,19.6,17.5,17.6
108,서울,2017-10-19 16:00,21.7,0,,,.8,0,290,0,37,0,9.5,6.3,1007.4,0,1017.3,0,.5,0,.37,0,7,1,ScCi,16,2000,,,22.6,0,21.8,19.9,17.8,17.7
108,서울,2017-10-19 17:00,21.3,0,,,1.3,0,290,0,41,0,10.4,7.5,1007.6,0,1017.6,0,.9,0,.29,0,8,0,Ci,,2000,,,20.3,0,20.9,19.9,18.1,17.9
108,서울,2017-10-19 18:00,19.5,0,,,1,0,290,0,49,0,11,8.4,1007.6,0,1017.6,0,.1,0,.05,0,5,0,Ci,,2000,,,16.9,0,19.6,19.6,18.2,18
108,서울,2017-10-19 19:00,18,0,,,1.7,0,320,0,51,0,10.5,7.7,1007.8,0,1017.9,0,,9,,9,,5,,65,2000,,,15.2,0,18.4,19.2,18.3,18.1
108,서울,2017-10-19 20:00,17.3,0,,,1.8,0,320,0,53,0,10.4,7.6,1008.1,0,1018.2,0,,9,,9,,6,,60,2000,,,14.2,0,17.5,18.8,18.3,18.2
108,서울,2017-10-19 21:00,16.7,0,,,1.4,0,290,0,57,0,10.8,8.1,1008.5,0,1018.6,0,,9,,9,3,0,Ci,,2000,,,13.2,0,16.8,18.3,18.3,18.3
108,서울,2017-10-19 22:00,16,0,,,1.9,0,290,0,65,0,11.8,9.4,1009,0,1019.2,0,,9,,9,,0,,,2000,,,12.7,0,16.3,17.9,18.1,18.3
108,서울,2017-10-19 23:00,15.3,0,,,.4,0,0,0,68,0,11.8,9.4,1009.2,0,1019.4,0,,9,,9,,0,,,2000,,,11.8,0,15.8,17.6,18,18.3
108,서울,2017-10-20 00:00,14.6,0,,,.9,0,50,0,67,0,11.1,8.5,1009.2,0,1019.4,0,,9,,9,0,0,,,2000,,,11.1,0,15.2,17.2,17.9,18.3
108,서울,2017-10-20 01:00,13.8,0,,,1.4,0,70,0,67,0,10.5,7.7,1009.3,0,1019.6,0,,9,,9,,0,,,2000,,,10.6,0,14.7,16.9,17.7,18.2
108,서울,2017-10-20 02:00,13.2,0,,,.9,0,50,0,69,0,10.4,7.6,1009.3,0,1019.6,0,,9,,9,,0,,,2000,,,10,0,14.3,16.5,17.6,18.2
108,서울,2017-10-20 03:00,12.7,0,,,.9,0,20,0,74,0,10.8,8.1,1009.2,0,1019.5,0,,9,,9,0,0,,,2000,,,9.7,0,13.9,16.3,17.4,18.1
108,서울,2017-10-20 04:00,12.5,0,,,1.1,0,360,0,73,0,10.5,7.7,1009.1,0,1019.4,0,,9,,9,0,0,,,2000,,,9.2,0,13.6,16,17.3,18.1
108,서울,2017-10-20 05:00,11.9,0,,,1.3,0,50,0,77,0,10.6,7.9,1009.3,0,1019.6,0,,9,,9,0,0,,,2000,,,8.9,0,13.3,15.7,17.1,18
108,서울,2017-10-20 06:00,11.4,0,,,1.1,0,20,0,80,0,10.7,8,1009.3,0,1019.7,0,,9,,9,0,0,,,1690,,,8.6,0,13,15.4,17,17.9
108,서울,2017-10-20 07:00,11.1,0,,,1.1,0,20,0,80,0,10.5,7.7,1009.5,0,1019.9,0,0,0,0,0,0,0,,,1204,,,8.5,0,12.8,15.2,16.8,17.9
108,서울,2017-10-20 08:00,11.7,0,,,1.3,0,50,0,69,0,9.4,6.1,1010,0,1020.4,0,.7,0,.19,0,0,0,,,1056,,,9.8,0,12.9,15.1,16.7,17.8
108,서울,2017-10-20 09:00,15.2,0,,,1.6,0,70,0,62,0,10.6,7.9,1010.4,0,1020.6,0,1,0,.61,0,0,0,,,1427,,,15.7,0,14,15,16.5,17.7
108,서울,2017-10-20 10:00,17.8,0,,,1.2,0,50,0,54,0,10.9,8.3,1010.2,0,1020.3,0,1,0,1.01,0,0,0,,,1762,,,20.8,0,16.4,15.3,16.4,17.6
108,서울,2017-10-20 11:00,20.6,0,,,1.1,0,50,0,45,0,10.9,8.2,1009.7,0,1019.7,0,1,0,1.31,0,0,0,,,1767,,,25.3,0,18.8,16,16.4,17.5
108,서울,2017-10-20 12:00,21.5,0,,,1.4,0,340,0,38,0,9.7,6.5,1008.9,0,1018.9,0,1,0,1.42,0,1,1,Sc,10,1888,,,28.1,0,20.9,17,16.5,17.4
108,서울,2017-10-20 13:00,23.1,0,,,1.1,0,270,0,33,0,9.3,5.9,1008.1,0,1018,0,1,0,1.47,0,1,1,Sc,15,1938,,,31,0,22.4,18,16.7,17.5
108,서울,2017-10-20 14:00,23.8,0,,,2.2,0,250,0,32,0,9.4,6.1,1007.3,0,1017.1,0,1,0,1.37,0,1,1,Sc,15,1961,,,30.6,0,23.3,19,17.1,17.5
108,서울,2017-10-20 15:00,24,0,,,1.5,0,250,0,32,0,9.5,6.2,1007,0,1016.8,0,1,0,1.14,0,0,0,,,1937,,,28.5,0,23.6,19.7,17.4,17.6
108,서울,2017-10-20 16:00,23.4,0,,,2.6,0,270,0,31,0,8.8,5.2,1007.2,0,1017,0,1,0,.79,0,0,0,,,1965,,,24.7,0,23.2,20.2,17.8,17.7
108,서울,2017-10-20 17:00,22,0,,,2.7,0,270,0,32,0,8.4,4.5,1007.5,0,1017.4,0,1,0,.39,0,0,0,,,1995,,,20.6,0,22,20.3,18.1,17.8
108,서울,2017-10-20 18:00,19.7,0,,,2.2,0,270,0,48,0,10.9,8.3,1007.7,0,1017.7,0,.4,0,.05,0,0,0,,,2000,,,17.3,0,20.3,20.1,18.4,18
108,서울,2017-10-20 19:00,18.2,0,,,3.4,0,290,0,59,0,12.3,10,1008.3,0,1018.3,0,,9,,9,,0,,,1822,,,15.7,0,19,19.6,18.5,18.1
108,서울,2017-10-20 20:00,17.4,0,,,1.8,0,230,0,63,0,12.4,10.2,1008.5,0,1018.6,0,,9,,9,,0,,,1575,,,14.6,0,18.1,19.2,18.5,18.2
108,서울,2017-10-20 21:00,16.5,0,,,1.3,0,250,0,63,0,11.8,9.4,1008.6,0,1018.8,0,,9,,9,0,0,,,1608,,,13.5,0,17.3,18.7,18.4,18.3
108,서울,2017-10-20 22:00,16,0,,,.7,0,290,0,63,0,11.4,8.9,1008.8,0,1019,0,,9,,9,,0,,,1622,,,12.8,0,16.6,18.3,18.3,18.4
108,서울,2017-10-20 23:00,15.3,0,,,.5,0,340,0,66,0,11.4,8.9,1009.1,0,1019.3,0,,9,,9,,0,,,1596,,,11.7,0,16,17.9,18.2,18.4
108,서울,2017-10-21 00:00,14.8,0,,,.8,0,340,0,72,0,12,9.7,1008.9,0,1019.2,0,,9,,9,0,0,,,1360,,,11.2,0,15.5,17.5,18.1,18.4
108,서울,2017-10-21 01:00,14.2,0,,,.7,0,20,0,72,0,11.6,9.2,1008.7,0,1018.9,0,,9,,9,,0,,,1433,,,10.4,0,15,17.1,17.9,18.3
108,서울,2017-10-21 02:00,13.4,0,,,.8,0,20,0,74,0,11.3,8.8,1008.9,0,1019.2,0,,9,,9,,0,,,1267,,,10,0,14.5,16.8,17.8,18.3
108,서울,2017-10-21 03:00,12.8,0,,,.9,0,20,0,76,0,11.2,8.6,1008.9,0,1019.2,0,,9,,9,0,0,,,1141,,,9.5,0,14.1,16.5,17.6,18.2
108,서울,2017-10-21 04:00,12.2,0,,,1.1,0,50,0,79,0,11.2,8.6,1008.6,0,1018.9,0,,9,,9,0,0,,,893,,19,9,0,13.7,16.1,17.5,18.2
108,서울,2017-10-21 05:00,11.9,0,,,.7,0,20,0,80,0,11.1,8.5,1008.5,0,1018.8,0,,9,,9,0,0,,,799,,19,8.7,0,13.4,15.9,17.3,18.1
108,서울,2017-10-21 06:00,11.5,0,,,1,0,360,0,83,0,11.2,8.7,1008.5,0,1018.9,0,,9,,9,0,0,,,712,,19,8.3,0,13.1,15.6,17.1,18
108,서울,2017-10-21 07:00,11.2,0,,,.5,0,20,0,82,0,10.9,8.2,1008.7,0,1019.1,0,0,0,0,0,0,0,,,718,,19,8.2,0,12.8,15.4,17,18
108,서울,2017-10-21 08:00,11.7,0,,,.9,0,20,0,75,0,10.3,7.4,1009.4,0,1019.8,0,.7,0,.18,0,0,0,,,723,,19,9.9,0,12.8,15.1,16.8,17.8
108,서울,2017-10-21 09:00,14.5,0,,,1.1,0,50,0,63,0,10.4,7.5,1009.9,0,1020.1,0,1,0,.58,0,0,0,,,834,,4019,15.5,0,14,15,16.6,17.7
108,서울,2017-10-21 10:00,18,0,,,2.1,0,90,0,50,0,10.3,7.4,1009.7,0,1019.8,0,1,0,.97,0,0,0,,,1116,,40,20.9,0,16.3,15.3,16.5,17.6
108,서울,2017-10-21 11:00,20.5,0,,,1.2,0,90,0,41,0,9.8,6.7,1009.2,0,1019.2,0,1,0,1.28,0,0,0,,,1548,,,25.2,0,18.7,16.1,16.5,17.6
108,서울,2017-10-21 12:00,22.6,0,,,2,0,110,0,36,0,9.8,6.7,1008.8,0,1018.7,0,1,0,1.47,0,0,0,,,1900,,,28.5,0,20.9,17,16.6,17.5
108,서울,2017-10-21 13:00,23.6,0,,,2,0,90,0,29,0,8.4,4.5,1008.2,0,1018,0,1,0,1.51,0,0,0,,,1939,,,31.4,0,22.6,18.1,16.8,17.5
108,서울,2017-10-21 14:00,24.6,0,,,2.3,0,70,0,27,0,8.3,4.3,1007,0,1016.8,0,1,0,1.42,0,0,0,,,1998,,,31.5,0,23.7,19,17.1,17.5
108,서울,2017-10-21 15:00,24.9,0,,,2.1,0,340,0,32,0,10,7,1006.6,0,1016.4,0,1,0,1.12,0,0,0,,,1641,,,29.2,0,24,19.8,17.5,17.6
108,서울,2017-10-21 16:00,24.4,0,,,2.7,0,340,0,32,0,9.7,6.6,1006.6,0,1016.4,0,1,0,.78,0,0,0,,,1973,,,25.3,0,23.6,20.3,17.9,17.7
108,서울,2017-10-21 17:00,23.6,0,,,1.1,0,20,0,30,0,8.7,4.9,1006.2,0,1016,0,1,0,.39,0,0,0,,,2000,,,21.1,0,22.6,20.5,18.2,17.9
108,서울,2017-10-21 18:00,21.3,0,,,2.9,0,340,0,35,0,8.8,5.2,1006.1,0,1016,0,.4,0,.05,0,0,0,,,2000,,,17.8,0,20.8,20.3,18.5,18
108,서울,2017-10-21 19:00,19.9,0,,,1.1,0,340,0,37,0,8.5,4.7,1006.2,0,1016.2,0,,9,,9,,0,,,2000,,,15.4,0,19.2,19.9,18.6,18.2
108,서울,2017-10-21 20:00,18.5,0,,,.8,0,270,0,45,0,9.5,6.3,1006.2,0,1016.2,0,,9,,9,,0,,,2000,,,13.8,0,18,19.3,18.6,18.3
108,서울,2017-10-21 21:00,17.6,0,,,.7,0,90,0,45,0,9,5.5,1006.2,0,1016.3,0,,9,,9,0,0,,,2000,,,12.7,0,17.1,18.8,18.5,18.3
108,서울,2017-10-21 22:00,16.7,0,,,.2,0,0,0,50,0,9.5,6.2,1006.3,0,1016.4,0,,9,,9,,0,,,2000,,,11.7,0,16.4,18.3,18.4,18.4
108,서울,2017-10-21 23:00,15.8,0,,,1,0,200,0,50,0,8.9,5.3,1005.9,0,1016.1,0,,9,,9,,0,,,2000,,,10.8,0,15.7,17.8,18.3,18.4
108,서울,2017-10-22 00:00,15.3,0,,,.3,0,0,0,52,0,9,5.4,1005.5,0,1015.7,0,,9,,9,0,0,,,2000,,,10.2,0,15.2,17.4,18.2,18.4
108,서울,2017-10-22 01:00,14.5,0,,,2.3,0,70,0,55,0,9,5.5,1005.2,0,1015.4,0,,9,,9,,0,,,1867,,,9.9,0,14.7,17,18,18.3
108,서울,2017-10-22 02:00,13.8,0,,,1.1,0,290,0,60,0,9.4,6.1,1005.2,0,1015.4,0,,9,,9,,0,,,1981,,,9.1,0,14.2,16.7,17.8,18.3
108,서울,2017-10-22 03:00,12.9,0,,,1.5,0,70,0,63,0,9.3,6,1005.2,0,1015.5,0,,9,,9,0,0,,,1938,,,8.7,0,13.8,16.4,17.6,18.3
108,서울,2017-10-22 04:00,12.2,0,,9,1.8,0,50,0,67,0,9.5,6.2,1005.2,0,1015.5,0,,9,,9,0,0,,,1480,,,8.2,0,13.4,16.1,17.4,18.2
108,서울,2017-10-22 05:00,11.9,0,,,1,0,20,0,68,0,9.4,6.1,1005.1,0,1015.4,0,,9,,9,0,0,,,1256,,,7.8,0,13,15.7,17.3,18.1
108,서울,2017-10-22 06:00,11.3,0,,,1.7,0,70,0,64,0,8.5,4.7,1005.6,0,1015.9,0,,9,,9,0,0,,,1515,,,7.4,0,12.7,15.5,17.1,18
108,서울,2017-10-22 07:00,11.1,0,,,1.8,0,90,0,55,0,7.2,2.3,1005.8,0,1016.2,0,0,0,0,0,1,0,Ci,,1902,,,7.3,0,12.4,15.2,16.9,17.9
108,서울,2017-10-22 08:00,13,0,,,3.3,0,70,0,42,0,6.2,.3,1005.5,0,1015.8,0,.7,0,.19,0,3,0,Ci,,2000,,,9.1,0,12.5,15,16.8,17.8
108,서울,2017-10-22 09:00,16.8,0,,,4.1,0,70,0,39,0,7.4,2.7,1005.2,0,1015.3,0,1,0,.58,0,3,0,Ci,,1989,,,15.4,0,13.8,14.9,16.6,17.7
108,서울,2017-10-22 10:00,19.4,0,,,4.7,0,70,0,39,0,8.7,5,1004.6,0,1014.5,0,1,0,1.01,0,2,0,Ci,,2000,,,21.1,0,16.1,15.2,16.4,17.6
108,서울,2017-10-22 11:00,21.6,0,,,3.7,0,50,0,35,0,9,5.4,1004.2,0,1014.1,0,1,0,1.3,0,3,0,Ci,,1948,,,25.3,0,18.4,15.9,16.4,17.5
108,서울,2017-10-22 12:00,23.1,0,,,4.1,0,50,0,33,0,9.3,5.9,1003.3,0,1013.1,0,1,0,1.47,0,3,2,ScCi,18,1988,,,28.5,0,20.5,16.8,16.5,17.5
108,서울,2017-10-22 13:00,21.8,0,,,4.6,0,50,0,41,0,10.6,7.9,1003.1,0,1013,0,.7,0,.89,0,9,9,Sc,16,2000,,,26.1,0,21,17.7,16.7,17.4
108,서울,2017-10-22 14:00,21.3,0,,,6.9,0,50,0,45,0,11.3,8.8,1002.6,0,1012.5,0,.8,0,1.22,0,3,2,ScCi,16,2000,,,27.9,0,21.6,18.3,17,17.5
108,서울,2017-10-22 15:00,21.2,0,,,6.4,0,50,0,39,0,9.7,6.6,1001.9,0,1011.8,0,1,0,1.15,0,2,1,ScCi,15,2000,,,25.8,0,22,18.9,17.3,17.5
108,서울,2017-10-22 16:00,20.5,0,,,5.6,0,70,0,40,0,9.6,6.4,1002.4,0,1012.4,0,1,0,.77,0,5,4,ScCi,16,2000,,,22.5,0,21.5,19.3,17.5,17.6
108,서울,2017-10-22 17:00,19.4,0,,,4.1,0,70,0,44,0,9.9,6.8,1002.4,0,1012.3,0,1,0,.35,0,4,4,Sc,15,2000,,,19,0,20.5,19.4,17.8,17.7
108,서울,2017-10-22 18:00,17.4,0,,,3.7,0,70,0,49,0,9.7,6.5,1002.9,0,1012.9,0,.4,0,.04,0,3,3,Sc,15,2000,,,16.1,0,19.1,19.2,18,17.9
108,서울,2017-10-22 19:00,16.4,0,,,4.3,0,70,0,50,0,9.3,5.9,1003.2,0,1013.3,0,,9,,9,,1,,,2000,,,14.6,0,18,18.8,18,17.9
108,서울,2017-10-22 20:00,15.3,0,,,2.5,0,20,0,57,0,9.9,6.8,1003.4,0,1013.6,0,,9,,9,,0,,,2000,,,13.2,0,17.1,18.4,18.1,18
108,서울,2017-10-22 21:00,14.6,0,,,2.4,0,20,0,58,0,9.6,6.4,1003.4,0,1013.6,0,,9,,9,1,1,Sc,16,2000,,,12.3,0,16.5,18,18,18
108,서울,2017-10-22 22:00,13.9,0,,,2.6,0,20,0,61,0,9.6,6.4,1003.8,0,1014,0,,9,,9,,2,,11,2000,,,12,0,15.9,17.6,17.9,18.1
108,서울,2017-10-22 23:00,13.3,0,,,3,0,20,0,61,0,9.3,5.9,1003.9,0,1014.1,0,,9,,9,,5,,10,2000,,,11.8,0,15.5,17.3,17.8,18.1
108,서울,2017-10-23 00:00,12.9,0,,,3.3,0,20,0,58,0,8.6,4.8,1004.2,0,1014.4,0,,9,,9,2,2,,,2000,,,11.4,0,15.3,17,17.7,18.1
108,서울,2017-10-23 01:00,11.6,0,,,2.2,0,20,0,60,0,8.1,4,1004.7,0,1015,0,,9,,9,,0,,,2000,,,9.8,0,14.7,16.7,17.6,18.1
108,서울,2017-10-23 02:00,10.8,0,,,1.8,0,20,0,56,0,7.2,2.3,1004.8,0,1015.2,0,,9,,9,,4,,61,2000,,,8.8,0,14.1,16.4,17.4,18
108,서울,2017-10-23 03:00,10.1,0,,,1.7,0,20,0,56,0,6.9,1.7,1005,0,1015.4,0,,9,,9,0,0,,,2000,,,8,0,13.4,16.1,17.3,18
108,서울,2017-10-23 04:00,9.7,0,,,.7,0,340,0,54,0,6.5,.8,1004.8,0,1015.2,0,,9,,9,0,0,,,2000,,,7,0,12.9,15.8,17.1,17.9
108,서울,2017-10-23 05:00,9.1,0,,,.6,0,20,0,54,0,6.2,.2,1005,0,1015.4,0,,9,,9,0,0,,,2000,,,6.3,0,12.3,15.4,17,17.8
108,서울,2017-10-23 06:00,8.9,0,,,1,0,20,0,54,0,6.1,0,1005.7,0,1016.1,0,,9,,9,0,0,,,2000,,,5.9,0,11.8,15,16.8,17.8
108,서울,2017-10-23 07:00,8.8,0,,,.4,0,0,0,53,0,6,-.2,1006.2,0,1016.6,0,0,0,0,0,0,0,,,2000,,,5.7,0,11.5,14.7,16.6,17.7
108,서울,2017-10-23 08:00,9.3,0,,,.2,0,0,0,49,0,5.8,-.8,1007,0,1017.4,0,.7,0,.17,0,0,0,,,2000,,,7.4,0,11.5,14.4,16.4,17.5
108,서울,2017-10-23 09:00,12.1,0,,,.7,0,20,0,42,0,5.9,-.4,1007.8,0,1018.1,0,1,0,.55,0,0,0,,,2000,,,13.2,0,12.7,14.3,16.2,17.4
108,서울,2017-10-23 10:00,14.8,0,,,2.2,0,50,0,38,0,6.3,.5,1008.3,0,1018.6,0,1,0,.91,0,0,0,,,1929,,,18.7,0,14.9,14.5,16.1,17.3
108,서울,2017-10-23 11:00,16.6,0,,,1.8,0,70,0,36,0,6.8,1.4,1008.5,0,1018.6,0,1,0,1.23,0,0,0,,,1978,,,22.8,0,17.1,15.1,16,17.2
108,서울,2017-10-23 12:00,17.7,0,,,1.7,0,270,0,34,0,6.9,1.6,1008.1,0,1018.2,0,1,0,1.41,0,0,0,,,1981,,,26,0,19.1,16,16.1,17.2
108,서울,2017-10-23 13:00,18.6,0,,,2.1,0,360,0,32,0,6.8,1.5,1007.7,0,1017.7,0,1,0,1.46,0,0,0,,,1987,,,28.5,0,20.6,16.9,16.3,17.1
108,서울,2017-10-23 14:00,19.6,0,,,1.3,0,250,0,31,0,7,1.9,1007.1,0,1017.1,0,1,0,1.36,0,0,0,,,2000,,,28.5,0,21.6,17.8,16.5,17.1
108,서울,2017-10-23 15:00,19.4,0,,,1.1,0,360,0,31,0,7,1.8,1007.1,0,1017.1,0,1,0,1.11,0,0,0,,,2000,,,26.1,0,22,18.5,16.8,17.2
108,서울,2017-10-23 16:00,20.1,0,,,.8,0,160,0,30,0,7,1.9,1007.3,0,1017.3,0,1,0,.77,0,0,0,,,2000,,,22.3,0,21.7,19,17.1,17.3
108,서울,2017-10-23 17:00,18.6,0,,,1.5,0,270,0,36,0,7.7,3.2,1007.7,0,1017.7,0,1,0,.35,0,0,0,,,1909,,,18,0,20.5,19.2,17.4,17.4
108,서울,2017-10-23 18:00,16.5,0,,,1.8,0,320,0,42,0,7.8,3.5,1008.3,0,1018.4,0,.4,0,.05,0,0,0,,,2000,,,14.4,0,18.7,18.9,17.7,17.5
108,서울,2017-10-23 19:00,15,0,,,1.5,0,290,0,47,0,8,3.7,1008.9,0,1019.1,0,,9,,9,,0,,,2000,,,12.3,0,17.1,18.5,17.8,17.6
108,서울,2017-10-23 20:00,13.8,0,,,1.4,0,270,0,47,0,7.4,2.6,1009.4,0,1019.7,0,,9,,9,,0,,42,2000,,,10.8,0,16.1,17.9,17.8,17.7
108,서울,2017-10-23 21:00,13.2,0,,,1.3,0,290,0,55,0,8.3,4.3,1009.8,0,1020.1,0,,9,,9,0,0,,,2000,,,10.2,0,15.3,17.4,17.7,17.8
108,서울,2017-10-23 22:00,12.5,0,,,.5,0,20,0,61,0,8.8,5.1,1010.3,0,1020.6,0,,9,,9,,0,,,2000,,,9.3,0,14.6,16.9,17.6,17.8
108,서울,2017-10-23 23:00,12.2,0,,,1.4,0,50,0,64,0,9,5.5,1010.7,0,1021,0,,9,,9,,0,,,2000,,,8.9,0,14.2,16.5,17.4,17.8
108,서울,2017-10-24 00:00,11.5,0,,,1.4,0,50,0,62,0,8.4,4.4,1010.8,0,1021.2,0,,9,,9,0,0,,,2000,,,8,0,13.6,16.2,17.3,17.7
108,서울,2017-10-24 01:00,10.8,0,,,.7,0,20,0,65,0,8.4,4.4,1011.5,0,1021.9,0,,9,,9,,0,,,2000,,,7.5,0,13.1,15.8,17.1,17.7
108,서울,2017-10-24 02:00,10.3,0,,,1.4,0,50,0,67,0,8.4,4.4,1012,0,1022.5,0,,9,,9,,2,,17,1980,,,7.3,0,12.7,15.5,16.9,17.6
108,서울,2017-10-24 03:00,10.2,0,,,1.8,0,50,0,67,0,8.3,4.3,1012,0,1022.5,0,,9,,9,5,5,Sc,18,1984,,,7.7,0,12.7,15.2,16.7,17.5
108,서울,2017-10-24 04:00,10,0,,,2.4,0,50,0,66,0,8.1,3.9,1012.1,0,1022.6,0,,9,,9,7,7,Sc,18,1999,,,8,0,12.5,15,16.6,17.5
108,서울,2017-10-24 05:00,10.1,0,,,2.4,0,90,0,61,0,7.5,2.9,1012.4,0,1022.9,0,,9,,9,4,0,Ci,,2000,,,8,0,12.5,14.8,16.5,17.4
108,서울,2017-10-24 06:00,10.1,0,,,2,0,70,0,61,0,7.5,2.9,1013,0,1023.5,0,,9,,9,5,3,ScCi,18,2000,,,7.6,0,12.2,14.6,16.3,17.3
108,서울,2017-10-24 07:00,10.2,0,,,2.4,0,70,0,61,0,7.6,3,1013.4,0,1023.9,0,0,0,0,0,8,6,AcCi,43,2000,,,8.2,0,12.1,14.5,16.2,17.3
108,서울,2017-10-24 08:00,10.6,0,,,1.7,0,50,0,61,0,7.7,3.3,1014,0,1024.5,0,0,0,.08,0,7,3,AcCi,41,1929,,,9.7,0,12.3,14.4,16.1,17.2
108,서울,2017-10-24 09:00,12.7,0,,,2.4,0,50,0,52,0,7.6,3,1014.7,0,1025.1,0,.6,0,.42,0,7,2,ScCi,20,1966,,,14.6,0,13.1,14.3,15.9,17.1
108,서울,2017-10-24 10:00,14.3,0,,,1.6,0,90,0,48,0,7.8,3.4,1015,0,1025.3,0,1,0,.71,0,7,0,Ci,,1902,,,17.7,0,14.7,14.6,15.8,17
108,서울,2017-10-24 11:00,17.2,0,,,1.2,0,70,0,40,0,7.8,3.4,1014.6,0,1024.8,0,1,0,1.25,0,5,1,ScCi,19,1908,,,23.4,0,17.1,15,15.8,16.9
108,서울,2017-10-24 12:00,18.6,0,,,1.8,0,70,0,36,0,7.7,3.2,1014.1,0,1024.2,0,1,0,1.37,0,4,2,ScCi,20,1884,,,26.2,0,19.1,15.9,15.9,16.9
108,서울,2017-10-24 13:00,20.3,0,,,1.5,0,230,0,33,0,7.8,3.4,1013.3,0,1023.4,0,1,0,1.43,0,1,1,Sc,10,1878,,,29.3,0,20.8,16.8,16.1,16.9
108,서울,2017-10-24 14:00,19.4,0,,,1.3,0,250,0,35,0,7.8,3.5,1012.8,0,1022.8,0,.7,0,.94,0,3,3,Sc,17,1994,,,25.3,0,21.3,17.8,16.5,16.9
108,서울,2017-10-24 15:00,19.7,0,,,1.1,0,320,0,31,0,7.1,2,1012.6,0,1022.6,0,.5,0,.54,0,3,3,Sc,19,1959,,,23.3,0,20.3,18.2,16.8,16.9
108,서울,2017-10-24 16:00,20,0,,,2,0,290,0,31,0,7.2,2.3,1012.6,0,1022.7,0,1,0,.81,0,3,3,Sc,18,1898,,,22.7,0,20.8,18.5,17,17
108,서울,2017-10-24 17:00,18.6,0,,,2.1,0,290,0,34,0,7.3,2.4,1012.7,0,1022.8,0,1,0,.36,0,2,2,Sc,18,1997,,,18.1,0,19.9,18.7,17.3,17.1
108,서울,2017-10-24 18:00,16.7,0,,,2.2,0,270,0,45,0,8.5,4.6,1013.1,0,1023.3,0,.4,0,.04,0,0,0,,,1997,,,14.6,0,18.3,18.5,17.5,17.2
108,서울,2017-10-24 19:00,15.7,0,,,2.5,0,290,0,58,0,10.3,7.4,1013.7,0,1024,0,,9,,9,,0,,,1795,,,12.9,0,17,18.1,17.5,17.3
108,서울,2017-10-24 20:00,14.9,0,,,2.5,0,290,0,61,0,10.3,7.4,1014.2,0,1024.5,0,,9,,9,,0,,,1634,,,12,0,16.2,17.7,17.5,17.4
108,서울,2017-10-24 21:00,14.3,0,,,2.9,0,290,0,65,0,10.5,7.7,1014.4,0,1024.7,0,,9,,9,0,0,,,1294,,,11.5,0,15.7,17.2,17.5,17.5
108,서울,2017-10-24 22:00,13.8,0,,,2.8,0,290,0,68,0,10.6,7.9,1014.5,0,1024.8,0,,9,,9,,0,,,1174,,,10.9,0,15.2,16.9,17.4,17.5
108,서울,2017-10-24 23:00,13.3,0,,,1.6,0,270,0,72,0,10.9,8.3,1014.9,0,1025.2,0,,9,,9,,0,,,1074,,,9.8,0,14.7,16.6,17.3,17.5
108,서울,2017-10-25 00:00,13,0,,,1,0,290,0,77,0,11.5,9,1014.5,0,1024.8,0,,9,,9,0,0,,,1066,,,9.4,0,14.2,16.2,17.2,17.5
108,서울,2017-10-25 01:00,12.2,0,,,1.1,0,270,0,80,0,11.3,8.8,1014.5,0,1024.9,0,,9,,9,,0,,,1099,,,8.7,0,13.7,16,17.1,17.5
108,서울,2017-10-25 02:00,11.8,0,,,1.3,0,340,0,81,0,11.2,8.6,1014.6,0,1025,0,,9,,9,,0,,,961,,19,8.6,0,13.3,15.7,16.9,17.4
108,서울,2017-10-25 03:00,11.1,0,,,.7,0,360,0,73,0,9.6,6.4,1014.9,0,1025.3,0,,9,,9,0,0,,,1487,,19,7.5,0,12.9,15.4,16.8,17.4
108,서울,2017-10-25 04:00,10.7,0,,,.6,0,340,0,75,0,9.6,6.4,1014.9,0,1025.4,0,,9,,9,0,0,,,1434,,,7.1,0,12.5,15.1,16.6,17.3
108,서울,2017-10-25 05:00,10.3,0,,,.5,0,20,0,79,0,9.9,6.8,1014.9,0,1025.4,0,,9,,9,0,0,,,1357,,,6.9,0,12.1,14.8,16.5,17.2
108,서울,2017-10-25 06:00,10,0,,,.3,0,0,0,80,0,9.8,6.7,1015.2,0,1025.7,0,,9,,9,0,0,,,1293,,,6.3,0,11.8,14.6,16.3,17.2
108,서울,2017-10-25 07:00,9.5,0,,,.7,0,20,0,82,0,9.7,6.5,1015.4,0,1025.9,0,0,0,0,0,0,0,,,1103,,,6.2,0,11.5,14.3,16.2,17.1
108,서울,2017-10-25 08:00,10,0,,,1.2,0,20,0,77,0,9.4,6.1,1016,0,1026.5,0,.6,0,.15,0,0,0,,,1108,,,8,0,11.6,14.1,16,17
108,서울,2017-10-25 09:00,12.4,0,,,.5,0,50,0,66,0,9.5,6.2,1016.4,0,1026.8,0,1,0,.51,0,0,0,,,971,,40,13.5,0,12.8,14,15.9,16.9
108,서울,2017-10-25 10:00,15.9,0,,,1,0,50,0,57,0,10.2,7.3,1016,0,1026.3,0,1,0,.91,0,1,1,Sc,12,1069,,40,19.4,0,15,14.3,15.8,16.8
108,서울,2017-10-25 11:00,17.3,0,,,1.6,0,320,0,49,0,9.6,6.4,1015.8,0,1026,0,1,0,1.04,0,2,2,Sc,9,1415,,,22,0,17.1,15,15.7,16.7
108,서울,2017-10-25 12:00,18,0,,,2.9,0,290,0,42,0,8.6,4.8,1015.3,0,1025.4,0,1,0,1.44,0,0,0,,,1755,,,26.1,0,19.1,15.8,15.8,16.7
108,서울,2017-10-25 13:00,19.1,0,,,2.9,0,290,0,35,0,7.7,3.2,1014.7,0,1024.8,0,1,0,1.49,0,0,0,,,1891,,,28.9,0,20.7,16.7,16,16.7
108,서울,2017-10-25 14:00,19.7,0,,,2.7,0,290,0,33,0,7.5,2.9,1014,0,1024,0,1,0,1.35,0,1,0,Ci,,1927,,,28.7,0,21.6,17.6,16.3,16.7
108,서울,2017-10-25 15:00,20.2,0,,,2.4,0,290,0,28,0,6.6,1,1013.7,0,1023.8,0,1,0,1.15,0,2,0,Ci,,1968,,,26.3,0,22,18.3,16.6,16.8
108,서울,2017-10-25 16:00,19.9,0,,,1.8,0,320,0,29,0,6.7,1.3,1013.5,0,1023.6,0,1,0,.79,0,6,0,Ci,,1975,,,22.4,0,21.6,18.7,16.9,16.9
108,서울,2017-10-25 17:00,18.5,0,,,2.4,0,290,0,33,0,7,1.9,1013.3,0,1023.4,0,.9,0,.31,0,7,0,Ci,,2000,,,17.8,0,20.3,18.9,17.2,17
108,서울,2017-10-25 18:00,16.6,0,,,2.5,0,290,0,51,0,9.6,6.4,1013.4,0,1023.6,0,0,0,.03,0,6,0,Ci,,1950,,,14.8,0,18.5,18.7,17.4,17.1
108,서울,2017-10-25 19:00,15.3,0,,,2.3,0,290,0,61,0,10.6,7.8,1013.8,0,1024.1,0,,9,,9,,0,,,1715,,,13.4,0,17.3,18.2,17.5,17.2
108,서울,2017-10-25 20:00,14.8,0,,,2.3,0,250,0,60,0,10,7,1014,0,1024.3,0,,9,,9,,1,,,1575,,,12.7,0,16.5,17.8,17.5,17.3
108,서울,2017-10-25 21:00,14.1,0,,,1.3,0,200,0,61,0,9.7,6.6,1013.6,0,1023.9,0,,9,,9,8,0,Ci,,1533,,,11.4,0,15.8,17.4,17.5,17.4
108,서울,2017-10-25 22:00,13.6,0,,,1,0,270,0,64,0,9.9,6.9,1013.9,0,1024.2,0,,9,,9,,3,,74,1710,,,10.9,0,15.2,17,17.4,17.4
108,서울,2017-10-25 23:00,13.1,0,,,.7,0,270,0,69,0,10.4,7.5,1013.8,0,1024.1,0,,9,,9,,2,,66,1361,,,10.2,0,14.7,16.6,17.3,17.4
108,서울,2017-10-26 00:00,12.9,0,,,.5,0,290,0,71,0,10.5,7.7,1013.6,0,1023.9,0,,9,,9,7,0,Ci,,1336,,,9.9,0,14.4,16.3,17.2,17.4
108,서울,2017-10-26 01:00,12.6,0,,,.6,0,20,0,71,0,10.3,7.4,1013.3,0,1023.7,0,,9,,9,,8,,60,1492,,,9.7,0,14,16,17,17.4
108,서울,2017-10-26 02:00,12,0,,,1.1,0,20,0,69,0,9.6,6.4,1013.1,0,1023.5,0,,9,,9,,9,,58,1530,,,9.2,0,13.7,15.8,16.9,17.3
108,서울,2017-10-26 03:00,11.5,0,,,1.8,0,50,0,71,0,9.6,6.4,1012.8,0,1023.2,0,,9,,9,7,1,AcCi,35,1401,,,8.7,0,13.3,15.5,16.8,17.3
108,서울,2017-10-26 04:00,11.2,0,,,1,0,20,0,74,0,9.8,6.7,1012.3,0,1022.7,0,,9,,9,6,0,Ci,,1370,,,8.2,0,13.1,15.3,16.6,17.2
108,서울,2017-10-26 05:00,10.7,0,,,1.3,0,50,0,74,0,9.5,6.2,1012.1,0,1022.5,0,,9,,9,8,0,Ci,,1348,,,8.6,0,12.7,15.1,16.5,17.2
108,서울,2017-10-26 06:00,10.8,0,,,.8,0,20,0,74,0,9.5,6.3,1012.5,0,1022.9,0,,9,,9,8,3,AcCi,35,1256,,,9,0,12.8,14.9,16.4,17.1
108,서울,2017-10-26 07:00,10.8,0,,,1,0,20,0,74,0,9.5,6.3,1012.6,0,1023,0,0,0,0,0,8,2,AcCi,35,1210,,,9.4,0,12.8,14.7,16.3,17
108,서울,2017-10-26 08:00,11.1,0,,,1.3,0,20,0,72,0,9.5,6.2,1012.9,0,1023.3,0,0,0,.09,0,9,4,AcCi,35,1137,,,10.7,0,12.9,14.7,16.2,17
108,서울,2017-10-26 09:00,12.5,0,,,1.3,0,20,0,66,0,9.5,6.3,1013.3,0,1023.7,0,0,0,.29,0,9,3,AcCi,35,1050,,,13.9,0,13.6,14.7,16.1,16.9
108,서울,2017-10-26 10:00,13.6,0,,,1.3,0,20,0,60,0,9.3,5.9,1013.3,0,1023.6,0,.4,0,.4,0,9,6,AcCi,35,1017,,,16.1,0,14.5,14.8,16,16.9
108,서울,2017-10-26 11:00,15.4,0,,,.6,0,360,0,53,0,9.2,5.8,1012.6,0,1022.9,0,.4,0,.63,0,9,7,AcCi,35,977,,40,20,0,15.8,15.1,16,16.8
108,서울,2017-10-26 12:00,17.4,0,,,.7,0,200,0,39,0,7.7,3.2,1011.8,0,1021.9,0,.5,0,.89,0,9,7,AcCi,35,1117,,40,24.7,0,17.3,15.6,16,16.7
108,서울,2017-10-26 13:00,17.5,0,,,1.7,0,290,0,35,0,7,1.8,1010.7,0,1020.8,0,.2,0,.61,0,9,7,AcCi,35,1650,,,21.9,0,18.1,16.2,16.1,16.7
108,서울,2017-10-26 14:00,18,0,,,2.5,0,290,0,36,0,7.4,2.6,1010.2,0,1020.3,0,.3,0,.57,0,9,4,AcCi,35,1566,,,23.5,0,18.2,16.7,16.2,16.7
108,서울,2017-10-26 15:00,17.9,0,,,2,0,340,0,39,0,8,3.7,1009.9,0,1020,0,0,0,.46,0,9,9,Ac,35,1289,,,22.1,0,18.4,17,16.4,16.7
108,서울,2017-10-26 16:00,17.8,0,,,1.5,0,270,0,33,0,6.7,1.2,1009.9,0,1020,0,0,0,.32,0,9,9,Ac,35,1430,,,20.5,0,18.2,17.2,16.6,16.8
108,서울,2017-10-26 17:00,17,0,,,2.4,0,320,0,34,0,6.6,1,1009.9,0,1020,0,0,0,.15,0,9,9,As,35,1399,,,17.5,0,17.7,17.3,16.7,16.8
108,서울,2017-10-26 18:00,16.2,0,,,2.4,0,270,0,44,0,8.1,3.9,1009.7,0,1019.9,0,0,0,.01,0,9,9,Ac,35,1172,,,15.6,0,17,17.2,16.8,16.9
108,서울,2017-10-26 19:00,15.7,0,,,1.6,0,290,0,52,0,9.2,5.8,1010.3,0,1020.5,0,,9,,9,,10,,40,1008,,,14.6,0,16.4,17.1,16.9,16.9
108,서울,2017-10-26 20:00,15.3,0,,,1.2,0,290,0,55,0,9.5,6.2,1010.1,0,1020.3,0,,9,,9,,8,,39,918,,40,13.9,0,15.9,16.9,16.9,17
108,서울,2017-10-26 21:00,15.1,0,,,.8,0,270,0,57,0,9.7,6.6,1010,0,1020.2,0,,9,,9,9,9,Ac,38,908,,40,13.5,0,15.7,16.6,16.9,17
108,서울,2017-10-26 22:00,14.7,0,,,.8,0,270,0,58,0,9.7,6.5,1010.2,0,1020.4,0,,9,,9,,5,,38,932,,40,13,0,15.4,16.4,16.8,17
108,서울,2017-10-26 23:00,14.5,0,,,.4,0,0,0,58,0,9.5,6.3,1010,0,1020.2,0,,9,,9,,7,,44,909,,40,12.8,0,15.1,16.3,16.8,17
108,서울,2017-10-27 00:00,14.3,0,,,.8,0,270,0,62,0,10.1,7.1,1010,0,1020.2,0,,9,,9,9,9,,,941,,40,12.7,0,14.9,16.1,16.7,17
108,서울,2017-10-27 01:00,14.1,0,,,1.4,0,290,0,64,0,10.2,7.3,1009.9,0,1020.1,0,,9,,9,,9,,37,841,,40,12.6,0,14.8,16,16.7,17
108,서울,2017-10-27 02:00,13.9,0,,,.3,0,0,0,65,0,10.3,7.4,1010.1,0,1020.4,0,,9,,9,,8,,37,915,,40,12.5,0,14.7,15.9,16.6,17
108,서울,2017-10-27 03:00,13.6,0,,,.5,0,20,0,67,0,10.4,7.5,1009.9,0,1020.2,0,,9,,9,9,9,Ac,39,797,,40,12.2,0,14.5,15.8,16.6,17
108,서울,2017-10-27 04:00,13.5,0,,,1.3,0,50,0,68,0,10.5,7.7,1009.4,0,1019.7,0,,9,,9,9,9,Ac,38,690,,40,12,0,14.4,15.7,16.5,17
108,서울,2017-10-27 05:00,13.3,0,,,.9,0,70,0,69,0,10.5,7.7,1009.5,0,1019.8,0,,9,,9,9,9,Ac,43,617,,40,11.5,0,14.3,15.6,16.4,17
108,서울,2017-10-27 06:00,12.9,0,,,1.2,0,270,0,74,0,10.9,8.3,1009.9,0,1020.2,0,,9,,9,6,6,Ac,43,583,,40,10.1,0,13.9,15.4,16.4,16.9
108,서울,2017-10-27 07:00,12.2,0,,,.7,0,50,0,77,0,10.9,8.2,1010.1,0,1020.4,0,0,0,0,0,3,3,Ac,48,597,,40,8.9,0,13.3,15.3,16.3,16.9
108,서울,2017-10-27 08:00,12.1,0,,,.8,0,20,0,70,0,9.8,6.7,1010.6,0,1021,0,.4,0,.1,0,1,1,Ac,35,575,,40,9.6,0,13,15,16.2,16.9
108,서울,2017-10-27 09:00,14.5,0,,,1,0,20,0,60,0,9.9,6.8,1010.7,0,1020.9,0,1,0,.51,0,0,0,,,566,,40,15.1,0,13.9,14.9,16.1,16.8
108,서울,2017-10-27 10:00,17.6,0,,,.9,0,110,0,52,0,10.4,7.6,1010.6,0,1020.7,0,1,0,.87,0,0,0,,,596,,40,20.5,0,16,15.1,16,16.7
108,서울,2017-10-27 11:00,19.4,0,,,1.2,0,20,0,47,0,10.5,7.7,1010.1,0,1020.1,0,1,0,1.15,0,0,0,,,683,,40,24.5,0,18.2,15.6,16,16.7
108,서울,2017-10-27 12:00,20.9,0,,,1.1,0,70,0,41,0,10.1,7.1,1009.6,0,1019.6,0,1,0,1.28,0,0,0,,,847,,40,27.5,0,20.1,16.5,16.1,16.7
108,서울,2017-10-27 13:00,23.2,0,,,1.8,0,200,0,40,0,11.3,8.8,1008.8,0,1018.7,0,1,0,1.35,0,0,0,,,788,,40,30.4,0,21.6,17.4,16.3,16.7
108,서울,2017-10-27 14:00,23.2,0,,,2.2,0,270,0,38,0,10.7,8,1008.2,0,1018.1,0,1,0,1.23,0,0,0,,,890,,40,30.5,0,22.6,18.2,16.5,16.7
108,서울,2017-10-27 15:00,24.2,0,,,2.5,0,200,0,35,0,10.5,7.7,1008,0,1017.8,0,1,0,.99,0,0,0,,,934,,40,28.1,0,22.9,18.9,16.9,16.8
108,서울,2017-10-27 16:00,23.6,0,,,2,0,270,0,33,0,9.5,6.3,1008.3,0,1018.1,0,1,0,.66,0,0,0,,,1085,,40,24.1,0,22.5,19.4,17.2,16.9
108,서울,2017-10-27 17:00,21.9,0,,,1.9,0,270,0,35,0,9.2,5.7,1008.4,0,1018.3,0,1,0,.31,0,0,0,,,1218,,,19.7,0,21.3,19.5,17.5,17
108,서울,2017-10-27 18:00,19.3,0,,,1.8,0,270,0,41,0,9.2,5.7,1008.7,0,1018.7,0,.3,0,.02,0,0,0,,,1446,,,15.7,0,19.4,19.3,17.7,17.2
108,서울,2017-10-27 19:00,18.3,0,,,2.6,0,290,0,41,0,8.6,4.8,1009.3,0,1019.4,0,,9,,9,,0,,,1629,,,14.2,0,18,18.8,17.8,17.3
108,서울,2017-10-27 20:00,17.4,0,,,1.2,0,340,0,48,0,9.5,6.2,1009.8,0,1019.9,0,,9,,9,,0,,,1486,,,13,0,17.1,18.4,17.8,17.4
108,서울,2017-10-27 21:00,16.2,0,,,1.6,0,270,0,58,0,10.6,7.9,1010,0,1020.2,0,,9,,9,0,0,,,1358,,,11.7,0,16.3,17.9,17.8,17.5
108,서울,2017-10-27 22:00,15.2,0,,,.8,0,270,0,61,0,10.5,7.7,1010.5,0,1020.7,0,,9,,9,,0,,,1370,,,10.7,0,15.5,17.4,17.7,17.5
108,서울,2017-10-27 23:00,14.5,0,,,.9,0,20,0,57,0,9.3,6,1010.4,0,1020.6,0,,9,,9,,0,,,1435,,,9.9,0,14.9,17,17.6,17.5
108,서울,2017-10-28 00:00,13.6,0,,,1.1,0,50,0,59,0,9.2,5.7,1010.1,0,1020.4,0,,9,,9,0,0,,,1454,,,8.9,0,14.3,16.6,17.4,17.5
108,서울,2017-10-28 01:00,13.1,0,,,1.4,0,50,0,61,0,9.2,5.7,1010.2,0,1020.5,0,,9,,9,,0,,,1375,,,8.5,0,13.8,16.2,17.3,17.5
108,서울,2017-10-28 02:00,12.4,0,,,1.9,0,50,0,63,0,9,5.5,1010.5,0,1020.8,0,,9,,9,,0,,,1356,,,8.3,0,13.5,15.9,17.1,17.4
108,서울,2017-10-28 03:00,12.1,0,,,1.1,0,50,0,63,0,8.8,5.2,1010.4,0,1020.8,0,,9,,9,0,0,,,1246,,,7.9,0,13.2,15.6,16.9,17.4
108,서울,2017-10-28 04:00,11.6,0,,,1.3,0,20,0,67,0,9.1,5.6,1010.5,0,1020.9,0,,9,,9,0,0,,,1207,,,7.8,0,12.9,15.4,16.8,17.3
108,서울,2017-10-28 05:00,11.2,0,,,1.7,0,50,0,69,0,9.2,5.7,1010.8,0,1021.2,0,,9,,9,0,0,,,1178,,,7.4,0,12.6,15.1,16.7,17.2
108,서울,2017-10-28 06:00,10.9,0,,,1.9,0,50,0,69,0,9,5.4,1011.1,0,1021.5,0,,9,,9,0,0,,,1133,,,7.4,0,12.4,14.9,16.5,17.2
108,서울,2017-10-28 07:00,10.6,0,,,1.7,0,70,0,69,0,8.8,5.1,1011.4,0,1021.8,0,0,0,0,0,0,0,,,1188,,,7.3,0,12.2,14.7,16.3,17.1
108,서울,2017-10-28 08:00,11.6,0,,,1.9,0,70,0,60,0,8.1,4,1011.9,0,1022.3,0,.5,0,.13,0,0,0,,,1481,,,9,0,12.3,14.5,16.2,17
108,서울,2017-10-28 09:00,15,0,,,2.1,0,90,0,53,0,9,5.4,1012.1,0,1022.4,0,1,0,.51,0,0,0,,,1509,,,14.8,0,13.4,14.4,16,16.9
108,서울,2017-10-28 10:00,18.1,0,,,2.7,0,70,0,48,0,9.9,6.9,1011.9,0,1022,0,1,0,.89,0,0,0,,,1519,,,20.2,0,15.7,14.7,15.9,16.8
108,서울,2017-10-28 11:00,20.2,0,,,2.6,0,70,0,44,0,10.4,7.5,1011.4,0,1021.5,0,1,0,1.17,0,0,0,,,1602,,,24.5,0,18.1,15.4,15.9,16.7
108,서울,2017-10-28 12:00,22.1,0,,,1.7,0,90,0,40,0,10.6,7.8,1010.8,0,1020.7,0,1,0,1.36,0,0,0,,,1555,,,28.4,0,20.2,16.2,16,16.7
108,서울,2017-10-28 13:00,22.8,0,,,.9,0,20,0,34,0,9.4,6.1,1009.6,0,1019.5,0,1,0,1.41,0,0,0,,,1822,,,31.2,0,21.9,17.2,16.2,16.7
108,서울,2017-10-28 14:00,24.7,0,,,1.4,0,230,0,31,0,9.6,6.4,1008.9,0,1018.7,0,1,0,1.27,0,0,0,,,1960,,,31.6,0,23,18.2,16.5,16.7
108,서울,2017-10-28 15:00,24.3,0,,,1.9,0,290,0,34,0,10.3,7.4,1008.5,0,1018.3,0,1,0,1.01,0,0,0,,,1453,,,28.9,0,23.4,19,16.8,16.8
108,서울,2017-10-28 16:00,24.1,0,,,2.7,0,270,0,36,0,10.7,8,1008.7,0,1018.5,0,1,0,.67,0,0,0,,,1818,,,24.8,0,22.8,19.5,17.2,16.9
108,서울,2017-10-28 17:00,22.4,0,,,2.7,0,250,0,39,0,10.5,7.7,1008.7,0,1018.6,0,1,0,.3,0,0,0,,,1993,,,20.4,0,21.6,19.6,17.5,17
108,서울,2017-10-28 18:00,20.2,0,,,2,0,320,0,44,0,10.4,7.5,1008.6,0,1018.6,0,.3,0,.03,0,1,0,Ci,,1909,,,17.1,0,19.9,19.5,17.7,17.2
108,서울,2017-10-28 19:00,19.1,0,,,2.4,0,320,0,45,0,9.9,6.8,1008.9,0,1018.9,0,,9,,9,,0,,,1736,,,15.2,0,18.6,19.1,17.9,17.3
108,서울,2017-10-28 20:00,18.6,0,,,3.4,0,320,0,44,0,9.3,6,1009.3,0,1019.3,0,,9,,9,,0,,,1721,,,14.2,0,17.7,18.6,17.9,17.4
108,서울,2017-10-28 21:00,18.1,0,,,4.6,0,320,0,53,0,10.9,8.3,1008.7,0,1018.8,0,,9,,9,0,0,,,1439,,,14.2,0,17.2,18.2,17.9,17.5
108,서울,2017-10-28 22:00,16.8,0,,,1.2,0,270,0,61,0,11.6,9.2,1008.5,0,1018.6,0,,9,,9,,0,,,1251,,,13,0,16.8,17.9,17.8,17.5
108,서울,2017-10-28 23:00,15.7,0,,,1.3,0,270,0,64,0,11.3,8.8,1008.5,0,1018.7,0,,9,,9,,0,,,1281,,,11.5,0,16,17.6,17.7,17.6
108,서울,2017-10-29 00:00,14.9,0,,,.4,0,0,0,59,0,9.9,6.9,1008.2,0,1018.4,0,,9,,9,0,0,,,1559,,,10.5,0,15.3,17.2,17.7,17.6
108,서울,2017-10-29 01:00,14.1,0,,,.8,0,250,0,60,0,9.6,6.4,1007.9,0,1018.1,0,,9,,9,,0,,,1559,,,9.8,0,14.8,16.8,17.5,17.6
108,서울,2017-10-29 02:00,13.3,0,,,1.2,0,270,0,64,0,9.7,6.6,1007.5,0,1017.8,0,,9,,9,,0,,,1534,,,9.3,0,14.2,16.5,17.4,17.5
108,서울,2017-10-29 03:00,12.8,0,,,.6,0,340,0,66,0,9.7,6.5,1006.9,0,1017.2,0,,9,,9,0,0,,,1391,,,8.7,0,13.8,16.1,17.2,17.5
108,서울,2017-10-29 04:00,12.3,0,,,.7,0,320,0,69,0,9.8,6.7,1006,0,1016.3,0,,9,,9,0,0,,,1336,,,8.2,0,13.4,15.8,17,17.5
108,서울,2017-10-29 05:00,12,0,,,1.7,0,270,0,68,0,9.5,6.2,1006.5,0,1016.8,0,,9,,9,0,0,,,1233,,,8.6,0,13.2,15.5,16.9,17.4
108,서울,2017-10-29 06:00,11.5,0,,,.3,0,0,0,71,0,9.6,6.4,1006.5,0,1016.8,0,,9,,9,0,0,,,1091,,,7.8,0,12.9,15.3,16.8,17.3
108,서울,2017-10-29 07:00,11.6,0,,,1.4,0,290,0,71,0,9.7,6.5,1006.1,0,1016.4,0,0,0,0,0,0,0,,,990,,40,7.8,0,12.6,15.1,16.6,17.3
108,서울,2017-10-29 08:00,11.9,0,,,2.7,0,290,0,69,0,9.5,6.3,1006.4,0,1016.7,0,0,0,.1,0,0,0,,,857,,40,10,0,12.8,14.9,16.5,17.2
108,서울,2017-10-29 09:00,12.7,0,,,5.5,0,320,0,74,0,10.8,8.1,1006.5,0,1016.8,0,0,0,.35,0,0,0,,,533,,40,13.4,0,13.6,14.8,16.3,17.1
108,서울,2017-10-29 10:00,13.4,0,,,2.6,0,320,0,70,0,10.7,8,1006.4,0,1016.6,0,0,0,.45,0,1,1,Sc,10,515,,40,16,0,14.4,15,16.2,17
108,서울,2017-10-29 11:00,15.1,0,,,3,0,290,0,58,0,9.9,6.8,1006,0,1016.2,0,1,0,.91,0,1,1,Sc,10,689,,40,20.9,0,16.1,15.2,16.2,16.9
108,서울,2017-10-29 12:00,16.5,0,,,4.4,0,290,0,37,0,6.9,1.7,1005,0,1015.1,0,1,0,1.24,0,0,0,,,1318,,40,24.1,0,18,15.8,16.2,16.9
108,서울,2017-10-29 13:00,16.5,0,,,5.4,0,290,0,36,0,6.7,1.3,1003.9,0,1014,0,1,0,1.37,0,1,1,Sc,10,1763,,,26,0,19.5,16.5,16.3,16.9
108,서울,2017-10-29 14:00,16.1,0,,,5.7,0,290,0,37,0,6.7,1.3,1003.5,0,1013.6,0,1,0,1.3,0,1,1,Sc,10,1725,,,25.6,0,20.2,17.2,16.4,16.8
108,서울,2017-10-29 15:00,14.8,0,,,6.5,0,290,0,33,0,5.6,-1.3,1004.2,0,1014.4,0,1,0,1.11,0,0,0,,,1838,,,22.2,0,20.2,17.7,16.6,16.8
108,서울,2017-10-29 16:00,14,0,,,5.4,0,290,0,32,0,5.1,-2.4,1004.9,0,1015.1,0,1,0,.75,0,0,0,,,1853,,,17.8,0,19.3,18,16.9,16.9
108,서울,2017-10-29 17:00,11.8,0,,,5.9,0,290,0,31,0,4.3,-4.8,1005.7,0,1016,0,1,0,.33,0,0,0,,,1989,,,11.4,0,17.9,17.9,17.1,17
108,서울,2017-10-29 18:00,10.2,0,,,5.5,0,290,0,29,0,3.6,-7,1006.7,0,1017.1,0,.3,0,.03,0,0,0,,,2000,,,8.4,0,16.1,17.6,17.2,17.1
108,서울,2017-10-29 19:00,9,0,,,3.4,0,270,0,31,0,3.6,-7.2,1008.1,0,1018.5,0,,9,,9,,0,,,2000,,,6.8,0,14.8,17,17.2,17.1
108,서울,2017-10-29 20:00,8.3,0,,,3,0,320,0,30,0,3.3,-8.2,1009.2,0,1019.7,0,,9,,9,,0,,,2000,,,5.6,0,13.8,16.5,17.1,17.2
108,서울,2017-10-29 21:00,7.5,0,,,1.4,0,270,0,27,0,2.8,-10.3,1009.8,0,1020.3,0,,9,,9,0,0,,,2000,,,4,0,13,15.9,17,17.1
108,서울,2017-10-29 22:00,7.1,0,,,4.2,0,290,0,25,0,2.5,-11.6,1010.6,0,1021.2,0,,9,,9,,0,,,2000,,,4,0,12.2,15.5,16.8,17.1
108,서울,2017-10-29 23:00,6.8,0,,,4.2,0,320,0,27,0,2.7,-10.9,1010.9,0,1021.5,0,,9,,9,,0,,,2000,,,3.6,0,11.7,15,16.7,17.1
108,서울,2017-10-30 00:00,6.3,0,,,4.6,0,320,0,28,0,2.7,-10.9,1011.3,0,1021.9,0,,9,,9,0,0,,,2000,,,3.2,0,11.2,14.6,16.4,17
108,서울,2017-10-30 01:00,5.5,0,,,1.9,0,340,0,28,0,2.5,-11.6,1012,0,1022.7,0,,9,,9,,0,,,2000,,,1.6,0,10.7,14.2,16.2,17
108,서울,2017-10-30 02:00,5.1,0,,,2.3,0,290,0,28,0,2.5,-11.9,1012.8,0,1023.5,0,,9,,9,,0,,,2000,,,1.1,0,10.2,13.8,16,16.9
108,서울,2017-10-30 03:00,4.9,0,,,4.1,0,320,0,27,0,2.3,-12.5,1013.2,0,1023.9,0,,9,,9,0,0,,,2000,,,1.8,0,9.8,13.5,15.8,16.8
108,서울,2017-10-30 04:00,4.5,0,,,3.5,0,320,0,28,0,2.4,-12.4,1013.5,0,1024.2,0,,9,,9,0,0,,,2000,,,.9,0,9.4,13.2,15.6,16.7
108,서울,2017-10-30 05:00,4.2,0,,,2.5,0,320,0,29,0,2.4,-12.3,1014,0,1024.7,0,,9,,9,0,0,,,2000,,,.4,0,9.2,12.9,15.5,16.6
108,서울,2017-10-30 06:00,3.3,0,,,1,0,290,0,31,0,2.4,-12.2,1014.6,0,1025.4,0,,9,,9,0,0,,,2000,,,-1.1,0,8.7,12.6,15.2,16.4
108,서울,2017-10-30 07:00,2.9,0,,,1.3,0,320,0,33,0,2.5,-11.8,1015.1,0,1025.9,0,0,0,0,0,0,0,,,2000,,,-.1,0,8.2,12.3,15,16.4
108,서울,2017-10-30 08:00,2.7,0,,,.9,0,290,0,30,0,2.2,-13.1,1016,0,1026.8,0,.5,0,.14,0,0,0,,,1999,,,-.1,0,8,12,14.9,16.2
108,서울,2017-10-30 09:00,5.4,0,,,2.4,0,290,0,26,0,2.3,-12.6,1016.6,0,1027.3,0,1,0,.56,0,0,0,,,2000,,,12.2,0,9,11.8,14.7,16.1
108,서울,2017-10-30 10:00,7.4,0,,,2.8,0,290,0,25,0,2.6,-11.3,1016.5,0,1027.1,0,1,0,.97,0,0,0,,,1990,,,21.1,0,11.4,12,14.5,16
108,서울,2017-10-30 11:00,9.6,0,,,2.4,0,290,0,21,0,2.5,-11.7,1016.3,0,1026.8,0,1,0,1.29,0,0,0,,,1782,,,26.5,0,13.5,12.5,14.4,15.9
108,서울,2017-10-30 12:00,10.5,0,,,2.9,0,250,0,23,0,2.9,-9.8,1016.4,0,1026.9,0,1,0,1.45,0,0,0,,,1842,,,29.3,0,15.5,13.2,14.4,15.8
108,서울,2017-10-30 13:00,11.4,0,,,2.6,0,290,0,18,0,2.4,-12.1,1015.3,0,1025.7,0,1,0,1.38,0,0,0,,,2000,,,31.6,0,17,14.1,14.5,15.7
108,서울,2017-10-30 14:00,12,0,,,3.2,0,290,0,18,0,2.5,-11.6,1014.7,0,1025.1,0,1,0,1.27,0,0,0,,,2000,,,29.6,0,18.1,14.9,14.7,15.7
108,서울,2017-10-30 15:00,12.8,0,,,4,0,270,0,17,0,2.5,-11.7,1014.7,0,1025.1,0,1,0,1.04,0,0,0,,,1994,,,24.3,0,18.3,15.6,15,15.7
108,서울,2017-10-30 16:00,12.5,0,,,3.8,0,290,0,17,0,2.5,-11.9,1014.5,0,1024.9,0,1,0,.72,0,0,0,,,1984,,,16.4,0,17.8,16,15.2,15.8
108,서울,2017-10-30 17:00,12.1,0,,,2.2,0,270,0,19,0,2.7,-10.8,1014.3,0,1024.7,0,1,0,.32,0,0,0,,,2000,,,10.3,0,16.7,16.2,15.5,15.8
108,서울,2017-10-30 18:00,10,0,,,1.9,0,270,0,22,0,2.7,-10.7,1014.1,0,1024.6,0,.3,0,.02,0,0,0,,,2000,,,6.5,0,14.8,15.9,15.6,15.9
108,서울,2017-10-30 19:00,9.8,0,,,2,0,270,0,25,0,3,-9.3,1014.7,0,1025.2,0,,9,,9,,0,,,2000,,,5.3,0,13.4,15.5,15.7,16
108,서울,2017-10-30 20:00,8.9,0,,,1.4,0,270,0,28,0,3.2,-8.6,1014.7,0,1025.2,0,,9,,9,,0,,,2000,,,3.1,0,12.3,15,15.7,16
108,서울,2017-10-30 21:00,8.1,0,,,.5,0,320,0,31,0,3.3,-8,1015.1,0,1025.7,0,,9,,9,0,0,,,2000,,,2.1,0,11.4,14.5,15.6,16
108,서울,2017-10-30 22:00,7.6,0,,,1.3,0,320,0,34,0,3.6,-7.2,1015.5,0,1026.1,0,,9,,9,,0,,,2000,,,1.1,0,10.6,13.9,15.5,16
108,서울,2017-10-30 23:00,7,0,,,1.8,0,270,0,39,0,3.9,-6,1015.7,0,1026.3,0,,9,,9,,0,,,2000,,,1.3,0,10.2,13.5,15.3,16
108,서울,2017-10-31 00:00,6.2,0,,,.4,0,0,0,42,0,4,-5.7,1015.7,0,1026.4,0,,9,,9,0,0,,,2000,,,.6,0,9.7,13.1,15.1,15.9