지점,지점명,일시,기온(°C),기온 QC플래그,강수량(mm),강수량 QC플래그,풍속(m/s),풍속 QC플래그,풍향(16방위),풍향 QC플래그,습도(%),습도 QC플래그,증기압(hPa),이슬점온도(°C),현지기압(hPa),현지기압 QC플래그,해면기압(hPa),해면기압 QC플래그,일조(hr),일조 QC플래그,일사(MJ/m2),일사 QC플래그,전운량(10분위),중하층운량(10분위),운형(운형약어),최저운고(100m ),시정(10m),지면상태(지면상태코드),현상번호(국내식),지면온도(°C),지면온도 QC플래그,5cm 지중온도(°C),10cm 지중온도(°C),20cm 지중온도(°C),30cm 지중온도(°C)
108,서울,2018-05-01 01:00,18.3,,,,1.1,,320,,83,,17.4,15.3,1006,,1016,,,9,,9,,10,,3,451,,19,17.5,,18,18.3,17.9,16.7
108,서울,2018-05-01 02:00,18.2,,,,.8,,270,,85,,17.7,15.6,1005.9,,1015.9,,,9,,9,,10,,3,355,,19,17.5,,18,18.2,17.7,16.7
108,서울,2018-05-01 03:00,18.1,,,,1,,320,,85,,17.6,15.5,1005.8,,1015.8,,,9,,9,10,10,St,3,284,,19,17.4,,17.9,18,17.6,16.6
108,서울,2018-05-01 04:00,18,,0,,.3,,0,,85,,17.5,15.4,1005.7,,1015.7,,,9,,9,10,10,St,3,275,,1902,17.3,,17.8,17.9,17.5,16.6
108,서울,2018-05-01 05:00,18,,0,,.8,,50,,85,,17.5,15.4,1005.6,,1015.6,,,9,,9,10,10,St,3,346,,1902,17.2,,17.7,17.8,17.3,16.5
108,서울,2018-05-01 06:00,17.8,,0,,.6,,50,,85,,17.3,15.2,1005.2,,1015.2,,0,,0,,9,9,Sc,5,265,,1902,17,,17.5,17.7,17.3,16.5
108,서울,2018-05-01 07:00,18,,,9,.7,,50,,82,,16.8,14.8,1005.2,,1015.2,,0,,.11,,9,9,Sc,12,264,,19,17.9,,17.5,17.5,17.2,16.4
108,서울,2018-05-01 08:00,18.8,,,9,.6,,90,,76,,16.4,14.4,1005.2,,1015.2,,0,,.36,,9,9,Sc,12,301,,19,20.6,,17.9,17.5,17.1,16.4
108,서울,2018-05-01 09:00,20.7,,,9,1.1,,90,,67,,16.3,14.3,1005.1,,1015.1,,.9,,1.3,,1,1,Sc,13,464,,4019,26.4,,19.5,17.6,17,16.3
108,서울,2018-05-01 10:00,22.2,,,9,1.2,,50,,61,,16.3,14.3,1004.9,,1014.8,,1,,1.72,,4,4,Sc,6,531,,40,31.5,,21.3,18.1,17,16.2
108,서울,2018-05-01 11:00,22.7,,,9,1.1,,290,,63,,17.3,15.2,1005.1,,1014.9,,.4,,1.36,,9,9,Sc,9,605,,40,27.4,,22.8,18.8,17.1,16.2
108,서울,2018-05-01 12:00,22.1,,,9,2.7,,320,,67,,17.7,15.6,1004.7,,1014.6,,0,,.81,,9,9,Sc,8,462,,40,30.3,,22.1,19.3,17.3,16.3
108,서울,2018-05-01 13:00,23,,,9,3.1,,340,,63,,17.6,15.5,1004,,1013.8,,.6,,1.92,,8,8,Sc,7,494,,40,34.5,,23.7,19.7,17.5,16.3
108,서울,2018-05-01 14:00,23,,,9,2.8,,320,,64,,17.9,15.8,1003.5,,1013.3,,.3,,1.59,,8,8,Sc,8,520,,40,31.7,,24.3,20.3,17.7,16.4
108,서울,2018-05-01 15:00,23.1,,,9,2.5,,320,,61,,17.2,15.1,1002.5,,1012.3,,0,,1.5,,9,9,Sc,8,556,,40,31.6,,24.5,20.7,18,16.5
108,서울,2018-05-01 16:00,22.6,,,9,3.1,,320,,63,,17.2,15.1,1002.2,,1012,,0,,.88,,9,9,Sc,8,551,,40,27.6,,23.9,21,18.3,16.6
108,서울,2018-05-01 17:00,22,,,9,2.4,,270,,65,,17.2,15.1,1002.1,,1011.9,,0,,.47,,10,6,ScAs,8,589,,40,24.1,,22.9,21,18.5,16.7
108,서울,2018-05-01 18:00,21.6,,,9,2,,290,,67,,17.3,15.2,1001.7,,1011.6,,0,,.24,,10,2,ScAs,11,584,,40,22.4,,21.9,20.9,18.6,16.8
108,서울,2018-05-01 19:00,21.2,,,9,1.5,,270,,68,,17,15,1001.7,,1011.6,,0,,.16,,,1,,49,610,,40,20.7,,21.2,20.6,18.7,16.9
108,서울,2018-05-01 20:00,20.6,,,9,1.3,,290,,72,,17.4,15.3,1001.9,,1011.8,,0,,0,,,8,,42,587,,40,19,,20.3,20.2,18.7,17
108,서울,2018-05-01 21:00,20.2,,,9,1.3,,290,,74,,17.5,15.4,1002.2,,1012.2,,,9,,9,10,5,ScAs,13,554,,40,18.5,,19.6,19.8,18.6,17.1
108,서울,2018-05-01 22:00,19.9,,,9,.8,,90,,75,,17.4,15.3,1001.7,,1011.7,,,9,,9,,2,,38,516,,40,18,,19.1,19.4,18.5,17.1
108,서울,2018-05-01 23:00,19.8,,,9,.9,,140,,73,,16.8,14.8,1001.1,,1011.1,,,9,,9,,,,31,442,,40,17.9,,18.8,19.2,18.4,17.1
108,서울,2018-05-02 00:00,19.7,,,9,.5,,70,,76,,17.4,15.3,1000.4,,1010.3,,,9,,9,10,3,ScAs,13,386,,40,17.5,,18.6,18.9,18.3,17.1
108,서울,2018-05-02 01:00,19.6,,0,,2.1,,320,,75,,17,15,1000.2,,1010.1,,,9,,9,10,5,ScAs,12,392,,4001,17.7,,18.4,18.7,18.1,17.1
108,서울,2018-05-02 02:00,19,,0,,1.6,,320,,80,,17.5,15.4,999.5,,1009.4,,,9,,9,10,6,ScAs,9,346,,401901,17.2,,18.3,18.5,18,17
108,서울,2018-05-02 03:00,18.5,,0,,.8,,320,,82,,17.4,15.3,998.5,,1008.4,,,9,,9,10,6,ScAs,13,342,,1901,16.5,,17.9,18.3,17.9,17
108,서울,2018-05-02 04:00,18.4,,,9,.4,,0,,81,,17,15,998.1,,1008,,,9,,9,10,6,ScAs,10,300,,19,16.8,,17.7,18.1,17.8,17
108,서울,2018-05-02 05:00,18.4,,.4,,.8,,20,,87,,18.3,16.1,997.3,,1007.2,,,9,,9,10,7,StNs,6,209,,1901,17,,17.7,18,17.7,16.9
108,서울,2018-05-02 06:00,17.9,,.1,,.9,,70,,93,,19,16.7,996.6,,1006.5,,0,,0,,10,8,ScAs,9,202,,1901,16.8,,17.6,17.8,17.5,16.9
108,서울,2018-05-02 07:00,17.6,,1,,.5,,110,,94,,18.9,16.6,996.7,,1006.7,,0,,0,,10,8,StNs,7,166,,1901,16.9,,17.5,17.7,17.5,16.9
108,서울,2018-05-02 08:00,17.5,,0,,.9,,160,,94,,18.8,16.5,996.3,,1006.3,,0,,.06,,10,7,ScAs,8,203,,1901,17.1,,17.5,17.6,17.4,16.8
108,서울,2018-05-02 09:00,17.4,,0,,.7,,70,,94,,18.6,16.4,995.9,,1005.9,,0,,.16,,10,5,ScAs,8,230,,1901,17.9,,17.6,17.5,17.3,16.8
108,서울,2018-05-02 10:00,17.7,,,9,1.1,,70,,88,,17.7,15.6,995.3,,1005.2,,0,,.36,,10,4,ScAs,8,322,,19,19.1,,18,17.6,17.2,16.7
108,서울,2018-05-02 11:00,18,,0,,1.1,,50,,85,,17.5,15.4,994.6,,1004.5,,0,,.45,,10,7,ScAs,7,411,,1901,19.5,,18.4,17.7,17.2,16.7
108,서울,2018-05-02 12:00,17.3,,3.5,,.7,,110,,95,,18.6,16.4,994.2,,1004.1,,0,,.16,,10,7,StNs,3,155,,1901,18,,18.1,17.7,17.2,16.6
108,서울,2018-05-02 13:00,17.2,,4,,.9,,70,,96,,18.8,16.5,993.2,,1003.1,,0,,.26,,10,6,ScAs,8,275,,1901,18.5,,17.9,17.7,17.2,16.6
108,서울,2018-05-02 14:00,17.5,,,9,.3,,0,,94,,18.8,16.5,992.2,,1002.1,,0,,.35,,10,6,ScAs,9,436,,19,18.8,,18.3,17.7,17.2,16.6
108,서울,2018-05-02 15:00,17,,0,,3.7,,270,,90,,17.4,15.3,991.6,,1001.5,,0,,.26,,10,7,ScAs,9,216,,1901,17.8,,18.2,17.8,17.2,16.6
108,서울,2018-05-02 16:00,15.4,,.5,,4.7,,270,,95,,16.5,14.5,990.9,,1000.9,,0,,.11,,10,8,ScAs,10,378,,1901,16.5,,17.6,17.8,17.2,16.6
108,서울,2018-05-02 17:00,13.9,,,9,2.6,,250,,94,,14.9,12.9,990.9,,1000.9,,0,,.21,,10,8,ScAs,10,303,,19,15.9,,17,17.6,17.2,16.6
108,서울,2018-05-02 18:00,13.6,,,9,2.3,,250,,89,,13.8,11.8,991.3,,1001.4,,0,,.09,,10,7,ScAs,12,638,,19,14.5,,16.6,17.4,17.1,16.6
108,서울,2018-05-02 19:00,12.6,,0,,3.9,,290,,93,,13.5,11.4,992,,1002.1,,0,,0,,10,7,StNs,6,831,,1901,13.5,,16,17.1,17.1,16.5
108,서울,2018-05-02 20:00,11.1,,.5,,4,,270,,91,,11.9,9.6,993.1,,1003.3,,0,,0,,10,8,StNs,3,716,,1901,12.1,,15.1,16.8,16.9,16.5
108,서울,2018-05-02 21:00,10.5,,1,,2.8,,270,,94,,11.9,9.5,994,,1004.2,,,9,,9,10,8,StNs,3,1627,,1901,11.6,,14.5,16.4,16.8,16.5
108,서울,2018-05-02 22:00,10.4,,0,,3.7,,290,,85,,10.6,7.9,995.2,,1005.5,,,9,,9,10,7,ScAs,5,1671,,01,11,,14.1,16,16.7,16.4
108,서울,2018-05-02 23:00,9.5,,1,,3.6,,340,,90,,10.6,7.9,996.1,,1006.4,,,9,,9,10,8,StNs,3,1017,,01,10.6,,13.7,15.7,16.4,16.3
108,서울,2018-05-03 00:00,8.7,,0,,3.1,,340,,86,,9.6,6.4,997.1,,1007.4,,,9,,9,9,9,,,2000,,01,9.4,,13.2,15.4,16.2,16.3
108,서울,2018-05-03 01:00,7.9,,,,2.1,,290,,86,,9.1,5.6,997.2,,1007.6,,,9,,9,,5,,7,2000,,,7.8,,12.5,15,16.1,16.2
108,서울,2018-05-03 02:00,7.3,,,,1.7,,290,,86,,8.8,5.1,997.5,,1007.9,,,9,,9,,0,,,2000,,,6.8,,11.7,14.6,15.8,16.1
108,서울,2018-05-03 03:00,7,,,,1.2,,290,,86,,8.6,4.8,997.1,,1007.5,,,9,,9,2,2,Sc,10,2000,,,6.2,,11.2,14.2,15.6,16
108,서울,2018-05-03 04:00,7,,,,1.3,,290,,87,,8.7,4.9,996.9,,1007.3,,,9,,9,3,3,Sc,10,2000,,,6,,10.7,13.8,15.4,15.9
108,서울,2018-05-03 05:00,7,,,,.8,,250,,85,,8.5,4.6,996.1,,1006.5,,,9,,9,0,0,,,2000,,,5.7,,10.3,13.4,15.1,15.8
108,서울,2018-05-03 06:00,7.9,,,,2,,250,,86,,9.1,5.6,996.5,,1006.9,,0,,.01,,0,0,,,1070,,,6.3,,10.2,13.1,14.9,15.6
108,서울,2018-05-03 07:00,8.4,,,,1.4,,250,,83,,9.1,5.6,996.8,,1007.1,,.6,,.31,,0,0,,,1400,,,7.7,,10.4,12.8,14.7,15.5
108,서울,2018-05-03 08:00,10.5,,,,2.3,,230,,67,,8.5,4.6,996.7,,1007,,1,,.98,,0,0,,,1221,,,14.5,,11.3,12.7,14.4,15.3
108,서울,2018-05-03 09:00,12.8,,,,3.9,,290,,52,,7.6,3.1,996.7,,1006.9,,1,,1.65,,2,2,Sc,13,1614,,,17.9,,13.3,13,14.2,15.1
108,서울,2018-05-03 10:00,13.8,,,,4.8,,290,,47,,7.4,2.6,997.1,,1007.2,,1,,1.64,,6,6,Sc,14,1561,,,19,,14.8,13.5,14.2,15
108,서울,2018-05-03 11:00,14.7,,,,3,,270,,45,,7.5,2.8,997.3,,1007.4,,.9,,1.68,,7,7,Sc,13,1799,,,19.3,,16.2,14.2,14.3,14.9
108,서울,2018-05-03 12:00,14.1,,0,,3.9,,270,,59,,9.4,6.1,996.8,,1006.9,,.7,,1.12,,7,7,CuSc,11,1870,,01,19.6,,16.1,14.8,14.4,14.9
108,서울,2018-05-03 13:00,13.4,,.1,,3.7,,290,,56,,8.5,4.7,996.2,,1006.3,,.5,,.82,,9,9,CbSc,4,1693,,140401,14,,16.2,15.2,14.6,14.9
108,서울,2018-05-03 14:00,12.7,,.4,,3.8,,290,,75,,10.9,8.3,996.1,,1006.3,,.4,,.88,,9,9,CuSc,9,1510,,140401,15.3,,16,15.3,14.8,14.9
108,서울,2018-05-03 15:00,12.2,,.5,,4.8,,320,,56,,7.9,3.6,996.4,,1006.6,,.2,,.57,,9,9,CuSc,12,2000,,0401,14,,15.2,15.3,15,14.9
108,서울,2018-05-03 16:00,12.8,,0,,3.3,,290,,53,,7.8,3.4,996,,1006.2,,.2,,.76,,9,7,ScAs,12,2000,,01,13.9,,15.1,15.3,15,15
108,서울,2018-05-03 17:00,13.2,,,9,4.2,,290,,49,,7.4,2.7,996.3,,1006.4,,.1,,.69,,9,7,ScCi,12,1999,,,14.4,,15,15.2,15,15
108,서울,2018-05-03 18:00,13.4,,,9,2.4,,290,,49,,7.5,2.8,996.9,,1007,,.6,,.6,,9,6,ScCi,14,1982,,,12.8,,14.9,15.2,15.1,15
108,서울,2018-05-03 19:00,13.3,,,9,3.6,,270,,49,,7.4,2.7,997.6,,1007.7,,1,,.45,,,5,,,1919,,,10.8,,14.5,15.1,15.1,15
108,서울,2018-05-03 20:00,12.6,,,9,3.2,,290,,47,,6.8,1.5,998.5,,1008.7,,0,,.02,,,,,60,1935,,,8.6,,13.5,14.9,15.1,15
108,서울,2018-05-03 21:00,11.9,,,9,1.9,,270,,48,,6.7,1.2,999.2,,1009.4,,,9,,9,0,0,,,1918,,,7.6,,12.5,14.5,15,15
108,서울,2018-05-03 22:00,11.2,,,9,2.3,,270,,60,,8,3.7,999.4,,1009.7,,,9,,9,,0,,,1684,,,7.2,,11.9,14.1,14.9,15
108,서울,2018-05-03 23:00,10.6,,,9,2.1,,290,,62,,7.9,3.6,999.3,,1009.6,,,9,,9,,,,,1694,,,6.7,,11.4,13.7,14.7,14.9
108,서울,2018-05-04 00:00,10,,,9,2.1,,290,,63,,7.7,3.2,999.4,,1009.7,,,9,,9,0,0,,,1653,,,6.3,,10.8,13.3,14.6,14.9
108,서울,2018-05-04 01:00,9.7,,,,2.1,,270,,63,,7.5,2.9,999.2,,1009.5,,,9,,9,,0,,59,1610,,,6.2,,10.4,13,14.4,14.8
108,서울,2018-05-04 02:00,9.6,,,,1.5,,270,,65,,7.7,3.3,999.3,,1009.6,,,9,,9,,9,,58,1654,,,6.5,,10.3,12.7,14.1,14.7
108,서울,2018-05-04 03:00,9.6,,,,.9,,270,,66,,7.8,3.5,999.4,,1009.7,,,9,,9,9,0,Ci,,1685,,,6.7,,10.3,12.5,14,14.6
108,서울,2018-05-04 04:00,9.5,,,,1.1,,270,,66,,7.8,3.4,999.8,,1010.1,,,9,,9,9,0,Ci,,1737,,,6.4,,10.1,12.3,13.8,14.5
108,서울,2018-05-04 05:00,9.2,,,,.8,,290,,63,,7.3,2.5,1000.1,,1010.4,,,9,,9,7,0,Ci,,1896,,,5.8,,9.8,12.2,13.6,14.4
108,서울,2018-05-04 06:00,9,,,,1.7,,230,,57,,6.5,.9,1000.8,,1011.1,,0,,0,,2,0,Ci,,1903,,,5.2,,9.4,11.9,13.5,14.3
108,서울,2018-05-04 07:00,9.5,,,,2.1,,270,,55,,6.5,.8,1001.5,,1011.8,,.6,,.32,,0,0,,,1912,,,6.4,,9.4,11.7,13.3,14.2
108,서울,2018-05-04 08:00,11.3,,,,1.2,,270,,46,,6.1,0,1001.7,,1012,,1,,1.04,,0,0,,,1788,,,14.4,,10.4,11.5,13.2,14.1
108,서울,2018-05-04 09:00,14.1,,,,1.9,,270,,42,,6.7,1.3,1001.6,,1011.7,,1,,1.78,,0,0,,,1893,,,20.4,,13,11.8,13,14
108,서울,2018-05-04 10:00,16.1,,,,2.9,,270,,37,,6.7,1.3,1001.6,,1011.7,,1,,2.4,,0,0,,,1629,,,24,,15.7,12.6,13,13.8
108,서울,2018-05-04 11:00,17.2,,,,3.6,,270,,35,,6.8,1.5,1001.6,,1011.6,,1,,2.93,,0,0,,,1731,,,26.5,,18.2,13.7,13.1,13.8
108,서울,2018-05-04 12:00,17.9,,,,4.6,,270,,32,,6.5,.9,1001.3,,1011.3,,1,,3.28,,0,0,,,1874,,,27.4,,20.1,14.9,13.5,13.8
108,서울,2018-05-04 13:00,18.9,,,,3.8,,250,,30,,6.5,.9,1001.2,,1011.1,,1,,3.39,,0,0,,,1854,,,31.1,,21.7,16.1,13.9,13.8
108,서울,2018-05-04 14:00,18.8,,,,4.9,,230,,31,,6.7,1.2,1000.7,,1010.6,,1,,3.31,,0,0,,,1940,,,33.3,,22.5,17.1,14.4,13.9
108,서울,2018-05-04 15:00,19.9,,,,3.8,,250,,26,,6.1,-.1,1000.5,,1010.5,,1,,3,,0,0,,,1898,,,33.4,,23.1,18,14.9,14
108,서울,2018-05-04 16:00,18.6,,,,5.1,,250,,30,,6.4,.6,1000.4,,1010.3,,1,,2.49,,0,0,,,1891,,,30,,22.8,18.7,15.5,14.3
108,서울,2018-05-04 17:00,18.1,,,,4.6,,270,,30,,6.2,.2,1000.5,,1010.5,,1,,1.86,,0,0,,,1925,,,26.2,,21.6,19,15.9,14.5
108,서울,2018-05-04 18:00,17.1,,,,3.4,,270,,35,,6.8,1.4,1000.7,,1010.7,,1,,1.11,,0,0,,,1961,,,19.2,,20,18.9,16.3,14.7
108,서울,2018-05-04 19:00,15.5,,,,2.6,,270,,46,,8.1,3.9,1001.6,,1011.7,,.8,,.34,,,0,,,1782,,,15.2,,18.2,18.5,16.6,14.9
108,서울,2018-05-04 20:00,14.1,,,,3.4,,250,,46,,7.4,2.6,1002.5,,1012.7,,0,,.01,,,0,,,1940,,,12.7,,16.6,17.9,16.6,15.1
108,서울,2018-05-04 21:00,13.3,,,,1.9,,250,,47,,7.2,2.2,1003.1,,1013.3,,,9,,9,0,0,,,1805,,,11.1,,15.3,17.2,16.5,15.2
108,서울,2018-05-04 22:00,12.7,,,,2,,230,,55,,8,3.8,1003.8,,1014,,,9,,9,,,,,1775,,,10.2,,14.5,16.6,16.4,15.3
108,서울,2018-05-04 23:00,12.4,,,,2.5,,270,,58,,8.3,4.3,1004.1,,1014.4,,,9,,9,,0,,,1843,,,9.6,,13.8,16,16.2,15.4
108,서울,2018-05-05 00:00,12.2,,,,1.2,,270,,59,,8.4,4.4,1004.4,,1014.7,,,9,,9,0,0,,,1718,,,9.2,,13.4,15.5,15.9,15.3
108,서울,2018-05-05 01:00,12.1,,,,1.3,,250,,54,,7.6,3,1004.3,,1014.6,,,9,,9,,0,,,1820,,,8.7,,12.8,15,15.7,15.3
108,서울,2018-05-05 02:00,12.1,,,,1.1,,230,,53,,7.4,2.7,1004.3,,1014.6,,,9,,9,,,,,1948,,,8.4,,12.5,14.7,15.5,15.3
108,서울,2018-05-05 03:00,11.6,,,,1.1,,230,,53,,7.2,2.3,1004.4,,1014.7,,,9,,9,0,0,,,1904,,,7.9,,12,14.3,15.3,15.2
108,서울,2018-05-05 04:00,12.1,,,,1.6,,230,,51,,7.2,2.2,1004.7,,1015,,,9,,9,0,0,,,1939,,,7.9,,11.8,14.1,15.1,15.1
108,서울,2018-05-05 05:00,12.2,,,,2.3,,230,,52,,7.4,2.6,1005,,1015.3,,,9,,9,0,0,,,1961,,,8,,11.7,13.8,14.8,15
108,서울,2018-05-05 06:00,12.3,,,,2.1,,180,,55,,7.8,3.5,1005.6,,1015.9,,0,,.02,,0,0,,,1972,,,8.3,,11.6,13.5,14.7,14.9
108,서울,2018-05-05 07:00,12.9,,,,2.3,,200,,55,,8.1,4,1006,,1016.2,,.5,,.29,,0,0,,,1952,,,10.1,,11.9,13.3,14.5,14.8
108,서울,2018-05-05 08:00,14.4,,,,2.3,,180,,51,,8.3,4.3,1006.4,,1016.6,,1,,.92,,1,0,Ci,,1907,,,15.8,,12.9,13.3,14.3,14.7
108,서울,2018-05-05 09:00,16.1,,,,2.6,,200,,50,,9.1,5.6,1006.6,,1016.7,,1,,1.52,,5,0,Ci,,1628,,,21.5,,14.9,13.5,14.2,14.6
108,서울,2018-05-05 10:00,18.1,,,,2.9,,180,,46,,9.5,6.2,1006.7,,1016.7,,1,,2.17,,7,0,Ci,,1755,,,27.7,,17.5,14.2,14.2,14.5
108,서울,2018-05-05 11:00,20.2,,,,3.1,,250,,41,,9.7,6.5,1006.3,,1016.3,,1,,2.56,,8,0,Ci,,1789,,,32.4,,19.9,15.2,14.3,14.5
108,서울,2018-05-05 12:00,21.9,,,,3.4,,230,,35,,9.2,5.7,1005.8,,1015.7,,1,,2.74,,9,0,Ci,,1586,,,34.9,,21.9,16.5,14.6,14.5
108,서울,2018-05-05 13:00,22.7,,,,3.4,,250,,35,,9.6,6.4,1005,,1014.8,,.8,,2.51,,9,0,Ci,,1794,,,33.3,,23,17.6,15,14.5
108,서울,2018-05-05 14:00,23.6,,,,3.3,,200,,34,,9.9,6.8,1004.6,,1014.4,,1,,2.57,,9,0,Ci,,1829,,,36.9,,23.8,18.5,15.4,14.6
108,서울,2018-05-05 15:00,23.8,,,,4.7,,200,,29,,8.5,4.6,1003.9,,1013.7,,.9,,2.72,,9,0,Ci,,1876,,,34.9,,24.9,19.4,15.9,14.7
108,서울,2018-05-05 16:00,23.2,,,,4.5,,200,,30,,8.5,4.6,1003.6,,1013.4,,.6,,1.49,,9,0,Ci,,1787,,,30.5,,23.8,20,16.4,14.9
108,서울,2018-05-05 17:00,23.6,,,,3.9,,270,,29,,8.4,4.5,1003.3,,1013.1,,1,,1.68,,3,0,Ci,,1948,,,30,,23.4,20.1,16.9,15.1
108,서울,2018-05-05 18:00,22.5,,,,3.4,,230,,31,,8.4,4.5,1003.3,,1013.1,,.6,,.79,,7,0,Ci,,1953,,,23.1,,22.1,20.1,17.2,15.3
108,서울,2018-05-05 19:00,20.7,,,,3.5,,200,,47,,11.4,8.9,1003.6,,1013.5,,.6,,.28,,,9,,63,1952,,,19.4,,20.5,19.9,17.4,15.6
108,서울,2018-05-05 20:00,19.7,,,,2,,250,,53,,12.1,9.8,1003.8,,1013.7,,0,,0,,,8,,60,1841,,,17.3,,19.2,19.3,17.5,15.7
108,서울,2018-05-05 21:00,19.3,,,,3.1,,200,,57,,12.7,10.5,1004.1,,1014,,,9,,9,8,2,ScCi,10,1924,,,17.2,,18.3,18.8,17.5,15.9
108,서울,2018-05-05 22:00,19.1,,,,2.7,,230,,61,,13.4,11.3,1003.9,,1013.8,,,9,,9,,5,,9,1830,,,17.4,,18,18.4,17.4,15.9
108,서울,2018-05-05 23:00,19.1,,,,3.6,,230,,62,,13.7,11.6,1003.6,,1013.5,,,9,,9,,9,,8,1757,,,17.5,,17.9,18,17.3,16
108,서울,2018-05-06 00:00,18.7,,,,3.3,,230,,64,,13.7,11.7,1003.5,,1013.5,,,9,,9,10,6,ScAs,,1654,,,17.3,,17.7,17.8,17.1,16.1
108,서울,2018-05-06 01:00,18.2,,0,,1.6,,250,,71,,14.8,12.8,1003.1,,1013.1,,,9,,9,10,6,ScAs,7,1328,,01,16.4,,17.4,17.6,17,16.1
108,서울,2018-05-06 02:00,17.3,,.5,,2.1,,290,,82,,16.1,14.1,1002.7,,1012.7,,,9,,9,10,8,StNs,5,768,,1901,15.9,,17,17.4,16.9,16
108,서울,2018-05-06 03:00,16.2,,1.5,,1.7,,270,,94,,17.3,15.2,1001.9,,1012,,,9,,9,10,8,StNs,3,400,,1901,15.5,,16.7,17.1,16.8,16
108,서울,2018-05-06 04:00,15.8,,1.5,,.4,,0,,93,,16.6,14.6,1001.1,,1011.2,,,9,,9,10,6,StNs,2,268,,1901,15.3,,16.4,17,16.7,16
108,서울,2018-05-06 05:00,15.4,,2,,.3,,0,,96,,16.7,14.7,1000.4,,1010.5,,,9,,9,10,9,StNs,2,208,,1901,15.2,,16.2,16.8,16.6,16
108,서울,2018-05-06 06:00,15.1,,3,,.3,,0,,97,,16.6,14.6,999.8,,1009.9,,0,,0,,10,8,StNs,2,225,,1901,15,,16,16.6,16.5,16
108,서울,2018-05-06 07:00,15.1,,2.5,,.5,,110,,97,,16.6,14.6,999.1,,1009.2,,0,,.03,,10,7,StNs,2,311,,1901,15.2,,15.9,16.4,16.4,15.9
108,서울,2018-05-06 08:00,15.2,,2,,1,,90,,97,,16.7,14.7,999,,1009.1,,0,,.08,,10,7,StNs,6,414,,1901,15.6,,15.9,16.3,16.3,15.9
108,서울,2018-05-06 09:00,15.4,,1,,.8,,70,,97,,16.9,14.9,998.6,,1008.7,,0,,.18,,10,7,StNs,6,413,,1901,16.5,,16,16.2,16.2,15.8
108,서울,2018-05-06 10:00,15.4,,1.5,,.6,,90,,97,,16.9,14.9,998.3,,1008.4,,0,,.38,,10,6,StNs,2,374,,1901,17.4,,16.4,16.2,16.1,15.8
108,서울,2018-05-06 11:00,15.5,,3.5,,.8,,90,,97,,17,15,998,,1008.1,,0,,.4,,10,5,StNs,2,459,,1901,17.5,,16.7,16.3,16.1,15.8
108,서울,2018-05-06 12:00,15.7,,3,,1.1,,110,,96,,17,15,997.4,,1007.5,,0,,.5,,10,5,StNs,2,568,,1901,18.4,,16.9,16.4,16.1,15.7
108,서울,2018-05-06 13:00,16.4,,0,,.9,,110,,94,,17.5,15.4,996.6,,1006.6,,0,,.78,,10,6,ScAs,8,1947,,1901,20.5,,17.5,16.6,16.1,15.7
108,서울,2018-05-06 14:00,17.2,,0,,1.3,,90,,85,,16.6,14.6,995.8,,1005.8,,0,,.94,,10,5,ScAs,8,2000,,01,21.1,,18.3,16.8,16.1,15.7
108,서울,2018-05-06 15:00,17.8,,0,,1.6,,90,,77,,15.7,13.7,995,,1004.9,,0,,1.13,,10,5,ScAs,10,2000,,01,21.9,,19,17.2,16.2,15.7
108,서울,2018-05-06 16:00,19.5,,,9,1.7,,90,,66,,14.9,12.9,994.4,,1004.2,,.6,,1.71,,8,4,ScCi,10,2000,,,25.7,,20.2,17.5,16.3,15.7
108,서울,2018-05-06 17:00,20.2,,,9,1.1,,70,,62,,14.6,12.6,994.9,,1004.8,,1,,1.74,,8,4,ScCi,8,2000,,,24.6,,21,18.1,16.5,15.8
108,서울,2018-05-06 18:00,20.2,,,9,1,,70,,66,,15.6,13.6,995.1,,1005,,1,,1.1,,7,3,ScCc,8,2000,,,19.6,,20.9,18.5,16.7,15.8
108,서울,2018-05-06 19:00,19,,,9,.7,,50,,70,,15.3,13.3,995.7,,1005.6,,.6,,.33,,,1,,57,2000,,,17.1,,19.5,18.6,16.9,15.9
108,서울,2018-05-06 20:00,17.6,,,9,1.2,,50,,77,,15.5,13.5,996.3,,1006.2,,0,,.01,,,7,,58,2000,,,15.2,,18.2,18.4,17.1,16
108,서울,2018-05-06 21:00,16.8,,,9,.6,,360,,79,,15.1,13.1,996.6,,1006.6,,,9,,9,9,0,Ci,,2000,,,14.7,,17.3,18,17.1,16.1
108,서울,2018-05-06 22:00,16.4,,,9,1.2,,50,,80,,14.9,12.9,996.7,,1006.7,,,9,,9,,10,,56,2000,,,13.8,,16.6,17.5,17.1,16.1
108,서울,2018-05-06 23:00,15.9,,,9,.6,,20,,83,,15,13,997.2,,1007.3,,,9,,9,,9,,58,2000,,,13.6,,16.1,17.1,16.9,16.2
108,서울,2018-05-07 00:00,15.5,,,9,.9,,20,,85,,14.9,12.9,997.1,,1007.2,,,9,,9,8,0,,,2000,,,13.1,,15.7,16.8,16.8,16.2
108,서울,2018-05-07 01:00,15.1,,,,.3,,0,,84,,14.4,12.4,996.9,,1007,,,9,,9,,10,,62,1858,,,12.8,,15.3,16.5,16.7,16.2
108,서울,2018-05-07 02:00,14.8,,,,.4,,0,,85,,14.2,12.2,996.4,,1006.5,,,9,,9,,10,,,1831,,,12.8,,15.1,16.2,16.5,16.1
108,서울,2018-05-07 03:00,14.7,,,,.8,,70,,82,,13.7,11.6,996.1,,1006.2,,,9,,9,9,0,Ci,,1822,,,12.9,,14.9,16,16.4,16.1
108,서울,2018-05-07 04:00,14.4,,,,.8,,50,,85,,13.9,11.9,996.1,,1006.2,,,9,,9,9,0,Ci,,1437,,,12.8,,14.8,15.8,16.2,16
108,서울,2018-05-07 05:00,14.2,,,,.5,,50,,85,,13.7,11.7,995.5,,1005.6,,,9,,9,9,0,Ci,,1412,,,12.7,,14.6,15.7,16.1,16
108,서울,2018-05-07 06:00,14,,,,.8,,50,,87,,13.8,11.8,995.3,,1005.4,,0,,.01,,10,10,As,39,1334,,,12.8,,14.5,15.5,16,15.9
108,서울,2018-05-07 07:00,14.2,,,,.3,,0,,81,,13,10.9,996.3,,1006.4,,0,,.13,,10,10,As,39,1991,,,14.1,,14.6,15.4,15.8,15.8
108,서울,2018-05-07 08:00,14.8,,,,.3,,0,,80,,13.4,11.3,996.4,,1006.5,,0,,.31,,10,10,As,38,1921,,,15.5,,15.1,15.4,15.7,15.8
108,서울,2018-05-07 09:00,15.9,,,,.5,,250,,72,,12.9,10.8,996.6,,1006.7,,0,,.67,,10,10,As,38,1835,,,19.3,,15.9,15.5,15.7,15.7
108,서울,2018-05-07 10:00,17.5,,,,.6,,50,,63,,12.5,10.3,997,,1007,,0,,.96,,10,10,As,38,1916,,,20.8,,17.4,15.8,15.7,15.6
108,서울,2018-05-07 11:00,20.2,,,,1.1,,50,,45,,10.6,7.8,996.7,,1006.6,,.7,,2.33,,8,0,Ci,,1894,,,29.8,,20,16.3,15.6,15.5
108,서울,2018-05-07 12:00,22.9,,,,.8,,140,,35,,9.7,6.6,996.6,,1006.3,,1,,3.05,,8,0,Cc,,1948,,,32.6,,23.1,17.4,15.8,15.5
108,서울,2018-05-07 13:00,23.7,,,,1.7,,290,,44,,12.9,10.7,996.3,,1006,,1,,2.35,,9,0,Ci,,1897,,,29.9,,24.5,18.7,16.2,15.5
108,서울,2018-05-07 14:00,24.1,,,,1.2,,230,,42,,12.5,10.3,996.1,,1005.8,,.8,,1.93,,9,0,Ci,,1770,,,27,,25,19.7,16.6,15.6
108,서울,2018-05-07 15:00,24.6,,,,2.1,,230,,38,,11.7,9.3,995.6,,1005.2,,.6,,1.85,,9,0,Ci,,1478,,,26.7,,25,20.3,17.1,15.8
108,서울,2018-05-07 16:00,24.5,,,,2.2,,290,,38,,11.6,9.2,995.5,,1005.1,,.2,,1.1,,9,0,Ci,,1903,,,24.3,,24.1,20.6,17.5,15.9
108,서울,2018-05-07 17:00,25.5,,,,2.3,,290,,31,,10.1,7.1,995.4,,1005.1,,.8,,1.5,,3,0,Ci,,1974,,,25.8,,24,20.7,17.9,16.1
108,서울,2018-05-07 18:00,25.1,,,,2.4,,290,,32,,10.2,7.2,995.4,,1005.1,,1,,1.1,,2,0,Ci,,1899,,,20.6,,23.1,20.8,18.1,16.4
108,서울,2018-05-07 19:00,23.5,,,,1.5,,290,,48,,13.8,11.8,996.1,,1005.8,,1,,.4,,,0,,,1929,,,18,,21.5,20.6,18.3,16.5
108,서울,2018-05-07 20:00,20.9,,,,2.7,,290,,61,,15,13,996.7,,1006.6,,0,,.01,,,0,,,1523,,,16,,19.9,20.1,18.4,16.7
108,서울,2018-05-07 21:00,19.6,,,,1.5,,270,,64,,14.5,12.5,997.4,,1007.2,,,9,,9,0,0,,,1297,,,14.6,,18.7,19.5,18.4,16.8
108,서울,2018-05-07 22:00,18.6,,,,1.7,,270,,69,,14.7,12.7,998,,1007.9,,,9,,9,,0,,,1047,,,13.9,,17.7,18.9,18.3,16.9
108,서울,2018-05-07 23:00,17.5,,,,1.5,,290,,69,,13.7,11.7,998.3,,1008.3,,,9,,9,,0,,,978,,40,13,,16.9,18.4,18.1,16.9
108,서울,2018-05-08 00:00,16.4,,,,.8,,50,,72,,13.4,11.3,999.1,,1009.1,,,9,,9,0,0,,,1046,,40,12.5,,16.2,17.9,17.9,17
108,서울,2018-05-08 01:00,16,,,,1,,110,,64,,11.6,9.1,999.6,,1009.7,,,9,,9,,3,,11,1600,,,12.2,,15.9,17.5,17.7,16.9
108,서울,2018-05-08 02:00,15.5,,,,1.3,,90,,65,,11.4,8.9,1000.2,,1010.3,,,9,,9,,0,,,1953,,,11.9,,15.5,17.1,17.5,16.9
108,서울,2018-05-08 03:00,15.6,,,,1.7,,110,,63,,11.1,8.5,1000.4,,1010.5,,,9,,9,0,0,,,2000,,,11.8,,15.2,16.8,17.2,16.8
108,서울,2018-05-08 04:00,15.4,,,,1.6,,110,,63,,10.9,8.3,1000.8,,1010.9,,,9,,9,1,0,Ci,,2000,,,11.5,,15,16.5,17,16.7
108,서울,2018-05-08 05:00,15,,,,1.6,,140,,64,,10.9,8.2,1001,,1011.1,,,9,,9,6,0,Ci,,2000,,,11.3,,14.7,16.2,16.9,16.7
108,서울,2018-05-08 06:00,14.8,,,,1.5,,110,,64,,10.7,8,1001.2,,1011.4,,0,,.02,,7,0,Ci,,2000,,,11.5,,14.5,16,16.7,16.6
108,서울,2018-05-08 07:00,15.3,,,,2,,70,,60,,10.4,7.5,1001.6,,1011.7,,.5,,.35,,8,0,Ci,,2000,,,12.7,,14.5,15.8,16.5,16.5
108,서울,2018-05-08 08:00,16.9,,,,1.7,,110,,54,,10.4,7.5,1002.2,,1012.2,,1,,1.08,,5,0,Ci,,2000,,,18.8,,15.3,15.7,16.3,16.4
108,서울,2018-05-08 09:00,18.5,,,,1.4,,160,,51,,10.8,8.1,1002.8,,1012.8,,1,,1.74,,7,0,Ci,,1955,,,23.8,,17.2,15.8,16.2,16.2
108,서울,2018-05-08 10:00,20,,,,1.9,,70,,48,,11.2,8.6,1003.3,,1013.3,,1,,2.46,,2,0,Ci,,2000,,,29.7,,19.8,16.5,16.1,16.2
108,서울,2018-05-08 11:00,21,,,,1.6,,140,,45,,11.2,8.6,1003.5,,1013.4,,1,,2.89,,6,2,ScCi,15,2000,,,34.7,,22.2,17.4,16.2,16.1
108,서울,2018-05-08 12:00,21.5,,,,2.1,,110,,44,,11.2,8.7,1003.6,,1013.5,,1,,3.15,,6,2,ScCi,13,1986,,,38.1,,24.3,18.6,16.5,16.1
108,서울,2018-05-08 13:00,21.7,,,,2.1,,90,,44,,11.4,8.9,1003.6,,1013.5,,.9,,2.46,,8,8,Sc,14,2000,,,34.2,,25.1,19.8,16.9,16.1
108,서울,2018-05-08 14:00,22.2,,,,1.7,,90,,42,,11.2,8.6,1003.3,,1013.2,,.9,,2.29,,8,8,Sc,10,2000,,,35.3,,25.4,20.6,17.4,16.2
108,서울,2018-05-08 15:00,22.4,,,,1.9,,90,,39,,10.5,7.7,1002.9,,1012.7,,.9,,2.16,,4,4,Sc,18,2000,,,35.9,,25.5,21.2,17.9,16.4
108,서울,2018-05-08 16:00,22,,,,1.7,,70,,41,,10.8,8.1,1003.1,,1013,,.8,,2.04,,7,7,Sc,16,2000,,,31.2,,25.9,21.7,18.3,16.5
108,서울,2018-05-08 17:00,21.7,,,,2,,110,,38,,9.8,6.7,1003.7,,1013.6,,.5,,1.17,,3,3,Sc,19,2000,,,29.5,,24.4,21.8,18.6,16.7
108,서울,2018-05-08 18:00,20.7,,,,1.4,,90,,40,,9.7,6.6,1004.2,,1014.1,,1,,1.06,,0,0,,,2000,,,22.9,,23.3,21.7,18.9,16.9
108,서울,2018-05-08 19:00,17.9,,,,2.1,,110,,42,,8.5,4.7,1005.4,,1015.4,,.8,,.37,,,0,,,2000,,,18.5,,21.2,21.4,19.1,17.1
108,서울,2018-05-08 20:00,15.8,,,,1.8,,90,,47,,8.4,4.4,1006.4,,1016.6,,0,,.01,,,0,,,2000,,,15.5,,19.3,20.7,19.1,17.3
108,서울,2018-05-08 21:00,14.5,,,,1.9,,110,,49,,8,3.8,1007.3,,1017.5,,,9,,9,0,0,,,2000,,,13.8,,17.9,19.9,19,17.4
108,서울,2018-05-08 22:00,13.2,,,,2.2,,140,,54,,8.1,4,1008.2,,1018.5,,,9,,9,,0,,,2000,,,12.5,,16.8,19.1,18.8,17.4
108,서울,2018-05-08 23:00,12.2,,,,1.9,,70,,57,,8.1,3.9,1008.8,,1019.1,,,9,,9,,0,,,2000,,,11.3,,15.8,18.4,18.6,17.5
108,서울,2018-05-09 00:00,11.6,,,,1.9,,110,,57,,7.7,3.3,1009,,1019.3,,,9,,9,0,0,,,2000,,,10.5,,15.1,17.8,18.3,17.4
108,서울,2018-05-09 01:00,11.3,,,,1.3,,110,,58,,7.7,3.3,1009.2,,1019.6,,,9,,9,,0,,,2000,,,9.8,,14.4,17.2,18,17.4
108,서울,2018-05-09 02:00,10.9,,,,1.1,,90,,59,,7.6,3.1,1009.6,,1020,,,9,,9,,0,,,2000,,,9.1,,13.9,16.7,17.7,17.3
108,서울,2018-05-09 03:00,10.5,,,,1,,110,,59,,7.5,2.8,1009.6,,1020,,,9,,9,0,0,,,2000,,,8.7,,13.4,16.3,17.4,17.2
108,서울,2018-05-09 04:00,10,,,,1.5,,50,,64,,7.8,3.4,1009.9,,1020.3,,,9,,9,0,0,,,2000,,,8,,12.9,15.9,17.1,17.1
108,서울,2018-05-09 05:00,9.5,,,,.9,,70,,65,,7.7,3.2,1010.3,,1020.7,,,9,,9,0,0,,,2000,,,7.5,,12.5,15.4,16.8,16.9
108,서울,2018-05-09 06:00,9.2,,,,1,,90,,64,,7.4,2.7,1010.7,,1021.1,,0,,.02,,0,0,,,2000,,,7.6,,12.1,15.1,16.5,16.8
108,서울,2018-05-09 07:00,10,,,,1.1,,70,,59,,7.2,2.3,1011.3,,1021.8,,.6,,.36,,0,0,,,2000,,,8.9,,12.1,14.7,16.3,16.7
108,서울,2018-05-09 08:00,12.3,,,,1.6,,90,,53,,7.5,2.9,1011.6,,1021.9,,1,,1.09,,0,0,,,2000,,,16.4,,13.1,14.6,16,16.5
108,서울,2018-05-09 09:00,14.4,,,,1.2,,70,,46,,7.5,2.9,1011.8,,1022,,1,,1.77,,0,0,,,1899,,,23.5,,15.3,14.7,15.8,16.3
108,서울,2018-05-09 10:00,16.1,,,,1.4,,90,,43,,7.8,3.5,1011.9,,1022.1,,1,,2.41,,0,0,,,1985,,,30,,18.3,15.3,15.7,16.2
108,서울,2018-05-09 11:00,17.6,,,,1.4,,160,,40,,8,3.8,1011.8,,1021.9,,1,,2.88,,0,0,,,1955,,,35.3,,21.1,16.4,15.8,16.1
108,서울,2018-05-09 12:00,18.7,,,,1.9,,160,,39,,8.4,4.4,1011.2,,1021.2,,1,,3.21,,0,0,,,1925,,,39.3,,23.6,17.8,16.1,16.1
108,서울,2018-05-09 13:00,20.1,,,,1.1,,160,,36,,8.4,4.5,1010.8,,1020.8,,1,,3.34,,0,0,,,1933,,,42,,25.7,19.1,16.5,16
108,서울,2018-05-09 14:00,20.7,,,,2.2,,250,,36,,8.7,5,1010.2,,1020.2,,1,,3.1,,0,0,,,1788,,,42.1,,26.8,20.4,17,16.1
108,서울,2018-05-09 15:00,21.2,,,,2.9,,320,,35,,8.8,5.1,1009.6,,1019.6,,1,,2.88,,0,0,,,1733,,,39.9,,27.3,21.4,17.6,16.3
108,서울,2018-05-09 16:00,21.4,,,,2.7,,250,,35,,8.8,5.2,1009.4,,1019.4,,1,,2.38,,1,1,Sc,10,1838,,,36.7,,27,22.1,18.1,16.5
108,서울,2018-05-09 17:00,21.3,,,,2.7,,290,,34,,8.5,4.7,1009.1,,1019.1,,1,,1.82,,1,1,Sc,10,1967,,,32,,26.1,22.5,18.6,16.7
108,서울,2018-05-09 18:00,20.6,,,,2.3,,270,,41,,9.9,6.8,1009.3,,1019.3,,1,,1.1,,1,1,Sc,10,2000,,,23.6,,24.4,22.4,19,16.9
108,서울,2018-05-09 19:00,18.8,,,,2.8,,290,,47,,10.2,7.2,1009.7,,1019.7,,1,,.4,,,0,,,1988,,,19.2,,22.1,22,19.3,17.1
108,서울,2018-05-09 20:00,17.3,,,,1.9,,290,,53,,10.4,7.6,1010.4,,1020.5,,0,,.01,,,,,,2000,,,16.4,,20.2,21.3,19.4,17.3
108,서울,2018-05-09 21:00,16.4,,,,.8,,290,,56,,10.4,7.5,1011.1,,1021.3,,,9,,9,0,0,,,2000,,,14.8,,18.8,20.5,19.3,17.5
108,서울,2018-05-09 22:00,15.9,,,,2.6,,320,,60,,10.8,8.1,1011.7,,1021.9,,,9,,9,,0,,,2000,,,14.1,,17.8,19.8,19.1,17.6
108,서울,2018-05-09 23:00,15.2,,,,1.4,,320,,62,,10.6,7.9,1012,,1022.2,,,9,,9,,0,,,2000,,,13.1,,17.1,19.1,18.9,17.6
108,서울,2018-05-10 00:00,14.5,,,,.9,,270,,63,,10.4,7.5,1011.8,,1022,,,9,,9,0,0,,,2000,,,12,,16.3,18.5,18.7,17.6
108,서울,2018-05-10 01:00,13.9,,,,1,,270,,66,,10.4,7.6,1011.9,,1022.2,,,9,,9,,0,,,1960,,,11.3,,15.5,18,18.4,17.6
108,서울,2018-05-10 02:00,13.1,,,,1.9,,270,,73,,10.9,8.3,1012.1,,1022.4,,,9,,9,,0,,,1895,,,10.8,,15,17.5,18.1,17.5
108,서울,2018-05-10 03:00,12.9,,,,1.7,,320,,74,,10.9,8.3,1012.2,,1022.5,,,9,,9,0,0,,,1698,,,10.5,,14.6,17.1,17.8,17.5
108,서울,2018-05-10 04:00,12,,,,.6,,290,,79,,11,8.4,1012.1,,1022.5,,,9,,9,0,0,,,1351,,,9.5,,14,16.6,17.5,17.3
108,서울,2018-05-10 05:00,11.5,,,,.9,,290,,80,,10.8,8.1,1012.8,,1023.2,,,9,,9,0,0,,,974,,19,9,,13.5,16.2,17.3,17.2
108,서울,2018-05-10 06:00,11.4,,,,1,,50,,80,,10.7,8,1013.1,,1023.5,,0,,.02,,0,0,,,885,,19,9.1,,13.1,15.9,17,17.1
108,서울,2018-05-10 07:00,12.1,,,,1.6,,200,,71,,9.9,6.9,1013.6,,1024,,.6,,.34,,0,0,,,876,,19,11.1,,13.2,15.5,16.8,17
108,서울,2018-05-10 08:00,13.5,,,,2.2,,230,,63,,9.7,6.5,1014,,1024.3,,1,,1.01,,0,0,,,1211,,4019,18.1,,14.4,15.4,16.6,16.9
108,서울,2018-05-10 09:00,15.5,,,,1.7,,200,,55,,9.6,6.4,1013.9,,1024.1,,1,,1.76,,0,0,,,1318,,,25.2,,16.5,15.6,16.4,16.7
108,서울,2018-05-10 10:00,17.3,,,,2.3,,250,,52,,10.2,7.3,1013.8,,1023.9,,1,,2.38,,0,0,,,1235,,,31.4,,19.3,16.2,16.3,16.6
108,서울,2018-05-10 11:00,18.3,,,,3.1,,230,,51,,10.6,7.9,1013.6,,1023.7,,1,,2.84,,0,0,,,1015,,,36.3,,21.9,17.3,16.4,16.5
108,서울,2018-05-10 12:00,19.8,,,,2.3,,270,,49,,11.2,8.7,1013.2,,1023.3,,1,,3.17,,0,0,,,1320,,,40.8,,24.2,18.6,16.7,16.5
108,서울,2018-05-10 13:00,20.7,,,,2.9,,270,,46,,11.2,8.6,1012.2,,1022.2,,1,,3.26,,0,0,,,1078,,,43,,26.3,19.8,17,16.5
108,서울,2018-05-10 14:00,21.2,,,,3.7,,290,,47,,11.8,9.4,1011.7,,1021.7,,1,,3.22,,1,0,Ci,,1142,,,42.7,,27.6,21.1,17.6,16.6
108,서울,2018-05-10 15:00,20.4,,,,4,,290,,51,,12.2,9.9,1011.4,,1021.4,,1,,2.87,,3,0,Ci,,946,,40,39.7,,27.7,22.1,18.1,16.7
108,서울,2018-05-10 16:00,19.6,,,,3.9,,290,,54,,12.3,10,1011,,1021,,1,,2.41,,3,0,Ci,,1154,,40,35.6,,27,22.6,18.7,16.9
108,서울,2018-05-10 17:00,19.2,,,,3.4,,270,,54,,11.9,9.6,1010.6,,1020.6,,1,,1.83,,4,0,Ci,,1075,,,30.7,,25.9,22.8,19.1,17.1
108,서울,2018-05-10 18:00,18,,,,3.5,,270,,61,,12.5,10.3,1010.3,,1020.4,,1,,1.05,,4,0,Ci,,790,,40,22.6,,24,22.7,19.5,17.4
108,서울,2018-05-10 19:00,15.5,,,,3.6,,320,,74,,12.9,10.8,1010.7,,1020.9,,.7,,.35,,,,,,675,,40,18.2,,21.8,22.2,19.7,17.6
108,서울,2018-05-10 20:00,13.6,,,,2.1,,290,,82,,12.7,10.5,1011.3,,1021.6,,0,,.02,,,0,,,520,,4019,15.1,,19.9,21.4,19.7,17.8
108,서울,2018-05-10 21:00,12.6,,,,2.4,,270,,85,,12.4,10.1,1011.6,,1021.9,,,9,,9,8,8,Sc,10,460,,19,14.4,,18.5,20.5,19.6,17.9
108,서울,2018-05-10 22:00,12.3,,,,2.3,,320,,85,,12.1,9.8,1011.5,,1021.8,,,9,,9,,9,,2,452,,19,14.7,,17.7,19.8,19.4,17.9
108,서울,2018-05-10 23:00,12.4,,,,1.1,,290,,85,,12.2,9.9,1011.3,,1021.6,,,9,,9,,9,,3,369,,19,14.6,,17.3,19.3,19.1,18
108,서울,2018-05-11 00:00,12.5,,,,1.5,,320,,84,,12.1,9.8,1011.3,,1021.6,,,9,,9,10,10,St,3,334,,19,14.6,,17.1,18.8,18.9,18
108,서울,2018-05-11 01:00,12.4,,,,1.8,,290,,84,,12,9.7,1011.2,,1021.5,,,9,,9,,10,,2,287,,19,14.4,,16.8,18.4,18.7,17.9
108,서울,2018-05-11 02:00,12.1,,,,1.4,,290,,85,,11.9,9.6,1011.1,,1021.4,,,9,,9,,10,,2,321,,19,14.2,,16.5,18.1,18.5,17.8
108,서울,2018-05-11 03:00,12,,,,.9,,320,,86,,12,9.7,1010.9,,1021.2,,,9,,9,10,10,St,2,297,,19,14.1,,16.3,17.8,18.2,17.8
108,서울,2018-05-11 04:00,11.9,,,,.7,,340,,85,,11.8,9.4,1010.6,,1020.9,,,9,,9,10,10,St,4,315,,19,14,,16.1,17.6,18,17.7
108,서울,2018-05-11 05:00,11.9,,,,1.5,,320,,84,,11.6,9.2,1010.6,,1020.9,,,9,,9,10,10,St,3,358,,19,13.7,,15.9,17.4,17.9,17.6
108,서울,2018-05-11 06:00,12,,,,.4,,0,,83,,11.6,9.1,1010.5,,1020.8,,0,,.01,,10,10,St,3,321,,19,14,,15.7,17.2,17.7,17.5
108,서울,2018-05-11 07:00,12.4,,,,1,,200,,82,,11.8,9.4,1010.5,,1020.8,,0,,.1,,10,10,St,3,314,,19,14.9,,15.8,17,17.6,17.5
108,서울,2018-05-11 08:00,13.1,,,,1.2,,200,,78,,11.7,9.3,1010.6,,1020.9,,0,,.41,,10,10,St,4,330,,19,17.3,,16.3,16.9,17.4,17.4
108,서울,2018-05-11 09:00,14.3,,,,.7,,160,,72,,11.7,9.3,1010.1,,1020.3,,0,,.84,,9,9,Sc,5,342,,19,21.1,,17.2,17,17.3,17.3
108,서울,2018-05-11 10:00,16.4,,,,2.4,,200,,64,,11.9,9.5,1009.6,,1019.8,,.7,,2.05,,7,3,ScCi,6,423,,4019,30.3,,19.4,17.3,17.3,17.2
108,서울,2018-05-11 11:00,18.3,,,,1.4,,160,,56,,11.7,9.3,1009.5,,1019.5,,1,,2.53,,9,1,ScCi,7,519,,40,35.3,,21.9,18.1,17.3,17.1
108,서울,2018-05-11 12:00,20,,,,1.4,,250,,47,,10.9,8.3,1008.6,,1018.6,,1,,3.08,,9,0,Ci,,685,,40,40.3,,24.5,19.2,17.5,17.1
108,서울,2018-05-11 13:00,20.8,,,,2.8,,250,,45,,11,8.4,1008,,1018,,1,,3.17,,8,1,ScCi,10,688,,40,41.6,,26.7,20.4,17.8,17.1
108,서울,2018-05-11 14:00,21,,,,2.2,,290,,47,,11.6,9.2,1007.2,,1017.2,,1,,2.52,,8,0,Ci,,606,,40,39.2,,27.1,21.5,18.2,17.1
108,서울,2018-05-11 15:00,19.9,,,,3.3,,320,,47,,10.9,8.2,1007,,1017,,.6,,1.83,,9,1,ScCi,8,484,,40,32.1,,26.6,22.2,18.7,17.3
108,서울,2018-05-11 16:00,19.1,,,,3.2,,320,,54,,11.9,9.5,1006.8,,1016.8,,0,,.94,,10,2,ScCs,10,542,,40,26.9,,24.9,22.4,19.2,17.5
108,서울,2018-05-11 17:00,18.9,,,,2.6,,290,,45,,9.7,6.6,1006.4,,1016.4,,0,,.8,,10,6,AcCs,46,1084,,40,26,,23.7,22.2,19.5,17.6
108,서울,2018-05-11 18:00,17.9,,,,3.1,,270,,37,,7.5,2.9,1006.6,,1016.6,,0,,.36,,9,9,Ac,39,1819,,,20.9,,22.4,21.9,19.6,17.8
108,서울,2018-05-11 19:00,17.1,,,,2.5,,270,,51,,9.9,6.8,1006.4,,1016.5,,0,,.06,,,9,,36,1223,,,18.7,,20.9,21.4,19.7,18
108,서울,2018-05-11 20:00,16.7,,,,.9,,360,,52,,9.8,6.7,1005.6,,1015.7,,0,,0,,,9,,42,1328,,,17.2,,19.8,20.8,19.6,18.1
108,서울,2018-05-11 21:00,16.4,,,,1.5,,270,,52,,9.7,6.5,1006.2,,1016.3,,,9,,9,10,10,As,39,1273,,,16.6,,19,20.3,19.5,18.1
108,서울,2018-05-11 22:00,16.2,,,,1.1,,20,,54,,9.9,6.8,1004.8,,1014.9,,,9,,9,,7,,,1327,,,16.2,,18.5,19.8,19.4,18.2
108,서울,2018-05-11 23:00,16.2,,,,1.6,,290,,50,,9.2,5.7,1005.8,,1015.9,,,9,,9,,10,,36,1327,,,15.9,,18.1,19.3,19.1,18.2
108,서울,2018-05-12 00:00,16.1,,,,1.3,,270,,54,,9.8,6.7,1005.5,,1015.6,,,9,,9,10,10,As,35,1052,,,15.7,,17.8,19,19,18.1
108,서울,2018-05-12 01:00,15.9,,,,1.8,,270,,51,,9.2,5.7,1005.3,,1015.4,,,9,,9,,9,,35,866,,40,15.3,,17.5,18.7,18.8,18.1
108,서울,2018-05-12 02:00,15.5,,0,,1,,320,,62,,10.9,8.2,1005.1,,1015.3,,,9,,9,10,2,ScAs,10,730,,4001,15.1,,17.2,18.5,18.6,18.1
108,서울,2018-05-12 03:00,15.2,,0,,.5,,70,,63,,10.8,8.1,1004.1,,1014.3,,,9,,9,10,10,As,29,700,,4001,14.6,,16.9,18.2,18.5,18
108,서울,2018-05-12 04:00,15,,,9,.8,,50,,61,,10.4,7.5,1003.2,,1013.4,,,9,,9,10,4,ScAs,14,867,,40,14.7,,16.7,17.9,18.3,17.9
108,서울,2018-05-12 05:00,15,,0,,1.2,,50,,61,,10.4,7.5,1002.9,,1013.1,,,9,,9,10,8,ScAs,14,903,,4001,14.7,,16.6,17.8,18.2,17.9
108,서울,2018-05-12 06:00,14.4,,.4,,1.3,,110,,71,,11.6,9.2,1002.3,,1012.4,,0,,0,,10,8,StNs,8,560,,4001,13.9,,16.3,17.6,18,17.8
108,서울,2018-05-12 07:00,13.3,,.1,,1.5,,110,,81,,12.4,10.1,1001.8,,1012,,0,,.04,,10,7,ScAs,9,525,,401901,13.9,,15.9,17.4,17.9,17.7
108,서울,2018-05-12 08:00,12,,1,,1,,90,,87,,12.1,9.8,1002.1,,1012.4,,0,,.1,,10,8,StNs,6,296,,1901,13.4,,15.6,17.2,17.8,17.6
108,서울,2018-05-12 09:00,11.8,,3,,1,,70,,95,,13.1,11,1001.8,,1012.1,,0,,.14,,10,8,StNs,2,168,,1901,13.6,,15.3,16.9,17.6,17.6
108,서울,2018-05-12 10:00,11.8,,2.5,,1.3,,90,,96,,13.2,11.1,1001.4,,1011.7,,0,,.12,,10,8,StNs,2,221,,1901,13.3,,15.1,16.7,17.5,17.5
108,서울,2018-05-12 11:00,12,,3.5,,1,,70,,96,,13.4,11.3,1001.1,,1011.3,,0,,.14,,10,8,StNs,2,184,,1901,13.5,,14.9,16.5,17.3,17.4
108,서울,2018-05-12 12:00,12.3,,2,,.8,,90,,97,,13.8,11.8,1000.5,,1010.7,,0,,.14,,10,8,StNs,2,238,,1901,13.9,,15,16.3,17.1,17.3
108,서울,2018-05-12 13:00,12.6,,3,,.6,,70,,97,,14.1,12.1,999.8,,1010,,0,,.14,,10,8,StNs,2,327,,1901,14.3,,15,16.2,16.9,17.2
108,서울,2018-05-12 14:00,13,,2,,.8,,50,,97,,14.5,12.5,999.2,,1009.4,,0,,.15,,10,8,StNs,1,211,,1901,14.6,,15.2,16.1,16.8,17.1
108,서울,2018-05-12 15:00,13.3,,3,,.8,,20,,97,,14.8,12.8,998.5,,1008.7,,0,,.12,,10,8,StNs,1,194,,1901,14.7,,15.3,16.1,16.7,17
108,서울,2018-05-12 16:00,13.8,,1.5,,.7,,50,,97,,15.3,13.3,998.1,,1008.2,,0,,.12,,10,8,StNs,1,196,,1901,15.1,,15.4,16.1,16.6,16.9
108,서울,2018-05-12 17:00,14.3,,1.5,,.7,,250,,98,,15.9,13.9,997.6,,1007.7,,0,,.08,,10,8,StNs,2,270,,1901,15.2,,15.6,16.1,16.6,16.9
108,서울,2018-05-12 18:00,15.4,,2,,1.9,,230,,97,,16.9,14.9,997.2,,1007.3,,0,,.03,,10,8,StNs,2,340,,1901,15.5,,15.8,16.1,16.5,16.8
108,서울,2018-05-12 19:00,15.5,,2,,.7,,180,,97,,17,15,996.8,,1006.9,,0,,0,,10,8,StNs,1,403,,1901,15.5,,15.9,16.1,16.5,16.7
108,서울,2018-05-12 20:00,15.7,,1,,.3,,0,,97,,17.3,15.2,996.7,,1006.8,,0,,0,,10,8,StNs,2,343,,1901,15.5,,15.9,16.2,16.4,16.7
108,서울,2018-05-12 21:00,15.8,,.5,,.6,,160,,97,,17.4,15.3,997,,1007.1,,,9,,9,10,9,StNs,1,193,,190201,15.6,,16,16.2,16.4,16.6
108,서울,2018-05-12 22:00,15.8,,1.5,,.4,,0,,98,,17.5,15.4,997,,1007.1,,,9,,9,10,9,StNs,2,179,,1901,15.6,,16,16.2,16.4,16.6
108,서울,2018-05-12 23:00,15.8,,1,,1.6,,230,,98,,17.5,15.4,996.8,,1006.9,,,9,,9,10,9,StNs,1,235,,1901,15.7,,16,16.2,16.4,16.5
108,서울,2018-05-13 00:00,15.5,,.5,,1.5,,250,,97,,17,15,996.6,,1006.7,,,9,,9,10,9,,,181,,1901,15.4,,16,16.2,16.4,16.5
108,서울,2018-05-13 01:00,15.1,,.2,,1.7,,200,,97,,16.6,14.6,996.4,,1006.5,,,9,,9,10,10,St,1,173,,190201,15.2,,15.9,16.2,16.4,16.5
108,서울,2018-05-13 02:00,14.5,,.1,,2.9,,200,,97,,16,14,996.3,,1006.4,,,9,,9,10,10,St,2,359,,1902,14.8,,15.7,16.2,16.4,16.5
108,서울,2018-05-13 03:00,14.2,,.2,,1.5,,250,,98,,15.8,13.8,996.2,,1006.3,,,9,,9,10,10,St,1,135,,1902,14.7,,15.6,16.1,16.3,16.4
108,서울,2018-05-13 04:00,13.8,,0,,2.9,,290,,98,,15.4,13.4,996.3,,1006.4,,,9,,9,10,10,St,1,27,,191602,14.4,,15.5,16.1,16.3,16.4
108,서울,2018-05-13 05:00,13.5,,0,,.8,,230,,98,,15.1,13.1,996.3,,1006.4,,,9,,9,10,10,St,1,105,,191602,14.2,,15.3,16,16.3,16.4
108,서울,2018-05-13 06:00,13.5,,0,,.4,,0,,98,,15.1,13.1,996.4,,1006.5,,0,,.01,,10,10,St,1,251,,191602,14.1,,15.1,15.9,16.2,16.3
108,서울,2018-05-13 07:00,13.7,,0,,1.6,,320,,98,,15.3,13.3,997.1,,1007.2,,0,,.1,,10,10,St,1,468,,1902,15.1,,15.3,15.8,16.2,16.3
108,서울,2018-05-13 08:00,14.1,,0,,1.3,,270,,98,,15.7,13.7,997.4,,1007.5,,0,,.26,,10,10,St,2,834,,1902,16.4,,15.6,15.8,16.1,16.3
108,서울,2018-05-13 09:00,14.8,,0,,1,,270,,95,,16,14,997.7,,1007.8,,0,,.53,,9,9,Sc,7,986,,1902,18.1,,16.3,15.9,16.1,16.2
108,서울,2018-05-13 10:00,15.2,,,9,2.2,,200,,88,,15.2,13.2,998,,1008.1,,0,,.55,,9,9,Sc,10,1090,,19,19.9,,16.7,16.1,16.1,16.2
108,서울,2018-05-13 11:00,16.4,,,9,1.6,,290,,78,,14.5,12.5,998.4,,1008.4,,.5,,1.37,,9,9,Sc,8,1209,,,22.9,,18.3,16.4,16.1,16.2
108,서울,2018-05-13 12:00,18.3,,,9,1.2,,340,,65,,13.6,11.5,998.3,,1008.2,,.9,,2.4,,6,6,Sc,10,1489,,,30.7,,20.5,17.1,16.2,16.1
108,서울,2018-05-13 13:00,19.1,,,9,1.9,,270,,65,,14.3,12.3,998.2,,1008.1,,.8,,2.26,,9,9,Sc,7,1145,,,26.3,,22.5,18,16.4,16.2
108,서울,2018-05-13 14:00,19.7,,,9,2.9,,250,,64,,14.6,12.6,998,,1007.8,,.4,,1.99,,8,8,Sc,7,929,,40,29.9,,22.6,18.8,16.7,16.2
108,서울,2018-05-13 15:00,19.7,,,9,2.5,,270,,63,,14.4,12.4,997.9,,1007.7,,.8,,2.01,,7,7,Sc,9,941,,40,27.7,,23.1,19.4,17.1,16.3
108,서울,2018-05-13 16:00,19.5,,,9,2.9,,230,,65,,14.7,12.7,997.8,,1007.7,,1,,1.97,,7,7,Sc,10,857,,40,26.5,,23.3,19.9,17.4,16.5
108,서울,2018-05-13 17:00,19.4,,,9,2.6,,270,,63,,14.1,12.1,997.9,,1007.8,,1,,1.61,,0,0,,,1099,,40,23.9,,22.9,20.2,17.8,16.6
108,서울,2018-05-13 18:00,19,,,9,1.3,,250,,66,,14.4,12.4,998.1,,1008,,1,,.95,,0,0,,,1111,,,19.7,,21.8,20.3,18,16.8
108,서울,2018-05-13 19:00,17.6,,,9,2,,200,,73,,14.6,12.6,998.7,,1008.7,,.5,,.34,,,0,,,886,,40,16.7,,20.3,20,18.3,16.9
108,서울,2018-05-13 20:00,15.6,,,9,2.3,,290,,81,,14.3,12.3,999.5,,1009.6,,0,,.02,,,0,,,827,,4019,14.2,,18.8,19.6,18.4,17.1
108,서울,2018-05-13 21:00,14.1,,,9,.9,,290,,86,,13.7,11.7,1000.2,,1010.3,,,9,,9,0,0,,,535,,4019,13,,17.5,19,18.4,17.1
108,서울,2018-05-13 22:00,13.5,,,9,2.2,,270,,87,,13.4,11.3,1000.9,,1011.1,,,9,,9,,6,,,433,,19,12.3,,16.6,18.4,18.2,17.2
108,서울,2018-05-13 23:00,13,,,9,1.3,,270,,89,,13.3,11.2,1001.1,,1011.3,,,9,,9,,2,,13,326,,19,11.7,,16,17.9,18,17.3
108,서울,2018-05-14 00:00,12.7,,,9,1.2,,290,,89,,13,10.9,1001.3,,1011.5,,,9,,9,0,0,,,340,,19,11.3,,15.4,17.4,17.8,17.3
108,서울,2018-05-14 01:00,12.4,,,,1.3,,270,,94,,13.5,11.4,1001.2,,1011.4,,,9,,9,,,,,307,,19,10.9,,14.9,17,17.6,17.2
108,서울,2018-05-14 02:00,12.1,,,,1.6,,270,,94,,13.2,11.1,1001.4,,1011.6,,,9,,9,,9,,1,191,,19,12.3,,14.7,16.6,17.4,17.2
108,서울,2018-05-14 03:00,11.9,,,,1.5,,290,,95,,13.2,11.1,1001.7,,1012,,,9,,9,10,10,St,1,180,,19,12.6,,14.8,16.4,17.2,17.1
108,서울,2018-05-14 04:00,11.9,,,,1.3,,320,,94,,13,10.9,1001.7,,1012,,,9,,9,10,10,St,1,210,,19,12.8,,14.9,16.2,17,17
108,서울,2018-05-14 05:00,11.9,,,,.8,,340,,93,,12.9,10.7,1001.9,,1012.2,,,9,,9,10,10,St,2,241,,19,12.8,,14.8,16.1,16.8,16.9
108,서울,2018-05-14 06:00,12.1,,,,.3,,0,,89,,12.5,10.3,1002.3,,1012.6,,0,,.02,,10,10,St,2,252,,19,13,,14.8,16,16.7,16.8
108,서울,2018-05-14 07:00,12.6,,,,.4,,0,,85,,12.4,10.1,1002.7,,1012.9,,0,,.23,,10,10,St,3,292,,19,14.6,,14.9,15.9,16.6,16.8
108,서울,2018-05-14 08:00,13.8,,,,.9,,70,,79,,12.4,10.2,1003,,1013.2,,0,,.44,,10,10,St,4,313,,19,16.8,,15.6,15.9,16.5,16.7
108,서울,2018-05-14 09:00,15.1,,,,.6,,360,,74,,12.6,10.4,1002.9,,1013.1,,0,,.76,,10,10,St,4,437,,19,19.7,,16.7,16.1,16.4,16.6
108,서울,2018-05-14 10:00,16.6,,,,.9,,160,,67,,12.6,10.4,1002.7,,1012.8,,0,,1.23,,9,9,Sc,5,479,,4019,24,,18.1,16.5,16.4,16.6
108,서울,2018-05-14 11:00,18.5,,,,1.4,,200,,65,,13.7,11.7,1002.6,,1012.6,,.6,,2.07,,9,9,Sc,6,463,,40,26.6,,20.4,17.1,16.5,16.5
108,서울,2018-05-14 12:00,20,,,,1.8,,290,,62,,14.4,12.4,1002.2,,1012.2,,.5,,2.38,,8,8,Sc,9,428,,40,30.3,,22.1,18,16.6,16.5
108,서울,2018-05-14 13:00,21.8,,,,1.9,,250,,59,,15.4,13.4,1001.6,,1011.5,,1,,2.74,,8,8,Sc,10,404,,40,32.9,,24.2,18.9,16.9,16.5
108,서울,2018-05-14 14:00,23.1,,,,1.6,,230,,56,,15.8,13.8,1001.1,,1010.9,,1,,2.67,,0,0,,,391,,40,35.7,,25.5,20,17.3,16.6
108,서울,2018-05-14 15:00,24,,,,1.6,,270,,59,,17.5,15.4,1000.6,,1010.3,,1,,2.24,,7,7,Sc,7,353,,40,34.9,,26.1,20.9,17.8,16.7
108,서울,2018-05-14 16:00,24.3,,,,2.6,,290,,54,,16.3,14.3,1000.1,,1009.8,,1,,1.81,,6,6,Sc,7,346,,40,33.1,,26,21.6,18.3,16.8
108,서울,2018-05-14 17:00,24.4,,,,1.9,,270,,51,,15.5,13.5,999.8,,1009.5,,1,,1.42,,0,0,,,466,,40,29.9,,25.5,22,18.7,17
108,서울,2018-05-14 18:00,23.6,,,,3.1,,270,,48,,13.9,11.9,999.5,,1009.2,,1,,.85,,0,0,,,666,,40,25,,24.3,22.1,19,17.2
108,서울,2018-05-14 19:00,22.7,,,,1.8,,270,,56,,15.4,13.4,999.5,,1009.3,,.1,,.31,,,2,,10,598,,40,21.7,,22.8,21.8,19.3,17.4
108,서울,2018-05-14 20:00,21.4,,,,2.1,,270,,64,,16.3,14.3,1000.2,,1010.1,,0,,.02,,,0,,,411,,40,19.1,,21.4,21.4,19.5,17.6
108,서울,2018-05-14 21:00,20.5,,,,1.4,,270,,67,,16.1,14.1,1000.7,,1010.6,,,9,,9,0,0,,,357,,40,17.6,,20.3,20.9,19.4,17.8
108,서울,2018-05-14 22:00,19.6,,,,.6,,320,,71,,16.1,14.1,1000.8,,1010.7,,,9,,9,,0,,,325,,40,16.3,,19.4,20.3,19.4,17.9
108,서울,2018-05-14 23:00,18.8,,,,.8,,320,,73,,15.8,13.8,1000.9,,1010.8,,,9,,9,,0,,,291,,40,15.5,,18.6,19.8,19.2,18
108,서울,2018-05-15 00:00,18.1,,,,.5,,340,,77,,15.9,13.9,1000.8,,1010.8,,,9,,9,8,0,Ci,,287,,40,14.8,,18,19.4,19,18
108,서울,2018-05-15 01:00,17.5,,,,.6,,320,,78,,15.6,13.6,1000.8,,1010.8,,,9,,9,,0,,,277,,40,14.2,,17.4,18.9,18.8,18
108,서울,2018-05-15 02:00,17.1,,,,.4,,0,,74,,14.4,12.4,1000.8,,1010.8,,,9,,9,,0,,,350,,40,13.7,,16.9,18.5,18.7,18
108,서울,2018-05-15 03:00,16.6,,,,.4,,0,,74,,13.9,11.9,1000.7,,1010.8,,,9,,9,6,0,Ci,,402,,40,13.2,,16.5,18.1,18.5,17.9
108,서울,2018-05-15 04:00,16.1,,,,.8,,50,,74,,13.5,11.4,1000.8,,1010.9,,,9,,9,6,0,Ci,,440,,40,12.7,,16,17.8,18.2,17.9
108,서울,2018-05-15 05:00,15.7,,,,.6,,20,,76,,13.5,11.4,1001,,1011.1,,,9,,9,3,0,Ci,,330,,40,12.3,,15.7,17.5,18.1,17.8
108,서울,2018-05-15 06:00,15.4,,,,.8,,20,,84,,14.7,12.7,1001.4,,1011.5,,0,,.03,,7,0,Ci,,235,,4019,12.6,,15.4,17.2,17.9,17.7
108,서울,2018-05-15 07:00,16.2,,,,1.2,,50,,79,,14.5,12.5,1001.8,,1011.9,,.2,,.36,,6,0,Ci,,239,,19,15.9,,15.8,17,17.7,17.6
108,서울,2018-05-15 08:00,18.4,,,,1.1,,50,,68,,14.3,12.3,1002.4,,1012.4,,1,,.88,,7,0,Ci,,254,,4019,20.4,,17,16.9,17.5,17.5
108,서울,2018-05-15 09:00,20.8,,,,.8,,110,,53,,12.9,10.8,1002.7,,1012.6,,1,,1.58,,7,0,Ci,,381,,40,25.5,,19.2,17.2,17.3,17.4
108,서울,2018-05-15 10:00,22.7,,,,.9,,360,,37,,10.2,7.2,1002.4,,1012.2,,1,,2.18,,8,0,Ci,,879,,40,28.8,,21.1,17.9,17.3,17.3
108,서울,2018-05-15 11:00,24.8,,,,1.8,,230,,36,,11.2,8.7,1002.1,,1011.9,,1,,2.7,,8,0,Ci,,973,,40,31.1,,21.5,18.7,17.5,17.3
108,서울,2018-05-15 12:00,26.3,,,,1.1,,140,,36,,12.3,10,1001.6,,1011.3,,1,,2.88,,9,0,Ci,,1133,,40,40.2,,22.5,19.2,17.6,17.2
108,서울,2018-05-15 13:00,27.8,,,,1.5,,110,,34,,12.6,10.4,1000.6,,1010.2,,1,,3.14,,8,0,Ci,,1306,,,45.9,,25.7,20.1,17.8,17.2
108,서울,2018-05-15 14:00,28.5,,,,.9,,230,,33,,12.8,10.6,1000,,1009.6,,1,,2.51,,9,0,Ci,,1348,,,42.3,,27.2,21.4,18.2,17.3
108,서울,2018-05-15 15:00,29.1,,,,1.7,,160,,38,,15.3,13.3,999.3,,1008.9,,.9,,1.89,,9,0,Ci,,1602,,,39.5,,27.4,22.3,18.6,17.4
108,서울,2018-05-15 16:00,28.8,,,,2.4,,230,,37,,14.6,12.6,998.8,,1008.4,,.4,,1.44,,9,0,Ci,,1629,,,35.8,,27,22.9,19,17.5
108,서울,2018-05-15 17:00,28.5,,,,1.7,,200,,43,,16.6,14.6,998.4,,1008,,.4,,1.06,,9,1,ScCi,12,1404,,,32.4,,26.5,23.2,19.4,17.7
108,서울,2018-05-15 18:00,27.5,,,,2.5,,230,,47,,17.2,15.1,998.1,,1007.7,,0,,.43,,10,3,ScAs,12,1113,,,28.3,,25.5,23.2,19.7,17.9
108,서울,2018-05-15 19:00,26.9,,,,.9,,250,,49,,17.3,15.2,998.1,,1007.8,,0,,.1,,,9,,,1063,,,25.8,,24.5,23,20,18.1
108,서울,2018-05-15 20:00,26.3,,,,1,,290,,53,,18.1,15.9,998.3,,1008,,0,,0,,,9,,11,908,,40,24.1,,23.7,22.7,20.1,18.2
108,서울,2018-05-15 21:00,25.6,,,,.7,,20,,56,,18.3,16.1,998.2,,1007.9,,,9,,9,10,6,ScAs,16,884,,40,22.9,,23.1,22.3,20.2,18.4
108,서울,2018-05-15 22:00,25,,,,.6,,270,,59,,18.6,16.4,998.5,,1008.2,,,9,,9,,9,,11,742,,40,22.5,,22.5,22,20.2,18.5
108,서울,2018-05-15 23:00,24.8,,,,1,,290,,60,,18.8,16.5,998.4,,1008.1,,,9,,9,,6,,13,795,,40,22.3,,22.2,21.7,20.1,18.6
108,서울,2018-05-16 00:00,24.4,,0,,.8,,320,,63,,19.1,16.8,998.1,,1007.8,,,9,,9,10,9,ScAs,10,745,,4001,21.7,,21.9,21.5,20.1,18.6
108,서울,2018-05-16 01:00,24.1,,,,.5,,360,,67,,20,17.5,997.7,,1007.4,,,9,,9,,9,,10,686,,40,21.7,,21.7,21.2,20,18.7
108,서울,2018-05-16 02:00,23.9,,.2,,.3,,0,,69,,20.4,17.8,997.3,,1007,,,9,,9,10,9,ScAs,9,531,,4001,21.4,,21.6,21.1,19.9,18.7
108,서울,2018-05-16 03:00,22.6,,.8,,.7,,50,,89,,24.3,20.6,996.5,,1006.3,,,9,,9,10,7,ScAs,9,327,,401901,20.8,,21.2,21,19.9,18.7
108,서울,2018-05-16 04:00,22.3,,,9,.5,,70,,86,,23.1,19.8,996.2,,1006,,,9,,9,10,6,ScAs,9,387,,19,20.7,,21,20.8,19.8,18.7
108,서울,2018-05-16 05:00,22.3,,,9,.6,,70,,87,,23.4,20,995.6,,1005.4,,,9,,9,10,9,ScAs,7,399,,19,20.7,,20.9,20.6,19.7,18.7
108,서울,2018-05-16 06:00,22.1,,2,,.9,,50,,94,,24.9,21,995.1,,1004.9,,0,,0,,10,9,StNs,5,269,,1901,20.7,,20.8,20.6,19.7,18.7
108,서울,2018-05-16 07:00,22,,0,,.7,,50,,95,,25,21.1,995.1,,1004.9,,0,,0,,10,7,ScAs,6,342,,1901,20.9,,20.8,20.5,19.6,18.7
108,서울,2018-05-16 08:00,22.4,,0,,1.2,,200,,93,,25.2,21.2,994.9,,1004.7,,0,,.04,,10,8,ScAs,6,683,,1901,21.2,,20.8,20.4,19.5,18.7
108,서울,2018-05-16 09:00,22.8,,4,,3.1,,200,,93,,25.8,21.6,994.3,,1004,,0,,.06,,10,9,StNs,4,569,,1901,21.7,,21,20.4,19.5,18.7
108,서울,2018-05-16 10:00,22.8,,1,,1.7,,200,,95,,26.3,21.9,994.6,,1004.3,,0,,.05,,10,9,StNs,2,176,,1901,21.8,,21.1,20.4,19.5,18.7
108,서울,2018-05-16 11:00,22.7,,0,,4.8,,200,,93,,25.6,21.5,994.6,,1004.3,,0,,.17,,10,7,ScAs,5,832,,1901,22.5,,21.2,20.4,19.5,18.6
108,서울,2018-05-16 12:00,22.9,,0,,4,,200,,87,,24.3,20.6,994.3,,1004,,0,,.22,,10,7,CbStNs,3,1497,,1901,21.9,,21.3,20.5,19.5,18.7
108,서울,2018-05-16 13:00,21.8,,35,,2.4,,270,,97,,25.2,21.2,994.5,,1004.3,,0,,.06,,10,7,CbStNs,3,682,,04,21.8,,21.3,21.1,20,19
108,서울,2018-05-16 14:00,22,,0,,2.9,,270,,96,,25.3,21.3,994.6,,1004.4,,0,,.39,,10,8,ScAs,6,1327,,0401,23,,21.7,21,20,19.1
108,서울,2018-05-16 15:00,22,,0,,2.9,,250,,96,,25.3,21.3,994.7,,1004.5,,0,,.2,,10,10,St,2,313,,190201,22.4,,21.7,21,20,19.1
108,서울,2018-05-16 16:00,21.8,,0,,1.8,,250,,97,,25.2,21.2,994.6,,1004.4,,0,,.18,,10,10,St,1,206,,1902,22.3,,21.7,21,20,19.1
108,서울,2018-05-16 17:00,21.9,,.5,,3.2,,250,,97,,25.3,21.3,994.6,,1004.4,,0,,.14,,10,10,St,1,207,,1902,22.1,,21.6,21,20,19.1
108,서울,2018-05-16 18:00,21.9,,0,,2.1,,230,,97,,25.3,21.3,994.7,,1004.5,,0,,.08,,10,10,St,1,191,,1902,21.7,,21.5,21,20,19.1
108,서울,2018-05-16 19:00,21.9,,0,,2.2,,270,,97,,25.3,21.3,995.2,,1005,,0,,.01,,10,10,St,1,196,,1902,21.5,,21.4,20.9,20,19.2
108,서울,2018-05-16 20:00,21.8,,.5,,2.2,,230,,97,,25.2,21.2,995.5,,1005.3,,0,,0,,10,10,St,1,156,,1902,21.3,,21.3,20.9,20,19.2
108,서울,2018-05-16 21:00,21.8,,.5,,1.3,,200,,97,,25.2,21.2,996,,1005.8,,,9,,9,10,10,St,1,160,,1902,21.3,,21.2,20.9,20,19.2
108,서울,2018-05-16 22:00,21.9,,0,,1.5,,250,,97,,25.3,21.3,995.7,,1005.5,,,9,,9,10,10,St,1,164,,1902,21.3,,21.2,20.8,20,19.2
108,서울,2018-05-16 23:00,22,,0,,.9,,250,,97,,25.5,21.4,995.3,,1005.1,,,9,,9,10,10,St,1,158,,1902,21.3,,21.2,20.8,20,19.2
108,서울,2018-05-17 00:00,22,,.5,,1.6,,270,,97,,25.5,21.4,995.4,,1005.2,,,9,,9,10,10,St,1,152,,1902,21.3,,21.1,20.7,19.9,19.2
108,서울,2018-05-17 01:00,22,,.5,,2.1,,270,,97,,25.5,21.4,995.3,,1005.1,,,9,,9,10,10,St,1,192,,1902,21.3,,21.1,20.7,19.9,19.2
108,서울,2018-05-17 02:00,21.8,,1,,1.3,,270,,97,,25.2,21.2,995,,1004.8,,,9,,9,10,10,St,1,175,,1902,21.2,,21.1,20.7,19.9,19.2
108,서울,2018-05-17 03:00,21.8,,2.5,,.6,,70,,98,,25.5,21.4,993.8,,1003.6,,,9,,9,10,8,StNs,1,113,,190201,21.1,,21,20.7,19.9,19.2
108,서울,2018-05-17 04:00,19.2,,19,,2.4,,250,,98,,21.7,18.8,995.1,,1004.9,,,9,,9,10,8,CbStNs,3,1965,,190401,19.4,,20.2,20.7,20,19.3
108,서울,2018-05-17 05:00,18.8,,0,,.9,,160,,97,,21,18.3,995.1,,1005,,,9,,9,10,5,ScAs,10,1927,,04,19.1,,20,20.4,20,19.3
108,서울,2018-05-17 06:00,18.9,,0,,.3,,0,,98,,21.3,18.5,995.1,,1005,,0,,0,,10,10,St,5,338,,1902,19.2,,19.9,20.2,19.9,19.4
108,서울,2018-05-17 07:00,19.1,,0,,.3,,0,,98,,21.6,18.7,995.2,,1005.1,,0,,0,,10,10,St,1,125,,1902,19.5,,19.9,20.1,19.9,19.4
108,서울,2018-05-17 08:00,19.7,,13.5,,.5,,290,,98,,22.4,19.3,995.8,,1005.6,,0,,.12,,10,8,StNs,1,1958,,1916040201,20.7,,19.8,19.9,19.8,19.3
108,서울,2018-05-17 09:00,19.7,,10,,.5,,90,,98,,22.4,19.3,996.1,,1005.9,,0,,.05,,10,7,CbStNs,3,659,,19040201,19.7,,19.8,19.9,19.8,19.4
108,서울,2018-05-17 10:00,20.1,,2,,1.2,,110,,98,,22.9,19.7,994,,1003.9,,0,,.13,,10,8,StNs,2,885,,190401,20.8,,20,19.9,19.7,19.4
108,서울,2018-05-17 11:00,20.4,,2.5,,.9,,20,,98,,23.4,20,995.4,,1005.3,,0,,.25,,10,7,CbStNs,3,300,,190401,21,,20.4,20,19.7,19.3
108,서울,2018-05-17 12:00,21.7,,1.5,,.8,,110,,96,,24.9,21,994.4,,1004.2,,0,,.81,,10,7,ScAs,5,1773,,190401,25.9,,21.2,20.1,19.6,19.3
108,서울,2018-05-17 13:00,23.4,,,9,1.7,,110,,83,,23.8,20.3,994,,1003.7,,0,,1.5,,10,7,ScAs,7,1944,,,29.3,,22.9,20.5,19.7,19.3
108,서울,2018-05-17 14:00,23.4,,0,,.6,,180,,81,,23.2,19.9,994.1,,1003.8,,0,,.5,,10,7,ScAs,6,1921,,01,24.5,,23.3,21.1,19.7,19.3
108,서울,2018-05-17 15:00,22.8,,.5,,1.6,,320,,95,,26.3,21.9,993.8,,1003.5,,0,,.11,,10,8,StNs,4,294,,1901,23.4,,22.8,21.5,19.9,19.3
108,서울,2018-05-17 16:00,22.9,,0,,.4,,0,,95,,26.4,22,993.3,,1003,,0,,.31,,10,8,ScAs,4,385,,1901,24,,22.8,21.5,20.1,19.4
108,서울,2018-05-17 17:00,22.7,,2.5,,.4,,0,,96,,26.4,22,993.1,,1002.8,,0,,.11,,10,9,StNs,3,249,,1901,23,,22.6,21.6,20.2,19.4
108,서울,2018-05-17 18:00,22.6,,1.5,,1.1,,290,,97,,26.4,22,992.9,,1002.6,,0,,.07,,10,10,St,2,304,,1901,22.6,,22.4,21.6,20.3,19.5
108,서울,2018-05-17 19:00,22.3,,0,,2.6,,270,,96,,25.8,21.6,992.7,,1002.4,,0,,0,,10,9,StNs,2,191,,1901,22,,22.1,21.6,20.4,19.5
108,서울,2018-05-17 20:00,21.3,,12.5,,2.8,,290,,97,,24.4,20.7,993.1,,1002.9,,0,,0,,10,9,StNs,1,388,,1901,21,,21.7,21.5,20.5,19.6
108,서울,2018-05-17 21:00,20.5,,4,,1.1,,200,,97,,23.4,20,992.9,,1002.7,,,9,,9,10,9,StNs,1,726,,190401,20.4,,21.2,21.4,20.6,19.7
108,서울,2018-05-17 22:00,20.2,,6,,.5,,270,,98,,23.1,19.8,992.9,,1002.8,,,9,,9,10,8,StNs,2,468,,190401,20,,20.8,21.2,20.6,19.8
108,서울,2018-05-17 23:00,20,,2.5,,1.8,,230,,98,,22.8,19.6,992.9,,1002.8,,,9,,9,10,9,StNs,1,589,,1901,19.9,,20.7,21,20.6,19.8
108,서울,2018-05-18 00:00,19.3,,1,,1.8,,250,,97,,21.7,18.8,992.7,,1002.5,,,9,,9,10,9,,,523,,1901,19.4,,20.4,20.8,20.5,19.9
108,서울,2018-05-18 01:00,19,,1,,1.5,,200,,97,,21.3,18.5,991.9,,1001.7,,,9,,9,10,8,StNs,1,278,,1901,19.2,,20.2,20.7,20.4,19.9
108,서울,2018-05-18 02:00,18.8,,.5,,1.5,,250,,98,,21.2,18.4,991.8,,1001.6,,,9,,9,10,8,StNs,1,237,,1901,19.1,,20.1,20.5,20.4,19.9
108,서울,2018-05-18 03:00,18.3,,2,,1.6,,270,,98,,20.5,17.9,991.9,,1001.8,,,9,,9,10,9,StNs,1,320,,1901,18.6,,19.8,20.4,20.3,19.9
108,서울,2018-05-18 04:00,18.1,,1,,1.7,,200,,98,,20.2,17.7,992.3,,1002.2,,,9,,9,10,7,StNs,1,223,,1901,18.5,,19.6,20.2,20.2,19.9
108,서울,2018-05-18 05:00,17.8,,.5,,1,,290,,98,,19.9,17.4,992.7,,1002.6,,,9,,9,10,8,StNs,1,457,,1901,18.3,,19.5,20.1,20.1,19.8
108,서울,2018-05-18 06:00,17.4,,0,,.3,,0,,98,,19.4,17,993,,1002.9,,0,,0,,10,9,StNs,1,234,,1901,18.1,,19.3,19.9,20,19.8
108,서울,2018-05-18 07:00,16.6,,.5,,.6,,90,,98,,18.4,16.2,993.4,,1003.4,,0,,.01,,10,9,StNs,1,219,,1901,17.7,,19.1,19.8,19.9,19.7
108,서울,2018-05-18 08:00,16.4,,0,,.3,,0,,98,,18.2,16,993.8,,1003.8,,0,,.11,,10,9,StNs,1,514,,1901,18,,18.9,19.7,19.8,19.7
108,서울,2018-05-18 09:00,16.6,,.5,,.6,,70,,98,,18.4,16.2,993.8,,1003.8,,0,,.18,,10,10,St,1,301,,190201,18.8,,19,19.6,19.8,19.6
108,서울,2018-05-18 10:00,16.3,,0,,1,,50,,97,,17.9,15.8,994.2,,1004.2,,0,,.37,,10,10,St,1,693,,1902,19.2,,19.2,19.5,19.7,19.6
108,서울,2018-05-18 11:00,16.6,,0,,.7,,140,,96,,18.1,15.9,994.6,,1004.6,,0,,.41,,10,10,St,2,539,,1902,19.9,,19.4,19.6,19.6,19.6
108,서울,2018-05-18 12:00,16.6,,0,,.8,,90,,96,,18.1,15.9,995,,1005,,0,,.34,,10,10,St,2,430,,1902,20.4,,19.4,19.6,19.6,19.5
108,서울,2018-05-18 13:00,16.7,,.5,,1,,70,,93,,17.6,15.5,995,,1005,,0,,.72,,10,10,St,2,1373,,1902,21.4,,19.9,19.7,19.5,19.5
108,서울,2018-05-18 14:00,16.7,,0,,1.5,,90,,88,,16.6,14.6,995.4,,1005.4,,0,,.72,,10,10,St,5,1760,,02,21,,20.1,19.8,19.5,19.4
108,서울,2018-05-18 15:00,16.7,,,9,1.2,,70,,85,,16.1,14.1,995.7,,1005.7,,0,,.49,,10,10,St,5,2000,,,20.3,,20,19.9,19.6,19.4
108,서울,2018-05-18 16:00,17,,,9,1.9,,50,,82,,15.8,13.8,996,,1006,,0,,.84,,10,10,St,5,2000,,,21,,20.3,20,19.6,19.4
108,서울,2018-05-18 17:00,17.2,,,9,1.2,,70,,81,,15.9,13.9,996.2,,1006.2,,0,,.57,,9,9,Sc,7,2000,,,20.4,,20.2,20,19.6,19.4
108,서울,2018-05-18 18:00,17.5,,,9,1.5,,70,,79,,15.8,13.8,996.9,,1006.9,,0,,.57,,8,8,Sc,7,2000,,,20,,20.3,20.1,19.6,19.4
108,서울,2018-05-18 19:00,17,,,9,1.5,,70,,76,,14.7,12.7,997.5,,1007.5,,.4,,.29,,,,,6,2000,,,17.7,,19.8,20.1,19.7,19.4
108,서울,2018-05-18 20:00,16.2,,,9,2.1,,20,,76,,13.9,11.9,998.7,,1008.8,,0,,.02,,,9,,,2000,,,16.3,,19.1,19.9,19.6,19.4
108,서울,2018-05-18 21:00,15.3,,,9,2.3,,50,,73,,12.6,10.4,1000.1,,1010.2,,,9,,9,8,8,Sc,7,2000,,,15.1,,18.4,19.6,19.6,19.4
108,서울,2018-05-18 22:00,14.2,,,9,1.9,,70,,73,,11.8,9.4,1001.5,,1011.6,,,9,,9,,10,,7,2000,,,14.2,,17.7,19.3,19.5,19.4
108,서울,2018-05-18 23:00,13.2,,,9,1.8,,90,,68,,10.3,7.4,1002.2,,1012.4,,,9,,9,,8,,7,2000,,,12.3,,17.1,18.9,19.4,19.4
108,서울,2018-05-19 00:00,12.2,,,9,1.2,,90,,67,,9.5,6.2,1003,,1013.3,,,9,,9,0,0,,,2000,,,11,,16,18.5,19.3,19.3
108,서울,2018-05-19 01:00,11.4,,,,1.3,,50,,74,,9.9,6.9,1003.5,,1013.8,,,9,,9,,,,,2000,,,10.4,,15.3,18,19.1,19.2
108,서울,2018-05-19 02:00,11.1,,,,1.9,,50,,74,,9.7,6.6,1003.5,,1013.8,,,9,,9,,0,,,2000,,,9.9,,14.7,17.5,18.9,19.2
108,서울,2018-05-19 03:00,10.7,,,,1.3,,110,,73,,9.3,6,1003.9,,1014.2,,,9,,9,0,0,,,2000,,,9.5,,14.2,17.1,18.7,19.1
108,서울,2018-05-19 04:00,10.5,,,,1.2,,110,,73,,9.2,5.8,1003.8,,1014.1,,,9,,9,0,0,,,2000,,,9.1,,13.8,16.7,18.4,19
108,서울,2018-05-19 05:00,10.4,,,,1.1,,110,,71,,8.9,5.3,1004.1,,1014.5,,,9,,9,0,0,,,2000,,,8.9,,13.5,16.4,18.2,18.9
108,서울,2018-05-19 06:00,10.5,,,,1,,90,,70,,8.8,5.2,1004.6,,1015,,0,,.03,,0,0,,,2000,,,9.1,,13.2,16,18,18.8
108,서울,2018-05-19 07:00,11.4,,,,1.4,,110,,63,,8.4,4.5,1004.7,,1015,,.6,,.46,,0,0,,,2000,,,9.9,,13.2,15.8,17.7,18.6
108,서울,2018-05-19 08:00,13.7,,,,1.4,,90,,57,,8.9,5.3,1005.5,,1015.7,,1,,1.28,,0,0,,,2000,,,16.8,,14.4,15.6,17.5,18.4
108,서울,2018-05-19 09:00,15.7,,,,1.6,,90,,49,,8.7,5,1006.2,,1016.4,,1,,2,,0,0,,,2000,,,22.2,,16.5,15.9,17.3,18.3
108,서울,2018-05-19 10:00,17.2,,,,2.1,,90,,45,,8.8,5.1,1006.5,,1016.6,,1,,2.61,,0,0,,,2000,,,25.8,,19.1,16.7,17.3,18.2
108,서울,2018-05-19 11:00,19,,,,1.4,,110,,44,,9.6,6.4,1006.4,,1016.4,,1,,3.12,,0,0,,,2000,,,28.9,,21.6,17.7,17.3,18.1
108,서울,2018-05-19 12:00,20.5,,,,2.1,,90,,42,,10.1,7.1,1006.1,,1016.1,,1,,3.42,,0,0,,,2000,,,32.6,,23.9,19,17.6,18
108,서울,2018-05-19 13:00,21.9,,,,2,,90,,39,,10.2,7.3,1005.6,,1015.5,,1,,3.52,,0,0,,,2000,,,34.2,,25.8,20.3,17.9,18
108,서울,2018-05-19 14:00,22.8,,,,2.6,,140,,39,,10.8,8.1,1005.3,,1015.1,,1,,3.39,,0,0,,,1983,,,35.7,,27.2,21.6,18.4,18.1
108,서울,2018-05-19 15:00,23.9,,,,1.6,,110,,37,,10.9,8.3,1005.2,,1015,,1,,3.07,,0,0,,,2000,,,37.3,,28,22.5,19,18.2
108,서울,2018-05-19 16:00,24.5,,,,1.5,,110,,34,,10.4,7.5,1004.8,,1014.5,,1,,2.54,,0,0,,,2000,,,36.1,,28.1,23.3,19.5,18.3
108,서울,2018-05-19 17:00,24.5,,,,1.8,,70,,35,,10.7,8,1004.9,,1014.6,,1,,1.93,,0,0,,,1927,,,32.8,,27.5,23.8,20,18.6
108,서울,2018-05-19 18:00,24,,,,1.7,,70,,34,,10.1,7.1,1005.4,,1015.2,,1,,1.22,,0,0,,,2000,,,24.4,,25.9,23.9,20.4,18.8
108,서울,2018-05-19 19:00,22.6,,,,1.5,,110,,34,,9.3,5.9,1005.8,,1015.7,,1,,.51,,,0,,,2000,,,20.6,,23.7,23.5,20.8,19
108,서울,2018-05-19 20:00,20.9,,,,1.4,,90,,34,,8.4,4.4,1006.4,,1016.4,,.1,,.03,,,0,,,2000,,,17.8,,21.8,22.8,20.9,19.2
108,서울,2018-05-19 21:00,19.5,,,,1.3,,90,,34,,7.7,3.2,1007.2,,1017.1,,,9,,9,0,0,,,2000,,,15.9,,20.3,22,20.9,19.4
108,서울,2018-05-19 22:00,18.4,,,,1.2,,90,,34,,7.2,2.2,1007.7,,1017.7,,,9,,9,,,,,2000,,,14.5,,19.2,21.2,20.8,19.5
108,서울,2018-05-19 23:00,17.1,,,,1.3,,50,,37,,7.2,2.2,1008.3,,1018.4,,,9,,9,,0,,,2000,,,13.3,,18.2,20.5,20.5,19.6
108,서울,2018-05-20 00:00,15.8,,,,1.2,,50,,41,,7.3,2.5,1008.7,,1018.9,,,9,,9,0,0,,,2000,,,12,,17.2,19.8,20.3,19.6
108,서울,2018-05-20 01:00,14.7,,,,1.2,,50,,43,,7.2,2.2,1008.6,,1018.8,,,9,,9,,0,,,2000,,,11.1,,16.4,19.2,20,19.5
108,서울,2018-05-20 02:00,13.9,,,,.9,,70,,43,,6.8,1.5,1008.4,,1018.6,,,9,,9,,0,,,2000,,,10.5,,15.7,18.7,19.8,19.5
108,서울,2018-05-20 03:00,13.5,,,,1,,70,,41,,6.3,.4,1008.5,,1018.7,,,9,,9,0,0,,,2000,,,9.8,,15.2,18.1,19.5,19.4
108,서울,2018-05-20 04:00,12.8,,,,.8,,90,,44,,6.5,.8,1008.5,,1018.8,,,9,,9,0,0,,,2000,,,9.2,,14.6,17.7,19.2,19.3
108,서울,2018-05-20 05:00,12.1,,,,1.6,,50,,47,,6.6,1.1,1009.1,,1019.4,,,9,,9,0,0,,,2000,,,8.8,,14.2,17.2,18.9,19.2
108,서울,2018-05-20 06:00,11.6,,,,.8,,20,,46,,6.2,.3,1009.7,,1020.1,,0,,.05,,8,0,Ci,,2000,,,9.6,,13.7,16.8,18.6,19.1
108,서울,2018-05-20 07:00,12.3,,,,.6,,90,,43,,6.1,0,1010.3,,1020.6,,0,,.3,,8,0,Cc,,2000,,,11.8,,14,16.5,18.4,19
108,서울,2018-05-20 08:00,14.1,,,,1,,50,,38,,6.1,0,1011,,1021.2,,.3,,.72,,9,0,Cc,,2000,,,15.9,,15.2,16.4,18.1,18.8
108,서울,2018-05-20 09:00,16,,,,1.3,,70,,34,,6.2,.1,1010.9,,1021.1,,.1,,1,,9,0,Cc,,2000,,,18.7,,16.6,16.6,17.9,18.7
108,서울,2018-05-20 10:00,17,,,,1.4,,90,,37,,7.1,2.1,1010.5,,1020.6,,0,,.94,,9,0,Ci,,2000,,,20.7,,17.3,17,17.8,18.6
108,서울,2018-05-20 11:00,18.7,,,,1.9,,110,,30,,6.4,.7,1011.1,,1021.1,,.4,,1.66,,9,0,Ci,,2000,,,24,,19.1,17.5,17.8,18.4
108,서울,2018-05-20 12:00,18.8,,,,1.2,,90,,31,,6.7,1.2,1010.5,,1020.5,,0,,.92,,9,0,Ci,,2000,,,21.7,,19.2,18,17.9,18.3
108,서울,2018-05-20 13:00,19.9,,,,1.4,,50,,33,,7.6,3.1,1010.2,,1020.2,,0,,1.28,,9,0,Ci,,2000,,,24.6,,19.9,18.4,18,18.3
108,서울,2018-05-20 14:00,20.3,,,,1.8,,90,,30,,7.1,2.1,1009.3,,1019.3,,0,,1.01,,9,7,AcCi,36,2000,,,23.6,,20.2,18.7,18.1,18.3
108,서울,2018-05-20 15:00,21,,,,1.7,,140,,28,,6.9,1.7,1008.4,,1018.4,,0,,1.16,,9,6,AcCi,46,2000,,,25.3,,20.3,19,18.3,18.3
108,서울,2018-05-20 16:00,22.2,,,,2.2,,110,,23,,6.1,0,1007.7,,1017.6,,.3,,1.66,,8,8,Ac,38,2000,,,29,,21.1,19.3,18.4,18.3
108,서울,2018-05-20 17:00,22.4,,,,2.4,,140,,23,,6.2,.2,1007.3,,1017.2,,1,,1.89,,6,0,Cc,,2000,,,28,,22,19.7,18.5,18.3
108,서울,2018-05-20 18:00,22.2,,,,1.8,,70,,22,,5.9,-.5,1007.7,,1017.6,,1,,1.25,,2,0,Cc,,2000,,,21,,21.5,20.1,18.7,18.4
108,서울,2018-05-20 19:00,20.8,,,,2,,90,,24,,5.9,-.5,1007.8,,1017.8,,1,,.56,,,0,,,2000,,,17.7,,19.9,20,18.8,18.4
108,서울,2018-05-20 20:00,19,,,,1.5,,70,,26,,5.7,-.9,1008,,1018,,.1,,.02,,,0,,,2000,,,15.1,,18.5,19.6,18.9,18.5
108,서울,2018-05-20 21:00,17.8,,,,1.3,,90,,26,,5.3,-1.9,1008.4,,1018.5,,,9,,9,0,0,,,2000,,,13.6,,17.3,19.1,19,18.5
108,서울,2018-05-20 22:00,16.8,,,,1.2,,50,,29,,5.6,-1.3,1009.2,,1019.3,,,9,,9,,0,,,2000,,,12.5,,16.5,18.5,18.8,18.6
108,서울,2018-05-20 23:00,15.8,,,,1.1,,70,,30,,5.4,-1.7,1009.4,,1019.6,,,9,,9,,0,,,2000,,,11.4,,15.7,18,18.7,18.6
108,서울,2018-05-21 00:00,15.3,,,,1.3,,90,,29,,5,-2.6,1009.2,,1019.4,,,9,,9,0,0,,,2000,,,10.9,,15.1,17.6,18.5,18.5
108,서울,2018-05-21 01:00,14.5,,,,1.1,,70,,31,,5.1,-2.4,1009.4,,1019.6,,,9,,9,,0,,,2000,,,10.1,,14.6,17.1,18.3,18.5
108,서울,2018-05-21 02:00,13.9,,,,.9,,90,,33,,5.2,-2.1,1009.4,,1019.6,,,9,,9,,0,,,2000,,,9.5,,14,16.7,18.1,18.4
108,서울,2018-05-21 03:00,13,,,,.8,,70,,34,,5.1,-2.5,1009.3,,1019.6,,,9,,9,0,0,,,2000,,,8.7,,13.4,16.3,17.9,18.3
108,서울,2018-05-21 04:00,12.4,,,,.8,,110,,33,,4.8,-3.4,1009,,1019.3,,,9,,9,0,0,,,2000,,,8.1,,12.9,15.9,17.6,18.2
108,서울,2018-05-21 05:00,11.9,,,,1.3,,90,,36,,5,-2.7,1009.1,,1019.4,,,9,,9,0,0,,,2000,,,7.8,,12.5,15.5,17.4,18.1
108,서울,2018-05-21 06:00,11.4,,,,.9,,20,,39,,5.3,-2,1008.9,,1019.3,,0,,.03,,0,0,,,2000,,,7.9,,12.2,15.2,17.2,18
108,서울,2018-05-21 07:00,12.3,,,,.9,,110,,35,,5,-2.7,1009,,1019.3,,.6,,.48,,1,0,Ci,,1989,,,9,,12.3,14.9,17,17.8
108,서울,2018-05-21 08:00,15.3,,,,1.3,,70,,30,,5.2,-2.2,1008.9,,1019.1,,1,,1.3,,1,0,Ci,,2000,,,18.3,,13.8,14.8,16.7,17.7
108,서울,2018-05-21 09:00,17.7,,,,1.3,,110,,27,,5.5,-1.5,1008.4,,1018.5,,1,,2.02,,0,0,,,2000,,,25.5,,16.4,15.2,16.5,17.5
108,서울,2018-05-21 10:00,19.3,,,,1.4,,110,,27,,6.1,-.1,1008.6,,1018.6,,1,,2.63,,1,0,Ci,,2000,,,31.9,,19.5,16.1,16.5,17.4
108,서울,2018-05-21 11:00,20.9,,,,1.7,,180,,27,,6.6,1.1,1008.4,,1018.4,,1,,3.11,,3,0,Ci,,2000,,,37.3,,22.2,17.4,16.6,17.3
108,서울,2018-05-21 12:00,21.8,,,,2.1,,110,,31,,8.1,3.9,1008.7,,1018.6,,1,,3.39,,4,0,Ci,,2000,,,41.4,,24.8,18.9,16.9,17.3
108,서울,2018-05-21 13:00,22.8,,,,1.9,,140,,31,,8.5,4.7,1008.1,,1018,,1,,3.49,,4,0,Ci,,1923,,,44.4,,27,20.4,17.4,17.3
108,서울,2018-05-21 14:00,23.4,,,,2.8,,180,,36,,10.3,7.4,1006.9,,1016.7,,1,,3.11,,5,0,Ci,,1947,,,42.2,,28.3,21.8,17.9,17.4
108,서울,2018-05-21 15:00,23.3,,,,1.5,,160,,38,,10.8,8.1,1007.2,,1017,,1,,2.13,,8,3,ScCi,12,1963,,,36.9,,27.9,22.8,18.5,17.5
108,서울,2018-05-21 16:00,22.7,,,,1.9,,140,,42,,11.6,9.1,1006.4,,1016.3,,0,,1.13,,9,2,ScCi,16,2000,,,30.5,,26.4,23.2,19.1,17.8
108,서울,2018-05-21 17:00,22.2,,,,2.4,,180,,45,,11.9,9.6,1006.5,,1016.4,,0,,.83,,9,5,ScCi,15,2000,,,28.1,,25,23.1,19.6,18
108,서울,2018-05-21 18:00,21.6,,,,2.5,,200,,48,,12.4,10.1,1006.5,,1016.4,,.2,,.61,,9,7,ScCi,15,1884,,,24.7,,24,22.8,19.9,18.2
108,서울,2018-05-21 19:00,19.5,,,,1.6,,290,,56,,12.6,10.4,1006.3,,1016.2,,0,,.29,,,4,,,1600,,,20.9,,22.5,22.4,20.1,18.5
108,서울,2018-05-21 20:00,18.4,,,,2.6,,270,,59,,12.4,10.2,1007.1,,1017.1,,0,,.04,,,1,,13,1476,,,18,,20.9,21.8,20.1,18.6
108,서울,2018-05-21 21:00,17.7,,,,.5,,340,,63,,12.7,10.5,1007.3,,1017.4,,,9,,9,5,0,Ci,,1324,,,15.9,,19.6,21.2,20.1,18.7
108,서울,2018-05-21 22:00,16.9,,,,.3,,0,,65,,12.4,10.2,1007.1,,1017.2,,,9,,9,,3,,,1281,,,14.8,,18.5,20.5,20,18.8
108,서울,2018-05-21 23:00,16.3,,,,.7,,20,,70,,12.9,10.8,1006.9,,1017,,,9,,9,,0,,72,1293,,,14.3,,17.7,19.8,19.8,18.9
108,서울,2018-05-22 00:00,16,,,,.5,,20,,71,,12.9,10.7,1006.8,,1016.9,,,9,,9,5,5,Sc,15,1299,,,14.1,,17.2,19.3,19.6,18.9
108,서울,2018-05-22 01:00,15.9,,,,1.1,,20,,71,,12.8,10.6,1006.5,,1016.7,,,9,,9,,7,,15,1312,,,14,,16.9,18.9,19.4,18.9
108,서울,2018-05-22 02:00,15.7,,,,1,,50,,74,,13.1,11,1006.3,,1016.5,,,9,,9,,,,14,1313,,,13.6,,16.6,18.5,19.1,18.8
108,서울,2018-05-22 03:00,15.5,,,,.7,,50,,72,,12.6,10.4,1005.7,,1015.9,,,9,,9,7,7,Sc,16,1420,,,14,,16.3,18.2,18.9,18.8
108,서울,2018-05-22 04:00,15.6,,,,.5,,50,,72,,12.7,10.5,1005.5,,1015.7,,,9,,9,3,3,Sc,14,1502,,,13.6,,16.3,17.9,18.8,18.7
108,서울,2018-05-22 05:00,15.7,,,,.6,,90,,72,,12.8,10.6,1005.4,,1015.6,,,9,,9,4,4,Sc,13,1610,,,14,,16.2,17.7,18.5,18.6
108,서울,2018-05-22 06:00,15.5,,,,.5,,90,,72,,12.6,10.4,1005.3,,1015.5,,0,,.06,,7,0,Ci,,1691,,,14,,16.1,17.6,18.4,18.6
108,서울,2018-05-22 07:00,16.3,,,,.7,,110,,69,,12.7,10.5,1005.4,,1015.5,,.1,,.34,,9,9,Sc,13,1750,,,16.5,,16.3,17.4,18.2,18.4
108,서울,2018-05-22 08:00,18.2,,,,.8,,70,,63,,13.1,11,1005.2,,1015.2,,1,,1,,8,2,ScCi,13,1731,,,21.6,,17.7,17.4,18.1,18.3
108,서울,2018-05-22 09:00,19.3,,,,.8,,90,,62,,13.8,11.8,1004.7,,1014.6,,.5,,1.14,,9,0,Ci,,1894,,,23.2,,19.2,17.9,18,18.3
108,서울,2018-05-22 10:00,20.7,,,,1.8,,140,,55,,13.4,11.3,1004.4,,1014.3,,.4,,1.43,,9,2,ScCi,11,1698,,,29.9,,20.5,18.3,18,18.2
108,서울,2018-05-22 11:00,21.9,,,,1.4,,140,,55,,14.4,12.4,1004.2,,1014.1,,.6,,1.87,,9,3,ScCi,19,1820,,,31.8,,22.6,19.1,18.1,18.2
108,서울,2018-05-22 12:00,22.9,,,,1.1,,250,,51,,14.2,12.2,1003,,1012.8,,.1,,1.8,,9,4,ScCi,19,1591,,,34.5,,23.9,20,18.3,18.1
108,서울,2018-05-22 13:00,22.7,,,,1,,340,,52,,14.3,12.3,1002.3,,1012.1,,0,,.94,,10,5,ScAs,12,1399,,,28.6,,24,20.8,18.6,18.2
108,서울,2018-05-22 14:00,22.8,,,,1.4,,320,,53,,14.7,12.7,1001.7,,1011.5,,0,,.98,,10,5,ScAs,13,1630,,,27.6,,24,21.1,18.9,18.2
108,서울,2018-05-22 15:00,21.1,,.1,,2.7,,290,,72,,17.9,15.8,1000.9,,1010.8,,0,,.31,,10,5,ScAs,14,663,,4001,21.9,,22.7,21.4,19.2,18.3
108,서울,2018-05-22 16:00,19.5,,.4,,1.2,,250,,80,,18.1,15.9,1000.5,,1010.4,,0,,.53,,10,5,StNs,8,553,,401901,20.9,,21.7,21.2,19.4,18.4
108,서울,2018-05-22 17:00,18.6,,1,,1.8,,290,,84,,17.9,15.8,1000.1,,1010,,0,,.28,,10,5,StNs,8,499,,1901,19.5,,20.9,20.9,19.5,18.5
108,서울,2018-05-22 18:00,17.9,,2,,1.2,,270,,93,,19,16.7,999.7,,1009.7,,0,,.13,,10,6,StNs,7,258,,1901,18.3,,20,20.6,19.5,18.6
108,서울,2018-05-22 19:00,17.6,,1.5,,.3,,0,,93,,18.6,16.4,998.8,,1008.8,,0,,.06,,10,5,StNs,8,331,,1901,17.8,,19.4,20.2,19.5,18.7
108,서울,2018-05-22 20:00,17.2,,.5,,1.4,,140,,85,,16.6,14.6,998.6,,1008.6,,0,,0,,10,7,StNs,8,467,,1901,17,,18.9,19.8,19.4,18.8
108,서울,2018-05-22 21:00,17,,.5,,1.1,,160,,85,,16.4,14.4,998.7,,1008.7,,,9,,9,10,7,StNs,8,597,,1901,16.7,,18.5,19.5,19.3,18.7
108,서울,2018-05-22 22:00,16.8,,.5,,.6,,230,,87,,16.6,14.6,998.6,,1008.6,,,9,,9,10,6,StNs,8,447,,1901,16.6,,18.2,19.2,19.2,18.8
108,서울,2018-05-22 23:00,16.3,,2.5,,1.1,,290,,96,,17.7,15.6,998.2,,1008.2,,,9,,9,10,8,StNs,5,198,,1901,16.2,,18,19,19.1,18.7
108,서울,2018-05-23 00:00,15.8,,3.5,,2.4,,290,,97,,17.4,15.3,998,,1008.1,,,9,,9,10,9,,,181,,1901,15.9,,17.5,18.7,19,18.7
108,서울,2018-05-23 01:00,15.3,,3,,3.2,,320,,97,,16.8,14.8,997.4,,1007.5,,,9,,9,10,9,StNs,1,178,,1901,15.5,,17.3,18.5,18.9,18.7
108,서울,2018-05-23 02:00,15,,3,,2.5,,320,,97,,16.5,14.5,997.2,,1007.3,,,9,,9,10,7,StNs,1,236,,1901,15.3,,17,18.2,18.7,18.6
108,서울,2018-05-23 03:00,14.9,,.5,,2.2,,340,,96,,16.2,14.2,996.9,,1007,,,9,,9,10,8,StNs,2,636,,1901,15.1,,16.8,18,18.6,18.6
108,서울,2018-05-23 04:00,15,,0,,1.4,,320,,97,,16.5,14.5,996.9,,1007,,,9,,9,8,8,Sc,10,1827,,1901,15,,16.7,17.8,18.4,18.5
108,서울,2018-05-23 05:00,14.6,,,9,2.2,,340,,87,,14.4,12.4,997.7,,1007.8,,,9,,9,7,7,Sc,5,2000,,,14.4,,16.5,17.7,18.3,18.5
108,서울,2018-05-23 06:00,13.9,,,9,3.2,,340,,83,,13.1,11,998.1,,1008.2,,0,,.04,,1,1,Sc,10,2000,,,12.7,,16.1,17.5,18.2,18.4
108,서울,2018-05-23 07:00,13.6,,,9,1.6,,20,,75,,11.6,9.2,998.6,,1008.7,,.6,,.47,,0,0,,,1987,,,12.7,,15.5,17.2,18,18.3
108,서울,2018-05-23 08:00,14.6,,,9,3.1,,320,,70,,11.6,9.1,998.6,,1008.7,,1,,1.28,,0,0,,,2000,,,18.3,,16.2,17,17.9,18.2
108,서울,2018-05-23 09:00,16,,,9,1.9,,320,,60,,10.9,8.2,998.7,,1008.8,,1,,1.98,,0,0,,,1992,,,23.7,,18,17.2,17.8,18.1
108,서울,2018-05-23 10:00,17.9,,,9,3.3,,270,,56,,11.4,8.9,998.9,,1008.9,,1,,2.63,,0,0,,,1919,,,27.6,,20.6,17.8,17.7,18
108,서울,2018-05-23 11:00,18.9,,,9,3.8,,290,,42,,9.1,5.6,999.1,,1009,,1,,3.13,,0,0,,,2000,,,29.1,,23,18.9,17.8,18
108,서울,2018-05-23 12:00,20.1,,,9,4,,340,,37,,8.7,4.9,998.7,,1008.6,,1,,3.44,,0,0,,,1910,,,30.5,,24.7,20,18,18
108,서울,2018-05-23 13:00,20.9,,,9,3.9,,340,,33,,8.1,4,997.6,,1007.5,,1,,3.52,,0,0,,,1853,,,31.2,,26.2,21.1,18.4,18
108,서울,2018-05-23 14:00,22,,,9,3.4,,290,,33,,8.7,4.9,997.4,,1007.2,,1,,3.41,,0,0,,,1966,,,32.4,,27.2,22,18.9,18.1
108,서울,2018-05-23 15:00,23,,,9,2.9,,320,,29,,8.1,3.9,997.1,,1006.8,,1,,3.11,,0,0,,,1876,,,34.8,,27.8,22.8,19.3,18.2
108,서울,2018-05-23 16:00,23,,,9,4.2,,270,,33,,9.2,5.8,997.3,,1007,,1,,2.57,,0,0,,,1880,,,33.8,,27.7,23.5,19.8,18.4
108,서울,2018-05-23 17:00,22.4,,,9,3.2,,270,,39,,10.5,7.7,997.7,,1007.5,,1,,1.9,,0,0,,,1943,,,31,,26.8,23.7,20.2,18.6
108,서울,2018-05-23 18:00,21.7,,,9,3.5,,270,,40,,10.3,7.4,998.2,,1008,,1,,1.18,,0,0,,,1987,,,23.1,,25.2,23.7,20.6,18.8
108,서울,2018-05-23 19:00,18.8,,,9,3.4,,290,,52,,11.2,8.7,999,,1008.9,,1,,.49,,,0,,,2000,,,18.8,,22.7,23.2,20.8,19.1
108,서울,2018-05-23 20:00,16.7,,,9,1.9,,320,,61,,11.6,9.1,999.7,,1009.7,,.1,,.05,,,0,,,2000,,,15.7,,20.8,22.4,20.9,19.3
108,서울,2018-05-23 21:00,15.4,,,9,1.1,,320,,61,,10.6,7.9,999.9,,1010,,,9,,9,0,0,,,1959,,,13.8,,19.3,21.6,20.8,19.4
108,서울,2018-05-23 22:00,14.8,,,9,1,,290,,59,,9.9,6.8,999.8,,1009.9,,,9,,9,,,,,1740,,,12.6,,18.1,20.7,20.6,19.4
108,서울,2018-05-23 23:00,14.6,,,9,1.5,,270,,54,,8.9,5.3,999.5,,1009.6,,,9,,9,,0,,,1596,,,11.8,,17.3,20,20.4,19.5
108,서울,2018-05-24 00:00,13.7,,,9,1.3,,290,,51,,8,3.7,999.9,,1010,,,9,,9,0,0,,,1651,,,10.8,,16.5,19.4,20.1,19.5
108,서울,2018-05-24 01:00,12.9,,,,.6,,320,,62,,9.2,5.7,999.7,,1009.9,,,9,,9,,0,,,1557,,,10.2,,15.7,18.8,19.8,19.4
108,서울,2018-05-24 02:00,12.5,,,,.7,,250,,54,,7.8,3.4,999.7,,1009.9,,,9,,9,,0,,,1500,,,9.7,,15.1,18.2,19.5,19.4
108,서울,2018-05-24 03:00,12.1,,,,.8,,20,,64,,9,5.4,999.5,,1009.7,,,9,,9,0,0,,,1538,,,9.3,,14.6,17.7,19.2,19.3
108,서울,2018-05-24 04:00,11.7,,,,1.6,,20,,64,,8.8,5.1,999.5,,1009.7,,,9,,9,0,0,,,1578,,,9.1,,14.3,17.3,18.9,19.2
108,서울,2018-05-24 05:00,11.3,,,,1.2,,360,,64,,8.5,4.7,999.5,,1009.8,,,9,,9,0,0,,,1634,,,9,,13.9,16.9,18.7,19
108,서울,2018-05-24 06:00,11.4,,,,1,,20,,67,,9,5.4,999.9,,1010.2,,0,,.04,,0,0,,,1600,,,9.9,,13.7,16.6,18.4,18.9
108,서울,2018-05-24 07:00,12.5,,,,1.3,,50,,61,,8.8,5.1,1000,,1010.2,,.6,,.42,,0,0,,,1818,,,11.9,,14.1,16.3,18.1,18.8
108,서울,2018-05-24 08:00,15.2,,,,1.6,,50,,50,,8.6,4.8,1000.4,,1010.5,,1,,1.1,,0,0,,,1530,,,18,,15.4,16.3,17.9,18.6
108,서울,2018-05-24 09:00,17.6,,,,1.1,,180,,30,,6,-.2,1000,,1010,,1,,1.79,,0,0,,,1531,,,23.9,,17.7,16.6,17.7,18.4
108,서울,2018-05-24 10:00,19.9,,,,2.7,,230,,27,,6.2,.3,1000,,1009.9,,1,,2.44,,0,0,,,1775,,42,29.6,,20.3,17.4,17.6,18.3
108,서울,2018-05-24 11:00,21.5,,,,2.9,,200,,30,,7.6,3.1,999.8,,1009.7,,1,,2.92,,0,0,,,1779,,42,35,,22.6,18.5,17.7,18.2
108,서울,2018-05-24 12:00,22.1,,,,5.3,,200,,36,,9.5,6.3,999.9,,1009.7,,1,,3.2,,0,0,,,1696,,42,37.6,,24.5,19.7,18,18.2
108,서울,2018-05-24 13:00,23.3,,,,3.7,,230,,35,,9.9,6.9,999.8,,1009.6,,1,,3.28,,0,0,,,1874,,42,40.9,,26.4,20.9,18.3,18.2
108,서울,2018-05-24 14:00,23.2,,,,4.9,,200,,36,,10.2,7.2,999.3,,1009.1,,1,,3.18,,0,0,,,1597,,42,36.6,,27.5,22.1,18.8,18.3
108,서울,2018-05-24 15:00,23.5,,,,3.2,,230,,36,,10.4,7.5,999,,1008.7,,1,,2.91,,0,0,,,1786,,42,37.7,,28.1,23.1,19.3,18.4
108,서울,2018-05-24 16:00,23.5,,,,4,,230,,36,,10.4,7.5,998.6,,1008.3,,1,,2.42,,2,0,Ci,,1763,,42,35.2,,28,23.7,19.9,18.5
108,서울,2018-05-24 17:00,23.4,,,,2.7,,270,,38,,10.9,8.2,998.6,,1008.3,,1,,1.76,,4,0,Ci,,1885,,42,31.9,,27.1,24,20.3,18.7
108,서울,2018-05-24 18:00,22.6,,,,2.8,,230,,39,,10.6,7.9,998.5,,1008.3,,1,,1.1,,2,0,Ci,,1655,,42,25.1,,25.7,24,20.7,19
108,서울,2018-05-24 19:00,21.1,,,,2.6,,250,,44,,10.9,8.3,998.7,,1008.6,,.9,,.41,,4,0,Ci,,1512,,42,21.5,,23.7,23.6,20.9,19.1
108,서울,2018-05-24 20:00,20,,,,2.6,,230,,46,,10.7,8,999,,1008.9,,0,,.05,,,0,,,1414,,42,18.8,,22,22.9,21,19.3
108,서울,2018-05-24 21:00,19.3,,,,1.7,,250,,50,,11.2,8.6,999.3,,1009.2,,,9,,9,2,0,Ci,,1381,,,17.4,,20.7,22.2,21,19.5
108,서울,2018-05-24 22:00,18.6,,,,2.3,,270,,54,,11.5,9,999.6,,1009.5,,,9,,9,,0,,,1328,,,16.4,,19.7,21.5,20.9,19.6
108,서울,2018-05-24 23:00,18.1,,,,1.6,,230,,56,,11.6,9.1,999.8,,1009.8,,,9,,9,,0,,,1095,,,15.6,,18.9,20.9,20.7,19.7
108,서울,2018-05-25 00:00,17.6,,,,1.8,,200,,57,,11.4,8.9,999.5,,1009.5,,,9,,9,0,0,,,943,,40,14.8,,18.3,20.3,20.5,19.6
108,서울,2018-05-25 01:00,16.9,,,,1,,180,,61,,11.7,9.3,999.4,,1009.4,,,9,,9,,9,,,844,,40,14.1,,17.7,19.8,20.2,19.6
108,서울,2018-05-25 02:00,16.1,,,,.6,,20,,70,,12.8,10.6,999.4,,1009.5,,,9,,9,,6,,,787,,40,13.5,,17.1,19.4,20,19.6
108,서울,2018-05-25 03:00,15.4,,,,.5,,340,,71,,12.4,10.1,999.5,,1009.6,,,9,,9,0,0,,,780,,40,12.8,,16.5,18.9,19.7,19.5
108,서울,2018-05-25 04:00,14.8,,,,.4,,0,,71,,11.9,9.5,999.3,,1009.4,,,9,,9,0,0,,,700,,40,12.1,,16,18.5,19.5,19.4
108,서울,2018-05-25 05:00,14.3,,,,.6,,20,,75,,12.2,9.9,999.4,,1009.5,,,9,,9,1,0,Ci,,635,,40,11.6,,15.5,18.1,19.3,19.3
108,서울,2018-05-25 06:00,13.8,,,,.7,,50,,74,,11.6,9.2,999.8,,1009.9,,0,,.05,,2,0,Ci,,644,,40,11.8,,15.1,17.7,19,19.2
108,서울,2018-05-25 07:00,14.4,,,,1.1,,50,,66,,10.8,8.1,999.5,,1009.6,,.6,,.42,,1,0,Ci,,704,,40,13.2,,15.2,17.4,18.8,19.1
108,서울,2018-05-25 08:00,17.1,,,,1.7,,50,,57,,11.1,8.5,999.5,,1009.5,,1,,1.21,,1,0,Ci,,792,,40,19.7,,16.6,17.3,18.5,19
108,서울,2018-05-25 09:00,19.5,,,,1.3,,140,,44,,9.9,6.9,999.6,,1009.5,,1,,1.88,,0,0,,,995,,40,26,,19,17.6,18.4,18.8
108,서울,2018-05-25 10:00,21.4,,,,2.5,,180,,30,,7.6,3,998.9,,1008.8,,1,,2.53,,1,0,Ci,,1730,,40,32.5,,22,18.4,18.3,18.7
108,서울,2018-05-25 11:00,23.1,,,,2.5,,180,,30,,8.4,4.5,997.9,,1007.6,,1,,3.01,,1,0,Ci,,1896,,,38,,24.8,19.7,18.4,18.6
108,서울,2018-05-25 12:00,24.4,,,,2.9,,200,,24,,7.3,2.5,997.6,,1007.3,,1,,3.28,,3,0,Ci,,1811,,,41.5,,27.1,21.1,18.7,18.6
108,서울,2018-05-25 13:00,25.6,,,,2.7,,230,,26,,8.5,4.6,997.6,,1007.3,,1,,3.36,,3,0,Ci,,1747,,,43.4,,29,22.5,19.1,18.6
108,서울,2018-05-25 14:00,26,,,,2.3,,290,,23,,7.7,3.2,997.6,,1007.3,,1,,2.92,,8,0,Cs,,1923,,,41,,29.7,23.7,19.7,18.7
108,서울,2018-05-25 15:00,25.1,,,,2.7,,270,,25,,7.9,3.6,997.7,,1007.4,,1,,2.2,,8,0,Cs,,1959,,,36.5,,29.2,24.4,20.2,18.9
108,서울,2018-05-25 16:00,24.3,,,,4.1,,290,,27,,8.1,4,997.6,,1007.3,,1,,1.78,,8,0,Ci,,1892,,,34.2,,28.2,24.7,20.7,19.1
108,서울,2018-05-25 17:00,23.6,,,,3.1,,290,,28,,8.1,4,997.7,,1007.4,,.7,,1.26,,9,0,Ci,,1844,,,29.8,,26.8,24.7,21.1,19.3
108,서울,2018-05-25 18:00,23.3,,,,2.6,,290,,32,,9.1,5.6,997.5,,1007.2,,1,,1.05,,8,0,Ci,,1772,,,25.8,,25.9,24.5,21.4,19.5
108,서울,2018-05-25 19:00,22,,,,1.6,,290,,40,,10.5,7.7,997.9,,1007.7,,.8,,.47,,,,,,1658,,,22.4,,24.2,24.1,21.5,19.7
108,서울,2018-05-25 20:00,20.4,,,,2,,290,,45,,10.7,8,998,,1007.9,,0,,.06,,,0,,,1457,,,19.1,,22.5,23.4,21.6,19.8
108,서울,2018-05-25 21:00,19.1,,,,1.4,,290,,50,,11,8.4,998.4,,1008.3,,,9,,9,3,0,Ci,,1378,,,17.2,,21.1,22.7,21.5,20
108,서울,2018-05-25 22:00,18.3,,,,1.7,,290,,54,,11.3,8.8,998.7,,1008.6,,,9,,9,,0,,,1394,,,16.1,,19.9,22,21.4,20
108,서울,2018-05-25 23:00,17.6,,,,.5,,250,,55,,11,8.4,998.5,,1008.5,,,9,,9,,0,,,1362,,,15.5,,19.1,21.3,21.2,20.1
108,서울,2018-05-26 00:00,17,,,,1.1,,290,,59,,11.4,8.9,998.1,,1008.1,,,9,,9,3,0,Ci,,1299,,,14.5,,18.3,20.7,20.9,20.1
108,서울,2018-05-26 01:00,16.2,,,,.7,,20,,63,,11.6,9.1,998,,1008,,,9,,9,,0,,,1328,,,13.6,,17.6,20.2,20.7,20.1
108,서울,2018-05-26 02:00,15.8,,,,.6,,360,,66,,11.8,9.4,997.9,,1008,,,9,,9,,0,,,1204,,,13.1,,17,19.6,20.4,20
108,서울,2018-05-26 03:00,15.3,,,,.5,,360,,69,,11.9,9.6,998,,1008.1,,,9,,9,0,0,,,1103,,,12.4,,16.4,19.1,20.1,19.9
108,서울,2018-05-26 04:00,14.8,,,,.5,,360,,73,,12.2,9.9,997.9,,1008,,,9,,9,0,0,,,994,,40,11.9,,15.9,18.7,19.8,19.8
108,서울,2018-05-26 05:00,14.4,,,,.4,,0,,73,,11.9,9.6,998.1,,1008.2,,,9,,9,0,0,,,978,,40,11.6,,15.5,18.3,19.6,19.7
108,서울,2018-05-26 06:00,14.2,,,,.6,,360,,72,,11.6,9.2,998.2,,1008.3,,0,,.04,,0,0,,,947,,40,12.3,,15.3,18,19.4,19.6
108,서울,2018-05-26 07:00,15,,,,.6,,20,,64,,10.9,8.2,998.7,,1008.8,,.6,,.46,,0,0,,,902,,40,13.8,,15.5,17.7,19.1,19.5
108,서울,2018-05-26 08:00,17.8,,,,.6,,20,,52,,10.6,7.8,999.5,,1009.5,,1,,1.18,,0,0,,,1094,,40,20.8,,17.1,17.6,18.8,19.3
108,서울,2018-05-26 09:00,20.6,,,,1.1,,180,,43,,10.4,7.5,999.6,,1009.5,,1,,1.84,,0,0,,,1104,,,27.7,,19.6,18,18.7,19.1
108,서울,2018-05-26 10:00,23.2,,,,1.1,,50,,41,,11.6,9.2,999.7,,1009.5,,1,,2.45,,0,0,,,1440,,,34.5,,22.8,18.9,18.6,19
108,서울,2018-05-26 11:00,24.8,,,,.9,,180,,34,,10.6,7.8,999.3,,1009.1,,1,,2.92,,0,0,,,1439,,,40.3,,25.9,20.2,18.8,18.9
108,서울,2018-05-26 12:00,26.2,,,,1.2,,230,,31,,10.5,7.7,998.6,,1008.3,,1,,3.18,,0,0,,,1161,,,44.3,,28.5,21.7,19.1,18.9
108,서울,2018-05-26 13:00,27.8,,,,2,,230,,31,,11.6,9.1,997.9,,1007.5,,1,,3.29,,0,0,,,1326,,,46.6,,30.6,23.2,19.5,18.9
108,서울,2018-05-26 14:00,28.3,,,,2.3,,320,,30,,11.5,9,997.6,,1007.2,,1,,3.14,,0,0,,,1025,,,46.7,,31.9,24.6,20.1,19
108,서울,2018-05-26 15:00,29.4,,,,2,,270,,30,,12.3,10,997,,1006.5,,1,,2.82,,0,0,,,882,,40,45.4,,32.5,25.7,20.7,19.2
108,서울,2018-05-26 16:00,29,,,,2.9,,270,,31,,12.4,10.1,997.5,,1007.1,,1,,2.26,,0,0,,,889,,40,41.5,,32,26.4,21.3,19.4
108,서울,2018-05-26 17:00,27.9,,,,3.8,,290,,34,,12.7,10.5,998.1,,1007.7,,1,,1.73,,0,0,,,1259,,40,36.4,,30.8,26.7,21.9,19.7
108,서울,2018-05-26 18:00,27,,,,2.2,,270,,33,,11.7,9.3,998.3,,1007.9,,1,,1.07,,0,0,,,822,,40,28.5,,28.9,26.6,22.3,19.9
108,서울,2018-05-26 19:00,24.9,,,,3.1,,290,,46,,14.4,12.4,998.9,,1008.6,,1,,.43,,,0,,,1341,,40,24.3,,26.7,26.1,22.6,20.2
108,서울,2018-05-26 20:00,22.3,,,,2.7,,290,,50,,13.4,11.3,999.5,,1009.3,,0,,.05,,,,,,1512,,,20.8,,24.6,25.3,22.7,20.4
108,서울,2018-05-26 21:00,21.7,,,,1.3,,250,,58,,15,13,1000.1,,1009.9,,,9,,9,0,0,,,1173,,,19.7,,23.1,24.4,22.7,20.6
108,서울,2018-05-26 22:00,21.2,,,,1,,320,,60,,15.1,13.1,1000.2,,1010.1,,,9,,9,,,,,1192,,,19.2,,22.1,23.6,22.5,20.7
108,서울,2018-05-26 23:00,20.7,,,,.8,,290,,63,,15.3,13.3,1000,,1009.9,,,9,,9,,0,,,1130,,,18.4,,21.4,23,22.3,20.8
108,서울,2018-05-27 00:00,20.1,,,,1.6,,290,,65,,15.3,13.3,1000.3,,1010.2,,,9,,9,8,0,Ci,,1097,,,17.8,,20.8,22.4,22.1,20.8
108,서울,2018-05-27 01:00,19.8,,,,1.4,,270,,61,,14,12,1000.5,,1010.5,,,9,,9,,2,,65,943,,40,17.6,,20.3,21.9,21.8,20.8
108,서울,2018-05-27 02:00,19,,,,1.8,,290,,62,,13.6,11.5,1000.6,,1010.5,,,9,,9,,9,,63,974,,40,17,,19.9,21.5,21.6,20.7
108,서울,2018-05-27 03:00,18.5,,,,.8,,320,,62,,13.1,11,1000.5,,1010.4,,,9,,9,9,0,Ci,,1073,,40,16.7,,19.5,21.1,21.4,20.7
108,서울,2018-05-27 04:00,17.9,,,,1.3,,230,,59,,12,9.7,1000.6,,1010.6,,,9,,9,9,0,Ci,,1261,,,16.2,,18.9,20.7,21.2,20.6
108,서울,2018-05-27 05:00,17.6,,,,.8,,320,,60,,12,9.7,1000.8,,1010.8,,,9,,9,9,0,Ci,,1304,,,15.8,,18.6,20.4,20.9,20.6
108,서울,2018-05-27 06:00,17.3,,,,1.4,,290,,62,,12.2,9.9,1001.4,,1011.4,,0,,.03,,9,0,Cc,,1293,,,16,,18.3,20.1,20.7,20.4
108,서울,2018-05-27 07:00,17.6,,,,1.4,,200,,56,,11.2,8.7,1001.2,,1011.2,,.1,,.34,,9,0,Ci,,1219,,,18.1,,18.5,19.9,20.5,20.4
108,서울,2018-05-27 08:00,18.3,,,,2,,200,,51,,10.6,7.9,1001.4,,1011.4,,.3,,.7,,9,2,AcCi,49,1366,,,21,,19.3,19.8,20.3,20.2
108,서울,2018-05-27 09:00,19.5,,,,1.5,,180,,43,,9.7,6.5,1001,,1010.9,,.1,,1.02,,9,2,AcCi,49,1548,,,25.9,,20.4,19.9,20.2,20.2
108,서울,2018-05-27 10:00,21.6,,,,2,,200,,33,,8.5,4.6,1000.8,,1010.7,,.7,,1.86,,9,3,AcCi,49,1697,,,33.8,,22.4,20.3,20.1,20
108,서울,2018-05-27 11:00,22.3,,,,1.8,,270,,33,,8.8,5.2,1000.6,,1010.4,,.3,,1.54,,9,4,AcCi,49,1853,,,29.7,,24,21.1,20.1,20
108,서울,2018-05-27 12:00,23.4,,,,2.8,,200,,38,,10.9,8.2,1000.4,,1010.2,,.3,,1.87,,9,5,AcCi,49,1756,,,35.5,,25.1,21.7,20.2,19.9
108,서울,2018-05-27 13:00,24.3,,,,2.3,,290,,37,,11.2,8.6,1000.2,,1009.9,,.7,,2.22,,9,6,AcCi,49,1583,,,36.5,,26.8,22.5,20.4,19.9
108,서울,2018-05-27 14:00,24.2,,,,4,,320,,36,,10.8,8.1,1000.3,,1010,,.6,,2.16,,9,0,Ci,,1907,,,37.5,,27.6,23.3,20.7,20
108,서울,2018-05-27 15:00,23.9,,,,2.6,,250,,37,,10.9,8.3,1000.2,,1009.9,,.4,,1.82,,10,10,As,39,1889,,,33.8,,27.8,23.9,21,20
108,서울,2018-05-27 16:00,24,,,,1.6,,200,,36,,10.6,7.9,999.2,,1008.9,,.2,,1.34,,10,10,As,39,1811,,,32.5,,27.3,24.3,21.3,20.1
108,서울,2018-05-27 17:00,23.5,,,,3.2,,320,,32,,9.2,5.8,999.6,,1009.3,,.1,,1.01,,9,9,As,39,1925,,,30.7,,26.5,24.4,21.6,20.2
108,서울,2018-05-27 18:00,23,,,,2.8,,270,,36,,10.1,7.1,999.4,,1009.2,,.5,,.85,,9,5,AcCi,49,1904,,,26.3,,25.8,24.3,21.8,20.4
108,서울,2018-05-27 19:00,21.7,,,,2.1,,290,,38,,9.8,6.7,999.6,,1009.4,,.2,,.27,,,3,,23,1857,,,23,,24.3,24.1,21.9,20.5
108,서울,2018-05-27 20:00,20.6,,,,2.3,,320,,41,,9.9,6.8,999.5,,1009.4,,.2,,.09,,,4,,30,1788,,,19.8,,23,23.6,22,20.6
108,서울,2018-05-27 21:00,19.5,,,,1.8,,320,,46,,10.4,7.5,999.9,,1009.8,,,9,,9,2,0,Cc,,1734,,,18,,21.6,23,21.9,20.7
108,서울,2018-05-27 22:00,18.6,,,,1,,270,,50,,10.6,7.9,1000.1,,1010,,,9,,9,,0,,,1830,,,16.7,,20.5,22.4,21.8,20.7
108,서울,2018-05-27 23:00,17.9,,,,1.9,,270,,53,,10.8,8.1,1000.3,,1010.3,,,9,,9,,0,,,1774,,,16.1,,19.6,21.7,21.6,20.7
108,서울,2018-05-28 00:00,17.3,,,,.7,,320,,55,,10.8,8.1,1000.3,,1010.3,,,9,,9,1,0,Ci,,1741,,,15.3,,19,21.2,21.5,20.7
108,서울,2018-05-28 01:00,16.7,,,,.8,,320,,60,,11.3,8.8,1000.3,,1010.3,,,9,,9,,0,,,1806,,,14.5,,18.3,20.7,21.2,20.6
108,서울,2018-05-28 02:00,16.5,,,,.3,,0,,58,,10.8,8.1,1000.8,,1010.9,,,9,,9,,6,,11,1759,,,16.1,,17.9,20.2,20.9,20.6
108,서울,2018-05-28 03:00,17.1,,,,.4,,0,,56,,10.9,8.2,1000.4,,1010.4,,,9,,9,9,9,Sc,10,1583,,,17,,18.4,19.9,20.7,20.5
108,서울,2018-05-28 04:00,17.2,,,,.4,,0,,58,,11.3,8.8,1000.3,,1010.3,,,9,,9,6,6,Sc,10,1619,,,15.4,,18.3,19.8,20.5,20.4
108,서울,2018-05-28 05:00,16.6,,,,.9,,320,,64,,12,9.7,1000.4,,1010.4,,,9,,9,7,7,Sc,10,1361,,,14.5,,17.7,19.6,20.3,20.3
108,서울,2018-05-28 06:00,16.2,,,,.5,,20,,64,,11.7,9.3,1000.5,,1010.6,,0,,.05,,0,0,,,1588,,,14.6,,17.3,19.3,20.2,20.2
108,서울,2018-05-28 07:00,16.8,,,,.8,,50,,60,,11.4,8.9,1000.8,,1010.8,,.5,,.36,,3,3,Sc,9,1387,,,16.6,,17.4,19,20,20.1
108,서울,2018-05-28 08:00,19.5,,,,.7,,70,,50,,11.2,8.7,1000.8,,1010.7,,1,,1.19,,1,0,Ci,,1329,,,22.6,,18.7,18.9,19.8,20
108,서울,2018-05-28 09:00,21.7,,,,1.1,,90,,48,,12.4,10.2,1000.4,,1010.2,,1,,1.92,,2,0,Ci,,1806,,,30.6,,21,19.3,19.6,19.9
108,서울,2018-05-28 10:00,23.3,,,,1.1,,20,,49,,13.9,11.9,1000.2,,1010,,1,,2.46,,3,0,Ci,,1881,,,36.8,,24,20.1,19.6,19.8
108,서울,2018-05-28 11:00,25.1,,,,.9,,110,,45,,14.3,12.3,1000,,1009.8,,1,,2.9,,5,0,Ci,,1982,,,42.9,,27.1,21.3,19.7,19.7
108,서울,2018-05-28 12:00,26.3,,,,1.8,,160,,44,,15,13,999.5,,1009.2,,1,,3.24,,5,0,Ci,,2000,,,47,,29.6,22.8,20,19.7
108,서울,2018-05-28 13:00,27.7,,,,1.9,,250,,39,,14.4,12.4,999,,1008.6,,1,,3.33,,0,0,,,1882,,,49.3,,31.7,24.3,20.5,19.7
108,서울,2018-05-28 14:00,28.7,,,,2.6,,270,,36,,14.1,12.1,998.5,,1008.1,,1,,3.21,,1,1,Sc,10,1853,,,49.4,,33.1,25.7,21,19.8
108,서울,2018-05-28 15:00,28.4,,,,3.1,,270,,43,,16.6,14.6,998.3,,1007.9,,1,,2.28,,3,3,Sc,10,900,,40,43.7,,32.6,26.7,21.6,20
108,서울,2018-05-28 16:00,28.1,,,,3.4,,290,,43,,16.3,14.3,998.4,,1008,,1,,2.32,,1,1,Sc,10,845,,40,42.1,,32.4,27.2,22.2,20.2
108,서울,2018-05-28 17:00,26.9,,,,3.5,,320,,45,,15.9,13.9,998.3,,1008,,1,,1.64,,1,0,Ci,,990,,40,36.5,,31.1,27.4,22.7,20.5
108,서울,2018-05-28 18:00,26,,,,2.7,,270,,39,,13,10.9,998.7,,1008.4,,1,,1.07,,3,0,Ci,,1950,,40,28.5,,29.4,27.3,23.1,20.7
108,서울,2018-05-28 19:00,24.4,,,,2.8,,270,,44,,13.4,11.3,999.2,,1008.9,,1,,.45,,,0,,,1979,,,24.7,,27.1,26.7,23.3,20.9
108,서울,2018-05-28 20:00,23,,,,2.4,,270,,49,,13.7,11.7,999.5,,1009.3,,0,,.07,,,0,,,1905,,,21.9,,25.4,26,23.4,21.1
108,서울,2018-05-28 21:00,21.8,,,,2.1,,270,,50,,13,10.9,1000,,1009.8,,,9,,9,2,0,Ci,,1950,,,20.2,,24,25.1,23.4,21.3
108,서울,2018-05-28 22:00,21.1,,,,.6,,290,,54,,13.5,11.4,1000.4,,1010.3,,,9,,9,,0,,,2000,,,19.2,,22.8,24.4,23.2,21.4
108,서울,2018-05-28 23:00,20.9,,,,1.6,,270,,53,,13,10.9,1000.6,,1010.5,,,9,,9,,0,,71,1712,,,18.9,,22.1,23.7,23,21.5
108,서울,2018-05-29 00:00,20.6,,,,2.6,,270,,54,,13,10.9,1001.1,,1011,,,9,,9,6,0,Ci,,1737,,,18.7,,21.6,23.2,22.8,21.5
108,서울,2018-05-29 01:00,20.3,,,,1.1,,250,,55,,13,10.9,1000.9,,1010.8,,,9,,9,,3,,8,1756,,,18,,21.2,22.7,22.6,21.5
108,서울,2018-05-29 02:00,20.2,,,,2.3,,290,,56,,13.2,11.1,1001.1,,1011,,,9,,9,,9,,7,1498,,,19.3,,20.9,22.3,22.3,21.4
108,서울,2018-05-29 03:00,20,,,,1.8,,270,,58,,13.5,11.4,1001.1,,1011.1,,,9,,9,9,9,Sc,10,1279,,,19.5,,20.9,22,22.1,21.4
108,서울,2018-05-29 04:00,19.8,,,,1.9,,270,,60,,13.8,11.8,1001.5,,1011.5,,,9,,9,9,9,Sc,7,1364,,,19.4,,20.8,21.8,21.9,21.3
108,서울,2018-05-29 05:00,19.6,,,,.3,,0,,64,,14.5,12.5,1001.2,,1011.1,,,9,,9,9,9,Sc,6,1483,,,19.3,,20.7,21.6,21.7,21.2
108,서울,2018-05-29 06:00,19.5,,,,.4,,0,,64,,14.5,12.5,1001.5,,1011.4,,0,,.02,,9,9,Sc,7,1268,,,19.6,,20.6,21.4,21.6,21.1
108,서울,2018-05-29 07:00,19.9,,,,1.1,,180,,63,,14.6,12.6,1001.8,,1011.8,,0,,.24,,9,9,Sc,7,934,,40,21,,20.8,21.3,21.4,21.1
108,서울,2018-05-29 08:00,20.5,,,,1.7,,200,,66,,15.9,13.9,1001.9,,1011.8,,0,,.34,,9,9,Sc,6,1062,,40,23.1,,21.1,21.3,21.3,21
108,서울,2018-05-29 09:00,21,,,,1.1,,270,,67,,16.6,14.6,1002,,1011.9,,0,,.54,,9,9,Sc,9,1012,,,25.1,,21.8,21.3,21.2,20.9
108,서울,2018-05-29 10:00,21.6,,,,1.6,,230,,68,,17.5,15.4,1002,,1011.9,,0,,.83,,9,9,Sc,7,980,,40,26.6,,22.8,21.6,21.1,20.8
108,서울,2018-05-29 11:00,23.1,,,,2.6,,200,,63,,17.7,15.6,1002.1,,1011.9,,.6,,1.68,,9,9,Sc,7,949,,40,34.8,,24.5,21.9,21.1,20.8
108,서울,2018-05-29 12:00,23.1,,,,2.6,,290,,64,,18.1,15.9,1002,,1011.8,,.3,,1.35,,9,9,Sc,8,1250,,40,32.5,,25.6,22.6,21.2,20.7
108,서울,2018-05-29 13:00,24.2,,,,1.5,,180,,58,,17.5,15.4,1001.4,,1011.1,,.4,,1.66,,8,8,Sc,9,1030,,,39.7,,26.3,23.1,21.4,20.8
108,서울,2018-05-29 14:00,25.5,,,,2,,200,,53,,17.3,15.2,1000.5,,1010.2,,1,,2.5,,7,7,Sc,10,981,,40,41.5,,28.7,23.9,21.5,20.7
108,서울,2018-05-29 15:00,25.7,,,,1.8,,250,,56,,18.4,16.2,1000.2,,1009.9,,.8,,1.71,,9,7,ScCi,11,1112,,40,36.6,,29,24.7,21.8,20.8
108,서울,2018-05-29 16:00,23.6,,,,4.2,,320,,66,,19.1,16.8,1000.5,,1010.2,,.1,,.89,,9,6,ScCi,9,1208,,,31.1,,27.8,25.2,22.2,20.9
108,서울,2018-05-29 17:00,23.9,,,,1.9,,290,,65,,19.2,16.9,999.9,,1009.6,,.2,,1.02,,9,6,ScCi,8,1425,,,30.6,,27.2,25.2,22.4,21
108,서울,2018-05-29 18:00,23.1,,,,2.9,,290,,68,,19.1,16.8,1000.6,,1010.4,,0,,.42,,10,7,ScAs,10,1506,,,26,,26.3,25.1,22.6,21.1
108,서울,2018-05-29 19:00,22.3,,0,,2.5,,290,,71,,19,16.7,1000.4,,1010.2,,0,,.14,,10,7,ScAs,10,1268,,01,23.5,,25,24.8,22.7,21.2
108,서울,2018-05-29 20:00,20.1,,1,,2.2,,270,,88,,20.6,18,1001.3,,1011.2,,0,,0,,10,7,StNs,8,572,,1901,20.2,,23.6,24.3,22.7,21.3
108,서울,2018-05-29 21:00,19.9,,0,,1.4,,290,,93,,21.6,18.7,1001.2,,1011.2,,,9,,9,10,5,ScAs,10,416,,1901,19.6,,22.6,23.7,22.7,21.4
108,서울,2018-05-29 22:00,19.9,,,9,1.7,,290,,85,,19.6,17.2,1001.7,,1011.7,,,9,,9,,1,,4,559,,19,19.2,,22,23.2,22.6,21.4
108,서울,2018-05-29 23:00,19.5,,0,,1.7,,290,,89,,20.1,17.6,1001.9,,1011.8,,,9,,9,10,5,ScAs,16,304,,1901,18.8,,21.5,22.7,22.4,21.5
108,서울,2018-05-30 00:00,19.1,,0,,1.6,,90,,84,,18.5,16.3,1000.7,,1010.6,,,9,,9,10,6,,,540,,1901,18.4,,21.1,22.3,22.3,21.4
108,서울,2018-05-30 01:00,18.8,,0,,.5,,270,,84,,18.2,16,1001.1,,1011,,,9,,9,10,5,ScAs,10,488,,1901,17.9,,20.6,22,22.1,21.4
108,서울,2018-05-30 02:00,18.7,,,9,.6,,200,,83,,17.8,15.7,1000.6,,1010.5,,,9,,9,,6,,32,469,,19,17.6,,20.2,21.7,21.9,21.4
108,서울,2018-05-30 03:00,18.4,,0,,.6,,20,,86,,18.2,16,1000.6,,1010.5,,,9,,9,10,4,ScAs,10,360,,1901,17.6,,19.9,21.4,21.7,21.3
108,서울,2018-05-30 04:00,18.3,,0,,.9,,340,,84,,17.6,15.5,1000.6,,1010.6,,,9,,9,10,5,ScAs,7,409,,1901,17.7,,19.7,21.1,21.5,21.2
108,서울,2018-05-30 05:00,18.4,,,9,.6,,200,,84,,17.7,15.6,1000.9,,1010.8,,,9,,9,10,7,ScAs,4,352,,19,17.9,,19.7,20.8,21.3,21.1
108,서울,2018-05-30 06:00,18.6,,,9,.7,,360,,84,,17.9,15.8,1000.9,,1010.8,,0,,.01,,10,10,St,3,316,,19,18.6,,19.7,20.7,21.2,21.1
108,서울,2018-05-30 07:00,18.9,,0,,.6,,320,,85,,18.5,16.3,1000.9,,1010.8,,0,,.12,,10,10,St,3,289,,1902,19.8,,19.9,20.6,21.1,21
108,서울,2018-05-30 08:00,19.3,,0,,.6,,250,,83,,18.5,16.3,1001.1,,1011,,0,,.23,,10,10,St,4,394,,1902,20.6,,20.4,20.6,20.9,20.9
108,서울,2018-05-30 09:00,19.8,,,9,1.3,,200,,79,,18.2,16,1001,,1011,,0,,.45,,9,9,Sc,4,405,,19,23,,20.8,20.7,20.9,20.8
108,서울,2018-05-30 10:00,21.4,,,9,1.7,,180,,71,,18.1,15.9,1000.5,,1010.4,,.5,,1.43,,7,7,Sc,5,476,,19,29.8,,22.3,21,20.8,20.7
108,서울,2018-05-30 11:00,22.8,,,9,2.7,,230,,66,,18.3,16.1,1000.3,,1010.1,,1,,2.76,,6,6,Sc,6,1270,,4019,36.3,,25.4,21.7,20.8,20.6
108,서울,2018-05-30 12:00,23.2,,,9,3,,270,,64,,18.2,16,999.9,,1009.7,,1,,2.08,,5,5,Sc,8,1305,,,32.8,,26.9,22.8,20.9,20.6
108,서울,2018-05-30 13:00,24,,,9,2.6,,270,,56,,16.6,14.6,999.8,,1009.5,,1,,2.94,,4,4,Sc,9,1282,,,44.5,,28.5,23.7,21.2,20.6
108,서울,2018-05-30 14:00,24.3,,,9,2.9,,290,,58,,17.6,15.5,999.3,,1009,,1,,2.92,,4,4,Sc,8,1211,,,43.7,,30.2,24.7,21.6,20.7
108,서울,2018-05-30 15:00,24.3,,,9,3,,270,,52,,15.8,13.8,999.2,,1008.9,,1,,2.55,,3,3,Sc,9,1447,,,40.6,,30.6,25.7,22,20.8
108,서울,2018-05-30 16:00,24.7,,,9,3,,250,,47,,14.6,12.6,998.9,,1008.6,,1,,2.44,,1,1,Sc,11,1594,,,42.6,,30.9,26.4,22.4,20.9
108,서울,2018-05-30 17:00,24.1,,,9,2.2,,270,,41,,12.3,10,998.7,,1008.4,,1,,1.9,,0,0,,,1980,,,38.3,,30.1,26.8,22.8,21.1
108,서울,2018-05-30 18:00,23.6,,,9,2.1,,290,,42,,12.2,9.9,998.4,,1008.1,,1,,1.23,,0,0,,,2000,,,26.6,,28.3,26.8,23.2,21.3
108,서울,2018-05-30 19:00,21.2,,,9,3.6,,270,,52,,13,10.9,998.8,,1008.7,,1,,.55,,,0,,,1856,,,22.4,,26,26.2,23.4,21.5
108,서울,2018-05-30 20:00,19.1,,,9,2.6,,290,,64,,14.1,12.1,999.1,,1009,,.3,,.06,,,0,,,1530,,,19.3,,24,25.4,23.5,21.6
108,서울,2018-05-30 21:00,18.2,,,9,2,,270,,69,,14.4,12.4,999.5,,1009.4,,,9,,9,0,0,,,1286,,,17.9,,22.5,24.6,23.5,21.7
108,서울,2018-05-30 22:00,17.3,,,9,1.7,,250,,76,,15,13,999.9,,1009.9,,,9,,9,,0,,,801,,40,16.9,,21.4,23.7,23.3,21.8
108,서울,2018-05-30 23:00,16.4,,,9,1.5,,270,,80,,14.9,12.9,1000.2,,1010.3,,,9,,9,,0,,,642,,4019,16,,20.5,23,23,21.8
108,서울,2018-05-31 00:00,15.8,,,9,1.6,,290,,82,,14.7,12.7,1000.4,,1010.5,,,9,,9,0,0,,,546,,19,15.3,,19.7,22.3,22.7,21.8
108,서울,2018-05-31 01:00,15.5,,,,1.5,,230,,82,,14.4,12.4,1000.4,,1010.5,,,9,,9,,0,,,513,,19,14.7,,19.1,21.8,22.4,21.8
108,서울,2018-05-31 02:00,15.2,,,,.7,,250,,84,,14.5,12.5,1000.2,,1010.3,,,9,,9,,0,,,485,,19,14,,18.5,21.3,22.2,21.7
108,서울,2018-05-31 03:00,15,,,,1.3,,270,,84,,14.3,12.3,1000.2,,1010.3,,,9,,9,0,0,,,473,,19,13.9,,18,20.8,21.9,21.6
108,서울,2018-05-31 04:00,14.8,,,,.7,,340,,85,,14.2,12.2,1000.5,,1010.7,,,9,,9,0,0,,,478,,19,13.3,,17.7,20.4,21.6,21.5
108,서울,2018-05-31 05:00,14.4,,,,1.2,,290,,82,,13.4,11.3,1000.9,,1011,,,9,,9,0,0,,,708,,19,12.9,,17.3,20,21.3,21.4
108,서울,2018-05-31 06:00,14.3,,,,.7,,290,,82,,13.3,11.2,1001.1,,1011.2,,0,,.05,,0,0,,,653,,19,13.4,,17,19.7,21.1,21.2
108,서울,2018-05-31 07:00,14.9,,,,.9,,290,,71,,11.9,9.6,1001.7,,1011.9,,.6,,.47,,0,0,,,651,,19,15,,17.1,19.3,20.8,21.1
108,서울,2018-05-31 08:00,16.9,,,,1.6,,320,,65,,12.4,10.2,1002,,1012,,1,,1.21,,0,0,,,896,,4019,21.7,,18.4,19.2,20.5,20.9
108,서울,2018-05-31 09:00,18.8,,,,1.6,,290,,59,,12.8,10.6,1001.8,,1011.7,,1,,1.9,,0,0,,,1233,,40,30,,20.6,19.5,20.3,20.8
108,서울,2018-05-31 10:00,20.8,,,,1.2,,290,,54,,13.2,11.1,1001.7,,1011.6,,1,,2.45,,0,0,,,1129,,,37.3,,23.4,20.4,20.3,20.6
108,서울,2018-05-31 11:00,22,,,,2.7,,290,,54,,14.2,12.2,1001.6,,1011.4,,1,,2.89,,1,1,Sc,12,1189,,,42.7,,26.4,21.6,20.4,20.6
108,서울,2018-05-31 12:00,23.7,,,,1.3,,20,,44,,12.9,10.7,1001.4,,1011.1,,1,,3.2,,2,2,Sc,12,1624,,,48,,29.1,23,20.6,20.5
108,서울,2018-05-31 13:00,25,,,,2.5,,290,,47,,14.8,12.8,1001.4,,1011.2,,1,,3.34,,3,3,Sc,15,1120,,,50.6,,31.3,24.4,21.1,20.5
108,서울,2018-05-31 14:00,25.9,,,,2.7,,290,,43,,14.3,12.3,1000.9,,1010.6,,1,,2.97,,3,3,Sc,15,1493,,,46.8,,32.1,25.8,21.6,20.6
108,서울,2018-05-31 15:00,26.9,,,,2.7,,290,,37,,13,10.9,1000.3,,1010,,1,,2.9,,3,3,Sc,15,1850,,,48.8,,32.8,26.7,22.1,20.7
108,서울,2018-05-31 16:00,27.3,,,,2.9,,230,,38,,13.7,11.7,999.9,,1009.6,,1,,2.41,,3,3,Sc,19,1784,,,45.3,,32.8,27.5,22.7,20.9
108,서울,2018-05-31 17:00,27.2,,,,2.9,,250,,42,,15.1,13.1,1000.2,,1009.9,,1,,1.79,,4,4,Sc,15,1828,,,39,,32.1,27.9,23.2,21.1
108,서울,2018-05-31 18:00,26.4,,,,3.1,,270,,42,,14.4,12.4,1000.2,,1009.9,,1,,.79,,2,2,Sc,15,1995,,,29.5,,29.7,27.8,23.6,21.4
108,서울,2018-05-31 19:00,25.2,,,,3.1,,270,,53,,16.9,14.9,1000.8,,1010.6,,1,,.51,,,0,,,1983,,,25.8,,27.7,27.2,23.9,21.6
108,서울,2018-05-31 20:00,23.1,,,,2.9,,290,,58,,16.3,14.3,1001.5,,1011.3,,.3,,.06,,,0,,,1950,,,22.3,,26,26.5,24,21.8
108,서울,2018-05-31 21:00,21.9,,,,2.5,,270,,60,,15.7,13.7,1002.5,,1012.4,,,9,,9,0,0,,,1551,,,20.6,,24.5,25.7,24,21.9
108,서울,2018-05-31 22:00,21.1,,,,2.1,,290,,59,,14.7,12.7,1003.3,,1013.2,,,9,,9,,,,,1874,,,19.4,,23.3,25,23.8,22.1
108,서울,2018-05-31 23:00,20.5,,,,2.2,,290,,62,,14.9,12.9,1003.6,,1013.5,,,9,,9,,0,,,1903,,,18.6,,22.5,24.3,23.6,22.1
108,서울,2018-06-01 00:00,20.1,,,,1.1,,250,,63,,14.8,12.8,1003.7,,1013.7,,,9,,9,0,0,,,1698,,,17.9,,21.8,23.7,23.4,22.1
108,서울,2018-06-01 01:00,19.5,,,,.4,,0,,65,,14.7,12.7,1003.6,,1013.5,,,9,,9,,0,,,1662,,,17,,21.1,23.1,23.2,22.1
108,서울,2018-06-01 02:00,19,,,,1.4,,290,,72,,15.8,13.8,1003.8,,1013.7,,,9,,9,,0,,,1258,,,16.6,,20.4,22.6,22.9,22.1
108,서울,2018-06-01 03:00,18.6,,,,1.4,,290,,72,,15.4,13.4,1003.8,,1013.8,,,9,,9,0,0,,,1340,,,16.4,,20,22.2,22.6,22
108,서울,2018-06-01 04:00,18.1,,,,1.8,,270,,76,,15.7,13.7,1004,,1014,,,9,,9,0,0,,,561,,19,15.9,,19.6,21.8,22.4,21.9
108,서울,2018-06-01 05:00,17.8,,,,1,,290,,75,,15.3,13.3,1004.3,,1014.3,,,9,,9,0,0,,,1210,,19,15.3,,19.1,21.4,22.2,21.9
108,서울,2018-06-01 06:00,17.5,,,,1.2,,270,,76,,15.2,13.2,1004.8,,1014.8,,0,,.05,,0,0,,,1161,,,15.8,,18.8,21,21.9,21.7
108,서울,2018-06-01 07:00,18.1,,,,.6,,270,,64,,13.2,11.1,1005.2,,1015.2,,.6,,.47,,0,0,,,923,,40,17.3,,18.9,20.7,21.7,21.7
108,서울,2018-06-01 08:00,20.6,,,,.7,,340,,55,,13.3,11.2,1005.4,,1015.4,,1,,1.21,,0,0,,,1200,,40,25.8,,20.5,20.6,21.4,21.5
108,서울,2018-06-01 09:00,23.1,,,,1.7,,180,,52,,14.6,12.6,1005.5,,1015.3,,1,,1.88,,0,0,,,1012,,,33.9,,23,21.1,21.2,21.3
108,서울,2018-06-01 10:00,25.3,,,,1.3,,320,,45,,14.5,12.5,1005.4,,1015.2,,1,,2.45,,0,0,,,1371,,,41.2,,26.1,21.9,21.2,21.2
108,서울,2018-06-01 11:00,26.8,,,,2.6,,340,,38,,13.3,11.2,1005.3,,1015,,1,,2.99,,0,0,,,1879,,,46.7,,29.1,23.2,21.3,21.1
108,서울,2018-06-01 12:00,28.2,,,,2.6,,320,,34,,12.9,10.8,1005.1,,1014.8,,1,,3.26,,0,0,,,1867,,,50.9,,31.3,24.7,21.7,21.1
108,서울,2018-06-01 13:00,29.4,,,,2.2,,290,,33,,13.5,11.4,1004.8,,1014.4,,1,,3.3,,0,0,,,1535,,,53.1,,33.1,26.1,22.1,21.2
108,서울,2018-06-01 14:00,29.6,,,,3.7,,290,,31,,12.8,10.6,1004.4,,1014,,1,,3.25,,0,0,,,1988,,,52.4,,34.1,27.3,22.6,21.3
108,서울,2018-06-01 15:00,29.9,,,,3.3,,290,,36,,15.2,13.2,1004,,1013.6,,1,,2.94,,0,0,,,1866,,,51,,34.6,28.3,23.2,21.4
108,서울,2018-06-01 16:00,29.9,,,,3.2,,290,,34,,14.3,12.3,1003.8,,1013.4,,1,,2.46,,0,0,,,1912,,,47.5,,34.3,28.8,23.7,21.6
108,서울,2018-06-01 17:00,29.2,,,,4.3,,290,,35,,14.1,12.1,1003.7,,1013.3,,1,,1.87,,0,0,,,1967,,,41.9,,33.3,29.2,24.2,21.8
108,서울,2018-06-01 18:00,28.5,,,,3,,270,,36,,13.9,11.9,1003.7,,1013.3,,1,,1.21,,0,0,,,1981,,,30.5,,31.5,29.1,24.6,22.1
108,서울,2018-06-01 19:00,26.8,,,,1.9,,290,,35,,12.3,10,1003.9,,1013.6,,1,,.54,,,0,,,2000,,,26.3,,29.1,28.5,24.9,22.3
108,서울,2018-06-01 20:00,25,,,,2.8,,290,,39,,12.3,10,1004.3,,1014.1,,.3,,.06,,,0,,,2000,,,22.9,,27.2,27.7,25,22.5
108,서울,2018-06-01 21:00,23.5,,,,1.6,,290,,44,,12.7,10.5,1004.8,,1014.6,,,9,,9,0,0,,,2000,,,20.9,,25.6,26.9,24.9,22.7
108,서울,2018-06-01 22:00,22.7,,,,1.5,,290,,44,,12.1,9.8,1005.2,,1015,,,9,,9,,0,,,2000,,,19.6,,24.3,26,24.8,22.8
108,서울,2018-06-01 23:00,21.8,,,,1.6,,290,,49,,12.8,10.6,1005.4,,1015.3,,,9,,9,,0,,,1965,,,18.8,,23.3,25.3,24.5,22.8
108,서울,2018-06-02 00:00,20.9,,,,1.4,,230,,53,,13,10.9,1005.5,,1015.4,,,9,,9,0,0,,,1717,,,18.1,,22.5,24.6,24.3,22.8
108,서울,2018-06-02 01:00,20.2,,,,.4,,0,,57,,13.5,11.4,1005.5,,1015.5,,,9,,9,,0,,,1428,,,17.2,,21.9,24,24,22.8
108,서울,2018-06-02 02:00,19.6,,,,1.9,,270,,60,,13.7,11.6,1005.5,,1015.4,,,9,,9,,0,,,1200,,,17,,21.2,23.5,23.7,22.8
108,서울,2018-06-02 03:00,18.9,,,,1.5,,270,,63,,13.7,11.6,1005.4,,1015.4,,,9,,9,0,0,,,1007,,,16.3,,20.8,23,23.5,22.7
108,서울,2018-06-02 04:00,18.3,,,,1.3,,290,,66,,13.8,11.8,1005.6,,1015.6,,,9,,9,0,0,,,929,,40,15.7,,20.2,22.6,23.2,22.6
108,서울,2018-06-02 05:00,17.8,,,,1.1,,290,,69,,14,12,1005.7,,1015.7,,,9,,9,0,0,,,951,,40,15.1,,19.7,22.1,22.9,22.5
108,서울,2018-06-02 06:00,17.7,,,,1.3,,290,,68,,13.7,11.7,1006.1,,1016.1,,0,,.05,,0,0,,,842,,40,15.8,,19.4,21.8,22.6,22.4
108,서울,2018-06-02 07:00,18.1,,,,.6,,290,,59,,12.2,9.9,1006.3,,1016.3,,.6,,.47,,0,0,,,789,,40,17.3,,19.5,21.4,22.4,22.3
108,서울,2018-06-02 08:00,20.4,,,,1,,200,,54,,12.9,10.7,1006.6,,1016.6,,1,,1.23,,0,0,,,828,,40,26.4,,20.9,21.3,22.1,22.1
108,서울,2018-06-02 09:00,23.3,,,,1.2,,160,,43,,12.3,10,1006.3,,1016.1,,1,,1.91,,0,0,,,1257,,40,35,,23.3,21.6,21.9,22
108,서울,2018-06-02 10:00,25.5,,,,1.1,,270,,33,,10.7,8,1005.7,,1015.5,,1,,2.52,,0,0,,,1815,,,42.7,,26.4,22.5,21.9,21.9
108,서울,2018-06-02 11:00,27.3,,,,2.3,,270,,35,,12.6,10.4,1005.7,,1015.4,,1,,2.98,,0,0,,,1537,,,48.2,,29.3,23.7,22,21.7
108,서울,2018-06-02 12:00,28.3,,,,3,,290,,30,,11.5,9,1005.6,,1015.3,,1,,3.29,,0,0,,,1675,,,51.9,,31.5,25.1,22.2,21.7
108,서울,2018-06-02 13:00,29.6,,,,2.4,,270,,24,,9.9,6.8,1004.9,,1014.5,,1,,3.42,,1,0,Ci,,1873,,,54.1,,33.3,26.4,22.7,21.8
108,서울,2018-06-02 14:00,29.8,,,,3.6,,290,,23,,9.6,6.4,1004.6,,1014.2,,1,,3.32,,2,0,Ci,,1945,,,53.9,,34.3,27.7,23.2,21.9
108,서울,2018-06-02 15:00,29.8,,,,2.9,,290,,24,,10,7,1004.2,,1013.8,,1,,3,,3,0,Ci,,1939,,,52,,34.7,28.5,23.7,22
108,서울,2018-06-02 16:00,29.6,,,,3.7,,270,,26,,10.7,8,1004,,1013.6,,1,,2.58,,5,0,Ci,,2000,,,48.3,,34.5,29.2,24.2,22.1
108,서울,2018-06-02 17:00,28.9,,,,2.7,,270,,22,,8.7,5,1003.8,,1013.4,,1,,1.93,,7,0,Ci,,1965,,,42.8,,33.5,29.5,24.7,22.4
108,서울,2018-06-02 18:00,27.4,,,,3.6,,270,,29,,10.5,7.7,1003.8,,1013.5,,1,,1.19,,6,0,Ci,,2000,,,29.6,,31.2,29.3,25.1,22.6
108,서울,2018-06-02 19:00,25.4,,,,2.7,,290,,33,,10.6,7.9,1004.1,,1013.9,,1,,.54,,,0,,,2000,,,24.9,,28.8,28.7,25.3,22.8
108,서울,2018-06-02 20:00,23.4,,,,2.3,,270,,38,,10.9,8.2,1004.2,,1014,,.2,,.06,,,0,,,2000,,,21.5,,26.9,27.8,25.4,23
108,서울,2018-06-02 21:00,22.1,,,,2.5,,290,,44,,11.6,9.2,1004.6,,1014.5,,,9,,9,2,0,Ci,,2000,,,19.7,,25.3,27,25.3,23.2
108,서울,2018-06-02 22:00,21.4,,,,1.6,,320,,48,,12.2,9.9,1005,,1014.9,,,9,,9,,0,,,2000,,,18.6,,24.1,26.1,25.1,23.3
108,서울,2018-06-02 23:00,20.6,,,,.5,,360,,52,,12.5,10.3,1004.9,,1014.9,,,9,,9,,0,,,2000,,,17.2,,23.1,25.4,24.8,23.3
108,서울,2018-06-03 00:00,19.7,,,,2,,270,,55,,12.5,10.3,1004.6,,1014.5,,,9,,9,0,0,,,1986,,,16.5,,22.1,24.7,24.5,23.3
108,서울,2018-06-03 01:00,19.2,,,,.8,,320,,57,,12.6,10.4,1004.2,,1014.1,,,9,,9,,0,,,1985,,,15.7,,21.4,24,24.3,23.2
108,서울,2018-06-03 02:00,18.6,,,,1.8,,270,,60,,12.8,10.6,1004,,1014,,,9,,9,,0,,,1841,,,15.6,,20.8,23.4,24,23.2
108,서울,2018-06-03 03:00,18,,,,1.3,,290,,64,,13.1,11,1003.7,,1013.7,,,9,,9,0,0,,,1560,,,14.7,,20.3,23,23.7,23.1
108,서울,2018-06-03 04:00,17.4,,,,.8,,290,,65,,12.9,10.7,1003.7,,1013.7,,,9,,9,3,0,Ci,,1093,,,14.2,,19.8,22.5,23.4,23
108,서울,2018-06-03 05:00,17.1,,,,.3,,0,,66,,12.8,10.6,1004,,1014.1,,,9,,9,5,0,Ci,,1370,,,13.8,,19.2,22.1,23.1,22.9
108,서울,2018-06-03 06:00,16.9,,,,.4,,0,,62,,11.9,9.5,1004.2,,1014.3,,0,,.06,,8,0,Ci,,1768,,,14.9,,18.9,21.7,22.9,22.7
108,서울,2018-06-03 07:00,18,,,,.7,,50,,54,,11.1,8.5,1004.3,,1014.3,,.6,,.51,,8,0,Ci,,1997,,,18.6,,19.4,21.4,22.6,22.6
108,서울,2018-06-03 08:00,20.3,,,,1.5,,50,,47,,11.2,8.6,1004.6,,1014.6,,1,,1.05,,8,0,Ci,,1785,,,26,,20.7,21.3,22.3,22.5
108,서울,2018-06-03 09:00,22.7,,,,.7,,110,,39,,10.7,8,1004.5,,1014.3,,1,,1.91,,8,0,Ci,,1880,,,35.6,,23,21.6,22.1,22.2
108,서울,2018-06-03 10:00,24.8,,,,1.3,,110,,34,,10.6,7.8,1004,,1013.8,,1,,2.09,,8,0,Ci,,1869,,,40.7,,25.5,22.4,22.1,22.2
108,서울,2018-06-03 11:00,26.7,,,,1.1,,270,,30,,10.4,7.6,1003.8,,1013.5,,1,,2.83,,7,0,Ci,,1782,,,48.3,,28.2,23.4,22.1,22.1
108,서울,2018-06-03 12:00,28.7,,,,1.7,,200,,27,,10.6,7.8,1003.3,,1012.9,,1,,3.29,,7,0,Ci,,1843,,,53.9,,30.9,24.7,22.3,22
108,서울,2018-06-03 13:00,29.4,,,,2.7,,290,,24,,9.8,6.7,1002.9,,1012.5,,1,,3.18,,7,0,Ci,,1905,,,53.5,,32.7,26.1,22.7,22
108,서울,2018-06-03 14:00,29.8,,,,2.2,,290,,26,,10.9,8.2,1002.5,,1012.1,,1,,3.2,,5,0,Ci,,1818,,,54.1,,34,27.3,23.2,22.1
108,서울,2018-06-03 15:00,30.7,,,,2.5,,250,,21,,9.2,5.8,1002.1,,1011.7,,1,,2.95,,2,0,Ci,,1876,,,53.3,,34.8,28.2,23.7,22.2
108,서울,2018-06-03 16:00,30.4,,,,3.6,,270,,28,,12.1,9.8,1001.9,,1011.5,,1,,2.48,,0,0,,,1790,,,48.4,,34.6,29,24.2,22.3
108,서울,2018-06-03 17:00,29.5,,,,4.1,,270,,29,,11.9,9.5,1002,,1011.6,,1,,1.84,,0,0,,,1944,,,42.5,,33.7,29.3,24.7,22.5
108,서울,2018-06-03 18:00,29.3,,,,2.4,,290,,25,,10.2,7.2,1001.3,,1010.9,,1,,1.23,,0,0,,,1973,,,30.6,,31.8,29.3,25,22.7
108,서울,2018-06-03 19:00,27.4,,,,2.4,,270,,29,,10.5,7.7,1001.5,,1011.2,,1,,.5,,,0,,,2000,,,25.7,,29.3,28.8,25.3,22.9
108,서울,2018-06-03 20:00,25.3,,,,2.2,,290,,32,,10.3,7.4,1001.9,,1011.7,,.3,,.06,,,0,,,1997,,,22,,27.3,28,25.4,23.2
108,서울,2018-06-03 21:00,24.2,,,,2.1,,320,,32,,9.6,6.4,1002.1,,1011.8,,,9,,9,4,0,Ci,,2000,,,20.2,,25.7,27.1,25.4,23.3
108,서울,2018-06-03 22:00,23,,,,1.2,,270,,38,,10.6,7.9,1002.7,,1012.5,,,9,,9,,0,,,1996,,,18.6,,24.4,26.4,25.2,23.4
108,서울,2018-06-03 23:00,22,,,,.8,,270,,44,,11.6,9.1,1002.9,,1012.8,,,9,,9,,,,,1978,,,17.8,,23.4,25.6,25,23.5
108,서울,2018-06-04 00:00,21.4,,,,1.4,,290,,45,,11.4,8.9,1002.7,,1012.6,,,9,,9,3,0,Ci,,1964,,,17.4,,22.6,24.9,24.7,23.4
108,서울,2018-06-04 01:00,20.7,,,,.9,,270,,47,,11.4,8.9,1003,,1012.9,,,9,,9,,0,,,1987,,,17.1,,22,24.3,24.5,23.4
108,서울,2018-06-04 02:00,20.1,,,,.8,,290,,49,,11.5,9,1002.8,,1012.8,,,9,,9,,0,,,1978,,,16,,21.4,23.8,24.2,23.4
108,서울,2018-06-04 03:00,19.6,,,,1,,270,,51,,11.6,9.1,1002.8,,1012.7,,,9,,9,2,0,Ci,,1923,,,15.9,,20.9,23.4,23.9,23.3
108,서울,2018-06-04 04:00,19.4,,,,1.2,,290,,56,,12.5,10.3,1003,,1012.9,,,9,,9,6,0,Ci,,1752,,,15.7,,20.5,22.9,23.7,23.2
108,서울,2018-06-04 05:00,19.2,,,,.9,,290,,56,,12.4,10.2,1002.9,,1012.8,,,9,,9,8,0,Ci,,1772,,,16.1,,20.2,22.5,23.4,23.1
108,서울,2018-06-04 06:00,18.9,,,,.3,,0,,53,,11.6,9.1,1003.1,,1013,,0,,.04,,7,0,Ci,,1871,,,16.1,,20.1,22.3,23.2,23
108,서울,2018-06-04 07:00,19.5,,,,.8,,20,,52,,11.7,9.3,1003.5,,1013.4,,.6,,.46,,8,0,Ci,,1818,,,20.2,,20.3,22,22.9,22.8
108,서울,2018-06-04 08:00,22.1,,,,1.4,,20,,44,,11.6,9.2,1003.5,,1013.4,,1,,1.16,,8,0,Ci,,1435,,,29.4,,21.6,21.9,22.7,22.7
108,서울,2018-06-04 09:00,23.3,,,,.4,,0,,37,,10.5,7.7,1003.3,,1013.1,,.9,,1.28,,8,0,Ci,,1336,,,33.8,,23.3,22.2,22.5,22.5
108,서울,2018-06-04 10:00,25.1,,,,2.7,,290,,40,,12.7,10.5,1003.4,,1013.2,,1,,2.37,,6,0,Ci,,1076,,,42.7,,26,22.8,22.4,22.4
108,서울,2018-06-04 11:00,26.1,,,,2.4,,230,,37,,12.4,10.2,1003.4,,1013.1,,1,,2.79,,8,0,Ci,,1079,,,46.7,,28.5,23.8,22.5,22.3
108,서울,2018-06-04 12:00,26.3,,,,3.1,,250,,36,,12.3,10,1003.4,,1013.1,,1,,2.61,,8,0,Ci,,1377,,,45.2,,30,25,22.7,22.3
108,서울,2018-06-04 13:00,27.4,,,,2,,230,,30,,10.9,8.2,1002.8,,1012.5,,1,,3.03,,8,0,Ci,,1768,,,51.9,,31.4,25.9,23,22.3
108,서울,2018-06-04 14:00,26.5,,,,3.9,,290,,43,,14.8,12.8,1002.5,,1012.2,,1,,2.36,,9,0,Ci,,1671,,,44.5,,31.8,26.8,23.4,22.4
108,서울,2018-06-04 15:00,25.5,,,,2.9,,290,,43,,13.9,11.9,1002.3,,1012.1,,.6,,1.71,,9,0,Cs,,1996,,,37.9,,31.2,27.4,23.8,22.4
108,서울,2018-06-04 16:00,25.5,,,,3.2,,320,,43,,13.9,11.9,1002.2,,1012,,.7,,1.72,,8,0,Cc,,1892,,,39.9,,30.7,27.5,24.1,22.6
108,서울,2018-06-04 17:00,24.9,,,,2,,290,,46,,14.4,12.4,1001.8,,1011.6,,.2,,.91,,9,0,Cc,,1855,,,33.3,,29.6,27.6,24.4,22.7
108,서울,2018-06-04 18:00,24.4,,,,1.9,,320,,48,,14.6,12.6,1001.2,,1010.9,,.2,,.56,,9,9,Ac,48,1998,,,28.5,,28.5,27.4,24.6,22.9
108,서울,2018-06-04 19:00,23.9,,,,2.3,,320,,51,,15.1,13.1,1001.3,,1011,,0,,.12,,,,,45,2000,,,25,,27.2,27,24.7,23
108,서울,2018-06-04 20:00,23.4,,,,1.1,,270,,43,,12.3,10,1001.4,,1011.2,,0,,.01,,,4,,44,2000,,,22.6,,26,26.5,24.7,23.1
108,서울,2018-06-04 21:00,22.6,,,,1.1,,290,,62,,16.9,14.9,1001.8,,1011.6,,,9,,9,10,10,As,39,1363,,,22,,25,25.9,24.7,23.2
108,서울,2018-06-04 22:00,22,,,,1.8,,270,,64,,16.8,14.8,1002.5,,1012.4,,,9,,9,,7,,40,1211,,,21.4,,24.3,25.5,24.6,23.3
108,서울,2018-06-04 23:00,21.4,,,,2.7,,290,,68,,17.3,15.2,1002.8,,1012.7,,,9,,9,,8,,43,972,,40,20.9,,23.8,25,24.4,23.2
108,서울,2018-06-05 00:00,20.5,,,,2.8,,340,,71,,17,15,1002.9,,1012.8,,,9,,9,10,10,,,1204,,40,20.2,,23.4,24.6,24.3,23.2
108,서울,2018-06-05 01:00,20,,,,.7,,340,,67,,15.6,13.6,1002.8,,1012.8,,,9,,9,,9,,49,1426,,,19.1,,22.8,24.3,24.1,23.2
108,서울,2018-06-05 02:00,19.7,,,,.5,,20,,66,,15.1,13.1,1002.6,,1012.5,,,9,,9,,4,,51,1591,,,18.1,,22.2,23.9,23.9,23.2
108,서울,2018-06-05 03:00,19.1,,,,.6,,320,,72,,15.9,13.9,1002.3,,1012.2,,,9,,9,3,3,Ac,35,1370,,,16.2,,21.4,23.5,23.7,23.1
108,서울,2018-06-05 04:00,18.5,,,,.6,,320,,72,,15.3,13.3,1002,,1012,,,9,,9,5,5,Ac,33,1168,,,16.3,,20.7,23.1,23.5,23
108,서울,2018-06-05 05:00,18.1,,,,.5,,20,,73,,15.1,13.1,1002.2,,1012.2,,,9,,9,2,2,Ac,35,1182,,,15.4,,20.3,22.7,23.3,23
108,서울,2018-06-05 06:00,17.8,,,,.4,,0,,73,,14.8,12.8,1002.4,,1012.4,,0,,.04,,2,0,Ci,,1188,,,15.5,,19.8,22.3,23.1,22.9
108,서울,2018-06-05 07:00,18.8,,,,.7,,20,,64,,13.8,11.8,1002.8,,1012.7,,.6,,.48,,1,0,Ci,,1099,,,18,,19.9,21.9,22.9,22.8
108,서울,2018-06-05 08:00,21.5,,,,1.1,,20,,58,,14.8,12.8,1002.9,,1012.8,,1,,1.21,,1,0,Ci,,1021,,,27.5,,21.4,21.8,22.6,22.6
108,서울,2018-06-05 09:00,23.5,,,,1.4,,160,,51,,14.7,12.7,1002.8,,1012.6,,1,,1.82,,2,0,Ci,,1169,,,36.1,,23.6,22.1,22.4,22.5
108,서울,2018-06-05 10:00,25.5,,,,1,,140,,43,,13.9,11.9,1002.6,,1012.4,,1,,2.49,,0,0,,,1568,,,44,,26.5,22.9,22.4,22.4
108,서울,2018-06-05 11:00,26.8,,,,1.6,,110,,37,,12.9,10.8,1002.2,,1011.9,,1,,2.91,,0,0,,,1639,,,50.1,,29.1,23.9,22.5,22.3
108,서울,2018-06-05 12:00,28.2,,,,1.2,,200,,35,,13.3,11.2,1001.8,,1011.4,,1,,3.23,,2,2,Sc,17,1411,,,54,,31.6,25.2,22.7,22.3
108,서울,2018-06-05 13:00,28.6,,,,2,,290,,34,,13.2,11.1,1001.1,,1010.7,,.9,,2.82,,3,3,Sc,17,1274,,,53.8,,32.8,26.5,23.1,22.3
108,서울,2018-06-05 14:00,28.9,,,,2.7,,270,,34,,13.5,11.4,1000.7,,1010.3,,.7,,2.06,,7,7,Sc,19,1328,,,47.7,,33,27.4,23.5,22.4
108,서울,2018-06-05 15:00,29,,,,3.4,,290,,38,,15.2,13.2,1000.3,,1009.9,,.8,,2.12,,2,2,Sc,18,749,,40,49.3,,32.8,27.9,24,22.5
108,서울,2018-06-05 16:00,28.8,,,,3.1,,290,,38,,15,13,1000.2,,1009.8,,1,,2.14,,0,0,,,1027,,40,45.1,,33.1,28.4,24.3,22.6
108,서울,2018-06-05 17:00,28.1,,,,3.6,,320,,37,,14,12,1000,,1009.6,,1,,1.56,,0,0,,,1346,,,39.8,,32.4,28.6,24.7,22.8
108,서울,2018-06-05 18:00,27.1,,,,2.8,,290,,40,,14.3,12.3,1000,,1009.7,,1,,1,,0,0,,,1811,,,31.9,,30.8,28.6,25,23
108,서울,2018-06-05 19:00,25.5,,,,3.1,,270,,43,,13.9,11.9,1000.5,,1010.2,,.4,,.41,,,0,,,1760,,,26.8,,28.9,28.2,25.2,23.2
108,서울,2018-06-05 20:00,24,,,,2.8,,270,,46,,13.7,11.6,1001,,1010.7,,0,,.06,,,0,,,1896,,,23,,27.2,27.7,25.3,23.4
108,서울,2018-06-05 21:00,23.3,,,,1.7,,270,,51,,14.5,12.5,1001.6,,1011.4,,,9,,9,0,0,,,1654,,,21.3,,25.9,27,25.3,23.4
108,서울,2018-06-05 22:00,22.4,,,,2.5,,290,,54,,14.6,12.6,1002.1,,1011.9,,,9,,9,,,,,1778,,,20.4,,24.8,26.3,25.2,23.5
108,서울,2018-06-05 23:00,21.9,,,,.7,,290,,56,,14.7,12.7,1001.7,,1011.6,,,9,,9,,0,,,1898,,,19.2,,24,25.7,25,23.6
108,서울,2018-06-06 00:00,21.2,,,,.9,,290,,60,,15.1,13.1,1001.7,,1011.6,,,9,,9,0,0,,,1789,,,18.2,,23.2,25.1,24.7,23.6
108,서울,2018-06-06 01:00,20.6,,,,.6,,320,,63,,15.3,13.3,1001.5,,1011.4,,,9,,9,,0,,,1670,,,17.4,,22.5,24.6,24.6,23.6
108,서울,2018-06-06 02:00,20.1,,,,1,,290,,65,,15.3,13.3,1001.6,,1011.6,,,9,,9,,0,,,1435,,,17,,21.9,24.1,24.3,23.5
108,서울,2018-06-06 03:00,19.6,,,,1.7,,270,,68,,15.5,13.5,1001.8,,1011.7,,,9,,9,0,0,,,1260,,,16.8,,21.4,23.7,24.1,23.4
108,서울,2018-06-06 04:00,19.2,,,,.8,,290,,68,,15.1,13.1,1001.9,,1011.8,,,9,,9,0,0,,,1181,,,16.1,,21,23.3,23.9,23.4
108,서울,2018-06-06 05:00,18.7,,,,1.4,,270,,73,,15.7,13.7,1002.1,,1012,,,9,,9,0,0,,,1065,,,15.8,,20.6,22.9,23.6,23.3
108,서울,2018-06-06 06:00,18.5,,,,1.1,,270,,73,,15.5,13.5,1002.4,,1012.4,,0,,.06,,0,0,,,1028,,,16.7,,20.3,22.6,23.4,23.2
108,서울,2018-06-06 07:00,19.3,,,,.7,,250,,63,,14,12,1002.8,,1012.7,,.6,,.46,,0,0,,,916,,40,19.4,,20.5,22.3,23.2,23
108,서울,2018-06-06 08:00,21.2,,,,1.2,,270,,59,,14.8,12.8,1003.2,,1013.1,,1,,1.13,,0,0,,,794,,40,27.8,,21.9,22.2,22.9,22.9
108,서울,2018-06-06 09:00,22.9,,,,2.3,,200,,56,,15.6,13.6,1003.2,,1013,,1,,1.74,,0,0,,,763,,40,35,,23.9,22.5,22.8,22.8
108,서울,2018-06-06 10:00,24.3,,,,2.9,,180,,53,,16.1,14.1,1002.9,,1012.6,,1,,2.37,,0,0,,,949,,40,42.2,,26.3,23.1,22.7,22.6
108,서울,2018-06-06 11:00,25.8,,,,2.1,,180,,52,,17.2,15.1,1002.6,,1012.3,,1,,2.84,,1,1,Sc,10,905,,40,48.4,,29,24.1,22.8,22.6
108,서울,2018-06-06 12:00,27.3,,,,2.8,,180,,51,,18.4,16.2,1002.1,,1011.8,,1,,3.16,,4,4,Sc,10,703,,40,53.7,,31.4,25.3,23,22.6
108,서울,2018-06-06 13:00,27.3,,,,3.1,,290,,52,,18.8,16.5,1001.6,,1011.3,,1,,3.21,,3,3,Sc,10,613,,40,54,,33.3,26.5,23.3,22.5
108,서울,2018-06-06 14:00,27.4,,,,3.5,,290,,50,,18.2,16,1001.6,,1011.3,,1,,3.01,,3,0,Ci,,615,,40,52.2,,34.3,27.7,23.7,22.6
108,서울,2018-06-06 15:00,27.6,,,,3.7,,290,,49,,18.1,15.9,1001.4,,1011.1,,1,,2.79,,1,0,Ci,,656,,40,51.1,,34.8,28.6,24.2,22.8
108,서울,2018-06-06 16:00,27.9,,,,2.8,,270,,47,,17.6,15.5,1001.2,,1010.8,,1,,2.36,,0,0,,,824,,40,48.1,,34.6,29.1,24.6,22.8
108,서울,2018-06-06 17:00,27.4,,,,2.7,,290,,48,,17.5,15.4,1001,,1010.7,,1,,1.8,,0,0,,,1084,,40,42.5,,33.6,29.5,25.1,23
108,서울,2018-06-06 18:00,26.6,,,,2.5,,290,,52,,18.1,15.9,1000.8,,1010.5,,1,,1.09,,3,0,Ci,,1368,,,31.2,,31.9,29.4,25.4,23.2
108,서울,2018-06-06 19:00,24.9,,,,3.1,,290,,56,,17.6,15.5,1001.1,,1010.9,,1,,.51,,,0,,,1469,,,26.4,,29.6,29,25.7,23.5
108,서울,2018-06-06 20:00,23.4,,,,1.8,,270,,64,,18.3,16.1,1001.1,,1010.9,,.1,,.07,,,0,,,1144,,,22.4,,27.6,28.3,25.8,23.7
108,서울,2018-06-06 21:00,22.1,,,,2.5,,270,,72,,19.1,16.8,1001.8,,1011.6,,,9,,9,0,0,,,923,,40,20.7,,26,27.5,25.7,23.8
108,서울,2018-06-06 22:00,20.8,,,,1.8,,290,,78,,19.1,16.8,1002.7,,1012.6,,,9,,9,,0,,,763,,40,19.4,,24.9,26.8,25.6,23.9
108,서울,2018-06-06 23:00,20.1,,,,3.1,,270,,77,,18.1,15.9,1002.8,,1012.8,,,9,,9,,0,,,797,,40,18.6,,24,26.1,25.4,23.9
108,서울,2018-06-07 00:00,19.6,,,,1.7,,270,,82,,18.6,16.4,1003.5,,1013.4,,,9,,9,0,0,,,628,,4019,17.8,,23.3,25.5,25.2,23.9
108,서울,2018-06-07 01:00,19.1,,,,1.8,,270,,86,,18.9,16.6,1003.5,,1013.4,,,9,,9,,0,,,522,,19,17.3,,22.6,25,25,23.9
108,서울,2018-06-07 02:00,18.8,,,,.3,,0,,88,,19,16.7,1002.9,,1012.8,,,9,,9,,,,,500,,19,16.2,,22,24.5,24.7,23.9
108,서울,2018-06-07 03:00,18.4,,,,1.6,,290,,88,,18.5,16.3,1002.7,,1012.7,,,9,,9,0,0,,,465,,19,16.3,,21.4,24,24.5,23.8
108,서울,2018-06-07 04:00,18.1,,,,1.8,,270,,88,,18.2,16,1002.9,,1012.9,,,9,,9,0,0,,,458,,19,16.2,,21.1,23.6,24.2,23.7
108,서울,2018-06-07 05:00,17.8,,,,2.2,,270,,91,,18.5,16.3,1003,,1013,,,9,,9,0,0,,,393,,19,16.2,,20.8,23.2,24,23.6
108,서울,2018-06-07 06:00,18.1,,,,1.1,,290,,88,,18.2,16,1003.4,,1013.4,,0,,.03,,10,10,St,2,272,,19,18.7,,20.9,22.9,23.8,23.5
108,서울,2018-06-07 07:00,18.6,,,,2,,270,,85,,18.2,16,1003.7,,1013.7,,0,,.16,,10,10,St,2,307,,19,20.5,,21.3,22.8,23.5,23.4
108,서울,2018-06-07 08:00,18.9,,,,2.3,,270,,82,,17.8,15.7,1003.8,,1013.7,,0,,.44,,10,10,St,2,326,,19,23.9,,21.9,22.7,23.4,23.3
108,서울,2018-06-07 09:00,20.5,,,,1.6,,270,,73,,17.5,15.4,1003.9,,1013.9,,.2,,1.23,,9,9,St,4,364,,19,31.2,,23.2,22.8,23.2,23.2
108,서울,2018-06-07 10:00,22,,,,2,,270,,69,,18.2,16,1003.7,,1013.6,,1,,2.04,,7,7,Sc,5,488,,4019,38.6,,25.5,23.2,23.1,23
108,서울,2018-06-07 11:00,23.4,,,,1.8,,250,,62,,17.7,15.6,1003.4,,1013.2,,1,,2.87,,0,0,,,603,,40,47.5,,28.3,24.1,23.1,22.9
108,서울,2018-06-07 12:00,25,,,,3,,290,,56,,17.7,15.6,1002.9,,1012.7,,1,,3.19,,4,0,Ci,,715,,40,52,,30.9,25.2,23.3,22.9
108,서울,2018-06-07 13:00,26.7,,,,2.4,,270,,47,,16.4,14.4,1001.9,,1011.6,,1,,3.26,,7,0,Ci,,806,,40,54.8,,33.1,26.4,23.5,22.9
108,서울,2018-06-07 14:00,28.2,,,,1.7,,200,,44,,16.7,14.7,1000.7,,1010.3,,1,,3.11,,3,0,Ci,,644,,40,55.3,,34.6,27.6,23.9,22.9
108,서울,2018-06-07 15:00,29.3,,,,2,,270,,41,,16.6,14.6,1000.3,,1009.9,,1,,2.63,,3,0,Ci,,609,,40,51.8,,35.2,28.6,24.4,23
108,서울,2018-06-07 16:00,29.3,,,,2,,290,,41,,16.6,14.6,999.7,,1009.3,,1,,1.95,,2,0,Ci,,905,,40,47.5,,34.4,29.2,24.8,23.1
108,서울,2018-06-07 17:00,28.2,,,,3.3,,290,,51,,19.4,17,999.4,,1009,,1,,1.73,,2,0,Ci,,879,,40,41.9,,33.8,29.5,25.2,23.3
108,서울,2018-06-07 18:00,25.6,,,,2.7,,290,,57,,18.6,16.4,999.6,,1009.3,,1,,.96,,5,0,Ci,,1217,,40,32,,31.7,29.4,25.6,23.5
108,서울,2018-06-07 19:00,24,,,,2.8,,270,,60,,17.8,15.7,999.3,,1009,,.2,,.38,,,,,,1379,,,26.9,,29.5,29,25.8,23.7
108,서울,2018-06-07 20:00,22.8,,,,1.6,,290,,67,,18.5,16.3,999.6,,1009.4,,0,,.06,,,0,,,1219,,,23,,27.6,28.4,25.9,23.9
108,서울,2018-06-07 21:00,21.5,,,,2.6,,270,,69,,17.6,15.5,999.9,,1009.8,,,9,,9,3,0,Ci,,942,,40,20.7,,26,27.6,25.9,24
108,서울,2018-06-07 22:00,20.9,,,,1,,270,,71,,17.5,15.4,1000.4,,1010.3,,,9,,9,,2,,62,763,,40,19.5,,24.9,26.9,25.8,24.1
108,서울,2018-06-07 23:00,20.3,,,,1.3,,290,,77,,18.3,16.1,1000.5,,1010.4,,,9,,9,,1,,,770,,40,18.3,,23.9,26.2,25.6,24.1
108,서울,2018-06-08 00:00,19.1,,,,2.2,,270,,82,,18.1,15.9,1000.9,,1010.8,,,9,,9,2,0,Cc,,874,,4019,17.9,,23.2,25.6,25.3,24.1
108,서울,2018-06-08 01:00,18.8,,,,1.7,,290,,84,,18.2,16,1000.5,,1010.4,,,9,,9,,7,,3,658,,19,18.6,,22.6,25,25.1,24.1
108,서울,2018-06-08 02:00,18.6,,,,2.5,,270,,84,,17.9,15.8,1000.4,,1010.3,,,9,,9,,7,,3,619,,19,18.6,,22.4,24.6,24.9,24
108,서울,2018-06-08 03:00,18.6,,,,2.9,,290,,83,,17.7,15.6,1000.1,,1010,,,9,,9,10,10,St,3,889,,19,19.5,,22.4,24.2,24.6,24
108,서울,2018-06-08 04:00,18.5,,,,2,,290,,82,,17.4,15.3,999.9,,1009.8,,,9,,9,10,10,St,3,1072,,19,19.6,,22.2,24,24.4,23.9
108,서울,2018-06-08 05:00,18.6,,,,.8,,320,,81,,17.3,15.2,999.5,,1009.4,,,9,,9,10,10,St,4,1205,,,19.6,,22.2,23.8,24.2,23.8
108,서울,2018-06-08 06:00,18.8,,,,2,,290,,78,,16.8,14.8,999.9,,1009.8,,0,,.01,,9,9,Sc,7,1259,,,20.1,,22.1,23.6,24.1,23.7
108,서울,2018-06-08 07:00,19.1,,,,2,,320,,73,,16.1,14.1,1000.2,,1010.1,,.1,,.3,,9,9,Sc,7,1300,,,22,,22.2,23.4,23.9,23.6
108,서울,2018-06-08 08:00,19.7,,,,2,,290,,69,,15.8,13.8,999.9,,1009.8,,.2,,.54,,8,8,Sc,7,1448,,,24.8,,22.7,23.4,23.7,23.5
108,서울,2018-06-08 09:00,21.2,,,,1.7,,230,,62,,15.6,13.6,999.7,,1009.6,,.9,,1.45,,8,8,Sc,7,1384,,,33.1,,24.1,23.4,23.6,23.4
108,서울,2018-06-08 10:00,21.9,,,,1.7,,320,,62,,16.2,14.2,999.5,,1009.3,,.3,,1.36,,9,9,Sc,8,1664,,,34.4,,25.6,23.8,23.5,23.3
108,서울,2018-06-08 11:00,21.9,,,,2.4,,320,,64,,16.7,14.7,999.3,,1009.1,,0,,1.03,,9,9,Sc,8,1359,,,33.9,,26.1,24.3,23.6,23.3
108,서울,2018-06-08 12:00,23.1,,,,1.6,,320,,56,,15.8,13.8,999,,1008.8,,.2,,1.71,,9,9,Sc,8,1222,,,43.3,,26.8,24.6,23.6,23.2
108,서울,2018-06-08 13:00,24.2,,,,1.9,,230,,58,,17.5,15.4,998.3,,1008,,.2,,1.87,,9,9,Sc,9,1015,,,42.7,,28.7,25.2,23.7,23.2
108,서울,2018-06-08 14:00,25,,,,2.2,,290,,54,,17,15,997.8,,1007.5,,.5,,1.86,,8,8,Sc,9,1146,,,44.5,,29.5,25.8,23.8,23.2
108,서울,2018-06-08 15:00,26.2,,,,3.3,,290,,51,,17.3,15.2,997.4,,1007.1,,1,,2.87,,5,5,Sc,11,1104,,,51.1,,31.6,26.4,24,23.2
108,서울,2018-06-08 16:00,26.6,,,,3.2,,290,,49,,17,15,996.8,,1006.5,,1,,2.35,,3,2,ScCi,11,1200,,,46.3,,32.5,27.2,24.2,23.2
108,서울,2018-06-08 17:00,26.9,,,,2.3,,270,,49,,17.3,15.2,996.7,,1006.3,,1,,1.72,,1,1,Sc,11,1210,,,41.9,,32,27.8,24.5,23.3
108,서울,2018-06-08 18:00,26.2,,,,2.2,,270,,54,,18.3,16.1,996.9,,1006.6,,1,,.88,,1,1,Sc,11,1183,,,31.9,,30.5,28,24.8,23.4
108,서울,2018-06-08 19:00,24.5,,,,3.1,,290,,63,,19.2,16.9,997.5,,1007.2,,.7,,.46,,,0,,,970,,40,27.2,,28.6,27.8,25.1,23.5
108,서울,2018-06-08 20:00,22.6,,,,1.8,,250,,71,,19.4,17,998,,1007.8,,0,,.11,,,0,,,856,,40,22.8,,26.9,27.4,25.2,23.6
108,서울,2018-06-08 21:00,21.2,,,,1.7,,290,,77,,19.2,16.9,998.7,,1008.6,,,9,,9,0,0,,,638,,40,20.5,,25.4,26.7,25.3,23.7
108,서울,2018-06-08 22:00,20.5,,,,.9,,250,,78,,18.8,16.5,999.2,,1009.1,,,9,,9,,0,,,550,,40,19.4,,24.3,26.1,25.1,23.8
108,서울,2018-06-08 23:00,20,,,,1.4,,230,,79,,18.4,16.2,999,,1008.9,,,9,,9,,0,,,510,,4019,18.7,,23.4,25.5,25,23.9
108,서울,2018-06-09 00:00,19.7,,,,1.5,,270,,83,,19,16.7,998.8,,1008.7,,,9,,9,2,2,Ac,35,390,,19,18.4,,22.8,25,24.8,23.9
108,서울,2018-06-09 01:00,19.7,,,,.6,,230,,81,,18.5,16.3,998.4,,1008.2,,,9,,9,,1,,13,419,,19,18,,22.3,24.5,24.6,23.8
108,서울,2018-06-09 02:00,19.4,,,,.7,,270,,84,,18.9,16.6,998,,1007.9,,,9,,9,,1,,,382,,19,17.3,,21.9,24.1,24.4,23.8
108,서울,2018-06-09 03:00,19.1,,,,.6,,20,,84,,18.5,16.3,997.7,,1007.6,,,9,,9,4,0,Ci,,421,,19,16.8,,21.4,23.7,24.2,23.7
108,서울,2018-06-09 04:00,19,,,,.4,,0,,83,,18.2,16,997.5,,1007.4,,,9,,9,5,2,ScAc,14,473,,19,17.4,,21.1,23.4,24,23.6
108,서울,2018-06-09 05:00,19,,,,.4,,0,,85,,18.6,16.4,997.9,,1007.8,,,9,,9,2,2,Sc,8,467,,19,17,,21,23.1,23.8,23.6
108,서울,2018-06-09 06:00,19,,,,.5,,140,,84,,18.4,16.2,998,,1007.9,,0,,.05,,0,0,,,440,,19,17.8,,20.8,22.9,23.7,23.5
108,서울,2018-06-09 07:00,20.2,,,,1.1,,110,,73,,17.2,15.1,998,,1007.9,,.3,,.41,,1,1,Sc,10,708,,19,20.7,,21.1,22.7,23.5,23.4
108,서울,2018-06-09 08:00,21.9,,,,.9,,140,,62,,16.2,14.2,998,,1007.8,,1,,1.03,,1,0,Ci,,1071,,4019,28.1,,22.2,22.6,23.3,23.3
108,서울,2018-06-09 09:00,24,,,,1.8,,90,,55,,16.3,14.3,997.8,,1007.5,,1,,1.81,,3,0,Ci,,1411,,,37.4,,24.1,22.8,23.1,23.1
108,서울,2018-06-09 10:00,25.8,,,,1.3,,70,,49,,16.2,14.2,997.6,,1007.3,,1,,2.42,,4,0,Ci,,1442,,,45.2,,26.6,23.4,23.1,23
108,서울,2018-06-09 11:00,27.2,,,,1.7,,90,,46,,16.5,14.5,997.5,,1007.1,,1,,2.88,,6,1,ScCi,10,1301,,,50.9,,29.3,24.3,23.1,22.9
108,서울,2018-06-09 12:00,28.2,,,,1.4,,90,,42,,16,14,997.2,,1006.8,,1,,2.84,,7,3,ScCi,14,1563,,,50,,31.6,25.5,23.3,22.9
108,서울,2018-06-09 13:00,28.8,,,,2,,160,,42,,16.6,14.6,996.5,,1006.1,,.8,,2.38,,8,4,ScCi,15,1438,,,50.4,,32.3,26.6,23.6,22.9
108,서울,2018-06-09 14:00,30.1,,,,1.4,,50,,35,,14.9,12.9,996.2,,1005.7,,1,,2.53,,6,6,CuSc,8,1583,,,53.5,,33.3,27.4,24,23
108,서울,2018-06-09 15:00,29.6,,,,2.5,,140,,40,,16.5,14.5,996.2,,1005.7,,.8,,1.96,,9,5,CuScCi,8,1546,,,44.8,,33.7,28.1,24.4,23
108,서울,2018-06-09 16:00,28.7,,,,2.5,,160,,40,,15.7,13.7,995.9,,1005.5,,0,,1,,9,1,ScCi,10,1474,,,38.5,,32.2,28.5,24.7,23.2
108,서울,2018-06-09 17:00,28.2,,,,2.9,,160,,39,,14.9,12.9,995.5,,1005.1,,0,,.7,,9,1,ScCi,10,1653,,,34.2,,30.9,28.4,25,23.4
108,서울,2018-06-09 18:00,27.3,,,,1.2,,110,,42,,15.2,13.2,995.3,,1004.9,,0,,.19,,10,2,ScAs,10,2000,,,28.7,,29.4,28.2,25.3,23.5
108,서울,2018-06-09 19:00,25.7,,0,,1.8,,70,,47,,15.5,13.5,995.8,,1005.5,,0,,.04,,10,2,ScAs,18,2000,,01,26.1,,28,27.8,25.4,23.7
108,서울,2018-06-09 20:00,23.7,,.4,,1.6,,90,,62,,18.1,15.9,996.7,,1006.4,,0,,0,,10,7,ScAs,14,1402,,01,21.1,,26.7,27.3,25.4,23.8
108,서울,2018-06-09 21:00,22.4,,.1,,1.5,,50,,72,,19.4,17,996.8,,1006.6,,,9,,9,10,6,StNs,8,1816,,01,19.9,,25.2,26.7,25.3,23.9
108,서울,2018-06-09 22:00,21,,0,,1.3,,50,,75,,18.5,16.3,997.1,,1007,,,9,,9,10,5,ScAs,12,2000,,01,19.1,,24.3,26,25.3,23.9
108,서울,2018-06-09 23:00,20.7,,0,,1.6,,90,,66,,16.1,14.1,997.3,,1007.2,,,9,,9,10,10,As,28,2000,,01,18.2,,23.6,25.5,25.1,23.9
108,서울,2018-06-10 00:00,20.2,,0,,1.5,,110,,66,,15.6,13.6,997.4,,1007.3,,,9,,9,10,8,ScAs,10,2000,,01,17.7,,23,25,24.9,23.9
108,서울,2018-06-10 01:00,19.7,,.5,,1.2,,90,,71,,16.2,14.2,997.1,,1006.9,,,9,,9,10,5,ScAs,12,1986,,01,17.5,,22.5,24.5,24.7,23.9
108,서울,2018-06-10 02:00,19.2,,0,,1.3,,70,,69,,15.3,13.3,996.5,,1006.4,,,9,,9,10,5,ScAs,12,2000,,01,17,,22,24.1,24.5,23.9
108,서울,2018-06-10 03:00,18.6,,0,,.8,,70,,78,,16.6,14.6,996.6,,1006.5,,,9,,9,10,7,StNs,8,1997,,01,17.1,,21.5,23.8,24.3,23.8
108,서울,2018-06-10 04:00,18.3,,0,,1.7,,110,,72,,15.1,13.1,995.9,,1005.8,,,9,,9,10,6,ScAs,18,2000,,01,16.7,,21.2,23.4,24.1,23.7
108,서울,2018-06-10 05:00,18.4,,,9,1.4,,110,,70,,14.8,12.8,995.9,,1005.8,,,9,,9,10,5,ScAs,17,2000,,,16.6,,20.9,23.1,23.9,23.6
108,서울,2018-06-10 06:00,18.3,,0,,.9,,90,,71,,14.9,12.9,996.2,,1006.1,,0,,0,,10,5,ScAs,17,2000,,01,16.8,,20.7,22.8,23.7,23.5
108,서울,2018-06-10 07:00,18.4,,0,,.6,,90,,68,,14.3,12.3,997.1,,1007,,0,,.04,,10,5,ScAs,15,2000,,01,17.2,,20.7,22.6,23.5,23.4
108,서울,2018-06-10 08:00,19,,0,,2,,90,,65,,14.2,12.2,996.7,,1006.6,,0,,.28,,10,5,ScAs,14,2000,,01,18.9,,20.9,22.4,23.3,23.3
108,서울,2018-06-10 09:00,19.2,,,9,1.4,,140,,65,,14.4,12.4,996.6,,1006.5,,0,,.34,,10,4,ScAs,19,2000,,,19.4,,21.1,22.4,23.2,23.2
108,서울,2018-06-10 10:00,20.2,,,9,1.8,,90,,62,,14.6,12.6,996.3,,1006.2,,0,,.82,,9,9,As,28,2000,,,24,,21.7,22.3,23,23.1
108,서울,2018-06-10 11:00,21.3,,,9,1.5,,90,,56,,14.1,12.1,996,,1005.8,,.1,,1.18,,9,6,AcCi,30,1989,,,28.9,,22.9,22.5,22.9,23
108,서울,2018-06-10 12:00,23.2,,,9,2.2,,140,,50,,14.1,12.1,995.6,,1005.3,,.8,,2.45,,9,1,ScAcCi,11,1988,,,37.4,,25.7,22.9,22.9,22.9
108,서울,2018-06-10 13:00,24.2,,,9,1.2,,70,,48,,14.4,12.4,994.6,,1004.3,,.2,,2.19,,9,1,ScAc,11,1968,,,40.2,,27.3,23.7,22.9,22.8
108,서울,2018-06-10 14:00,24.1,,,9,1.1,,70,,51,,15.3,13.3,994.1,,1003.8,,.1,,1.58,,10,4,ScAs,12,2000,,,35.9,,27.9,24.5,23,22.8
108,서울,2018-06-10 15:00,24.8,,,9,1.2,,70,,49,,15.3,13.3,993.6,,1003.3,,0,,1.34,,9,3,ScAcCi,12,2000,,,36.6,,27.8,25.1,23.2,22.8
108,서울,2018-06-10 16:00,24.8,,,9,1.6,,50,,51,,15.9,13.9,992.9,,1002.6,,.2,,1.17,,9,3,ScAcCi,13,2000,,,34.6,,27.8,25.4,23.5,22.8
108,서울,2018-06-10 17:00,24.6,,,9,1.3,,50,,52,,16,14,992.6,,1002.2,,0,,.82,,10,4,ScAs,13,2000,,,31.2,,27.4,25.6,23.6,22.9
108,서울,2018-06-10 18:00,24.1,,,9,1.3,,90,,53,,15.9,13.9,992.4,,1002,,0,,.48,,10,2,ScAs,13,2000,,,27.8,,26.7,25.6,23.8,22.9
108,서울,2018-06-10 19:00,23.4,,,9,1,,90,,55,,15.8,13.8,992.7,,1002.4,,0,,.12,,,1,,16,2000,,,24.3,,25.5,25.4,23.9,23
108,서울,2018-06-10 20:00,22.8,,,9,1.3,,90,,55,,15.2,13.2,992.8,,1002.5,,0,,.01,,,2,,17,2000,,,22.4,,24.6,25.1,24,23
108,서울,2018-06-10 21:00,22.1,,,9,1.5,,90,,55,,14.6,12.6,993.5,,1003.3,,,9,,9,10,4,ScAs,13,2000,,,21.5,,23.8,24.7,23.9,23.1
108,서울,2018-06-10 22:00,21.5,,,9,1.8,,90,,55,,14,12,993.7,,1003.5,,,9,,9,,4,,12,2000,,,20.9,,23.2,24.3,23.9,23.1
108,서울,2018-06-10 23:00,20.9,,,9,1.5,,70,,56,,13.7,11.7,993.4,,1003.2,,,9,,9,,7,,11,2000,,,20.2,,22.7,24,23.8,23.1
108,서울,2018-06-11 00:00,20.3,,,9,1.4,,90,,58,,13.7,11.7,992.9,,1002.8,,,9,,9,8,3,ScAc,11,2000,,,18.8,,22.1,23.6,23.6,23.1
108,서울,2018-06-11 01:00,19.8,,,,1.3,,90,,59,,13.6,11.5,992.6,,1002.5,,,9,,9,,7,,34,2000,,,18.2,,21.6,23.3,23.5,23.1
108,서울,2018-06-11 02:00,19.2,,,,1.5,,70,,60,,13.3,11.2,992.2,,1002,,,9,,9,,3,,35,2000,,,17.2,,21.1,23,23.4,23
108,서울,2018-06-11 03:00,18.8,,,,1.3,,90,,61,,13.2,11.1,991.6,,1001.4,,,9,,9,6,3,AcCi,35,2000,,,16.6,,20.6,22.6,23.2,23
108,서울,2018-06-11 04:00,18.8,,,,1,,110,,60,,12.9,10.8,991.5,,1001.3,,,9,,9,7,7,Sc,18,2000,,,17.8,,20.3,22.3,23,22.9
108,서울,2018-06-11 05:00,18.8,,,,1.2,,70,,61,,13.2,11.1,991.8,,1001.6,,,9,,9,10,8,ScAs,14,2000,,,18.3,,20.4,22.1,22.9,22.9
108,서울,2018-06-11 06:00,18.6,,,,.8,,90,,61,,13,10.9,991.6,,1001.4,,0,,.03,,9,9,Sc,19,2000,,,18.4,,20.3,21.9,22.7,22.8
108,서울,2018-06-11 07:00,19.1,,,,1.1,,70,,59,,12.9,10.8,991.4,,1001.2,,.2,,.38,,9,3,ScAc,10,2000,,,21.7,,20.5,21.8,22.6,22.7
108,서울,2018-06-11 08:00,20.7,,,,1.5,,90,,55,,13.4,11.3,991.3,,1001.1,,.9,,1.23,,8,8,Ac,31,2000,,,28.4,,21.9,21.8,22.4,22.6
108,서울,2018-06-11 09:00,22.2,,,,1.7,,70,,48,,12.8,10.6,991.6,,1001.3,,.9,,1.77,,4,2,ScAc,10,1889,,,38.2,,23.3,22.1,22.3,22.4
108,서울,2018-06-11 10:00,23.7,,,,1.3,,70,,47,,13.7,11.7,991.5,,1001.2,,1,,2.67,,7,4,ScAc,19,2000,,,45.8,,26.2,22.7,22.3,22.3
108,서울,2018-06-11 11:00,23.2,,,,1.4,,20,,52,,14.7,12.7,991.1,,1000.8,,.3,,1.53,,10,6,ScAs,11,2000,,,34.7,,27.5,23.6,22.4,22.3
108,서울,2018-06-11 12:00,23.2,,,,1.2,,50,,52,,14.7,12.7,990.6,,1000.3,,0,,.82,,10,7,ScAs,12,2000,,,32.9,,26.6,24.2,22.6,22.3
108,서울,2018-06-11 13:00,23.7,,,,1.2,,70,,49,,14.3,12.3,990.4,,1000,,0,,1.04,,10,7,ScAs,12,2000,,,34.6,,26.7,24.5,22.8,22.3
108,서울,2018-06-11 14:00,23.9,,0,,1,,360,,47,,13.8,11.8,989.7,,999.3,,0,,.97,,10,7,ScAs,14,2000,,01,33.5,,26.9,24.7,23,22.4
108,서울,2018-06-11 15:00,22.2,,0,,1.3,,270,,60,,16,14,989.7,,999.4,,0,,.34,,10,7,ScAs,13,1907,,01,24.8,,25.7,24.8,23.1,22.4
108,서울,2018-06-11 16:00,22,,,9,1.8,,290,,60,,15.8,13.8,989.7,,999.4,,0,,.14,,10,6,ScAs,13,2000,,,23.7,,24.6,24.6,23.2,22.5
108,서울,2018-06-11 17:00,20.7,,0,,3.4,,340,,72,,17.5,15.4,989.6,,999.4,,0,,.11,,10,7,ScAs,12,2000,,01,22.1,,23.9,24.3,23.3,22.5
108,서울,2018-06-11 18:00,19.8,,0,,3.9,,320,,80,,18.4,16.2,989.6,,999.5,,0,,.12,,10,7,ScAs,12,2000,,01,21.6,,23.2,24,23.3,22.6
108,서울,2018-06-11 19:00,19.4,,.5,,1.2,,290,,85,,19.1,16.8,989.8,,999.6,,0,,.08,,10,7,ScAs,13,1651,,01,19.6,,22.6,23.7,23.2,22.6
108,서울,2018-06-11 20:00,19.1,,0,,1.7,,270,,84,,18.5,16.3,990.2,,1000,,0,,.04,,10,6,ScAs,13,2000,,01,18.4,,22,23.4,23.2,22.6
108,서울,2018-06-11 21:00,19,,,9,1,,290,,82,,17.9,15.8,990.8,,1000.6,,,9,,9,10,8,ScAs,12,2000,,,18.2,,21.5,23.1,23.1,22.6
108,서울,2018-06-11 22:00,19,,,9,.1,,0,,76,,16.6,14.6,991.3,,1001.1,,,9,,9,,,,11,2000,,,18.2,,21.3,22.8,23,22.6
108,서울,2018-06-11 23:00,18.2,,3.5,,.8,,20,,93,,19.4,17,991.7,,1001.6,,,9,,9,10,7,CuScNs,13,460,,04,17.4,,20.9,22.5,22.8,22.5
108,서울,2018-06-12 00:00,18,,1,,.7,,20,,94,,19.4,17,991.4,,1001.3,,,9,,9,9,4,ScAs,,1906,,04,17.5,,20.3,22.3,22.7,22.5
108,서울,2018-06-12 01:00,17.7,,,,.9,,50,,92,,18.5,16.3,991.2,,1001.1,,,9,,9,,4,,13,1958,,,17.5,,20,21.9,22.6,22.4
108,서울,2018-06-12 02:00,17.7,,,,1.2,,50,,87,,17.6,15.5,991.2,,1001.1,,,9,,9,,,,10,2000,,,17.5,,19.8,21.7,22.5,22.4
108,서울,2018-06-12 03:00,17.5,,0,,.5,,20,,87,,17.4,15.3,991.5,,1001.4,,,9,,9,10,7,ScAs,9,1995,,01,17.5,,19.7,21.4,22.3,22.3
108,서울,2018-06-12 04:00,17.5,,0,,.8,,20,,84,,16.7,14.7,991.8,,1001.7,,,9,,9,9,7,ScAs,11,2000,,01,17.4,,19.5,21.3,22.1,22.3
108,서울,2018-06-12 05:00,17.2,,,9,.6,,20,,87,,17,15,992.3,,1002.2,,,9,,9,9,6,ScAs,10,2000,,,16.6,,19.3,21.1,22,22.2
108,서울,2018-06-12 06:00,16.7,,,9,1,,50,,85,,16.1,14.1,992.5,,1002.5,,0,,.03,,3,3,Sc,10,2000,,,15.9,,18.9,20.9,21.9,22.1
108,서울,2018-06-12 07:00,17.1,,,9,1.5,,20,,77,,15,13,992.9,,1002.8,,.6,,.49,,1,1,Sc,10,1748,,,16.4,,18.6,20.6,21.7,22
108,서울,2018-06-12 08:00,19,,,9,1.1,,360,,67,,14.7,12.7,993.4,,1003.2,,1,,1.29,,2,2,Cu,8,1976,,,23.1,,19.7,20.4,21.5,21.9
108,서울,2018-06-12 09:00,21.1,,,9,.9,,340,,60,,15,13,993.4,,1003.2,,1,,2.18,,5,5,Cu,7,1998,,,30.4,,22.3,20.7,21.4,21.8
108,서울,2018-06-12 10:00,22.1,,,9,1.1,,250,,53,,14,12,993,,1002.8,,1,,2.28,,6,6,Cu,9,1999,,,33.2,,24.7,21.6,21.4,21.7
108,서울,2018-06-12 11:00,22.9,,,9,2.6,,320,,54,,15,13,993.1,,1002.8,,1,,2.56,,5,5,Cu,11,1959,,,30.8,,27.4,22.7,21.5,21.6
108,서울,2018-06-12 12:00,24,,,9,1.8,,340,,51,,15.2,13.2,993.1,,1002.8,,.8,,2.29,,8,8,Sc,12,2000,,,33.7,,28,23.8,21.8,21.6
108,서울,2018-06-12 13:00,25.7,,,9,.8,,90,,46,,15.2,13.2,992.8,,1002.5,,1,,3.18,,4,4,Sc,14,2000,,,37.2,,30.8,24.8,22.1,21.7
108,서울,2018-06-12 14:00,25.6,,,9,2.2,,180,,45,,14.7,12.7,992.6,,1002.3,,.5,,1.39,,7,7,CuSc,14,1961,,,33.5,,29.7,25.7,22.5,21.8
108,서울,2018-06-12 15:00,26.2,,,9,2.7,,290,,42,,14.2,12.2,992.1,,1001.7,,.7,,1.59,,8,8,Cu,12,1977,,,37.2,,29.3,26,22.9,21.8
108,서울,2018-06-12 16:00,26.2,,,9,3.8,,290,,47,,15.9,13.9,991.9,,1001.5,,1,,2.45,,8,8,Cu,14,1996,,,36.7,,31.1,26.4,23.2,22
108,서울,2018-06-12 17:00,26.4,,,9,3,,270,,47,,16.1,14.1,991.7,,1001.3,,.9,,1.76,,2,2,Cu,12,1976,,,37,,30.5,26.8,23.5,22.1
108,서울,2018-06-12 18:00,24.9,,,9,3.6,,290,,53,,16.6,14.6,992.2,,1001.9,,1,,1.28,,0,0,,,2000,,,28,,29,27.1,23.9,22.3
108,서울,2018-06-12 19:00,23.1,,,9,2.4,,290,,58,,16.3,14.3,992.5,,1002.2,,1,,.59,,,,,,1997,,,24.4,,26.7,26.7,24.1,22.5
108,서울,2018-06-12 20:00,21.6,,,9,3.3,,270,,62,,15.9,13.9,993,,1002.8,,.6,,.09,,,0,,,2000,,,21.4,,24.9,26,24.2,22.6
108,서울,2018-06-12 21:00,20.6,,,9,1.8,,290,,70,,16.9,14.9,993.8,,1003.6,,,9,,9,0,0,,,1986,,,19.7,,23.4,25.2,24.2,22.8
108,서울,2018-06-12 22:00,20,,,9,1,,250,,70,,16.3,14.3,994.8,,1004.7,,,9,,9,,,,,2000,,,18.6,,22.3,24.5,24,22.8
108,서울,2018-06-12 23:00,19.5,,,9,.6,,160,,72,,16.3,14.3,994.9,,1004.7,,,9,,9,,0,,,1989,,,17.7,,21.5,23.8,23.9,22.9
108,서울,2018-06-13 00:00,19.3,,,9,1.2,,270,,76,,16.9,14.9,995.2,,1005,,,9,,9,2,0,Ci,,1968,,,17.3,,20.8,23.2,23.6,22.9
108,서울,2018-06-13 01:00,18.9,,,,.7,,320,,77,,16.7,14.7,994.9,,1004.8,,,9,,9,,0,,,1987,,,16.8,,20.2,22.7,23.4,22.8
108,서울,2018-06-13 02:00,18.4,,,,.6,,70,,75,,15.8,13.8,994.5,,1004.4,,,9,,9,,3,,,1986,,,16.2,,19.7,22.3,23.1,22.8
108,서울,2018-06-13 03:00,18.5,,,,1,,110,,73,,15.5,13.5,994.8,,1004.7,,,9,,9,9,0,Ci,,1951,,,17,,19.6,21.9,22.9,22.7
108,서울,2018-06-13 04:00,18.7,,,,.9,,50,,74,,15.9,13.9,994.6,,1004.5,,,9,,9,9,9,Ac,46,1933,,,17.2,,19.5,21.6,22.7,22.6
108,서울,2018-06-13 05:00,18.6,,,,.4,,0,,76,,16.2,14.2,995,,1004.9,,,9,,9,9,9,Ac,43,1957,,,16.9,,19.4,21.4,22.5,22.5
108,서울,2018-06-13 06:00,18.7,,,,.9,,50,,75,,16.1,14.1,995,,1004.9,,0,,.06,,3,3,Ac,44,1923,,,17.3,,19.4,21.2,22.3,22.4
108,서울,2018-06-13 07:00,19.4,,,,.3,,0,,69,,15.5,13.5,996.1,,1005.9,,.5,,.42,,6,3,AcCi,45,1277,,,19,,19.8,21,22.1,22.3
108,서울,2018-06-13 08:00,20.7,,,,1.5,,140,,65,,15.8,13.8,997.2,,1007.1,,1,,.97,,2,0,Ci,,1004,,,24.3,,20.7,21.1,22,22.2
108,서울,2018-06-13 09:00,22.6,,,,1.6,,230,,59,,16.1,14.1,997.6,,1007.4,,1,,1.8,,7,4,ScAc,9,1030,,,33.3,,22.8,21.4,21.8,22.1
108,서울,2018-06-13 10:00,23,,,,2.2,,180,,57,,16,14,998.2,,1008,,.2,,1.1,,9,6,ScAc,9,1145,,,29.5,,24.3,22.2,21.8,22
108,서울,2018-06-13 11:00,24.5,,,,1.5,,230,,51,,15.6,13.6,998.7,,1008.4,,.6,,1.97,,9,7,ScAc,10,1333,,,38,,26,22.8,21.9,21.9
108,서울,2018-06-13 12:00,24.5,,,,2.3,,200,,56,,17.2,15.1,997.9,,1007.6,,.3,,1.74,,10,5,ScAs,12,1094,,,36.3,,27.5,23.7,22.1,21.9
108,서울,2018-06-13 13:00,24.9,,,,1.8,,250,,52,,16.3,14.3,996.8,,1006.5,,.2,,1.7,,8,5,ScCi,10,1554,,,40,,27.9,24.5,22.3,21.9
108,서울,2018-06-13 14:00,26.6,,,,2.4,,110,,50,,17.4,15.3,994.8,,1004.4,,1,,2.95,,9,5,ScCi,11,1119,,,41.5,,31.1,25.3,22.6,22
108,서울,2018-06-13 15:00,25.5,,0,,2.2,,160,,50,,16.3,14.3,994.6,,1004.3,,0,,.47,,9,9,Sc,9,1025,,01,29.7,,29.1,26.2,22.9,22.1
108,서울,2018-06-13 16:00,25.8,,0,,1.7,,250,,50,,16.5,14.5,995.5,,1005.2,,0,,.66,,10,7,ScAs,14,1152,,01,30.3,,28,26.2,23.3,22.2
108,서울,2018-06-13 17:00,25.6,,,9,3.3,,270,,57,,18.6,16.4,995.3,,1005,,.1,,.87,,10,5,ScAs,13,919,,40,30.7,,27.9,26.1,23.6,22.3
108,서울,2018-06-13 18:00,23.4,,,9,3.6,,290,,63,,18.1,15.9,995.7,,1005.4,,0,,.5,,9,1,ScAc,13,1245,,40,28,,26.8,25.9,23.7,22.4
108,서울,2018-06-13 19:00,22.8,,,9,2.3,,270,,64,,17.7,15.6,995.9,,1005.6,,0,,.45,,,4,,45,1444,,,25.2,,25.9,25.7,23.8,22.5
108,서울,2018-06-13 20:00,22.1,,,9,1.3,,320,,65,,17.3,15.2,996.6,,1006.4,,0,,.09,,,2,,14,1611,,,22.8,,24.7,25.3,23.8,22.6
108,서울,2018-06-13 21:00,21.8,,,9,0,,0,,67,,17.4,15.3,996.7,,1006.5,,,9,,9,4,4,Ac,37,1485,,,21,,23.8,24.8,23.8,22.7
108,서울,2018-06-13 22:00,21.6,,,9,1.2,,290,,66,,16.9,14.9,997.4,,1007.2,,,9,,9,,4,,14,1438,,,21.2,,23.1,24.3,23.7,22.7
108,서울,2018-06-13 23:00,21.5,,,9,.1,,0,,62,,15.9,13.9,997.3,,1007.1,,,9,,9,,2,,11,1827,,,20.8,,22.7,23.9,23.6,22.7
108,서울,2018-06-14 00:00,21.1,,,9,.5,,360,,69,,17.2,15.1,997.3,,1007.2,,,9,,9,8,8,Sc,10,1086,,,19.9,,22.2,23.6,23.4,22.8
108,서울,2018-06-14 01:00,20.8,,,,1,,50,,72,,17.6,15.5,996.9,,1006.8,,,9,,9,,,,12,912,,40,19.8,,21.8,23.2,23.3,22.7
108,서울,2018-06-14 02:00,20.8,,,,.8,,20,,73,,17.8,15.7,996.7,,1006.6,,,9,,9,,6,,42,829,,40,19.7,,21.6,22.9,23.1,22.7
108,서울,2018-06-14 03:00,20.8,,,,.7,,20,,73,,17.8,15.7,997.4,,1007.3,,,9,,9,10,7,ScAs,10,756,,40,20.2,,21.5,22.6,23,22.6
108,서울,2018-06-14 04:00,21,,,,.8,,90,,72,,17.8,15.7,997.3,,1007.2,,,9,,9,10,7,ScAs,10,677,,40,20.4,,21.5,22.5,22.8,22.6
108,서울,2018-06-14 05:00,20.3,,0,,3.2,,290,,84,,20,17.5,997.7,,1007.6,,,9,,9,10,8,ScAs,7,518,,401901,19.8,,21.5,22.4,22.7,22.5
108,서울,2018-06-14 06:00,19.5,,1.5,,1.4,,290,,95,,21.4,18.6,998.5,,1008.4,,0,,0,,10,8,StNs,3,179,,1901,19.3,,21.1,22.3,22.6,22.5
108,서울,2018-06-14 07:00,19.4,,13.5,,.9,,250,,97,,21.8,18.9,998.8,,1008.7,,0,,0,,10,8,StNs,1,272,,1901,18.8,,20,21.9,22.5,22.4
108,서울,2018-06-14 08:00,18.9,,11.5,,1.2,,250,,97,,21.2,18.4,999,,1008.9,,0,,.06,,10,8,StNs,2,492,,1901,18.8,,19.8,21.3,22.3,22.3
108,서울,2018-06-14 09:00,19.1,,1.5,,.6,,90,,96,,21.2,18.4,998.7,,1008.6,,0,,.17,,10,8,StNs,2,273,,1901,19.8,,20.2,21.2,22,22.2
108,서울,2018-06-14 10:00,19.7,,1,,1.1,,90,,94,,21.6,18.7,998.1,,1007.9,,0,,.61,,10,7,StNs,3,497,,1901,22.9,,20.8,21.2,21.8,22.1
108,서울,2018-06-14 11:00,20.5,,0,,1.7,,90,,79,,19,16.7,998.1,,1008,,.1,,1.25,,10,7,ScAs,5,770,,1901,24.7,,22.3,21.4,21.7,22
108,서울,2018-06-14 12:00,21.2,,0,,.7,,110,,75,,18.8,16.5,998.3,,1008.2,,0,,1.07,,10,5,ScAs,6,876,,1901,25.1,,22.9,21.9,21.7,21.9
108,서울,2018-06-14 13:00,22.8,,0,,1.2,,110,,67,,18.5,16.3,997.8,,1007.6,,.1,,1.55,,10,6,ScAs,7,930,,401901,28.6,,24.2,22.3,21.7,21.8
108,서울,2018-06-14 14:00,23.8,,,9,1.2,,70,,62,,18.2,16,996.9,,1006.6,,.4,,1.91,,9,3,ScAs,9,1282,,40,29.3,,25.6,22.9,21.8,21.7
108,서울,2018-06-14 15:00,24.6,,,9,1.8,,50,,57,,17.6,15.5,996.6,,1006.3,,.4,,1.54,,8,2,ScAc,15,1664,,,30.6,,25.8,23.5,22,21.8
108,서울,2018-06-14 16:00,25,,,9,.7,,110,,56,,17.7,15.6,996.5,,1006.2,,.4,,1.27,,9,7,ScAc,11,1723,,,27.6,,26.3,23.9,22.3,21.8
108,서울,2018-06-14 17:00,24.6,,,9,1,,110,,57,,17.6,15.5,996.2,,1005.8,,0,,.45,,10,6,ScAs,11,1866,,,24.8,,25.5,24.2,22.5,21.9
108,서울,2018-06-14 18:00,24,,,9,1.5,,90,,61,,18.2,16,996.1,,1005.8,,0,,.26,,10,4,ScAs,11,1935,,,22.9,,24.7,24.1,22.7,22
108,서울,2018-06-14 19:00,23.6,,,9,.6,,110,,63,,18.3,16.1,996.5,,1006.2,,0,,.19,,,2,,14,1956,,,21.7,,23.9,23.9,22.8,22
108,서울,2018-06-14 20:00,22.6,,0,,1.2,,50,,74,,20.2,17.7,996.6,,1006.4,,0,,.01,,10,6,ScAs,10,1594,,01,20.6,,23.1,23.6,22.8,22.1
108,서울,2018-06-14 21:00,22.2,,0,,1,,110,,72,,19.2,16.9,997.1,,1006.9,,,9,,9,10,6,ScAs,12,1786,,01,20,,22.5,23.3,22.8,22.2
108,서울,2018-06-14 22:00,21.8,,,9,1,,70,,72,,18.8,16.5,997.8,,1007.6,,,9,,9,,1,,10,1952,,,19.6,,22.1,22.9,22.8,22.2
108,서울,2018-06-14 23:00,21.6,,,9,.8,,140,,68,,17.5,15.4,998.3,,1008.1,,,9,,9,,9,,10,2000,,,19.6,,21.8,22.7,22.7,22.2
108,서울,2018-06-15 00:00,21,,,9,.9,,90,,70,,17.4,15.3,998.5,,1008.4,,,9,,9,8,8,,,2000,,,18.7,,21.4,22.4,22.6,22.2
108,서울,2018-06-15 01:00,20.6,,,,1.2,,90,,65,,15.7,13.7,998.6,,1008.5,,,9,,9,,4,,27,2000,,,18.5,,21.1,22.1,22.5,22.2
108,서울,2018-06-15 02:00,20.1,,.1,,1.1,,90,,67,,15.7,13.7,999.2,,1009.1,,,9,,9,10,3,ScAs,12,2000,,01,18,,20.7,21.9,22.3,22.2
108,서울,2018-06-15 03:00,18.8,,5.4,,1,,20,,93,,20.1,17.6,999.3,,1009.2,,,9,,9,10,7,CbStNs,5,419,,190401,17.6,,19.9,21.6,22.2,22.1
108,서울,2018-06-15 04:00,18,,10.5,,1.6,,90,,93,,19.1,16.8,998.9,,1008.9,,,9,,9,10,6,StNs,6,627,,190401,17.2,,18.8,21,22,22.1
108,서울,2018-06-15 05:00,17.4,,.5,,1.1,,90,,86,,17,15,999.3,,1009.3,,,9,,9,10,5,StNs,8,1820,,1901,17,,19,20.7,21.8,22
108,서울,2018-06-15 06:00,17.2,,0,,1.3,,140,,83,,16.2,14.2,999.9,,1009.9,,0,,.07,,10,4,ScAs,12,2000,,01,17.2,,18.9,20.5,21.6,21.9
108,서울,2018-06-15 07:00,18.2,,,9,1.4,,140,,75,,15.6,13.6,1000.3,,1010.3,,.5,,.56,,7,7,Sc,14,2000,,,19.1,,19.3,20.4,21.4,21.8
108,서울,2018-06-15 08:00,18.7,,,9,1.1,,140,,71,,15.3,13.3,1000.9,,1010.8,,.5,,.61,,9,9,Sc,13,1992,,,19.9,,20,20.4,21.3,21.7
108,서울,2018-06-15 09:00,20.1,,,9,1.4,,50,,65,,15.3,13.3,1001.3,,1011.2,,0,,.93,,9,9,Sc,14,2000,,,23,,20.8,20.6,21.1,21.6
108,서울,2018-06-15 10:00,22,,,9,1.5,,70,,56,,14.8,12.8,1001.3,,1011.1,,.6,,1.91,,4,4,Sc,15,1989,,,28.1,,22.4,20.9,21.1,21.5
108,서울,2018-06-15 11:00,22.9,,,9,1.4,,70,,57,,15.9,13.9,1001.2,,1011,,.7,,2.24,,4,2,ScCi,10,1918,,,29,,24.5,21.7,21.1,21.4
108,서울,2018-06-15 12:00,24.4,,,9,1.6,,90,,50,,15.2,13.2,1001,,1010.7,,1,,3.07,,5,1,ScCi,11,2000,,,33.7,,26.7,22.6,21.3,21.4
108,서울,2018-06-15 13:00,25.3,,,9,1.8,,140,,48,,15.4,13.4,1000.7,,1010.4,,1,,3.42,,6,0,Ci,,1935,,,35.7,,28.5,23.7,21.6,21.4
108,서울,2018-06-15 14:00,26.4,,,9,2.1,,20,,43,,14.8,12.8,1000.5,,1010.2,,1,,3.23,,5,2,ScCi,14,1944,,,36.7,,29.9,24.8,22,21.4
108,서울,2018-06-15 15:00,26.7,,,9,1.6,,110,,40,,13.9,11.9,1000.5,,1010.2,,1,,2.42,,7,7,Sc,15,1995,,,35.5,,29.7,25.7,22.4,21.5
108,서울,2018-06-15 16:00,26.5,,,9,1.6,,70,,45,,15.5,13.5,1000.3,,1010,,.9,,1.91,,8,8,Sc,15,2000,,,31.8,,29.6,26.1,22.9,21.7
108,서울,2018-06-15 17:00,26.1,,,9,1.4,,90,,45,,15.2,13.2,1000.1,,1009.8,,.6,,1.26,,8,8,Sc,15,2000,,,29.7,,28.3,26.2,23.3,21.9
108,서울,2018-06-15 18:00,25.9,,,9,1.5,,70,,44,,14.7,12.7,1000.3,,1010,,1,,1.36,,6,6,Sc,15,2000,,,26.5,,27.5,26.1,23.6,22.1
108,서울,2018-06-15 19:00,24.3,,,9,1.5,,90,,48,,14.5,12.5,1000.5,,1010.2,,1,,.59,,,1,,,2000,,,23.6,,25.8,25.8,23.7,22.3
108,서울,2018-06-15 20:00,22.6,,,9,1.3,,90,,51,,13.9,11.9,1001.4,,1011.2,,0,,.06,,,3,,17,2000,,,21.3,,24.2,25.2,23.8,22.4
108,서울,2018-06-15 21:00,21.4,,,9,1.5,,70,,54,,13.7,11.6,1002.5,,1012.4,,,9,,9,2,2,Sc,18,2000,,,19.7,,23,24.5,23.7,22.5
108,서울,2018-06-15 22:00,20.4,,,9,1.4,,110,,54,,12.9,10.7,1002.9,,1012.8,,,9,,9,,,,,2000,,,18.6,,22,23.9,23.6,22.6
108,서울,2018-06-15 23:00,19.6,,,9,1.4,,90,,55,,12.5,10.3,1002.7,,1012.6,,,9,,9,,0,,,2000,,,17.7,,21.2,23.2,23.4,22.6
108,서울,2018-06-16 00:00,19,,,9,1.6,,90,,57,,12.4,10.2,1002.9,,1012.8,,,9,,9,0,0,,,2000,,,17.1,,20.5,22.7,23.2,22.6
108,서울,2018-06-16 01:00,18.4,,,,1.3,,110,,59,,12.4,10.2,1003.1,,1013.1,,,9,,9,,0,,,2000,,,16.6,,20,22.2,23,22.6
108,서울,2018-06-16 02:00,17.9,,,,.8,,110,,60,,12.3,10,1003.1,,1013.1,,,9,,9,,0,,,2000,,,16.2,,19.5,21.8,22.7,22.5
108,서울,2018-06-16 03:00,17.4,,,,1.2,,90,,61,,12,9.7,1002.8,,1012.8,,,9,,9,0,0,,,2000,,,15.7,,19,21.4,22.5,22.5
108,서울,2018-06-16 04:00,16.9,,,,1,,70,,63,,12.1,9.8,1002.9,,1013,,,9,,9,0,0,,,2000,,,15.4,,18.6,21,22.3,22.4
108,서울,2018-06-16 05:00,16.6,,,,1.2,,90,,65,,12.2,9.9,1003.1,,1013.2,,,9,,9,0,0,,,2000,,,15.1,,18.3,20.7,22,22.3
108,서울,2018-06-16 06:00,16.3,,,,.7,,70,,66,,12.2,9.9,1003.5,,1013.6,,0,,.05,,0,0,,,2000,,,15.3,,18,20.4,21.8,22.2
108,서울,2018-06-16 07:00,17,,,,1.1,,90,,60,,11.6,9.1,1003.9,,1014,,.6,,.47,,0,0,,,1993,,,16.2,,18.1,20.1,21.6,22.1
108,서울,2018-06-16 08:00,18.7,,,,1,,110,,57,,12.2,9.9,1003.9,,1013.9,,1,,1.05,,0,0,,,1956,,,20.3,,19.1,20,21.4,21.9
108,서울,2018-06-16 09:00,20.4,,,,1.5,,70,,54,,12.9,10.7,1004,,1014,,1,,1.88,,0,0,,,2000,,,26.2,,20.9,20.2,21.2,21.8
108,서울,2018-06-16 10:00,21.8,,,,.9,,160,,46,,11.9,9.6,1004,,1013.9,,1,,2.46,,7,7,Sc,14,1927,,,32.4,,23.3,20.9,21.1,21.6
108,서울,2018-06-16 11:00,23.4,,,,1.6,,140,,46,,13.2,11.1,1003.7,,1013.5,,1,,2.96,,0,0,,,1954,,,37.1,,25.9,21.9,21.2,21.6
108,서울,2018-06-16 12:00,24.8,,,,1.2,,140,,43,,13.4,11.3,1003.2,,1013,,1,,3.27,,1,0,Ci,,1943,,,40.3,,28.3,23.2,21.4,21.5
108,서울,2018-06-16 13:00,26.2,,,,1.2,,360,,37,,12.5,10.3,1002.5,,1012.2,,1,,3.36,,3,1,ScCi,10,1936,,,42.7,,30.3,24.5,21.8,21.6
108,서울,2018-06-16 14:00,27.1,,,,1.8,,270,,40,,14.3,12.3,1001.7,,1011.4,,1,,3.26,,6,2,ScCi,10,1779,,,43,,31.6,25.7,22.3,21.6
108,서울,2018-06-16 15:00,27.8,,,,1.6,,290,,41,,15.3,13.3,1001,,1010.6,,1,,2.89,,4,2,ScCi,10,1851,,,43.2,,32.1,26.7,22.8,21.8
108,서울,2018-06-16 16:00,28.3,,,,2.6,,340,,41,,15.7,13.7,1000.5,,1010.1,,1,,2.58,,2,1,ScCi,10,1852,,,41.2,,32.3,27.5,23.4,21.9
108,서울,2018-06-16 17:00,28.4,,,,2,,290,,43,,16.6,14.6,1000.1,,1009.7,,1,,1.93,,1,1,Sc,10,1806,,,37.5,,31.6,27.9,23.9,22.1
108,서울,2018-06-16 18:00,28,,,,2.3,,290,,46,,17.3,15.2,999.8,,1009.4,,1,,1.23,,0,0,,,1833,,,29.8,,29.9,28,24.3,22.4
108,서울,2018-06-16 19:00,27.2,,,,1.4,,320,,48,,17.3,15.2,1000,,1009.7,,1,,.57,,,0,,,1994,,,26.8,,28,27.6,24.6,22.6
108,서울,2018-06-16 20:00,25,,,,2.4,,270,,60,,18.9,16.6,1000.4,,1010.2,,.4,,.1,,,0,,,1773,,,23.5,,26.3,26.9,24.7,22.8
108,서울,2018-06-16 21:00,23.7,,,,1.7,,200,,64,,18.6,16.4,1000.8,,1010.5,,,9,,9,0,0,,,1707,,,21.9,,24.9,26.2,24.7,23
108,서울,2018-06-16 22:00,22.8,,,,1.7,,270,,69,,19.1,16.8,1001.4,,1011.2,,,9,,9,,0,,,1656,,,20.7,,23.9,25.5,24.6,23.1
108,서울,2018-06-16 23:00,22.1,,,,1.6,,250,,73,,19.4,17,1001.5,,1011.3,,,9,,9,,0,,,1180,,,19.9,,23.2,24.8,24.4,23.2
108,서울,2018-06-17 00:00,21.5,,,,1.4,,290,,76,,19.4,17,1001.3,,1011.2,,,9,,9,1,0,Ci,,1015,,,19.3,,22.5,24.3,24.2,23.2
108,서울,2018-06-17 01:00,20.9,,,,2,,270,,79,,19.5,17.1,1001.5,,1011.4,,,9,,9,,0,,,932,,19,18.7,,21.9,23.8,24,23.2
108,서울,2018-06-17 02:00,20.5,,,,1.1,,270,,76,,18.3,16.1,1001.5,,1011.4,,,9,,9,,0,,,994,,19,18.2,,21.5,23.3,23.8,23.2
108,서울,2018-06-17 03:00,19.9,,,,1.6,,270,,80,,18.5,16.3,1001.4,,1011.4,,,9,,9,3,0,Ci,,741,,19,17.9,,21,22.9,23.6,23.1
108,서울,2018-06-17 04:00,19.4,,,,.9,,270,,82,,18.4,16.2,1001.4,,1011.3,,,9,,9,4,0,Ci,,531,,19,17.4,,20.6,22.6,23.3,23
108,서울,2018-06-17 05:00,19,,,,.8,,290,,85,,18.6,16.4,1001.6,,1011.5,,,9,,9,1,0,Ci,,567,,19,16.9,,20.2,22.2,23.1,22.9
108,서울,2018-06-17 06:00,18.9,,,,.3,,0,,83,,18.1,15.9,1001.8,,1011.7,,0,,.05,,7,0,Ci,,576,,19,17.3,,19.9,22,22.9,22.9
108,서울,2018-06-17 07:00,19.6,,,,.9,,20,,75,,17,15,1002.1,,1012,,.2,,.42,,8,0,Ci,,884,,19,20.4,,20.3,21.7,22.7,22.7
108,서울,2018-06-17 08:00,21.1,,,,.3,,0,,70,,17.5,15.4,1002.1,,1012,,.5,,.9,,9,0,Cs,,766,,4019,23.9,,21.6,21.7,22.5,22.6
108,서울,2018-06-17 09:00,22.5,,,,1.2,,50,,66,,17.9,15.8,1002.1,,1011.9,,0,,.97,,9,0,Cs,,605,,4019,25.5,,23,22,22.4,22.5
108,서울,2018-06-17 10:00,23,,,,1.1,,110,,66,,18.4,16.2,1001.5,,1011.3,,0,,.83,,9,0,Cs,,516,,40,26.3,,23.6,22.5,22.3,22.4
108,서울,2018-06-17 11:00,23.6,,,,.7,,70,,63,,18.3,16.1,1000.8,,1010.5,,0,,.93,,9,0,Cs,,523,,40,28.3,,24.1,22.8,22.4,22.4
108,서울,2018-06-17 12:00,24.8,,,,.9,,160,,56,,17.5,15.4,1000.6,,1010.4,,.2,,1.57,,8,0,Ci,,530,,40,31.1,,25.6,23.3,22.5,22.3
108,서울,2018-06-17 13:00,25.7,,,,1.1,,140,,52,,17,15,999.7,,1009.4,,.1,,1.81,,8,0,Ci,,639,,40,33,,26.9,23.9,22.6,22.3
108,서울,2018-06-17 14:00,26.8,,,,1.6,,250,,44,,15.5,13.5,999.9,,1009.6,,.4,,2.01,,7,0,Ci,,760,,40,39.1,,27.9,24.5,22.8,22.3
108,서울,2018-06-17 15:00,27.3,,,,2.6,,290,,51,,18.4,16.2,999.6,,1009.2,,.9,,2.4,,8,0,Ci,,598,,40,36.3,,29.7,25.3,23,22.4
108,서울,2018-06-17 16:00,26.6,,,,2.2,,320,,51,,17.7,15.6,998.8,,1008.5,,.1,,1.27,,8,0,Ci,,809,,40,32.3,,29,26,23.3,22.5
108,서울,2018-06-17 17:00,25.6,,,,3.3,,290,,58,,19,16.7,999,,1008.7,,0,,.66,,9,0,Ci,,865,,40,28.9,,27.8,26.2,23.7,22.6
108,서울,2018-06-17 18:00,25,,,,3.4,,290,,59,,18.6,16.4,998.9,,1008.6,,0,,.54,,9,0,Ci,,1324,,40,27.6,,26.7,26,23.9,22.7
108,서울,2018-06-17 19:00,24.2,,,,1.9,,320,,62,,18.6,16.4,998.9,,1008.6,,0,,.39,,,6,,,1225,,,24.9,,25.9,25.7,24,22.8
108,서울,2018-06-17 20:00,23.1,,,,2.1,,270,,67,,18.9,16.6,999.2,,1009,,0,,.03,,,,,63,1060,,,22,,24.6,25.3,24.1,22.9
108,서울,2018-06-17 21:00,22.7,,,,.9,,270,,66,,18.2,16,999.2,,1009,,,9,,9,9,0,Ci,,1069,,,21.4,,23.7,24.8,24,23
108,서울,2018-06-17 22:00,22.2,,,,.5,,360,,70,,18.6,16.4,999.1,,1008.9,,,9,,9,,5,,58,1056,,,20.7,,23.1,24.3,23.9,23.1
108,서울,2018-06-17 23:00,21.7,,,,1.4,,290,,74,,19.1,16.8,999.1,,1008.9,,,9,,9,,9,,,920,,40,19.9,,22.5,23.9,23.8,23
108,서울,2018-06-18 00:00,21.3,,,,1.4,,290,,74,,18.6,16.4,998.8,,1008.7,,,9,,9,9,0,,,963,,40,19.7,,22.1,23.5,23.6,23
108,서울,2018-06-18 01:00,21,,,,.5,,360,,74,,18.3,16.1,998.5,,1008.4,,,9,,9,,9,,,990,,40,18.9,,21.7,23.2,23.5,23
108,서울,2018-06-18 02:00,20.7,,,,.3,,0,,76,,18.5,16.3,998.2,,1008.1,,,9,,9,,9,,49,920,,40,19.2,,21.4,22.8,23.3,23
108,서울,2018-06-18 03:00,20.5,,,,.5,,20,,77,,18.5,16.3,997.9,,1007.8,,,9,,9,9,0,Ci,,865,,40,18.9,,21.2,22.6,23.1,22.9
108,서울,2018-06-18 04:00,20.2,,,,.7,,20,,78,,18.4,16.2,997.8,,1007.7,,,9,,9,9,0,Ci,,884,,40,18.6,,20.9,22.4,22.9,22.8
108,서울,2018-06-18 05:00,20,,,,.3,,0,,80,,18.6,16.4,998,,1007.9,,,9,,9,9,0,Ci,,824,,4019,18.3,,20.7,22.1,22.8,22.8
108,서울,2018-06-18 06:00,20,,,,.4,,0,,78,,18.2,16,998.4,,1008.3,,0,,.05,,9,2,AcCi,35,752,,19,19.2,,20.5,21.9,22.7,22.7
108,서울,2018-06-18 07:00,20.6,,,,.5,,360,,76,,18.4,16.2,998.4,,1008.3,,0,,.3,,8,3,AcCi,35,786,,19,20.6,,20.9,21.8,22.5,22.6
108,서울,2018-06-18 08:00,22.7,,,,.7,,70,,65,,17.8,15.7,998.2,,1008,,.9,,1.05,,5,5,Ac,35,759,,4019,26.7,,22,21.8,22.3,22.5
108,서울,2018-06-18 09:00,24.7,,,,1.1,,230,,59,,18.3,16.1,998.1,,1007.8,,1,,1.8,,8,0,Cc,,616,,40,32.5,,24.2,22.2,22.2,22.4
108,서울,2018-06-18 10:00,26.1,,,,.9,,270,,53,,17.8,15.7,997.8,,1007.5,,1,,2.14,,8,0,Cc,,554,,40,36,,26.3,23,22.3,22.3
108,서울,2018-06-18 11:00,27.3,,,,2.4,,290,,45,,16.3,14.3,997.5,,1007.1,,1,,2.84,,2,0,Ci,,846,,40,41.4,,28.8,24,22.4,22.3
108,서울,2018-06-18 12:00,28.4,,,,2.2,,250,,45,,17.4,15.3,997.1,,1006.7,,1,,2.92,,3,3,Sc,15,649,,40,44.3,,30.6,25.3,22.7,22.3
108,서울,2018-06-18 13:00,29.4,,,,1.7,,290,,42,,17.2,15.1,996.4,,1005.9,,1,,3.1,,3,3,Sc,9,689,,40,46.1,,32.5,26.5,23.1,22.3
108,서울,2018-06-18 14:00,29.8,,,,2,,290,,36,,15.1,13.1,995.9,,1005.5,,1,,2.63,,3,1,ScCi,17,1382,,40,44.3,,33.1,27.6,23.6,22.4
108,서울,2018-06-18 15:00,30.5,,,,2.8,,200,,34,,14.8,12.8,995.7,,1005.2,,1,,2.87,,0,0,,,1590,,,48.3,,33.8,28.5,24.2,22.6
108,서울,2018-06-18 16:00,30.5,,,,2.9,,290,,34,,14.8,12.8,995.6,,1005.1,,1,,2.51,,2,0,Ci,,1830,,,45.6,,33.9,29.1,24.6,22.8
108,서울,2018-06-18 17:00,29.5,,,,3.7,,320,,36,,14.8,12.8,995.4,,1004.9,,1,,1.94,,0,0,,,1786,,,40.5,,33.1,29.5,25.1,23
108,서울,2018-06-18 18:00,29.2,,,,2.7,,290,,35,,14.1,12.1,995.1,,1004.6,,1,,1.27,,0,0,,,1900,,,31,,31.3,29.4,25.5,23.3
108,서울,2018-06-18 19:00,28.1,,,,2.6,,290,,38,,14.4,12.4,995.4,,1005,,1,,.63,,,0,,,2000,,,27.7,,29.1,28.9,25.8,23.5
108,서울,2018-06-18 20:00,25.7,,,,2.1,,290,,43,,14.1,12.1,995.9,,1005.6,,.7,,.12,,,0,,,2000,,,24,,27.3,28.1,25.9,23.7
108,서울,2018-06-18 21:00,23.8,,,,2,,290,,48,,14.1,12.1,996.4,,1006.1,,,9,,9,0,0,,,2000,,,22,,25.7,27.3,25.8,23.9
108,서울,2018-06-18 22:00,22.9,,,,1.3,,250,,56,,15.6,13.6,996.9,,1006.6,,,9,,9,,0,,,1927,,,20.8,,24.5,26.5,25.6,24
108,서울,2018-06-18 23:00,22.3,,,,1.1,,320,,59,,15.8,13.8,996.7,,1006.5,,,9,,9,,,,,1892,,,20,,23.6,25.7,25.4,24
108,서울,2018-06-19 00:00,21.5,,,,1,,290,,63,,16.1,14.1,996.2,,1006,,,9,,9,0,0,,,1740,,,19.2,,22.9,25.1,25.1,24
108,서울,2018-06-19 01:00,20.9,,,,.8,,290,,66,,16.3,14.3,995.7,,1005.5,,,9,,9,,0,,,1528,,,18.6,,22.3,24.5,24.8,24
108,서울,2018-06-19 02:00,20.2,,,,1.2,,290,,71,,16.7,14.7,995.5,,1005.4,,,9,,9,,0,,,1414,,,18.2,,21.7,24,24.6,23.9
108,서울,2018-06-19 03:00,19.9,,,,1.4,,290,,69,,16,14,995.3,,1005.2,,,9,,9,4,0,Ci,,1179,,,17.9,,21.3,23.6,24.3,23.9
108,서울,2018-06-19 04:00,19.7,,,,1.6,,270,,73,,16.7,14.7,995.7,,1005.5,,,9,,9,7,0,Ci,,848,,40,17.6,,21,23.2,24.1,23.8
108,서울,2018-06-19 05:00,19.4,,,,.8,,320,,77,,17.3,15.2,995.6,,1005.4,,,9,,9,7,0,Ci,,831,,40,17.2,,20.7,22.9,23.8,23.7
108,서울,2018-06-19 06:00,19.1,,,,.4,,0,,75,,16.5,14.5,995.4,,1005.3,,0,,.08,,7,0,Ci,,1039,,40,18.4,,20.4,22.5,23.6,23.6
108,서울,2018-06-19 07:00,19.9,,,,.6,,20,,72,,16.6,14.6,995.3,,1005.2,,0,,.32,,9,0,Ci,,840,,40,20.8,,20.9,22.3,23.4,23.5
108,서울,2018-06-19 08:00,21.1,,,,1,,20,,66,,16.4,14.4,995.5,,1005.3,,0,,.62,,9,0,Ci,,797,,40,24,,21.9,22.3,23.1,23.3
108,서울,2018-06-19 09:00,22.4,,,,.9,,270,,62,,16.7,14.7,995.9,,1005.7,,0,,.93,,9,0,Ci,,761,,40,27.5,,23.1,22.6,23,23.2
108,서울,2018-06-19 10:00,23.7,,,,1.6,,200,,56,,16.3,14.3,995.9,,1005.6,,0,,1.34,,9,0,Ci,,1074,,40,31.1,,24.6,23,22.9,23.1
108,서울,2018-06-19 11:00,24.6,,,,1.4,,250,,53,,16.3,14.3,995.7,,1005.3,,.2,,1.67,,8,0,Ci,,1472,,,35.6,,26.1,23.6,23,23
108,서울,2018-06-19 12:00,25.8,,,,1.5,,180,,48,,15.9,13.9,995.1,,1004.8,,.7,,2.31,,10,0,Cs,,1487,,,39.1,,28.1,24.4,23.1,22.9
108,서울,2018-06-19 13:00,26.6,,,,2.9,,230,,46,,16,14,994.9,,1004.5,,.8,,2.31,,9,2,ScCi,15,1482,,,42.9,,29.4,25.4,23.3,22.9
108,서울,2018-06-19 14:00,27.2,,,,2.9,,230,,44,,15.8,13.8,994.4,,1004,,1,,2.59,,8,2,ScCc,10,1377,,,44.3,,30.7,26.3,23.6,23
108,서울,2018-06-19 15:00,26.7,,,,2.6,,250,,42,,14.7,12.7,994.1,,1003.7,,.4,,1.89,,9,0,Ci,,1634,,,38.7,,30.6,27,24,23
108,서울,2018-06-19 16:00,26.1,,,,3,,250,,46,,15.5,13.5,993.8,,1003.4,,0,,1.55,,9,0,Ci,,1728,,,36.9,,30.1,27.4,24.4,23.1
108,서울,2018-06-19 17:00,25.1,,,,2.4,,250,,51,,16.2,14.2,993.7,,1003.4,,0,,1.15,,10,10,As,30,1714,,,32.1,,29.2,27.5,24.7,23.3
108,서울,2018-06-19 18:00,24.1,,,,2.9,,250,,57,,17,15,993.6,,1003.3,,0,,.56,,10,10,As,30,1301,,,28.3,,27.9,27.3,24.9,23.4
108,서울,2018-06-19 19:00,23.3,,,,2.6,,270,,59,,16.8,14.8,993.9,,1003.6,,0,,.28,,,0,,,1214,,,25.2,,26.7,26.9,25,23.6
108,서울,2018-06-19 20:00,22.4,,,,2.2,,250,,62,,16.7,14.7,994.3,,1004.1,,0,,.05,,,0,,,1041,,,22.7,,25.5,26.4,25,23.7
108,서울,2018-06-19 21:00,21.6,,,,2.4,,250,,66,,16.9,14.9,994.5,,1004.3,,,9,,9,9,4,AcCi,46,962,,40,21.6,,24.4,25.8,25,23.7
108,서울,2018-06-19 22:00,20.8,,,,2.1,,290,,71,,17.4,15.3,994.9,,1004.7,,,9,,9,,6,,51,800,,40,20.4,,23.6,25.2,24.8,23.8
108,서울,2018-06-19 23:00,20.1,,,,1.9,,290,,73,,17.2,15.1,994.9,,1004.8,,,9,,9,,2,,37,771,,40,19.8,,23,24.7,24.6,23.8
108,서울,2018-06-20 00:00,19.7,,,,2,,270,,71,,16.2,14.2,994.5,,1004.3,,,9,,9,7,7,Ac,35,1330,,40,19.2,,22.4,24.2,24.5,23.8
108,서울,2018-06-20 01:00,19.6,,,,1.4,,270,,73,,16.6,14.6,994.1,,1003.9,,,9,,9,,7,,,958,,40,19.9,,22.1,23.9,24.2,23.7
108,서울,2018-06-20 02:00,19.6,,,,.8,,270,,78,,17.7,15.6,993.8,,1003.6,,,9,,9,,2,,4,662,,40,19.1,,21.9,23.5,24,23.7
108,서울,2018-06-20 03:00,19.4,,,,.8,,320,,79,,17.7,15.6,993.8,,1003.6,,,9,,9,8,8,Sc,8,563,,40,19.1,,21.6,23.2,23.9,23.6
108,서울,2018-06-20 04:00,19.1,,,,1.5,,290,,82,,18.1,15.9,993.7,,1003.5,,,9,,9,9,9,Sc,13,471,,4019,18.2,,21.1,23,23.7,23.6
108,서울,2018-06-20 05:00,19.1,,,,2,,290,,83,,18.3,16.1,993.8,,1003.6,,,9,,9,8,8,Sc,10,457,,19,18.4,,21,22.7,23.5,23.5
108,서울,2018-06-20 06:00,19.4,,,,1.6,,290,,83,,18.6,16.4,994.3,,1004.1,,0,,.03,,9,9,Sc,7,448,,19,19.9,,21.1,22.5,23.3,23.3
108,서울,2018-06-20 07:00,20,,,,1.7,,290,,77,,17.9,15.8,994.1,,1004,,.3,,.29,,7,7,Sc,7,595,,19,21.5,,21.4,22.4,23.1,23.2
108,서울,2018-06-20 08:00,20.6,,,,1.2,,320,,77,,18.6,16.4,994.3,,1004.2,,.1,,.53,,9,9,Sc,8,566,,19,23.8,,22.1,22.4,23,23.2
108,서울,2018-06-20 09:00,21.1,,,,2,,270,,73,,18.2,16,994.6,,1004.4,,0,,.43,,9,9,Sc,4,623,,19,25,,22.6,22.6,22.9,23.1
108,서울,2018-06-20 10:00,22.2,,,,3.1,,320,,70,,18.6,16.4,994.7,,1004.5,,.5,,1.44,,8,8,Sc,9,740,,4019,31,,24.1,22.8,22.9,23
108,서울,2018-06-20 11:00,23.7,,,,2.4,,290,,56,,16.3,14.3,994.5,,1004.2,,.9,,2.33,,4,4,Sc,8,1070,,40,42,,26.3,23.4,22.8,22.9
108,서울,2018-06-20 12:00,25.2,,,,3.3,,290,,53,,16.9,14.9,994.2,,1003.9,,1,,3.38,,3,1,ScCi,10,976,,40,47.7,,29.9,24.5,23,22.9
108,서울,2018-06-20 13:00,26.2,,,,3.2,,320,,51,,17.3,15.2,993.6,,1003.2,,1,,3.36,,3,0,Ci,,1078,,40,50.3,,32.1,26,23.3,22.8
108,서울,2018-06-20 14:00,27.5,,,,2.7,,270,,47,,17.2,15.1,992.8,,1002.4,,1,,3.24,,2,0,Ci,,990,,40,51.2,,33.6,27.4,23.7,22.9
108,서울,2018-06-20 15:00,27.9,,,,3.6,,320,,45,,16.8,14.8,992.3,,1001.9,,1,,3.04,,2,0,Ci,,1558,,40,50,,34.4,28.5,24.2,23
108,서울,2018-06-20 16:00,28.2,,,,3.9,,290,,48,,18.3,16.1,992.3,,1001.8,,1,,2.55,,0,0,,,1103,,,46.4,,34.1,29.2,24.8,23.1
108,서울,2018-06-20 17:00,28,,,,3.2,,290,,50,,18.9,16.6,992.3,,1001.8,,1,,1.93,,1,0,Ci,,1137,,,41.8,,33.1,29.5,25.3,23.4
108,서울,2018-06-20 18:00,27,,,,3.1,,250,,55,,19.5,17.1,992.6,,1002.2,,1,,1.26,,1,0,Ci,,1246,,,31.6,,31.4,29.5,25.7,23.6
108,서울,2018-06-20 19:00,25.6,,,,2.7,,290,,61,,20,17.5,993.3,,1003,,1,,.6,,,0,,,1236,,,27.8,,29.3,29,25.9,23.8
108,서울,2018-06-20 20:00,23.3,,,,3.6,,290,,68,,19.4,17,993.7,,1003.4,,.4,,.11,,,0,,,895,,40,23.7,,27.5,28.3,26.1,24
108,서울,2018-06-20 21:00,21.6,,,,3.3,,270,,74,,19,16.7,994.5,,1004.3,,,9,,9,1,0,Ci,,758,,40,21.6,,26,27.6,26,24.2
108,서울,2018-06-20 22:00,20.6,,,,3,,270,,78,,18.9,16.6,995.1,,1005,,,9,,9,,0,,,684,,40,20.4,,24.8,26.8,25.9,24.3
108,서울,2018-06-20 23:00,20.1,,,,3.6,,270,,82,,19.2,16.9,995.6,,1005.5,,,9,,9,,8,,4,494,,4019,20.8,,24.1,26.1,25.7,24.3
108,서울,2018-06-21 00:00,20,,,,2.6,,270,,83,,19.4,17,995.8,,1005.7,,,9,,9,10,10,St,,547,,19,21.6,,23.8,25.5,25.4,24.3
108,서울,2018-06-21 01:00,20.1,,,,1.2,,270,,82,,19.2,16.9,995.8,,1005.7,,,9,,9,,,,3,582,,19,21.7,,23.7,25.1,25.2,24.3
108,서울,2018-06-21 02:00,20.2,,,,.9,,290,,82,,19.4,17,995.7,,1005.6,,,9,,9,,10,,3,575,,19,21.3,,23.5,24.8,24.9,24.3
108,서울,2018-06-21 03:00,20,,,,1.7,,270,,83,,19.4,17,995.7,,1005.6,,,9,,9,7,7,Sc,5,607,,19,19.8,,23.1,24.5,24.8,24.2
108,서울,2018-06-21 04:00,19.6,,,,1.2,,290,,87,,19.7,17.3,995.8,,1005.6,,,9,,9,8,8,Sc,5,465,,19,19.2,,22.5,24.2,24.6,24.1
108,서울,2018-06-21 05:00,19.4,,,,2.1,,270,,82,,18.4,16.2,996.1,,1005.9,,,9,,9,8,8,Sc,6,677,,19,19.5,,22.2,23.9,24.4,24.1
108,서울,2018-06-21 06:00,19.5,,,,1.6,,290,,80,,18.1,15.9,996.5,,1006.3,,0,,.04,,9,9,Sc,8,709,,19,20.5,,22.1,23.6,24.2,24
108,서울,2018-06-21 07:00,19.9,,,,1.7,,290,,74,,17.2,15.1,996.9,,1006.8,,0,,.21,,8,8,Sc,4,683,,19,22,,22.3,23.4,24,23.9
108,서울,2018-06-21 08:00,21.4,,,,1.9,,180,,65,,16.5,14.5,997.2,,1007,,.9,,1.15,,6,6,Sc,6,821,,4019,27.1,,23.1,23.3,23.8,23.7
108,서울,2018-06-21 09:00,22.7,,,,2,,340,,59,,16.2,14.2,997.3,,1007.1,,1,,1.77,,4,4,Sc,7,940,,40,35.1,,24.6,23.5,23.7,23.6
108,서울,2018-06-21 10:00,23.9,,,,2.1,,290,,57,,16.8,14.8,997.4,,1007.1,,1,,2.54,,1,1,Sc,7,977,,40,41.5,,27.1,24.2,23.6,23.5
108,서울,2018-06-21 11:00,25.5,,,,1.8,,270,,57,,18.5,16.3,997.1,,1006.8,,1,,3.01,,1,1,Sc,10,943,,40,47.4,,29.8,25.2,23.7,23.5
108,서울,2018-06-21 12:00,26.4,,,,1.4,,320,,46,,15.8,13.8,997,,1006.7,,1,,3.26,,1,1,Sc,11,1103,,40,51.5,,31.9,26.4,23.9,23.5
108,서울,2018-06-21 13:00,27.3,,,,3.4,,290,,33,,11.9,9.6,996.5,,1006.1,,1,,3.42,,1,1,Sc,10,1921,,,53,,33.7,27.7,24.3,23.5
108,서울,2018-06-21 14:00,28,,,,2.6,,290,,39,,14.7,12.7,996.5,,1006.1,,1,,3.14,,1,1,Sc,16,1833,,,50.6,,34.6,28.8,24.8,23.6
108,서울,2018-06-21 15:00,28.3,,,,3.2,,290,,40,,15.4,13.4,996.5,,1006.1,,1,,2.96,,0,0,,,1619,,,51.5,,34.8,29.6,25.3,23.7
108,서울,2018-06-21 16:00,28.5,,,,3.1,,270,,42,,16.3,14.3,996.3,,1005.9,,1,,2.62,,1,1,Sc,19,1622,,,48.9,,34.7,30.1,25.8,23.9
108,서울,2018-06-21 17:00,28.4,,,,3.3,,290,,43,,16.6,14.6,996.2,,1005.8,,1,,2.04,,1,1,Sc,19,1715,,,43.4,,34.1,30.4,26.2,24.1
108,서울,2018-06-21 18:00,27.8,,,,3,,290,,43,,16,14,996.3,,1005.9,,1,,1.35,,1,0,Ci,,1933,,,31.6,,32.3,30.4,26.5,24.3
108,서울,2018-06-21 19:00,26.9,,,,2.4,,290,,42,,14.8,12.8,996.8,,1006.4,,1,,.62,,,0,,,2000,,,28,,30.1,29.9,26.8,24.5
108,서울,2018-06-21 20:00,25.1,,,,2.3,,290,,55,,17.5,15.4,997.3,,1007,,.7,,.08,,,0,,,1779,,,24.2,,28.3,29.2,26.9,24.7
108,서울,2018-06-21 21:00,23.8,,,,1.5,,290,,63,,18.5,16.3,997.9,,1007.6,,,9,,9,0,0,,,1455,,,22.2,,26.8,28.4,26.8,24.8
108,서울,2018-06-21 22:00,22.8,,,,2.1,,290,,67,,18.5,16.3,998.5,,1008.3,,,9,,9,,0,,,1042,,,21.1,,25.7,27.6,26.6,24.9
108,서울,2018-06-21 23:00,21.9,,,,2.6,,290,,59,,15.5,13.5,998.9,,1008.7,,,9,,9,,0,,,1188,,,20,,24.8,26.9,26.4,25
108,서울,2018-06-22 00:00,20.7,,,,1.9,,290,,67,,16.3,14.3,999.2,,1009.1,,,9,,9,2,0,Ci,,885,,40,19,,24,26.2,26.2,25
108,서울,2018-06-22 01:00,20.2,,,,1.4,,320,,75,,17.7,15.6,999.3,,1009.2,,,9,,9,,0,,,525,,40,18.4,,23.3,25.7,25.9,25
108,서울,2018-06-22 02:00,19.8,,,,1.5,,250,,80,,18.4,16.2,999.3,,1009.2,,,9,,9,,0,,,370,,4019,18.2,,22.8,25.2,25.7,24.9
108,서울,2018-06-22 03:00,19.3,,,,1.6,,270,,85,,19,16.7,999.4,,1009.3,,,9,,9,0,0,,,345,,19,17.5,,22.3,24.7,25.4,24.8
108,서울,2018-06-22 04:00,19.1,,,,1.4,,270,,86,,18.9,16.6,999.7,,1009.6,,,9,,9,0,0,,,322,,19,17,,21.8,24.3,25.1,24.7
108,서울,2018-06-22 05:00,18.6,,,,1,,20,,85,,18.2,16,1000,,1009.9,,,9,,9,0,0,,,384,,19,16.4,,21.3,23.9,24.9,24.6
108,서울,2018-06-22 06:00,18.2,,,,.6,,20,,83,,17.3,15.2,1000,,1010,,0,,.06,,2,0,Ci,,448,,19,16.7,,20.9,23.6,24.6,24.5
108,서울,2018-06-22 07:00,18.8,,,,1.1,,20,,66,,14.3,12.3,1000.1,,1010,,.6,,.46,,3,0,Ci,,814,,4019,18.3,,20.9,23.2,24.4,24.4
108,서울,2018-06-22 08:00,21.9,,,,1.2,,50,,58,,15.2,13.2,1000.1,,1009.9,,1,,1.29,,2,0,Ci,,771,,40,24.7,,22.2,23,24.1,24.2
108,서울,2018-06-22 09:00,24.2,,,,1.2,,50,,47,,14.1,12.1,999.9,,1009.6,,1,,1.94,,2,0,Ci,,822,,40,33.2,,24.3,23.3,23.9,24
108,서울,2018-06-22 10:00,26.3,,,,.9,,90,,34,,11.6,9.1,999.6,,1009.3,,1,,2.57,,2,0,Ci,,1792,,40,41,,27.1,24,23.8,23.9
108,서울,2018-06-22 11:00,28.1,,,,1.3,,70,,35,,13.2,11.1,999.3,,1008.9,,1,,3.02,,3,0,Ci,,1608,,,46.8,,30,25.2,23.9,23.8
108,서울,2018-06-22 12:00,29.8,,,,1.3,,250,,28,,11.7,9.3,998.7,,1008.3,,1,,3.21,,7,0,Ci,,1777,,,51,,32.4,26.5,24.1,23.8
108,서울,2018-06-22 13:00,30.6,,,,1.2,,140,,26,,11.4,8.9,997.8,,1007.3,,1,,3.17,,8,0,Ci,,1792,,,53.6,,34,27.8,24.5,23.8
108,서울,2018-06-22 14:00,31.6,,,,2.3,,200,,25,,11.6,9.1,996.9,,1006.4,,1,,3.21,,8,0,Ci,,1780,,,53.9,,35.2,29,25,23.9
108,서울,2018-06-22 15:00,31.9,,,,1.8,,290,,23,,10.8,8.1,996.6,,1006.1,,1,,2.57,,8,0,Ci,,1977,,,49.1,,35.3,29.8,25.5,24
108,서울,2018-06-22 16:00,30.8,,,,3.8,,270,,31,,13.7,11.7,996.5,,1006,,1,,2.17,,7,0,Ci,,1246,,,46.6,,34.6,30.3,26,24.2
108,서울,2018-06-22 17:00,30.4,,,,2.9,,290,,28,,12.1,9.8,996.3,,1005.8,,1,,1.9,,7,0,Ci,,1834,,,43.6,,33.8,30.4,26.4,24.4
108,서울,2018-06-22 18:00,29.3,,,,3.4,,290,,27,,10.9,8.3,996.6,,1006.1,,1,,1.24,,7,0,Ci,,1977,,,33.6,,32.2,30.4,26.7,24.6
108,서울,2018-06-22 19:00,27.1,,,,3.5,,290,,32,,11.4,8.9,997,,1006.6,,.8,,.52,,,0,,,2000,,,28.6,,30.1,29.9,26.9,24.8
108,서울,2018-06-22 20:00,25.4,,,,2.5,,320,,31,,10,7,997.5,,1007.2,,0,,.07,,,0,,,2000,,,24.7,,28.4,29.2,27,25
108,서울,2018-06-22 21:00,24.2,,,,1.5,,320,,32,,9.6,6.4,997.8,,1007.5,,,9,,9,6,0,Ci,,2000,,,22.5,,26.9,28.4,27,25.1
108,서울,2018-06-22 22:00,23.3,,,,1.1,,340,,32,,9.1,5.6,998.1,,1007.8,,,9,,9,,0,,,2000,,,21.4,,25.7,27.7,26.8,25.2
108,서울,2018-06-22 23:00,22.9,,,,1.1,,290,,34,,9.4,6.1,997.8,,1007.6,,,9,,9,,0,,,1810,,,21.1,,24.8,26.9,26.6,25.2
108,서울,2018-06-23 00:00,22.7,,,,1.5,,250,,36,,9.9,6.8,997.6,,1007.4,,,9,,9,9,0,Ci,,2000,,,20.8,,24.3,26.3,26.3,25.2
108,서울,2018-06-23 01:00,22.5,,,,1.1,,290,,39,,10.6,7.8,997.3,,1007.1,,,9,,9,,5,,73,2000,,,20.8,,23.9,25.9,26,25.2
108,서울,2018-06-23 02:00,22.3,,,,1.8,,270,,37,,9.9,6.8,996.9,,1006.7,,,9,,9,,9,,70,2000,,,20.7,,23.6,25.5,25.8,25.1
108,서울,2018-06-23 03:00,22,,,,.2,,0,,42,,11,8.4,996.2,,1006,,,9,,9,9,0,Ci,,1891,,,20.5,,23.3,25.1,25.6,25
108,서울,2018-06-23 04:00,21.6,,,,.4,,0,,47,,12,9.7,995.5,,1005.3,,,9,,9,9,0,Ci,,1985,,,20.2,,23,24.8,25.3,24.9
108,서울,2018-06-23 05:00,21.1,,,,.3,,0,,48,,11.9,9.6,995.4,,1005.2,,,9,,9,9,2,AcCi,35,2000,,,19.7,,22.7,24.5,25.2,24.8
108,서울,2018-06-23 06:00,21,,,,.6,,110,,48,,11.9,9.5,995.4,,1005.2,,0,,.01,,9,0,Ci,,2000,,,20.2,,22.4,24.3,24.9,24.7
108,서울,2018-06-23 07:00,21.3,,,,.5,,90,,44,,11.1,8.5,995,,1004.8,,0,,.2,,9,3,AcCi,35,1911,,,22.3,,22.6,24.1,24.8,24.7
108,서울,2018-06-23 08:00,22.6,,,,.7,,110,,42,,11.5,9,995.3,,1005,,0,,.62,,9,0,Ci,,1887,,,26.6,,23.4,24,24.6,24.5
108,서울,2018-06-23 09:00,24.3,,,,1.1,,200,,37,,11.2,8.6,995.4,,1005.1,,.7,,1.31,,9,0,Ci,,1939,,,30.4,,24.8,24.1,24.4,24.4
108,서울,2018-06-23 10:00,25.8,,,,1.5,,200,,35,,11.6,9.1,995,,1004.7,,.8,,1.66,,9,0,Ci,,1900,,,37.3,,26.2,24.6,24.3,24.3
108,서울,2018-06-23 11:00,27.5,,,,1.9,,230,,31,,11.3,8.8,994.2,,1003.8,,1,,2.7,,9,0,Ci,,1841,,,45.5,,28.7,25.2,24.3,24.2
108,서울,2018-06-23 12:00,28.4,,,,2.7,,250,,31,,11.9,9.6,994,,1003.5,,1,,2.93,,9,0,Ci,,1849,,,45.6,,31.1,26.2,24.5,24.2
108,서울,2018-06-23 13:00,27.9,,,,3.9,,270,,41,,15.4,13.4,993.7,,1003.3,,.6,,2.08,,9,0,Ci,,1649,,,44.8,,31.2,27.2,24.8,24.1
108,서울,2018-06-23 14:00,28,,,,3.6,,290,,46,,17.3,15.2,993.5,,1003.1,,1,,2.88,,9,0,Ci,,1401,,,45.5,,32.8,27.9,25.1,24.2
108,서울,2018-06-23 15:00,28.4,,,,3.1,,270,,43,,16.6,14.6,993.3,,1002.8,,1,,2.65,,9,0,Ci,,1337,,,48.2,,33.3,28.6,25.4,24.3
108,서울,2018-06-23 16:00,28.3,,,,3.1,,230,,48,,18.4,16.2,993,,1002.5,,1,,2.41,,6,0,Ci,,1232,,,46.2,,33.6,29.2,25.8,24.4
108,서울,2018-06-23 17:00,28.1,,,,3.2,,290,,49,,18.5,16.3,993.1,,1002.6,,1,,1.62,,7,0,Ci,,1117,,,40.8,,32.8,29.6,26.1,24.5
108,서울,2018-06-23 18:00,26.3,,,,3.2,,290,,55,,18.8,16.5,993.2,,1002.8,,.4,,.64,,8,0,Ci,,1119,,,32.1,,31,29.6,26.4,24.7
108,서울,2018-06-23 19:00,25.7,,,,2.8,,270,,59,,19.4,17,993.7,,1003.4,,0,,.38,,,1,,,1083,,,28.8,,29.6,29.2,26.6,24.8
108,서울,2018-06-23 20:00,24.6,,,,2.1,,270,,65,,20,17.5,994.3,,1003.9,,0,,.1,,,0,,,1018,,,25.3,,28.2,28.7,26.7,25
108,서울,2018-06-23 21:00,23.8,,,,2.2,,250,,68,,20,17.5,994.9,,1004.6,,,9,,9,5,0,Ci,,694,,40,23.6,,27,28.1,26.6,25.1
108,서울,2018-06-23 22:00,23,,,,2.4,,230,,74,,20.8,18.1,995.5,,1005.2,,,9,,9,,,,9,473,,40,22.6,,26.1,27.5,26.6,25.1
108,서울,2018-06-23 23:00,22.5,,,,2.7,,230,,77,,20.9,18.2,995.7,,1005.5,,,9,,9,,8,,,396,,40,21.9,,25.4,26.9,26.4,25.2
108,서울,2018-06-24 00:00,22,,,,1.6,,270,,81,,21.3,18.5,995.7,,1005.5,,,9,,9,6,6,St,,374,,4019,21.2,,24.8,26.4,26.2,25.2
108,서울,2018-06-24 01:00,21.5,,,,1.3,,290,,83,,21.2,18.4,995.9,,1005.7,,,9,,9,,2,,7,345,,19,20.4,,24.2,26,26,25.2
108,서울,2018-06-24 02:00,20.9,,,,1.8,,270,,87,,21.4,18.6,995.8,,1005.6,,,9,,9,,10,,2,222,,19,19.9,,23.7,25.6,25.8,25.1
108,서울,2018-06-24 03:00,20.6,,,,.8,,320,,91,,22,19,996,,1005.9,,,9,,9,6,6,St,5,194,,19,19.5,,23.4,25.2,25.6,25.1
108,서울,2018-06-24 04:00,20.5,,,,.8,,270,,90,,21.6,18.7,996.3,,1006.2,,,9,,9,7,7,St,3,223,,19,19.1,,22.9,24.9,25.4,25
108,서울,2018-06-24 05:00,20.3,,,,1,,270,,87,,20.6,18,997.1,,1007,,,9,,9,6,6,St,2,251,,19,19,,22.6,24.6,25.2,24.9
108,서울,2018-06-24 06:00,20.2,,,,2,,270,,87,,20.5,17.9,997.8,,1007.7,,0,,.01,,10,10,St,2,255,,19,20.9,,22.6,24.3,25,24.8
108,서울,2018-06-24 07:00,20.5,,,,.8,,250,,82,,19.7,17.3,998.2,,1008.1,,0,,.16,,10,10,St,3,338,,19,22.9,,22.9,24.1,24.8,24.7
108,서울,2018-06-24 08:00,21.3,,,,.7,,200,,78,,19.7,17.3,998.5,,1008.4,,.1,,.51,,9,9,St,3,351,,19,25.6,,23.6,24.2,24.6,24.6
108,서울,2018-06-24 09:00,23.1,,,,1.9,,200,,68,,19.1,16.8,998.7,,1008.5,,.9,,1.64,,0,0,,,482,,4019,33.4,,25,24.3,24.5,24.5
108,서울,2018-06-24 10:00,25,,,,1.5,,230,,60,,18.9,16.6,998.6,,1008.3,,1,,2.33,,0,0,,,570,,40,41,,27.2,24.7,24.4,24.3
108,서울,2018-06-24 11:00,27.1,,,,2.1,,200,,52,,18.5,16.3,998.5,,1008.1,,1,,2.82,,0,0,,,557,,40,46.8,,29.8,25.6,24.5,24.2
108,서울,2018-06-24 12:00,28.9,,,,2.3,,230,,40,,15.9,13.9,998.3,,1007.9,,1,,3.15,,0,0,,,809,,40,52.1,,32.2,26.8,24.7,24.3
108,서울,2018-06-24 13:00,30.6,,,,2.7,,250,,31,,13.6,11.5,997.4,,1006.9,,1,,3.24,,0,0,,,1240,,40,54.7,,34.2,28,25,24.2
108,서울,2018-06-24 14:00,31.6,,,,2.9,,270,,34,,15.8,13.8,997.1,,1006.6,,1,,3.12,,0,0,,,1050,,,55.2,,35.6,29.1,25.4,24.3
108,서울,2018-06-24 15:00,31.8,,,,3.4,,270,,31,,14.5,12.5,997.1,,1006.6,,1,,2.85,,0,0,,,1400,,,54,,36.2,30,25.8,24.4
108,서울,2018-06-24 16:00,31.3,,,,3.2,,290,,32,,14.6,12.6,997.4,,1006.9,,1,,2.38,,0,0,,,1427,,,50,,35.8,30.6,26.3,24.6
108,서울,2018-06-24 17:00,30.9,,,,2.5,,290,,34,,15.2,13.2,997.2,,1006.7,,1,,1.79,,0,0,,,1640,,,44.9,,34.8,30.9,26.7,24.7
108,서울,2018-06-24 18:00,29.8,,,,3.3,,270,,35,,14.6,12.6,997.7,,1007.3,,1,,1.15,,1,0,Ci,,1805,,,35.1,,33.3,30.8,27.1,25
108,서울,2018-06-24 19:00,27.8,,,,2.7,,290,,41,,15.3,13.3,998.1,,1007.7,,.9,,.45,,,0,,,1990,,,29.9,,31.1,30.5,27.3,25.2
108,서울,2018-06-24 20:00,26.1,,,,1.9,,230,,49,,16.5,14.5,998.7,,1008.4,,.2,,.1,,,0,,,1960,,,26,,29.4,29.8,27.4,25.4
108,서울,2018-06-24 21:00,24.5,,,,1.7,,290,,71,,21.7,18.8,999.2,,1008.9,,,9,,9,9,0,Ci,,1295,,,24.2,,27.9,29.1,27.4,25.5
108,서울,2018-06-24 22:00,23.9,,,,.8,,270,,72,,21.3,18.5,1000,,1009.7,,,9,,9,,0,,,1098,,,22.9,,26.9,28.5,27.3,25.6
108,서울,2018-06-24 23:00,23.3,,,,2,,290,,75,,21.4,18.6,1000.2,,1010,,,9,,9,,0,,,890,,40,22.2,,26.1,27.8,27.1,25.6
108,서울,2018-06-25 00:00,22.9,,,,.6,,290,,79,,22,19,1000.1,,1009.9,,,9,,9,6,0,Ci,,715,,40,21.4,,25.4,27.3,26.9,25.6
108,서울,2018-06-25 01:00,22.5,,,,1.1,,320,,80,,21.7,18.8,1000.5,,1010.3,,,9,,9,,0,,,619,,4019,20.9,,24.8,26.8,26.7,25.6
108,서울,2018-06-25 02:00,22.3,,,,.8,,270,,80,,21.4,18.6,1000.9,,1010.7,,,9,,9,,0,,,709,,19,20.6,,24.3,26.3,26.4,25.6
108,서울,2018-06-25 03:00,22,,,,.5,,250,,83,,21.8,18.9,1000.7,,1010.5,,,9,,9,4,0,Ci,,684,,19,20.1,,23.9,25.9,26.2,25.5
108,서울,2018-06-25 04:00,21.8,,,,.7,,20,,82,,21.3,18.5,1000.5,,1010.3,,,9,,9,4,0,Ci,,702,,19,20,,23.6,25.6,26,25.5
108,서울,2018-06-25 05:00,21.5,,,,.3,,0,,84,,21.4,18.6,1000.6,,1010.5,,,9,,9,8,0,Ci,,569,,19,20,,23.3,25.3,25.8,25.4
108,서울,2018-06-25 06:00,21.3,,,,.7,,20,,81,,20.4,17.8,1000.9,,1010.8,,0,,.05,,8,0,Ci,,604,,19,20.6,,23.1,25,25.6,25.3
108,서울,2018-06-25 07:00,22.1,,,,.3,,0,,74,,19.6,17.2,1001.2,,1011,,0,,.37,,8,0,Ci,,830,,19,23.6,,23.5,24.8,25.4,25.1
108,서울,2018-06-25 08:00,23.8,,,,.9,,50,,66,,19.4,17,1001.5,,1011.2,,.4,,.74,,6,0,Ci,,960,,4019,27.1,,24.4,24.8,25.2,25
108,서울,2018-06-25 09:00,25.4,,,,1,,50,,61,,19.7,17.3,1001.4,,1011.2,,.7,,1.28,,9,0,Ci,,1079,,40,31,,26,25,25.1,24.9
108,서울,2018-06-25 10:00,26.4,,,,.9,,160,,55,,18.9,16.6,1001,,1010.7,,.1,,1.16,,9,0,Ci,,901,,40,35.3,,26.9,25.4,25.1,24.9
108,서울,2018-06-25 11:00,27.8,,,,1.3,,230,,46,,17.2,15.1,1000.9,,1010.5,,.4,,1.77,,8,0,Cc,,912,,40,43.6,,28.3,25.8,25,24.7
108,서울,2018-06-25 12:00,29.8,,,,2.1,,180,,42,,17.6,15.5,1001.1,,1010.7,,1,,2.9,,8,0,Cc,,1220,,40,50.9,,31.2,26.6,25.1,24.7
108,서울,2018-06-25 13:00,31.2,,,,2,,270,,36,,16.3,14.3,1000.5,,1010,,1,,2.91,,8,0,Ci,,1022,,,52.6,,33.6,27.7,25.3,24.7
108,서울,2018-06-25 14:00,32.3,,,,1.8,,200,,35,,16.8,14.8,1000,,1009.5,,1,,2.71,,7,0,Ci,,982,,40,53.1,,34.9,28.8,25.6,24.7
108,서울,2018-06-25 15:00,32.7,,,,1.7,,290,,31,,15.3,13.3,999.8,,1009.3,,1,,2.3,,8,0,Ci,,1243,,40,49.6,,35.3,29.6,26,24.8
108,서울,2018-06-25 16:00,32.2,,,,2.8,,290,,39,,18.6,16.4,999.4,,1008.9,,.8,,1.74,,8,0,Ci,,928,,40,47.4,,34.6,30.2,26.4,24.9
108,서울,2018-06-25 17:00,31.5,,,,2.3,,290,,42,,19.4,17,999.4,,1008.9,,.9,,1.36,,8,0,Ci,,990,,40,40.8,,34.1,30.4,26.7,25
108,서울,2018-06-25 18:00,30.7,,,,1.6,,290,,43,,18.9,16.6,999.4,,1009,,.5,,.74,,8,0,Ci,,931,,40,35.7,,32.7,30.4,27,25.2
108,서울,2018-06-25 19:00,29.8,,,,1.5,,290,,45,,18.8,16.5,999.6,,1009.2,,0,,.32,,,0,,,956,,40,31.2,,31.2,30.1,27.2,25.4
108,서울,2018-06-25 20:00,28.8,,,,1.1,,290,,54,,21.3,18.5,999.6,,1009.2,,0,,.09,,,0,,,964,,40,27.8,,29.8,29.7,27.3,25.5
108,서울,2018-06-25 21:00,27.9,,,,.5,,20,,55,,20.6,18,999.4,,1009,,,9,,9,9,0,Ci,,1083,,40,26.1,,28.6,29.2,27.4,25.6
108,서울,2018-06-25 22:00,27.4,,,,.3,,0,,55,,20,17.5,999.3,,1008.9,,,9,,9,,9,,58,1001,,,25.9,,27.8,28.6,27.3,25.7
108,서울,2018-06-25 23:00,27.2,,,,.7,,340,,55,,19.7,17.3,999.8,,1009.5,,,9,,9,,8,,57,920,,40,25.4,,27.2,28.1,27.2,25.8
108,서울,2018-06-26 00:00,26.9,,,,1.5,,250,,61,,21.6,18.7,999.2,,1008.9,,,9,,9,9,5,AcCi,49,805,,40,25.2,,26.8,27.7,27,25.7
108,서울,2018-06-26 01:00,26.7,,,,1.8,,250,,50,,17.5,15.4,999.4,,1009.1,,,9,,9,,1,,11,884,,40,24.7,,26.6,27.4,26.8,25.7
108,서울,2018-06-26 02:00,26.1,,,,1.7,,250,,51,,17.2,15.1,999.4,,1009.1,,,9,,9,,7,,49,760,,40,24.4,,26.3,27.1,26.7,25.7
108,서울,2018-06-26 03:00,25.4,,0,,1.1,,230,,50,,16.2,14.2,998.7,,1008.4,,,9,,9,10,3,ScAs,10,870,,4001,23.9,,25.9,26.8,26.5,25.7
108,서울,2018-06-26 04:00,24.7,,0,,1,,320,,49,,15.2,13.2,998.1,,1007.8,,,9,,9,10,3,ScAs,10,1293,,4001,23.4,,25.6,26.6,26.4,25.7
108,서울,2018-06-26 05:00,23.7,,.1,,.9,,290,,64,,18.6,16.4,998.7,,1008.4,,,9,,9,10,5,ScAs,10,876,,4001,21.6,,25,26.3,26.3,25.6
108,서울,2018-06-26 06:00,22.5,,.4,,.8,,20,,83,,22.5,19.4,998.8,,1008.6,,0,,0,,10,5,StNs,8,537,,401901,21.4,,24.5,26,26.1,25.5
108,서울,2018-06-26 07:00,21.2,,1.5,,.8,,140,,87,,21.8,18.9,997.4,,1007.2,,0,,.03,,10,6,StNs,8,376,,1901,21,,24.2,25.8,26,25.5
108,서울,2018-06-26 08:00,20.8,,3.5,,1,,50,,94,,22.9,19.7,998.1,,1008,,0,,.05,,10,8,StNs,8,159,,1901,20.9,,23.6,25.5,25.8,25.4
108,서울,2018-06-26 09:00,20.3,,6.5,,1.1,,110,,96,,22.8,19.6,996.9,,1006.8,,0,,.06,,10,8,StNs,8,143,,1901,20.9,,22.6,25.1,25.6,25.3
108,서울,2018-06-26 10:00,20.3,,9.5,,1,,90,,97,,23.1,19.8,996.1,,1006,,0,,.12,,10,8,StNs,1,103,,1901,20.8,,22.2,24.4,25.4,25.3
108,서울,2018-06-26 11:00,20.4,,16,,1.4,,90,,97,,23.2,19.9,996.2,,1006.1,,0,,.09,,10,9,StNs,1,129,,191601,20.7,,21.4,23.4,25.1,25.2
108,서울,2018-06-26 12:00,20.5,,5,,1.8,,90,,97,,23.4,20,994.8,,1004.7,,0,,.15,,10,8,StNs,2,257,,1901,21.1,,21.8,23.2,24.6,25
108,서울,2018-06-26 13:00,20.5,,14.5,,1.2,,90,,97,,23.4,20,994.2,,1004.1,,0,,.11,,10,7,StNs,1,338,,191601,21,,21.2,22.7,24.2,24.8
108,서울,2018-06-26 14:00,21,,2.5,,.7,,90,,97,,24,20.4,992.7,,1002.5,,0,,.26,,10,7,StNs,2,381,,1901,22.1,,21.9,22.7,23.9,24.6
108,서울,2018-06-26 15:00,21.5,,4.5,,.6,,360,,97,,24.7,20.9,991.2,,1001,,0,,.21,,10,9,StNs,2,311,,1901,22.5,,22.1,22.8,23.8,24.4
108,서울,2018-06-26 16:00,23.3,,1,,3.4,,180,,96,,27.4,22.6,990.3,,1000,,0,,.08,,10,8,StNs,2,441,,1901,22.9,,22.6,22.9,23.7,24.3
108,서울,2018-06-26 17:00,24,,2,,5,,200,,95,,28.3,23.1,989.3,,998.9,,0,,.07,,10,7,StNs,2,362,,1901,23.3,,23,23,23.6,24.1
108,서울,2018-06-26 18:00,24.1,,1,,4.4,,200,,95,,28.4,23.2,988.8,,998.4,,0,,.03,,10,7,StNs,2,261,,1901,23.4,,23.2,23.2,23.6,24
108,서울,2018-06-26 19:00,24.2,,1.5,,4.7,,230,,94,,28.3,23.1,989.3,,998.9,,0,,.03,,10,7,StNs,2,242,,1901,23.4,,23.4,23.3,23.6,23.9
108,서울,2018-06-26 20:00,24.1,,.5,,4.5,,230,,94,,28.1,23,989.5,,999.1,,0,,0,,10,8,ScAs,5,214,,1901,23.2,,23.4,23.4,23.6,23.9
108,서울,2018-06-26 21:00,23.5,,1.5,,4.6,,230,,94,,27.1,22.4,989.6,,999.2,,,9,,9,10,7,ScAs,5,227,,1901,22.8,,23.4,23.5,23.6,23.8
108,서울,2018-06-26 22:00,22.4,,0,,4.1,,250,,95,,25.6,21.5,990.3,,1000,,,9,,9,10,7,ScAs,5,222,,1901,22.3,,23.2,23.5,23.6,23.8
108,서울,2018-06-26 23:00,21.6,,0,,4.3,,230,,89,,22.9,19.7,990.1,,999.9,,,9,,9,9,9,Sc,8,698,,1901,21.5,,22.9,23.4,23.6,23.8
108,서울,2018-06-27 00:00,20.5,,,9,3.7,,230,,94,,22.5,19.4,990.4,,1000.2,,,9,,9,10,7,ScAs,9,896,,19,20.7,,22.5,23.3,23.6,23.7
108,서울,2018-06-27 01:00,20,,.1,,3,,230,,96,,22.4,19.3,991,,1000.9,,,9,,9,10,8,ScAs,4,182,,1901,20.5,,22.1,23.2,23.6,23.7
108,서울,2018-06-27 02:00,19.6,,.4,,2.6,,250,,97,,22.1,19.1,991.1,,1000.9,,,9,,9,10,7,StNs,3,201,,1901,20.3,,21.9,23,23.5,23.7
108,서울,2018-06-27 03:00,19.4,,0,,2.9,,200,,97,,21.8,18.9,990.9,,1000.7,,,9,,9,10,8,StNs,3,282,,1901,20.1,,21.6,22.8,23.4,23.6
108,서울,2018-06-27 04:00,19.2,,.5,,1,,270,,97,,21.6,18.7,990.8,,1000.6,,,9,,9,10,10,St,1,217,,190201,20,,21.4,22.7,23.3,23.6
108,서울,2018-06-27 05:00,19.1,,0,,1.2,,200,,97,,21.4,18.6,991.3,,1001.1,,,9,,9,10,10,St,1,402,,1902,20,,21.4,22.5,23.3,23.5
108,서울,2018-06-27 06:00,19.2,,0,,1.5,,180,,97,,21.6,18.7,991.4,,1001.2,,0,,0,,10,10,St,1,157,,1902,20.1,,21.3,22.4,23.2,23.5
108,서울,2018-06-27 07:00,19.3,,0,,1,,250,,98,,21.8,18.9,991.6,,1001.4,,0,,.06,,10,10,St,1,188,,1902,20.6,,21.4,22.3,23.1,23.4
108,서울,2018-06-27 08:00,19.7,,0,,1.5,,230,,97,,22.2,19.2,992.6,,1002.4,,0,,.25,,10,10,St,1,200,,1902,21.8,,21.7,22.3,23,23.4
108,서울,2018-06-27 09:00,20,,0,,1.6,,230,,96,,22.4,19.3,992.9,,1002.8,,0,,.39,,10,10,St,1,287,,1902,22.8,,22.1,22.4,23,23.3
108,서울,2018-06-27 10:00,21.4,,0,,1.1,,250,,85,,21.6,18.7,992.4,,1002.2,,.2,,1.34,,9,9,Sc,3,596,,1902,27.4,,23.5,22.6,22.9,23.2
108,서울,2018-06-27 11:00,23.4,,,9,1.3,,270,,73,,20.9,18.2,993,,1002.7,,.9,,2.38,,8,8,Sc,4,827,,19,31.2,,26,23.2,22.9,23.2
108,서울,2018-06-27 12:00,24.1,,,9,2.2,,250,,73,,21.8,18.9,992.9,,1002.5,,.9,,2.15,,9,9,Sc,5,992,,19,32,,27.4,24.1,23,23.1
108,서울,2018-06-27 13:00,24.9,,,9,2.2,,200,,69,,21.7,18.8,992.8,,1002.5,,.4,,2.14,,9,9,Sc,6,850,,4019,32.4,,28.1,25,23.3,23.1
108,서울,2018-06-27 14:00,24.7,,,9,2.9,,200,,72,,22.4,19.3,992.3,,1001.9,,.1,,1.45,,9,9,Sc,6,720,,40,29.2,,28.1,25.6,23.6,23.2
108,서울,2018-06-27 15:00,25.5,,,9,2.4,,250,,68,,22.1,19.1,991.6,,1001.3,,.4,,1.61,,9,9,Sc,7,638,,40,30.2,,28.3,25.9,23.9,23.3
108,서울,2018-06-27 16:00,25,,,9,2.2,,270,,74,,23.4,20,992.4,,1002.1,,0,,.52,,10,10,Sc,6,578,,40,26.5,,27.4,26.1,24.2,23.4
108,서울,2018-06-27 17:00,25.1,,,9,2.2,,270,,70,,22.2,19.2,992.5,,1002.2,,0,,.48,,10,6,ScAs,8,796,,40,26.4,,26.8,26,24.4,23.5
108,서울,2018-06-27 18:00,25,,,9,1.5,,320,,69,,21.8,18.9,992.4,,1002.1,,0,,.52,,10,6,ScAs,10,1125,,40,25.9,,26.5,25.9,24.5,23.6
108,서울,2018-06-27 19:00,24.9,,,9,1.8,,270,,70,,22,19,992.9,,1002.6,,0,,.24,,,,,6,1131,,,24.5,,26.1,25.7,24.6,23.8
108,서울,2018-06-27 20:00,24.2,,,9,1.4,,250,,72,,21.7,18.8,992.8,,1002.4,,0,,.03,,,1,,11,833,,40,22.8,,25.2,25.5,24.6,23.8
108,서울,2018-06-27 21:00,23.3,,,9,1.3,,250,,71,,20.2,17.7,993,,1002.7,,,9,,9,4,0,Ci,,1145,,40,21.5,,24.3,25.2,24.6,23.9
108,서울,2018-06-27 22:00,22.7,,,9,2,,270,,77,,21.2,18.4,993.4,,1003.1,,,9,,9,,2,,5,1099,,,20.9,,23.6,24.7,24.5,23.9
108,서울,2018-06-27 23:00,22.3,,,9,2.6,,200,,83,,22.2,19.2,993.4,,1003.1,,,9,,9,,10,,3,490,,19,21.6,,23.4,24.4,24.4,24
108,서울,2018-06-28 00:00,22.2,,,9,1.1,,230,,84,,22.4,19.3,993.3,,1003.1,,,9,,9,8,8,Sc,5,482,,19,21.2,,23.2,24.1,24.3,23.9
108,서울,2018-06-28 01:00,22.2,,,,.3,,0,,84,,22.4,19.3,992.8,,1002.5,,,9,,9,,9,,4,610,,19,21.7,,23,23.9,24.2,23.9
108,서울,2018-06-28 02:00,22.4,,0,,.6,,90,,84,,22.7,19.5,992.1,,1001.8,,,9,,9,10,6,ScAs,5,667,,1901,22,,23.1,23.7,24,23.9
108,서울,2018-06-28 03:00,22.4,,0,,.6,,20,,86,,23.2,19.9,990.7,,1000.4,,,9,,9,10,7,ScAs,7,618,,1901,22,,23.1,23.7,24,23.8
108,서울,2018-06-28 04:00,22.3,,0,,.9,,50,,88,,23.7,20.2,990.4,,1000.1,,,9,,9,10,6,StNs,3,298,,1901,22,,23,23.6,23.9,23.7
108,서울,2018-06-28 05:00,22.1,,0,,.4,,0,,93,,24.7,20.9,990,,999.7,,,9,,9,10,8,ScAs,8,333,,1901,21.6,,22.9,23.5,23.8,23.7
108,서울,2018-06-28 06:00,22,,.1,,.4,,0,,90,,23.7,20.2,990.3,,1000,,0,,.04,,9,9,Sc,8,373,,1901,21.9,,22.8,23.5,23.7,23.7
108,서울,2018-06-28 07:00,22.7,,,9,.4,,0,,81,,22.2,19.2,989.8,,999.5,,.4,,.4,,7,2,ScCi,9,866,,19,22.9,,22.9,23.4,23.6,23.6
108,서울,2018-06-28 08:00,24.2,,,9,1,,180,,73,,22,19,989.8,,999.4,,1,,.96,,9,9,Sc,11,1581,,19,25.9,,23.7,23.4,23.6,23.5
108,서울,2018-06-28 09:00,24.8,,,9,1.1,,140,,75,,23.4,20,990.3,,1000,,0,,.63,,9,9,Sc,6,1418,,,25.9,,24.7,23.7,23.6,23.5
108,서울,2018-06-28 10:00,25.3,,,9,.6,,160,,70,,22.5,19.4,990.2,,999.8,,0,,.7,,9,9,Sc,7,1386,,,27,,25.3,24,23.6,23.5
108,서울,2018-06-28 11:00,26.5,,,9,1.8,,140,,64,,22.1,19.1,989.8,,999.4,,.3,,1.3,,9,9,Sc,11,1806,,,30.5,,26.2,24.3,23.6,23.4
108,서울,2018-06-28 12:00,27,,,9,2,,160,,68,,24.1,20.5,988.9,,998.5,,.2,,1.3,,9,8,ScCi,8,1863,,,29.7,,27.2,24.9,23.7,23.5
108,서울,2018-06-28 13:00,27.2,,,9,1.8,,180,,68,,24.4,20.7,988.3,,997.8,,0,,1.1,,9,8,ScCi,8,1575,,,30,,27.6,25.3,23.9,23.5
108,서울,2018-06-28 14:00,27.1,,,9,3,,200,,72,,25.8,21.6,987.6,,997.1,,0,,.91,,9,9,Sc,6,1126,,,29.5,,27.6,25.7,24.1,23.5
108,서울,2018-06-28 15:00,26.4,,,9,3.7,,230,,76,,26.1,21.8,987.8,,997.4,,0,,1.01,,9,9,Sc,7,1370,,,28.1,,27.7,25.9,24.3,23.6
108,서울,2018-06-28 16:00,25.2,,,9,3.6,,230,,81,,25.8,21.6,988,,997.6,,0,,.5,,10,8,ScAs,4,961,,19,26.1,,27,26,24.4,23.7
108,서울,2018-06-28 17:00,22.2,,4.9,,1.2,,50,,92,,24.6,20.8,988.7,,998.4,,0,,.11,,10,9,CuScNs,3,254,,190401,22.6,,25.7,25.9,24.6,23.8
108,서울,2018-06-28 18:00,20.6,,21.5,,.7,,110,,97,,23.5,20.1,988.6,,998.4,,0,,.14,,10,8,CbStNs,3,222,,1904,21.1,,21.5,24.6,24.7,23.9
108,서울,2018-06-28 19:00,20.9,,0,,1,,20,,97,,23.8,20.3,988.9,,998.7,,0,,.19,,10,6,ScAs,6,1747,,1904,21.9,,22.7,24,24.6,24
108,서울,2018-06-28 20:00,21,,,9,.1,,0,,96,,23.8,20.3,989.4,,999.2,,0,,.02,,,5,,5,1431,,,21.9,,22.9,23.9,24.3,24
108,서울,2018-06-28 21:00,21.3,,,9,.3,,0,,94,,23.7,20.2,989.7,,999.5,,,9,,9,10,7,ScAs,3,1314,,,21.8,,22.9,23.7,24.2,24
108,서울,2018-06-28 22:00,21.6,,0,,1.1,,200,,94,,24.1,20.5,989.6,,999.3,,,9,,9,10,8,ScAs,3,766,,1901,21.9,,22.9,23.7,24,23.9
108,서울,2018-06-28 23:00,21.7,,0,,.3,,0,,96,,24.9,21,989.5,,999.2,,,9,,9,10,10,St,1,293,,1902,21.9,,22.9,23.6,24,23.8
108,서울,2018-06-29 00:00,21.9,,0,,1.9,,180,,95,,24.9,21,990.2,,999.9,,,9,,9,10,10,St,2,357,,1902,22,,22.9,23.5,23.8,23.8
108,서울,2018-06-29 01:00,22,,.1,,.1,,0,,96,,25.3,21.3,989.8,,999.5,,,9,,9,10,8,StNs,2,387,,190201,22.1,,22.9,23.4,23.8,23.7
108,서울,2018-06-29 02:00,22.2,,.2,,.8,,200,,96,,25.6,21.5,989.6,,999.3,,,9,,9,10,8,StNs,2,269,,1901,22.2,,22.9,23.4,23.7,23.7
108,서울,2018-06-29 03:00,22.3,,.1,,1.2,,200,,96,,25.8,21.6,989.5,,999.2,,,9,,9,10,8,StNs,1,290,,1901,22.1,,22.9,23.4,23.6,23.7
108,서울,2018-06-29 04:00,22.3,,.1,,0,,0,,96,,25.8,21.6,990.3,,1000,,,9,,9,10,8,ScAs,5,278,,1901,22.2,,22.9,23.3,23.6,23.6
108,서울,2018-06-29 05:00,22.1,,1.5,,.5,,360,,97,,25.6,21.5,990.7,,1000.4,,,9,,9,10,9,StNs,2,152,,1901,22.1,,22.8,23.3,23.5,23.6
108,서울,2018-06-29 06:00,21.9,,4.5,,.2,,0,,97,,25.3,21.3,990.8,,1000.5,,0,,0,,10,8,CuScNs,3,190,,190401,21.9,,22.6,23.2,23.5,23.5
108,서울,2018-06-29 07:00,22,,0,,.9,,140,,97,,25.5,21.4,991.4,,1001.1,,0,,.03,,10,8,ScAs,5,269,,190401,22.2,,22.7,23.1,23.4,23.5
108,서울,2018-06-29 08:00,22.2,,0,,1.6,,230,,95,,25.3,21.3,992.1,,1001.8,,0,,.26,,9,9,Sc,5,389,,1901,23.4,,22.8,23.1,23.4,23.5
108,서울,2018-06-29 09:00,22.9,,,9,1.7,,250,,86,,24,20.4,992.6,,1002.3,,.3,,.76,,9,9,Sc,5,538,,19,25.9,,23.7,23.2,23.3,23.4
108,서울,2018-06-29 10:00,24.4,,,9,2.1,,270,,76,,23.1,19.8,992.9,,1002.5,,.6,,1.58,,9,9,Sc,6,617,,19,30.6,,25.1,23.5,23.3,23.3
108,서울,2018-06-29 11:00,24.8,,,9,1.8,,270,,74,,23.1,19.8,993.4,,1003.1,,.3,,1.41,,9,9,Sc,7,644,,19,31,,26.2,24.1,23.3,23.3
108,서울,2018-06-29 12:00,26.1,,,9,2.2,,290,,67,,22.5,19.4,993.2,,1002.8,,.7,,2.15,,7,7,Sc,7,758,,4019,33.8,,27.8,24.7,23.5,23.3
108,서울,2018-06-29 13:00,26.8,,,9,2,,270,,65,,22.8,19.6,993.1,,1002.7,,.8,,2.37,,7,7,Sc,8,732,,40,34.6,,29.3,25.6,23.7,23.3
108,서울,2018-06-29 14:00,27.8,,,9,2.1,,270,,57,,21.2,18.4,993.1,,1002.7,,1,,2.62,,5,5,Sc,9,760,,40,36.2,,30.5,26.4,24,23.4
108,서울,2018-06-29 15:00,28.4,,,9,2.8,,290,,63,,24.3,20.6,993.3,,1002.8,,1,,2.47,,4,4,Sc,9,742,,40,35.8,,31.1,27.1,24.3,23.5
108,서울,2018-06-29 16:00,29,,,9,2.3,,290,,57,,22.8,19.6,993.4,,1002.9,,1,,2.36,,4,4,Sc,10,987,,40,35.5,,31.5,27.7,24.7,23.6
108,서울,2018-06-29 17:00,28.5,,,9,2.6,,270,,60,,23.2,19.9,993.3,,1002.8,,1,,1.33,,3,3,Sc,10,1014,,40,31.6,,30.7,28.1,25.1,23.8
108,서울,2018-06-29 18:00,28.1,,,9,1.9,,290,,60,,22.7,19.5,993.3,,1002.9,,.9,,1.05,,3,1,ScCi,10,959,,40,28,,29.7,28.1,25.4,23.9
108,서울,2018-06-29 19:00,27.1,,,9,1.1,,250,,64,,22.8,19.6,993.5,,1003.1,,.4,,.28,,,0,,,829,,40,25.6,,28.2,27.8,25.6,24.1
108,서울,2018-06-29 20:00,26.2,,,9,1.5,,290,,70,,23.7,20.2,993.9,,1003.5,,.4,,.12,,,0,,,792,,40,23.6,,26.9,27.3,25.7,24.3
108,서울,2018-06-29 21:00,25.2,,,9,1.4,,290,,75,,24,20.4,995.1,,1004.8,,,9,,9,9,0,Ci,,644,,40,22.7,,25.9,26.8,25.7,24.4
108,서울,2018-06-29 22:00,24.2,,,9,1.3,,290,,80,,24.1,20.5,995.9,,1005.6,,,9,,9,,,,74,500,,4019,21.9,,25.1,26.2,25.6,24.5
108,서울,2018-06-29 23:00,23.5,,,9,1.4,,270,,83,,24,20.4,996.5,,1006.2,,,9,,9,,,,,436,,19,21.4,,24.4,25.7,25.5,24.6
108,서울,2018-06-30 00:00,23,,,9,1.9,,270,,84,,23.5,20.1,997.3,,1007,,,9,,9,6,1,ScCi,,375,,19,21.1,,23.9,25.3,25.3,24.5
108,서울,2018-06-30 01:00,22.6,,,,.3,,0,,85,,23.2,19.9,997.4,,1007.2,,,9,,9,,3,,8,323,,19,20.8,,23.6,24.9,25.2,24.5
108,서울,2018-06-30 02:00,22.2,,,,1,,320,,88,,23.5,20.1,997.6,,1007.4,,,9,,9,,6,,6,295,,19,20.3,,23.1,24.6,24.9,24.5
108,서울,2018-06-30 03:00,21.9,,,,.9,,290,,88,,23.1,19.8,998,,1007.8,,,9,,9,6,5,StCc,6,274,,19,20,,22.7,24.3,24.8,24.4
108,서울,2018-06-30 04:00,21.7,,,,.1,,0,,93,,24.1,20.5,998,,1007.8,,,9,,9,6,6,St,7,244,,19,20,,22.5,23.9,24.6,24.4
108,서울,2018-06-30 05:00,21.7,,,,.6,,50,,88,,22.8,19.6,998.5,,1008.3,,,9,,9,9,9,St,6,289,,19,21.1,,22.5,23.7,24.4,24.3
108,서울,2018-06-30 06:00,22.1,,.1,,.5,,50,,85,,22.5,19.4,998.8,,1008.6,,0,,.01,,10,7,ScAs,8,303,,1901,21.9,,22.7,23.6,24.2,24.2
108,서울,2018-06-30 07:00,22.5,,0,,.6,,20,,86,,23.4,20,999.2,,1009,,0,,.07,,10,6,ScAs,8,299,,1901,22.8,,23,23.6,24.1,24.2
108,서울,2018-06-30 08:00,23.4,,0,,.5,,50,,81,,23.2,19.9,999.5,,1009.2,,0,,.37,,10,10,St,4,313,,1901,25,,23.6,23.6,24,24.1
108,서울,2018-06-30 09:00,24.2,,,9,.9,,50,,81,,24.4,20.7,999.7,,1009.4,,0,,.53,,10,10,St,4,295,,19,25.4,,24.5,23.8,23.9,24
108,서울,2018-06-30 10:00,25.1,,,9,.9,,20,,73,,23.2,19.9,999.6,,1009.3,,0,,.66,,10,10,St,4,358,,19,28,,25,24.1,23.9,23.9
108,서울,2018-06-30 11:00,26.4,,,9,1,,340,,71,,24.4,20.7,999.9,,1009.6,,.1,,1.36,,10,5,ScAs,6,430,,4019,29,,26.6,24.5,23.9,23.8
108,서울,2018-06-30 12:00,25.2,,6.4,,2.8,,320,,94,,30,24.1,1000.2,,1009.9,,0,,.39,,10,8,CuScNs,5,166,,401904,25.2,,26.3,25.1,24.1,23.9
108,서울,2018-06-30 13:00,25.6,,3.5,,1.7,,320,,87,,28.4,23.2,999.7,,1009.4,,0,,.71,,10,4,ScAs,7,390,,1904,28.4,,25.9,25.2,24.2,23.9
108,서울,2018-06-30 14:00,27.5,,,9,.5,,250,,69,,25.2,21.2,999.6,,1009.2,,.4,,1.84,,10,10,As,30,736,,4019,31.8,,27.9,25.4,24.3,23.8
108,서울,2018-06-30 15:00,27.8,,,9,.9,,340,,71,,26.4,22,999.2,,1008.8,,0,,.93,,10,5,ScAs,8,733,,40,30.4,,28.3,26,24.5,23.9
108,서울,2018-06-30 16:00,27.9,,,9,.5,,340,,69,,25.8,21.6,999.1,,1008.7,,0,,.61,,10,7,ScAs,9,880,,40,28.7,,28.2,26.3,24.6,24
108,서울,2018-06-30 17:00,27.4,,,9,2.3,,320,,75,,27.2,22.5,999.3,,1008.9,,0,,.46,,10,8,ScAs,8,616,,40,27.8,,27.8,26.5,24.8,24
108,서울,2018-06-30 18:00,27.5,,.5,,.5,,140,,79,,28.9,23.5,999.3,,1008.9,,0,,.65,,10,8,CbCuNs,3,1237,,4004,28.1,,27.7,26.5,25,24.1
108,서울,2018-06-30 19:00,24.3,,4,,.5,,360,,95,,28.8,23.4,1000.1,,1009.8,,0,,.11,,10,7,ScAs,9,958,,1904,25,,26.1,26.4,25.1,24.2
108,서울,2018-06-30 20:00,24.2,,,9,.8,,90,,88,,26.4,22,1000.3,,1010,,0,,.06,,,2,,15,1276,,19,24,,25.7,26,25.2,24.3
108,서울,2018-06-30 21:00,23.9,,,9,.7,,50,,84,,24.9,21,1000.6,,1010.3,,,9,,9,8,2,ScCi,8,1552,,,23,,25.1,25.7,25.2,24.4
108,서울,2018-06-30 22:00,23.4,,,9,.9,,70,,88,,25.2,21.2,1000.8,,1010.6,,,9,,9,,0,,,1153,,,22.4,,24.5,25.4,25.1,24.4
108,서울,2018-06-30 23:00,22.9,,,9,.6,,50,,92,,25.6,21.5,1001.2,,1011,,,9,,9,,0,,,989,,19,21.9,,24.1,25.1,25,24.4
108,서울,2018-07-01 00:00,22.6,,,9,.2,,0,,88,,24.1,20.5,1000.8,,1010.6,,,9,,9,9,0,Ci,,1259,,19,21.8,,23.8,24.8,24.9,24.4
108,서울,2018-07-01 01:00,22.7,,,,.5,,110,,87,,24,20.4,1000.7,,1010.5,,,9,,9,,8,,71,1072,,,21.8,,23.5,24.5,24.7,24.4
108,서울,2018-07-01 02:00,22.7,,,,.5,,70,,87,,24,20.4,1000.8,,1010.6,,,9,,9,,3,,17,1187,,,21.9,,23.4,24.3,24.6,24.4
108,서울,2018-07-01 03:00,22.7,,,,.7,,110,,86,,23.7,20.2,1000.4,,1010.2,,,9,,9,9,6,ScCi,17,1455,,,22,,23.3,24.2,24.5,24.3
108,서울,2018-07-01 04:00,22.7,,,,.7,,70,,85,,23.4,20,1000.7,,1010.5,,,9,,9,10,7,ScAs,15,1547,,,22,,23.3,24,24.4,24.3
108,서울,2018-07-01 05:00,22.6,,.1,,.5,,70,,86,,23.5,20.1,1000.5,,1010.3,,,9,,9,10,6,ScAs,15,1076,,01,21.9,,23.2,23.9,24.3,24.2
108,서울,2018-07-01 06:00,22.3,,.4,,.6,,140,,93,,25,21.1,1000.2,,1010,,0,,.01,,10,6,ScAs,15,1262,,01,21.8,,23,23.8,24.2,24.1
108,서울,2018-07-01 07:00,22.1,,.5,,.5,,110,,89,,23.5,20.1,1000.3,,1010.1,,0,,.08,,10,6,ScAs,15,1617,,01,22.1,,23,23.7,24.1,24.1
108,서울,2018-07-01 08:00,22.1,,1,,.5,,110,,93,,24.7,20.9,1000.2,,1010,,0,,.14,,10,6,StNs,8,805,,1901,22.6,,23,23.6,24,24
108,서울,2018-07-01 09:00,22.1,,1.5,,.9,,50,,94,,24.9,21,999.9,,1009.7,,0,,.22,,10,7,StNs,6,624,,1901,22.9,,23.1,23.6,23.9,24
108,서울,2018-07-01 10:00,21.6,,12,,.5,,140,,97,,24.9,21,999.6,,1009.4,,0,,.13,,10,7,StNs,3,266,,1901,22.2,,22.6,23.5,23.9,23.9
108,서울,2018-07-01 11:00,21.2,,18.5,,1.2,,90,,97,,24.3,20.6,999,,1008.9,,0,,.15,,10,6,StNs,2,105,,1901,21.3,,22,23.2,23.8,23.9
108,서울,2018-07-01 12:00,21.1,,7.5,,1.2,,90,,97,,24.1,20.5,998.7,,1008.6,,0,,.17,,10,7,StNs,5,653,,1901,21.7,,21.8,22.7,23.5,23.8
108,서울,2018-07-01 13:00,21.2,,3.5,,1.1,,110,,97,,24.3,20.6,998.4,,1008.3,,0,,.2,,10,9,StNs,2,760,,1901,22.1,,22.1,22.7,23.4,23.8
108,서울,2018-07-01 14:00,21.5,,1,,.7,,90,,97,,24.7,20.9,998.5,,1008.3,,0,,.29,,10,6,StNs,8,1522,,1901,22.6,,22.5,22.7,23.3,23.7
108,서울,2018-07-01 15:00,21.8,,5.5,,.7,,70,,97,,25.2,21.2,998.3,,1008.1,,0,,.14,,10,9,StNs,5,324,,1901,22.4,,22.5,22.8,23.3,23.6
108,서울,2018-07-01 16:00,22.2,,1,,1.1,,140,,97,,25.8,21.6,998.3,,1008.1,,0,,.25,,10,6,StNs,6,1745,,1901,22.9,,22.8,22.9,23.2,23.5
108,서울,2018-07-01 17:00,22.4,,1.5,,.4,,0,,96,,26,21.7,998.5,,1008.3,,0,,.21,,10,8,StNs,6,1661,,01,23.4,,22.9,22.9,23.2,23.5
108,서울,2018-07-01 18:00,22.2,,3.5,,1.2,,110,,96,,25.6,21.5,998.6,,1008.4,,0,,.09,,10,5,StNs,2,673,,1901,22.5,,22.9,23,23.2,23.4
108,서울,2018-07-01 19:00,21.9,,5.5,,1.2,,110,,96,,25.2,21.2,999.1,,1008.9,,0,,.01,,10,7,StNs,2,509,,1901,21.8,,22.6,23,23.2,23.4
108,서울,2018-07-01 20:00,21.9,,6,,1.1,,110,,97,,25.3,21.3,999.2,,1009,,0,,0,,10,7,StNs,2,534,,1901,21.7,,22.4,22.9,23.2,23.4
108,서울,2018-07-01 21:00,21.8,,3.5,,.6,,140,,97,,25.2,21.2,999.4,,1009.2,,,9,,9,10,7,StNs,2,692,,1901,21.6,,22.3,22.8,23.1,23.4
108,서울,2018-07-01 22:00,21.7,,3.5,,.7,,140,,97,,25,21.1,1000,,1009.8,,,9,,9,10,7,StNs,2,540,,1901,21.4,,22.1,22.7,23.1,23.3
108,서울,2018-07-01 23:00,21.5,,5,,1.5,,90,,97,,24.7,20.9,999.6,,1009.5,,,9,,9,10,7,StNs,2,523,,1901,21.2,,22,22.6,23,23.3
108,서울,2018-07-02 00:00,21.4,0,2.5,0,.6,0,70,0,97,0,24.6,20.8,999.2,0,1009.1,0,,9,,9,10,7,StNs,2,680,,1901,21.1,0,21.9,22.5,22.9,23.3
108,서울,2018-07-02 01:00,21.3,0,3,0,1,0,90,0,97,0,24.4,20.7,998.2,0,1008.1,0,,9,,9,10,7,StNs,2,1451,,1901,21,0,21.8,22.4,22.9,23.2
108,서울,2018-07-02 02:00,21.2,0,2,0,.8,0,110,0,97,0,24.3,20.6,998.3,0,1008.2,0,,9,,9,10,7,StNs,2,1018,,01,21,0,21.8,22.4,22.8,23.1
108,서울,2018-07-02 03:00,21.1,0,4.5,0,2.4,0,160,0,96,0,24,20.4,998.7,0,1008.6,0,,9,,9,10,7,StNs,3,866,,1901,20.8,0,21.6,22.3,22.8,23.1
108,서울,2018-07-02 04:00,20.8,0,4,0,1,0,90,0,97,0,23.8,20.3,997.5,0,1007.4,0,,9,,9,10,7,StNs,3,2000,,1901,20.4,0,21.4,22.2,22.7,23.1
108,서울,2018-07-02 05:00,20.7,0,.5,0,.3,0,0,0,97,0,23.7,20.2,997.3,0,1007.2,0,,9,,9,10,7,ScAs,5,2000,,01,20.4,0,21.3,22,22.7,23
108,서울,2018-07-02 06:00,20.7,0,1,0,.3,0,0,0,97,0,23.7,20.2,997.3,0,1007.2,0,0,0,0,0,10,7,StNs,2,1262,,01,20.5,0,21.3,22,22.6,23
108,서울,2018-07-02 07:00,20.7,0,.5,0,.4,0,0,0,97,0,23.7,20.2,997,0,1006.9,0,0,0,0,0,10,7,StNs,3,1801,,01,20.7,0,21.3,22,22.5,23
108,서울,2018-07-02 08:00,20.8,0,1.5,0,.4,0,0,0,96,0,23.5,20.1,997.5,0,1007.4,0,0,0,.11,0,10,7,StNs,3,1627,,01,21.3,0,21.5,21.9,22.5,22.9
108,서울,2018-07-02 09:00,21,0,3,0,1.3,0,50,0,97,0,24,20.4,997.8,0,1007.7,0,0,0,.14,0,10,8,StNs,2,825,,1901,21.5,0,21.6,21.9,22.4,22.8
108,서울,2018-07-02 10:00,21.4,0,1,0,.6,0,70,0,97,0,24.6,20.8,997.8,0,1007.6,0,0,0,.27,0,10,8,StNs,2,563,,1901,22.3,0,22,22,22.4,22.8
108,서울,2018-07-02 11:00,21.7,0,8,0,.5,0,70,0,97,0,25,21.1,997.9,0,1007.7,0,0,0,.25,0,10,8,StNs,1,591,,190401,22.9,0,22.2,22.1,22.4,22.7
108,서울,2018-07-02 12:00,22.4,0,0,0,1,0,50,0,97,0,26.1,21.8,997.9,0,1007.7,0,0,0,.46,0,10,8,ScAs,5,945,,1901,24.6,0,22.7,22.2,22.4,22.7
108,서울,2018-07-02 13:00,22.6,0,.5,0,.6,0,50,0,97,0,26.4,22,997.7,0,1007.5,0,0,0,.3,0,10,8,StNs,2,367,,1901,24.4,0,23.1,22.5,22.4,22.7
108,서울,2018-07-02 14:00,23.3,0,0,0,.3,0,0,0,96,0,27.4,22.6,997.5,0,1007.2,0,0,0,.53,0,10,8,ScAs,5,434,,1901,25,0,23.7,22.7,22.5,22.7
108,서울,2018-07-02 15:00,24.2,0,0,0,1,0,50,0,93,0,27.9,22.9,997.2,0,1006.9,0,0,0,.78,0,9,7,ScAs,5,590,,1901,28.6,0,24.1,23,22.5,22.7
108,서울,2018-07-02 16:00,25.2,0,0,0,.9,0,20,0,87,0,27.7,22.8,997,0,1006.7,0,.1,0,.88,0,10,7,ScAs,5,601,,1901,28.3,0,25.3,23.4,22.7,22.7
108,서울,2018-07-02 17:00,25.3,0,,9,.6,0,50,0,87,0,27.9,22.9,996.8,0,1006.5,0,0,0,.49,0,10,7,ScAs,5,751,,19,27.3,0,25.4,23.8,22.8,22.7
108,서울,2018-07-02 18:00,24.9,0,0,0,1.9,0,140,0,87,0,27.2,22.5,996.6,0,1006.3,0,0,0,.25,0,10,8,ScAs,5,1742,,1901,25.5,0,25.3,24.1,23,22.8
108,서울,2018-07-02 19:00,24.1,0,1.5,0,2.1,0,160,0,93,0,27.7,22.8,997.1,0,1006.8,0,0,0,.23,0,10,9,StNs,3,1118,,01,24.4,0,24.8,24.2,23.2,22.8
108,서울,2018-07-02 20:00,23.5,0,24,0,.1,0,0,0,97,0,27.9,22.9,997.2,0,1006.9,0,0,0,.04,0,10,8,StNs,2,1814,,01,23.3,0,23.5,24.1,23.5,22.9
108,서울,2018-07-02 21:00,23.4,0,1,0,.4,0,0,0,98,0,28.1,23,997.4,0,1007.1,0,,9,,9,10,7,StNs,6,1038,,01,23.2,0,23.6,23.9,23.5,23.1
108,서울,2018-07-02 22:00,23.4,0,2.5,0,.3,0,0,0,98,0,28.1,23,997.4,0,1007.1,0,,9,,9,10,7,StNs,5,585,,1901,23.1,0,23.5,23.8,23.5,23.1
108,서울,2018-07-02 23:00,23.4,0,.5,0,.3,0,0,0,98,0,28.1,23,997.3,0,1007,0,,9,,9,10,7,StNs,6,662,,1901,22.9,0,23.4,23.6,23.5,23.2
108,서울,2018-07-03 00:00,23.2,0,.5,0,.2,0,0,0,98,0,27.7,22.8,996.8,0,1006.5,0,,9,,9,8,8,Sc,9,927,,1901,22.4,0,23.3,23.5,23.4,23.2
108,서울,2018-07-03 01:00,23.1,0,0,0,0,0,0,0,98,0,27.6,22.7,995.9,0,1005.6,0,,9,,9,9,9,Sc,9,958,,1901,22.4,0,23.1,23.4,23.4,23.2
108,서울,2018-07-03 02:00,23,0,,9,.1,0,0,0,98,0,27.4,22.6,995.6,0,1005.3,0,,9,,9,,1,,2,1026,,19,22.4,0,23.1,23.4,23.4,23.2
108,서울,2018-07-03 03:00,22.8,0,0,0,0,0,0,0,98,0,27.1,22.4,995.2,0,1004.9,0,,9,,9,9,5,ScAs,15,1734,,01,22.3,0,23,23.3,23.3,23.2
108,서울,2018-07-03 04:00,22.7,0,0,0,.2,0,0,0,97,0,26.6,22.1,994.7,0,1004.4,0,,9,,9,9,9,Ac,28,1808,,01,22.1,0,22.9,23.2,23.3,23.2
108,서울,2018-07-03 05:00,22.6,0,,9,0,0,0,0,97,0,26.4,22,994.3,0,1004,0,,9,,9,5,2,ScAc,11,1383,,,21.6,0,22.8,23.2,23.2,23.2
108,서울,2018-07-03 06:00,22.6,0,,9,.1,0,0,0,95,0,26,21.7,994.2,0,1003.9,0,0,0,.05,0,8,4,ScAc,15,1937,,,22,0,22.6,23.1,23.2,23.2
108,서울,2018-07-03 07:00,23.5,0,,9,.2,0,0,0,86,0,24.9,21,994,0,1003.7,0,.2,0,.38,0,8,3,ScAc,15,1908,,,23.7,0,23,23,23.1,23.1
108,서울,2018-07-03 08:00,24.3,0,,9,.5,0,70,0,83,0,25.2,21.2,993.9,0,1003.5,0,.3,0,.53,0,8,8,Sc,16,1986,,,25.1,0,23.6,23.2,23.1,23.1
108,서울,2018-07-03 09:00,25.7,0,,9,.8,0,110,0,76,0,25,21.1,993.1,0,1002.8,0,.3,0,1.11,0,6,6,Ac,34,1920,,,28.9,0,24.6,23.4,23,23
108,서울,2018-07-03 10:00,27.6,0,,9,1.6,0,70,0,71,0,26.1,21.8,992.3,0,1001.9,0,1,0,2.14,0,2,1,AcCc,35,1870,,,33.8,0,26.6,23.8,23.1,23
108,서울,2018-07-03 11:00,29.2,0,,9,1.4,0,140,0,66,0,26.6,22.1,992,0,1001.5,0,1,0,2.72,0,7,2,CuCc,8,1953,,,37.5,0,28.8,24.7,23.2,23
108,서울,2018-07-03 12:00,30.1,0,,9,1.2,0,70,0,64,0,27.2,22.5,991.3,0,1000.8,0,.9,0,2.54,0,7,3,CuAc,10,2000,,,36.5,0,30.6,25.8,23.5,23
108,서울,2018-07-03 13:00,31.2,0,,9,1.3,0,110,0,54,0,24.4,20.7,989.9,0,999.3,0,1,0,3.11,0,6,3,CuCc,8,1961,,,37.4,0,32.3,26.9,23.9,23.1
108,서울,2018-07-03 14:00,31,0,,9,1.5,0,90,0,56,0,25,21.1,989,0,998.4,0,.4,0,1.47,0,7,5,CuCi,12,2000,,,34.8,0,31.6,27.7,24.3,23.2
108,서울,2018-07-03 15:00,32,0,,9,1.2,0,90,0,54,0,25.6,21.5,988.3,0,997.7,0,.9,0,2.99,0,7,2,CuAcCi,8,1962,,,40.3,0,32.8,28.1,24.8,23.4
108,서울,2018-07-03 16:00,31.3,0,,9,1.2,0,50,0,52,0,23.7,20.2,987.7,0,997.1,0,1,0,1.63,0,7,1,CuAcCi,8,2000,,,33.9,0,32.4,28.7,25.2,23.6
108,서울,2018-07-03 17:00,32.4,0,,9,2.2,0,20,0,50,0,24.3,20.6,986.9,0,996.3,0,.9,0,1.92,0,5,1,CuAcCi,8,2000,,,35.4,0,32.1,28.9,25.5,23.8
108,서울,2018-07-03 18:00,32.2,0,0,0,1.8,0,50,0,57,0,27.2,22.5,986.5,0,995.9,0,1,0,1.53,0,7,7,CuSc,8,1880,,04,30.6,0,31.4,29,25.8,24
108,서울,2018-07-03 19:00,30.4,0,.1,0,.9,0,70,0,62,0,26.8,22.2,986.4,0,995.8,0,1,0,.65,0,7,3,CuScAc,8,2000,,04,28.3,0,29.9,28.8,26.1,24.2
108,서울,2018-07-03 20:00,28.8,0,,9,.9,0,20,0,72,0,28.4,23.2,986.6,0,996.1,0,.2,0,.11,0,,7,,50,2000,,,26.1,0,28.7,28.4,26.3,24.5
108,서울,2018-07-03 21:00,27.8,0,,9,.6,0,360,0,72,0,26.8,22.2,986.3,0,995.8,0,,9,,9,2,2,Sc,10,2000,,,25,0,27.6,27.9,26.3,24.6
108,서울,2018-07-03 22:00,26.9,0,,9,.6,0,70,0,78,0,27.6,22.7,986.1,0,995.6,0,,9,,9,,0,,,1806,,,24.4,0,26.8,27.4,26.2,24.7
108,서울,2018-07-03 23:00,26.4,0,,9,.3,0,0,0,78,0,26.8,22.2,986,0,995.6,0,,9,,9,,1,,26,2000,,,23.9,0,26.2,26.9,26.1,24.8
108,서울,2018-07-04 00:00,25.9,0,,9,.3,0,0,0,79,0,26.3,21.9,985.9,0,995.5,0,,9,,9,2,2,Ac,32,2000,,,23.5,0,25.7,26.5,26,24.9
108,서울,2018-07-04 01:00,25.4,0,,,1,0,250,0,79,0,25.5,21.4,986,0,995.6,0,,9,,9,,0,,,2000,,,23.2,0,25.3,26.2,25.8,24.9
108,서울,2018-07-04 02:00,25.1,0,,,.2,0,0,0,82,0,26.1,21.8,985.8,0,995.4,0,,9,,9,,7,,22,2000,,,23.1,0,25,25.9,25.7,24.9
108,서울,2018-07-04 03:00,24.9,0,,,.2,0,0,0,83,0,26.1,21.8,985.6,0,995.2,0,,9,,9,9,3,ScAc,18,1857,,,23.5,0,24.8,25.6,25.5,24.9
108,서울,2018-07-04 04:00,24.7,0,,,.3,0,0,0,82,0,25.5,21.4,985.9,0,995.4,0,,9,,9,4,4,Ac,30,2000,,,23.1,0,24.7,25.4,25.4,24.8
108,서울,2018-07-04 05:00,24.2,0,,,.2,0,0,0,86,0,26,21.7,986.2,0,995.8,0,,9,,9,2,2,Ac,32,2000,,,22.3,0,24.4,25.2,25.2,24.8
108,서울,2018-07-04 06:00,24,0,,,.1,0,0,0,84,0,25,21.1,986.3,0,995.9,0,0,0,.05,0,8,0,Cc,,1969,,,22.9,0,24.1,25,25.1,24.7
108,서울,2018-07-04 07:00,24.6,0,,,.5,0,360,0,78,0,24.1,20.5,986.9,0,996.5,0,0,0,.33,0,8,8,Ac,35,2000,,,24.9,0,24.5,24.8,25,24.7
108,서울,2018-07-04 08:00,26.4,0,,,.5,0,270,0,64,0,22,19,987.2,0,996.8,0,1,0,1.33,0,3,1,ScAc,10,1909,,,27.7,0,25.8,24.9,24.8,24.6
108,서울,2018-07-04 09:00,27.4,0,,,.5,0,290,0,68,0,24.7,20.9,987.3,0,996.8,0,.9,0,1.31,0,2,1,ScCi,10,1941,,,30,0,26.9,25.3,24.8,24.5
108,서울,2018-07-04 10:00,28.5,0,,,1.5,0,250,0,65,0,25.2,21.2,987.4,0,996.9,0,.9,0,1.74,0,5,4,ScCi,10,1519,,,31.1,0,28.4,25.9,24.8,24.5
108,서울,2018-07-04 11:00,30,0,,,2.3,0,250,0,60,0,25.3,21.3,987.5,0,997,0,0,0,2.61,0,6,5,ScCi,10,1861,,,36.2,0,30.4,26.5,24.9,24.4
108,서울,2018-07-04 12:00,30.5,0,,,2.5,0,290,0,58,0,25.2,21.2,987.6,0,997,0,0,0,2.26,0,7,6,CuCi,9,1741,,,37.4,0,31.2,27.4,25.2,24.4
108,서울,2018-07-04 13:00,31,0,,,2.6,0,230,0,60,0,26.9,22.3,987.3,0,996.7,0,.2,0,2.75,0,6,5,CuCi,9,1657,,,39.4,0,32.4,28.2,25.5,24.5
108,서울,2018-07-04 14:00,31.3,0,,,3,0,290,0,58,0,26.4,22,987.2,0,996.6,0,.9,0,2.46,0,7,5,CuCi,9,1479,,,41.4,0,32.8,28.9,25.8,24.6
108,서울,2018-07-04 15:00,31.1,0,,,3.7,0,290,0,57,0,25.6,21.5,987.4,0,996.8,0,.9,0,2.03,0,7,4,CuCi,9,1912,,,40.7,0,32.8,29.4,26.2,24.8
108,서울,2018-07-04 16:00,31.6,0,,,2.7,0,290,0,57,0,26.4,22,987.5,0,996.9,0,1,0,2.19,0,4,2,CuCi,9,1882,,,41.2,0,33.1,29.8,26.5,24.9
108,서울,2018-07-04 17:00,31.2,0,,,3.4,0,270,0,56,0,25.3,21.3,987.8,0,997.2,0,1,0,1.82,0,4,1,CuCi,9,1943,,,38.9,0,32.7,30.1,26.8,25.1
108,서울,2018-07-04 18:00,30,0,,,2.5,0,250,0,60,0,25.3,21.3,988.1,0,997.6,0,1,0,.99,0,8,1,CuCi,9,1933,,,33.3,0,31.5,30.1,27.1,25.3
108,서울,2018-07-04 19:00,28.2,0,,,2.8,0,270,0,64,0,24.4,20.7,988.8,0,998.3,0,.6,0,.5,0,,2,,36,1978,,,29.9,0,30.1,29.8,27.3,25.5
108,서울,2018-07-04 20:00,27.1,0,,,2.9,0,290,0,67,0,24,20.4,989.1,0,998.7,0,0,0,.06,0,,,,,1949,,,27.1,0,28.8,29.3,27.4,25.6
108,서울,2018-07-04 21:00,26.2,0,,,2.2,0,200,0,70,0,23.7,20.2,990.3,0,999.9,0,,9,,9,8,2,AcCi,35,1908,,,25.8,0,27.7,28.7,27.4,25.8
108,서울,2018-07-04 22:00,25.1,0,,,2.5,0,290,0,73,0,23.2,19.9,991.1,0,1000.8,0,,9,,9,,1,,,1808,,,24.6,0,26.9,28.1,27.3,25.9
108,서울,2018-07-04 23:00,24.7,0,,,1.4,0,230,0,74,0,22.9,19.7,991.5,0,1001.1,0,,9,,9,,3,,34,1596,,,24.1,0,26.3,27.6,27.1,25.9
108,서울,2018-07-05 00:00,24.2,0,,,1.8,0,270,0,77,0,23.2,19.9,991.9,0,1001.5,0,,9,,9,8,3,AcCi,35,1365,,,23.5,0,25.8,27.1,26.9,25.9
108,서울,2018-07-05 01:00,23.9,0,,,1.7,0,270,0,79,0,23.4,20,992,0,1001.6,0,,9,,9,,1,,5,1121,,,23.3,0,25.4,26.7,26.7,25.9
108,서울,2018-07-05 02:00,23.6,0,,,1.5,0,200,0,80,0,23.2,19.9,992,0,1001.7,0,,9,,9,,5,,,879,,19,23.2,0,25.2,26.4,26.5,25.9
108,서울,2018-07-05 03:00,23.5,0,,,.9,0,200,0,81,0,23.4,20,991.8,0,1001.5,0,,9,,9,9,3,ScCi,10,878,,19,23.1,0,25,26.1,26.3,25.8
108,서울,2018-07-05 04:00,23.5,0,,,.4,0,0,0,80,0,23.1,19.8,991.6,0,1001.3,0,,9,,9,8,6,ScAc,10,924,,19,23.3,0,24.8,25.9,26.1,25.7
108,서울,2018-07-05 05:00,23.5,0,,,.3,0,0,0,80,0,23.1,19.8,991.9,0,1001.6,0,,9,,9,10,7,ScAs,10,838,,19,23.3,0,24.7,25.7,25.9,25.6
108,서울,2018-07-05 06:00,23.5,0,0,0,.3,0,0,0,80,0,23.1,19.8,992.2,0,1001.9,0,0,0,0,0,10,7,StNs,5,768,,190201,23.5,0,24.7,25.5,25.8,25.5
108,서울,2018-07-05 07:00,23.5,0,.5,0,.5,0,50,0,90,0,26,21.7,992.7,0,1002.4,0,0,0,.05,0,10,7,ScAs,10,445,,1901,23.9,0,24.6,25.4,25.7,25.5
108,서울,2018-07-05 08:00,23.6,0,0,0,.9,0,50,0,93,0,26.9,22.3,992.8,0,1002.5,0,0,0,.21,0,10,7,ScAs,7,308,,1901,24.6,0,24.8,25.3,25.5,25.4
108,서울,2018-07-05 09:00,24.2,0,0,0,.9,0,70,0,84,0,25.3,21.3,993,0,1002.6,0,0,0,.49,0,10,7,ScAs,7,632,,1901,25.9,0,25.4,25.4,25.4,25.3
108,서울,2018-07-05 10:00,25.6,0,,9,1.1,0,20,0,75,0,24.6,20.8,992.9,0,1002.6,0,.1,0,1.22,0,9,6,ScAc,7,1028,,19,29.4,0,26.5,25.5,25.4,25.2
108,서울,2018-07-05 11:00,26.3,0,,9,1.1,0,90,0,71,0,24.3,20.6,993,0,1002.6,0,0,0,.86,0,9,6,ScAc,8,1340,,,29.5,0,27.1,25.8,25.3,25.2
108,서울,2018-07-05 12:00,27,0,,9,1.1,0,340,0,68,0,24.1,20.5,992.9,0,1002.5,0,0,0,1.2,0,8,8,Cu,8,1744,,,30.5,0,28.2,26.3,25.4,25.1
108,서울,2018-07-05 13:00,28.1,0,,9,1.1,0,340,0,67,0,25.3,21.3,992.6,0,1002.1,0,.1,0,1.43,0,7,7,Cu,10,1772,,,35.7,0,28.6,26.7,25.5,25.1
108,서울,2018-07-05 14:00,28.3,0,,9,3,0,290,0,67,0,25.6,21.5,992.2,0,1001.7,0,.5,0,1.73,0,8,8,Cu,9,1242,,,35.1,0,29.9,27.2,25.6,25.1
108,서울,2018-07-05 15:00,28.8,0,,9,.9,0,90,0,66,0,26.1,21.8,992.1,0,1001.6,0,.5,0,1.55,0,8,8,Cu,8,1806,,,35.5,0,30.4,27.7,25.8,25.1
108,서울,2018-07-05 16:00,28.2,0,,9,1.7,0,50,0,71,0,27.1,22.4,992.1,0,1001.6,0,.3,0,.96,0,7,7,Cu,9,2000,,,32.1,0,30,28.1,26,25.2
108,서울,2018-07-05 17:00,27.3,0,0,0,.9,0,20,0,76,0,27.4,22.6,992.3,0,1001.9,0,0,0,.52,0,9,9,CuSc,8,1971,,04,28.9,0,29.1,28.2,26.3,25.3
108,서울,2018-07-05 18:00,26.8,0,0,0,1.2,0,110,0,71,0,24.9,21,992.7,0,1002.3,0,0,0,.21,0,8,8,CuSc,8,2000,,04,27,0,28.1,28,26.5,25.4
108,서울,2018-07-05 19:00,26.7,0,,9,1.4,0,110,0,69,0,24.1,20.5,993.4,0,1003,0,.2,0,.36,0,,3,,15,2000,,,26.8,0,27.6,27.7,26.5,25.5
108,서울,2018-07-05 20:00,25.8,0,,9,1.4,0,70,0,68,0,22.5,19.4,994.3,0,1004,0,0,0,.09,0,,1,,20,2000,,,24.5,0,26.9,27.4,26.5,25.5
108,서울,2018-07-05 21:00,25.2,0,,9,1.5,0,110,0,67,0,21.4,18.6,995.3,0,1005,0,,9,,9,8,8,Sc,19,2000,,,23.6,0,26.1,27,26.4,25.6
108,서울,2018-07-05 22:00,24.4,0,,9,1.6,0,90,0,67,0,20.4,17.8,995.8,0,1005.5,0,,9,,9,,,,,2000,,,22.5,0,25.4,26.6,26.4,25.6
108,서울,2018-07-05 23:00,23.9,0,,9,1.5,0,90,0,66,0,19.5,17.1,995.8,0,1005.5,0,,9,,9,,4,,8,2000,,,22.4,0,24.8,26.2,26.2,25.6
108,서울,2018-07-06 00:00,23.5,0,,9,1.9,0,90,0,65,0,18.8,16.5,996.6,0,1006.3,0,,9,,9,8,8,Sc,10,2000,,,22,0,24.5,25.8,26,25.6
108,서울,2018-07-06 01:00,23.1,0,,,1.6,0,90,0,66,0,18.5,16.3,996.5,0,1006.2,0,,9,,9,,2,,,2000,,,21.3,0,24,25.5,25.8,25.6
108,서울,2018-07-06 02:00,22.8,0,,,1.8,0,90,0,65,0,17.9,15.8,996.4,0,1006.1,0,,9,,9,,0,,,2000,,,20.9,0,23.7,25.2,25.7,25.5
108,서울,2018-07-06 03:00,22.6,0,,,1.5,0,90,0,66,0,18.1,15.9,996.7,0,1006.5,0,,9,,9,7,5,ScCi,19,2000,,,20.9,0,23.4,24.9,25.5,25.4
108,서울,2018-07-06 04:00,22.6,0,,,.9,0,140,0,66,0,18.1,15.9,996.9,0,1006.7,0,,9,,9,8,4,ScAc,10,2000,,,21.1,0,23.2,24.6,25.3,25.3
108,서울,2018-07-06 05:00,22.5,0,,,1.5,0,90,0,66,0,17.9,15.8,997.3,0,1007.1,0,,9,,9,8,6,AcCi,35,2000,,,21,0,23.1,24.4,25.2,25.2
108,서울,2018-07-06 06:00,22.4,0,,,1.6,0,70,0,65,0,17.5,15.4,997.3,0,1007.1,0,0,0,.01,0,8,3,ScAc,19,2000,,,21.1,0,23,24.2,25,25.2
108,서울,2018-07-06 07:00,22.6,0,,,1.3,0,160,0,63,0,17.2,15.1,997.5,0,1007.3,0,0,0,.21,0,9,3,ScAc,10,2000,,,22.6,0,23,24.1,24.8,25.1
108,서울,2018-07-06 08:00,23.2,0,,,1.7,0,90,0,60,0,16.9,14.9,998,0,1007.7,0,.1,0,.58,0,8,4,ScAc,17,2000,,,24.8,0,23.4,24,24.7,25
108,서울,2018-07-06 09:00,23.3,0,,,1.7,0,110,0,61,0,17.4,15.3,998.4,0,1008.1,0,.2,0,.8,0,9,9,Sc,18,2000,,,25.7,0,24.1,24.1,24.6,24.9
108,서울,2018-07-06 10:00,23.7,0,,,1.7,0,90,0,59,0,17.3,15.2,998.3,0,1008,0,0,0,.89,0,9,9,Sc,17,2000,,,27.5,0,24.5,24.3,24.5,24.8
108,서울,2018-07-06 11:00,23.9,0,,,2.1,0,110,0,59,0,17.4,15.3,998.2,0,1007.9,0,0,0,1.08,0,9,9,Sc,18,2000,,,29.1,0,24.9,24.5,24.6,24.7
108,서울,2018-07-06 12:00,25.7,0,,,1.9,0,90,0,57,0,18.8,16.5,998.1,0,1007.8,0,0,0,2.32,0,8,8,Sc,18,2000,,,36.6,0,26.8,24.8,24.5,24.6
108,서울,2018-07-06 13:00,26.2,0,,,2.1,0,90,0,53,0,17.9,15.8,998,0,1007.7,0,.2,0,2.23,0,9,9,Sc,19,2000,,,36.1,0,28.5,25.7,24.6,24.6
108,서울,2018-07-06 14:00,27,0,,,2.1,0,70,0,52,0,18.4,16.2,998,0,1007.6,0,.7,0,2.51,0,9,9,Sc,17,2000,,,40.6,0,29.3,26.4,24.8,24.6
108,서울,2018-07-06 15:00,26.9,0,,,2,0,70,0,51,0,18.1,15.9,997.5,0,1007.1,0,.8,0,1.95,0,9,9,Sc,18,2000,,,37.5,0,29.8,27.1,25.1,24.7
108,서울,2018-07-06 16:00,26.6,0,,,2.3,0,50,0,54,0,18.8,16.5,997.3,0,1007,0,.2,0,1.24,0,9,4,ScAc,17,2000,,,33.8,0,29.2,27.5,25.4,24.7
108,서울,2018-07-06 17:00,26.6,0,,,2.2,0,70,0,52,0,18.1,15.9,997.1,0,1006.8,0,0,0,1.02,0,8,8,Ac,25,2000,,,32.7,0,28.8,27.6,25.6,24.8
108,서울,2018-07-06 18:00,25.9,0,,,2.1,0,90,0,52,0,17.3,15.2,997.7,0,1007.4,0,0,0,.57,0,9,6,ScAc,18,2000,,,29.9,0,28,27.5,25.8,24.9
108,서울,2018-07-06 19:00,25,0,,,2.2,0,110,0,52,0,16.4,14.4,998.3,0,1008,0,.4,0,.37,0,,4,,20,2000,,,27.2,0,27,27.2,26,25
108,서울,2018-07-06 20:00,23.8,0,,,2.3,0,90,0,55,0,16.2,14.2,999,0,1008.7,0,0,0,.05,0,,,,21,2000,,,25,0,26,26.9,26,25.1
108,서울,2018-07-06 21:00,23.1,0,,,2.1,0,90,0,54,0,15.2,13.2,999.6,0,1009.4,0,,9,,9,9,9,Ac,30,2000,,,23.7,0,25.1,26.4,25.9,25.2
108,서울,2018-07-06 22:00,22.5,0,,,2.1,0,90,0,54,0,14.7,12.7,1000,0,1009.8,0,,9,,9,,9,,21,2000,,,22.9,0,24.5,25.9,25.8,25.2
108,서울,2018-07-06 23:00,22,0,,,1.7,0,90,0,55,0,14.5,12.5,1000.1,0,1009.9,0,,9,,9,,3,,20,2000,,,22.3,0,23.9,25.5,25.6,25.2
108,서울,2018-07-07 00:00,21.5,0,,,1.8,0,110,0,56,0,14.3,12.3,1000.3,0,1010.2,0,,9,,9,9,9,,,2000,,,21.9,0,23.5,25.1,25.5,25.2
108,서울,2018-07-07 01:00,21.1,0,,,2,0,90,0,57,0,14.2,12.2,1000,0,1009.9,0,,9,,9,,10,,21,2000,,,21.6,0,23.2,24.8,25.3,25.1
108,서울,2018-07-07 02:00,20.7,0,,,1.5,0,70,0,58,0,14.1,12.1,999.9,0,1009.8,0,,9,,9,,,,23,2000,,,21.1,0,22.8,24.5,25.1,25.1
108,서울,2018-07-07 03:00,20.4,0,,,1,0,50,0,59,0,14.1,12.1,1000.3,0,1010.2,0,,9,,9,9,9,As,24,2000,,,20.7,0,22.4,24.2,24.9,25
108,서울,2018-07-07 04:00,20,0,,,1.8,0,50,0,63,0,14.7,12.7,1000.6,0,1010.5,0,,9,,9,9,9,Sc,19,2000,,,20.6,0,22.2,23.9,24.7,24.9
108,서울,2018-07-07 05:00,19.8,0,,,1.4,0,50,0,63,0,14.5,12.5,1000.7,0,1010.7,0,,9,,9,8,8,Sc,19,2000,,,20.2,0,22,23.7,24.6,24.8
108,서울,2018-07-07 06:00,19.5,0,,,1.5,0,90,0,61,0,13.7,11.7,1000.6,0,1010.5,0,0,0,.03,0,2,2,Sc,19,2000,,,19.4,0,21.7,23.4,24.4,24.7
108,서울,2018-07-07 07:00,19.6,0,,,1.6,0,90,0,57,0,12.9,10.8,1000.9,0,1010.8,0,.5,0,.42,0,1,1,Sc,19,2000,,,19.5,0,21.4,23.2,24.2,24.6
108,서울,2018-07-07 08:00,21.2,0,,,1.6,0,90,0,52,0,13,10.9,1001.4,0,1011.3,0,1,0,1.2,0,0,0,,,1998,,,22.6,0,22,23,24,24.5
108,서울,2018-07-07 09:00,22.6,0,,,1.7,0,90,0,51,0,13.9,11.9,1001,0,1010.8,0,1,0,1.87,0,0,0,,,2000,,,29.3,0,23.6,23.2,23.9,24.4
108,서울,2018-07-07 10:00,24,0,,,1.7,0,110,0,49,0,14.6,12.6,1000.8,0,1010.5,0,1,0,2.48,0,0,0,,,2000,,,35.7,0,25.8,23.8,23.8,24.2
108,서울,2018-07-07 11:00,25,0,,,1.5,0,160,0,48,0,15.2,13.2,1000.9,0,1010.7,0,,9,2.95,0,1,0,Ci,,1986,,,41,0,28.2,24.7,23.9,24.2
108,서울,2018-07-07 12:00,26.4,0,,,1.7,0,50,0,47,0,16.1,14.1,1000.6,0,1010.3,0,,9,3.26,0,2,0,Ci,,2000,,,45.4,0,30.7,25.9,24.1,24.2
108,서울,2018-07-07 13:00,27.5,0,,,2,0,70,0,43,0,15.7,13.7,1000.3,0,1009.9,0,1,0,3.41,0,4,0,Ci,,2000,,,48.9,0,32.6,27.3,24.5,24.2
108,서울,2018-07-07 14:00,28.3,0,,,1.6,0,70,0,43,0,16.5,14.5,999.7,0,1009.3,0,1,0,3.33,0,6,0,Ci,,1941,,,50.2,0,33.9,28.5,25,24.3
108,서울,2018-07-07 15:00,28.7,0,,,1.3,0,50,0,42,0,16.5,14.5,999.2,0,1008.8,0,1,0,2.98,0,7,0,Ci,,2000,,,49.6,0,34.3,29.4,25.5,24.3
108,서울,2018-07-07 16:00,28.9,0,,,1.6,0,70,0,44,0,17.5,15.4,998.9,0,1008.5,0,1,0,2.2,0,7,0,Ci,,1998,,,46.8,0,33.7,30,26,24.6
108,서울,2018-07-07 17:00,28.9,0,,,1.4,0,70,0,45,0,17.8,15.7,999,0,1008.6,0,1,0,1.89,0,8,2,ScCi,14,2000,,,41.9,0,33.3,30.3,26.5,24.8
108,서울,2018-07-07 18:00,27.8,0,,,1.2,0,90,0,48,0,17.8,15.7,999,0,1008.6,0,1,0,.91,0,8,1,ScCi,15,2000,,,33.2,0,31.5,30.2,26.8,25
108,서울,2018-07-07 19:00,26.1,0,,,1.4,0,90,0,51,0,17.2,15.1,999.2,0,1008.9,0,.1,0,.32,0,,0,,,2000,,,29.3,0,29.7,29.7,27.1,25.2
108,서울,2018-07-07 20:00,24.6,0,,,1.7,0,90,0,51,0,15.7,13.7,999.6,0,1009.3,0,0,0,.07,0,,0,,15,2000,,,25.8,0,28.2,29.1,27.2,25.4
108,서울,2018-07-07 21:00,23.4,0,,,1.4,0,110,0,52,0,14.9,12.9,1000.4,0,1010.2,0,,9,,9,1,0,Ci,,2000,,,23.9,0,26.8,28.3,27.1,25.6
108,서울,2018-07-07 22:00,22.6,0,,,1.7,0,110,0,51,0,13.9,11.9,1001.4,0,1011.2,0,,9,,9,,0,,,2000,,,22.7,0,25.8,27.6,27,25.6
108,서울,2018-07-07 23:00,21.7,0,,,1.7,0,90,0,51,0,13.2,11.1,1001.4,0,1011.3,0,,9,,9,,0,,,2000,,,21.7,0,24.9,26.9,26.7,25.7
108,서울,2018-07-08 00:00,20.7,0,,,1.7,0,90,0,51,0,12.4,10.1,1001.4,0,1011.3,0,,9,,9,0,0,,,2000,,,20.7,0,24.2,26.4,26.5,25.7
108,서울,2018-07-08 01:00,19.9,0,,,1.6,0,90,0,52,0,12,9.7,1001.8,0,1011.8,0,,9,,9,,0,,,2000,,,20.1,0,23.5,25.8,26.3,25.7
108,서울,2018-07-08 02:00,19.3,0,,,1.4,0,90,0,54,0,12,9.7,1001.7,0,1011.6,0,,9,,9,,0,,,2000,,,19.6,0,22.9,25.3,26,25.6
108,서울,2018-07-08 03:00,18.8,0,,,1.2,0,70,0,56,0,12.1,9.8,1001.8,0,1011.7,0,,9,,9,1,0,Ci,,2000,,,19,0,22.4,24.8,25.7,25.5
108,서울,2018-07-08 04:00,18.4,0,,,1.1,0,70,0,57,0,12,9.7,1001.9,0,1011.9,0,,9,,9,0,0,,,2000,,,18.5,0,21.9,24.4,25.5,25.4
108,서울,2018-07-08 05:00,18.1,0,,,1.4,0,90,0,57,0,11.8,9.4,1002.1,0,1012.1,0,,9,,9,4,0,Ci,,2000,,,18.3,0,21.6,24,25.2,25.3
108,서울,2018-07-08 06:00,17.8,0,,,1.1,0,70,0,58,0,11.8,9.4,1002.5,0,1012.5,0,0,0,.04,0,6,0,Ci,,2000,,,18.6,0,21.3,23.7,25,25.2
108,서울,2018-07-08 07:00,18.2,0,,,1.2,0,70,0,54,0,11.2,8.7,1002.5,0,1012.5,0,.5,0,.42,0,7,0,Ci,,2000,,,19.8,0,21.2,23.4,24.7,25
108,서울,2018-07-08 08:00,19.1,0,,,1.7,0,70,0,53,0,11.6,9.2,1002.6,0,1012.5,0,.7,0,.8,0,7,1,AcCi,35,1952,,,22.1,0,21.7,23.2,24.5,24.9
108,서울,2018-07-08 09:00,20.8,0,,,1.5,0,90,0,51,0,12.4,10.2,1002.9,0,1012.8,0,1,0,1.65,0,8,0,Ci,,1973,,,27.5,0,23.2,23.3,24.3,24.8
108,서울,2018-07-08 10:00,22.5,0,,,1.6,0,90,0,48,0,13,10.9,1002.9,0,1012.7,0,1,0,2.33,0,8,0,Ci,,1940,,,33.8,0,25.4,23.8,24.2,24.6
108,서울,2018-07-08 11:00,23.8,0,,,2.1,0,90,0,47,0,13.8,11.8,1002.9,0,1012.7,0,1,0,2.59,0,7,2,AcCi,35,2000,,,40,0,27.5,24.6,24.2,24.6
108,서울,2018-07-08 12:00,25,0,,,1.9,0,140,0,46,0,14.5,12.5,1002.7,0,1012.5,0,1,0,2.93,0,7,0,Ci,,1943,,,45.7,0,29.6,25.6,24.3,24.5
108,서울,2018-07-08 13:00,26.1,0,,,1.8,0,90,0,45,0,15.2,13.2,1002.4,0,1012.1,0,1,0,3.33,0,6,0,Ci,,2000,,,49.5,0,31.8,26.8,24.6,24.5
108,서울,2018-07-08 14:00,27.1,0,,,1.4,0,90,0,41,0,14.7,12.7,1002.2,0,1011.9,0,1,0,3.24,0,6,0,Cc,,1941,,,50.1,0,33.3,28,25,24.5
108,서울,2018-07-08 15:00,27.6,0,,,1.9,0,110,0,37,0,13.6,11.5,1001.6,0,1011.3,0,1,0,2.58,0,8,0,Ci,,2000,,,47.4,0,33.5,29,25.5,24.6
108,서울,2018-07-08 16:00,27.9,0,,,1.2,0,140,0,39,0,14.6,12.6,1001.2,0,1010.8,0,1,0,2.16,0,9,0,Ci,,2000,,,44.1,0,33.1,29.5,25.9,24.7
108,서울,2018-07-08 17:00,27.4,0,,,1.7,0,140,0,44,0,16,14,1001.2,0,1010.9,0,.3,0,1.17,0,9,0,Ci,,2000,,,36.8,0,31.9,29.7,26.4,24.9
108,서울,2018-07-08 18:00,26.7,0,,,1,0,140,0,48,0,16.7,14.7,1001.7,0,1011.4,0,0,0,.53,0,9,1,ScCi,14,2000,,,31.8,0,30.4,29.5,26.7,25.1
108,서울,2018-07-08 19:00,26.3,0,,,1.7,0,180,0,51,0,17.4,15.3,1002.3,0,1012,0,0,0,.18,0,,6,,,2000,,,28.9,0,29.3,29.1,26.8,25.3
108,서울,2018-07-08 20:00,25.7,0,,,1.3,0,140,0,53,0,17.4,15.3,1002.6,0,1012.3,0,0,0,.03,0,,4,,20,2000,,,26.5,0,28.2,28.6,26.9,25.5
108,서울,2018-07-08 21:00,25.3,0,,,1.4,0,140,0,55,0,17.7,15.6,1002.8,0,1012.6,0,,9,,9,8,0,Ci,,2000,,,25.1,0,27.2,28.1,26.9,25.6
108,서울,2018-07-08 22:00,25,0,,,1,0,110,0,57,0,17.9,15.8,1003.5,0,1013.3,0,,9,,9,,4,,11,2000,,,24.7,0,26.5,27.6,26.8,25.6
108,서울,2018-07-08 23:00,24.6,0,,,2.6,0,140,0,60,0,18.5,16.3,1002.9,0,1012.6,0,,9,,9,,4,,11,2000,,,24.1,0,26,27.1,26.6,25.6
108,서울,2018-07-09 00:00,24.2,0,,,1.7,0,110,0,61,0,18.3,16.1,1003.4,0,1013.1,0,,9,,9,9,3,ScCi,12,2000,,,23.9,0,25.7,26.7,26.5,25.6
108,서울,2018-07-09 01:00,23.7,0,,,.8,0,110,0,64,0,18.6,16.4,1003.6,0,1013.4,0,,9,,9,,1,,9,2000,,,23.3,0,25.3,26.4,26.3,25.7
108,서울,2018-07-09 02:00,22.7,0,,,.9,0,70,0,63,0,17.3,15.2,1003.8,0,1013.6,0,,9,,9,,,,62,2000,,,22.7,0,24.8,26.1,26.1,25.6
108,서울,2018-07-09 03:00,21.9,0,,,1.3,0,70,0,63,0,16.5,14.5,1003.7,0,1013.6,0,,9,,9,9,4,AcCi,39,2000,,,22.2,0,24.4,25.8,26,25.5
108,서울,2018-07-09 04:00,21.4,0,,,1.5,0,110,0,63,0,16,14,1004,0,1013.9,0,,9,,9,8,8,Ac,36,2000,,,21.4,0,24.1,25.5,25.8,25.5
108,서울,2018-07-09 05:00,21.1,0,,,1.5,0,90,0,64,0,16,14,1004.3,0,1014.2,0,,9,,9,9,9,Ac,36,2000,,,21.3,0,23.6,25.2,25.6,25.4
108,서울,2018-07-09 06:00,21,0,,,1,0,110,0,64,0,15.9,13.9,1004.5,0,1014.4,0,0,0,.03,0,10,6,ScAs,15,2000,,,21.9,0,23.5,24.9,25.5,25.4
108,서울,2018-07-09 07:00,20.9,0,0,0,1.4,0,90,0,66,0,16.3,14.3,1004.7,0,1014.6,0,0,0,.1,0,10,6,ScAs,12,2000,,01,22.1,0,23.4,24.7,25.3,25.3
108,서울,2018-07-09 08:00,20.7,0,.2,0,.8,0,90,0,73,0,17.7,15.6,1005.3,0,1015.3,0,0,0,.3,0,10,5,StNs,8,2000,,01,22.3,0,23.3,24.6,25.2,25.2
108,서울,2018-07-09 09:00,21.1,0,0,0,1,0,110,0,72,0,17.9,15.8,1005.7,0,1015.6,0,0,0,.52,0,10,4,StNs,8,1982,,01,23.8,0,23.5,24.5,25,25.1
108,서울,2018-07-09 10:00,21.1,0,0,0,1.2,0,90,0,73,0,18.2,16,1005.8,0,1015.7,0,0,0,.4,0,10,4,ScAs,10,1957,,01,22.5,0,23.7,24.5,24.9,25
108,서울,2018-07-09 11:00,20.6,0,.3,0,1,0,90,0,82,0,19.9,17.4,1006.2,0,1016.2,0,0,0,.29,0,10,4,StNs,8,2000,,01,22.1,0,23.5,24.4,24.9,25
108,서울,2018-07-09 12:00,20.7,0,0,0,.6,0,110,0,83,0,20.2,17.7,1006.2,0,1016.2,0,0,0,.32,0,10,6,StNs,8,1244,,01,22.7,0,23.4,24.3,24.8,24.9
108,서울,2018-07-09 13:00,20.3,0,.5,0,1,0,90,0,87,0,20.6,18,1005.9,0,1015.9,0,0,0,.31,0,10,5,StNs,8,771,,1901,22.3,0,23.3,24.3,24.7,24.9
108,서울,2018-07-09 14:00,20.2,0,.5,0,1,0,90,0,89,0,21,18.3,1005.9,0,1015.9,0,0,0,.27,0,10,4,StNs,8,1854,,1901,22.3,0,23.2,24.2,24.6,24.8
108,서울,2018-07-09 15:00,20.3,0,0,0,.9,0,70,0,90,0,21.3,18.5,1005.6,0,1015.6,0,0,0,.34,0,10,5,StNs,3,1356,,01,22.9,0,23.2,24.1,24.6,24.7
108,서울,2018-07-09 16:00,20.2,0,1,0,1.2,0,110,0,91,0,21.4,18.6,1004.9,0,1014.9,0,0,0,.42,0,10,6,StNs,3,1637,,01,22.8,0,23.2,24.1,24.5,24.7
108,서울,2018-07-09 17:00,20.3,0,1,0,1.4,0,90,0,93,0,22.1,19.1,1004.4,0,1014.4,0,0,0,.32,0,10,4,StNs,3,1684,,01,22.4,0,23.1,24,24.5,24.6
108,서울,2018-07-09 18:00,20.3,0,.5,0,1.3,0,90,0,93,0,22.1,19.1,1004.3,0,1014.3,0,0,0,.22,0,10,6,StNs,3,1832,,01,21.7,0,22.9,24,24.4,24.6
108,서울,2018-07-09 19:00,20.4,0,.5,0,1.1,0,90,0,94,0,22.4,19.3,1004.5,0,1014.5,0,0,0,.14,0,10,8,StNs,3,1769,,01,21.5,0,22.8,23.8,24.3,24.5
108,서울,2018-07-09 20:00,20.3,0,1,0,.8,0,110,0,95,0,22.5,19.4,1004.6,0,1014.6,0,0,0,.02,0,10,5,StNs,3,1372,,01,20.9,0,22.5,23.7,24.3,24.5
108,서울,2018-07-09 21:00,20.3,0,1.5,0,1,0,90,0,96,0,22.8,19.6,1004.6,0,1014.6,0,,9,,9,10,7,StNs,3,1007,,01,20.8,0,22.3,23.6,24.2,24.5
108,서울,2018-07-09 22:00,20.4,0,.5,0,1.1,0,110,0,96,0,22.9,19.7,1005,0,1015,0,,9,,9,10,6,StNs,3,1641,,01,20.8,0,22.2,23.4,24.1,24.4
108,서울,2018-07-09 23:00,20.4,0,1,0,.6,0,110,0,96,0,22.9,19.7,1005,0,1015,0,,9,,9,10,7,StNs,2,1137,,01,20.8,0,22.1,23.3,24,24.4
108,서울,2018-07-10 00:00,20.4,0,5.5,0,.3,0,0,0,97,0,23.2,19.9,1004.9,0,1014.9,0,,9,,9,10,9,StNs,2,183,,1901,20.7,0,21.9,23.1,23.9,24.3
108,서울,2018-07-10 01:00,20.4,0,8.5,0,.3,0,0,0,97,0,23.2,19.9,1004.9,0,1014.9,0,,9,,9,10,9,StNs,2,193,,1901,20.6,0,21.6,22.9,23.8,24.2
108,서울,2018-07-10 02:00,20.5,0,6.5,0,.5,0,140,0,98,0,23.5,20.1,1004.3,0,1014.3,0,,9,,9,10,8,StNs,3,596,,1901,20.7,0,21.4,22.5,23.6,24.2
108,서울,2018-07-10 03:00,20.6,0,.5,0,.8,0,50,0,98,0,23.7,20.2,1003.6,0,1013.5,0,,9,,9,10,5,ScAs,10,1986,,1901,20.8,0,21.6,22.5,23.4,24
108,서울,2018-07-10 04:00,20.6,0,0,0,.5,0,110,0,97,0,23.5,20.1,1003.5,0,1013.4,0,,9,,9,10,3,ScAs,12,1989,,01,20.8,0,21.7,22.5,23.3,23.9
108,서울,2018-07-10 05:00,20.6,0,,9,.6,0,90,0,97,0,23.5,20.1,1003.7,0,1013.6,0,,9,,9,10,4,ScAs,10,2000,,,20.8,0,21.7,22.5,23.3,23.9
108,서울,2018-07-10 06:00,20.7,0,,9,.9,0,110,0,97,0,23.7,20.2,1004,0,1013.9,0,0,0,.02,0,9,6,ScAs,9,2000,,,21,0,21.8,22.5,23.2,23.8
108,서울,2018-07-10 07:00,21.1,0,,9,.4,0,0,0,95,0,23.7,20.2,1004.4,0,1014.3,0,0,0,.14,0,10,8,ScAs,9,2000,,,21.9,0,22,22.5,23.2,23.7
108,서울,2018-07-10 08:00,21.7,0,,9,.5,0,110,0,89,0,23.1,19.8,1004.7,0,1014.6,0,0,0,.31,0,10,7,ScAs,8,2000,,,23,0,22.4,22.6,23.1,23.7
108,서울,2018-07-10 09:00,22.3,0,,9,1,0,90,0,86,0,23.1,19.8,1005.1,0,1015,0,0,0,.42,0,9,5,ScAs,8,2000,,,23.7,0,22.9,22.7,23.1,23.6
108,서울,2018-07-10 10:00,22.6,0,,9,.9,0,50,0,85,0,23.2,19.9,1005.3,0,1015.1,0,0,0,.38,0,10,7,ScAs,10,1996,,,23.8,0,23.2,22.9,23.1,23.6
108,서울,2018-07-10 11:00,23.2,0,,9,1.1,0,70,0,82,0,23.2,19.9,1005.4,0,1015.2,0,0,0,.47,0,10,8,ScAs,9,1991,,,24.7,0,23.7,23.1,23.1,23.5
108,서울,2018-07-10 12:00,24.1,0,,9,.8,0,90,0,80,0,24,20.4,1005.4,0,1015.2,0,0,0,.72,0,10,7,ScAs,10,2000,,,26.6,0,24.3,23.4,23.2,23.5
108,서울,2018-07-10 13:00,25.2,0,,9,1.2,0,70,0,77,0,24.6,20.8,1005,0,1014.8,0,0,0,1.06,0,10,7,ScAs,8,1951,,,27.9,0,25.4,23.7,23.3,23.5
108,서울,2018-07-10 14:00,25.5,0,,9,.8,0,70,0,77,0,25,21.1,1004.3,0,1014.1,0,0,0,.75,0,10,8,ScAs,8,1957,,,27.4,0,25.7,24.1,23.4,23.5
108,서울,2018-07-10 15:00,25.7,0,,9,.5,0,20,0,77,0,25.3,21.3,1004,0,1013.8,0,0,0,.48,0,10,8,ScAs,7,1875,,,27,0,25.7,24.4,23.5,23.5
108,서울,2018-07-10 16:00,26.3,0,,9,.7,0,110,0,74,0,25.2,21.2,1003.7,0,1013.4,0,0,0,.52,0,10,4,ScAs,10,1580,,,27.3,0,25.8,24.6,23.7,23.5
108,서울,2018-07-10 17:00,26.5,0,,9,1,0,110,0,76,0,26.3,21.9,1003.8,0,1013.5,0,0,0,.36,0,10,4,ScAs,8,1400,,,26.4,0,25.8,24.8,23.8,23.6
108,서울,2018-07-10 18:00,26.2,0,0,0,.4,0,0,0,82,0,27.7,22.8,1003.8,0,1013.5,0,0,0,.21,0,10,8,ScAs,9,1408,,01,25.7,0,25.7,24.9,24,23.7
108,서울,2018-07-10 19:00,25.7,0,.5,0,1.1,0,20,0,83,0,27.2,22.5,1004.1,0,1013.9,0,0,0,.08,0,10,8,ScAs,8,1011,,01,24.9,0,25.3,24.9,24.1,23.7
108,서울,2018-07-10 20:00,25.3,0,0,0,.3,0,0,0,89,0,28.6,23.3,1004.2,0,1014,0,0,0,0,0,10,6,ScAs,8,745,,1901,24.3,0,24.9,24.8,24.1,23.8
108,서울,2018-07-10 21:00,25.1,0,0,0,.3,0,0,0,86,0,27.2,22.5,1004.4,0,1014.2,0,,9,,9,10,7,ScAs,8,870,,1901,24,0,24.7,24.7,24.2,23.8
108,서울,2018-07-10 22:00,25,0,0,0,.5,0,70,0,86,0,27.1,22.4,1004.6,0,1014.4,0,,9,,9,10,3,ScAs,9,796,,1901,23.8,0,24.5,24.6,24.2,23.8
108,서울,2018-07-10 23:00,24.9,0,0,0,.5,0,90,0,87,0,27.2,22.5,1004.6,0,1014.4,0,,9,,9,10,6,StNs,6,658,,1901,23.8,0,24.4,24.5,24.2,23.9
108,서울,2018-07-11 00:00,24.6,0,.5,0,.7,0,340,0,96,0,29.7,23.9,1004.6,0,1014.3,0,,9,,9,10,6,StNs,8,308,,1901,23.7,0,24.2,24.4,24.1,23.9
108,서울,2018-07-11 01:00,24.6,0,.5,0,.5,0,70,0,96,0,29.7,23.9,1004.5,0,1014.2,0,,9,,9,10,6,StNs,7,443,,1901,23.6,0,24.1,24.3,24.1,23.9
108,서울,2018-07-11 02:00,24.5,0,0,0,.5,0,50,0,96,0,29.5,23.8,1004.5,0,1014.2,0,,9,,9,10,6,StNs,8,476,,1901,23.6,0,24.1,24.2,24.1,23.9
108,서울,2018-07-11 03:00,24.5,0,.5,0,.8,0,20,0,97,0,29.7,23.9,1004.3,0,1014,0,,9,,9,10,8,StNs,6,263,,1901,23.7,0,24,24.2,24,23.9
108,서울,2018-07-11 04:00,24.5,0,0,0,1,0,50,0,97,0,29.7,23.9,1004.3,0,1014,0,,9,,9,10,8,StNs,6,317,,1901,23.7,0,24.1,24.2,24,23.9
108,서울,2018-07-11 05:00,24.5,0,.5,0,.5,0,20,0,97,0,29.7,23.9,1004.5,0,1014.2,0,,9,,9,10,8,StNs,9,229,,1901,23.8,0,24,24.1,24,23.9
108,서울,2018-07-11 06:00,24.5,0,.5,0,.1,0,0,0,97,0,29.7,23.9,1004.9,0,1014.6,0,0,0,0,0,10,9,StNs,9,290,,1901,23.8,0,24.1,24.1,24,23.9
108,서울,2018-07-11 07:00,24.6,0,.5,0,.3,0,0,0,97,0,29.8,24,1005.1,0,1014.8,0,0,0,.07,0,10,8,StNs,8,180,,1901,24.2,0,24.2,24.1,23.9,23.8
108,서울,2018-07-11 08:00,25.1,0,0,0,.8,0,50,0,97,0,30.7,24.5,1005.5,0,1015.3,0,0,0,.26,0,10,8,StNs,8,490,,1901,25.5,0,24.5,24.1,23.9,23.9
108,서울,2018-07-11 09:00,25.6,0,0,0,.6,0,50,0,96,0,31.5,24.9,1005.5,0,1015.3,0,0,0,.41,0,10,6,ScAs,11,450,,1901,27,0,25,24.3,23.9,23.8
108,서울,2018-07-11 10:00,26.3,0,.5,0,.6,0,70,0,91,0,31.1,24.7,1005.5,0,1015.2,0,0,0,.63,0,10,6,ScAs,12,749,,1901,28.7,0,25.7,24.5,23.9,23.8
108,서울,2018-07-11 11:00,27.2,0,0,0,.9,0,360,0,82,0,29.5,23.8,1005.7,0,1015.4,0,0,0,.93,0,10,6,ScAs,9,1093,,1901,29.7,0,26.7,24.9,24,23.8
108,서울,2018-07-11 12:00,28.1,0,,9,2.1,0,200,0,73,0,27.6,22.7,1005.4,0,1015.1,0,0,0,.87,0,10,7,ScAs,8,1326,,,29.4,0,27.2,25.3,24.1,23.8
108,서울,2018-07-11 13:00,28.7,0,,9,2.6,0,230,0,69,0,27.1,22.4,1005.1,0,1014.7,0,0,0,1.02,0,10,8,ScAs,9,1546,,,29.8,0,27.7,25.7,24.3,23.8
108,서울,2018-07-11 14:00,29.2,0,,9,2.8,0,250,0,67,0,27.1,22.4,1004.9,0,1014.5,0,0,0,1.13,0,9,6,ScAs,9,1725,,,31.8,0,27.9,26,24.4,23.9
108,서울,2018-07-11 15:00,29.4,0,,9,2.3,0,250,0,68,0,27.7,22.8,1004.6,0,1014.2,0,.1,0,1.29,0,9,7,ScAs,8,1525,,,31.4,0,28.5,26.3,24.6,24
108,서울,2018-07-11 16:00,28.7,0,0,0,3.2,0,250,0,70,0,27.4,22.6,1004.6,0,1014.2,0,0,0,.73,0,10,7,ScAs,8,1586,,01,29,0,28.2,26.6,24.8,24.1
108,서울,2018-07-11 17:00,28.7,0,,9,2.9,0,270,0,71,0,27.9,22.9,1004.5,0,1014.1,0,0,0,.71,0,9,5,ScAs,8,1666,,,28.9,0,28.1,26.6,24.9,24.1
108,서울,2018-07-11 18:00,28.4,0,,9,2.4,0,290,0,75,0,28.9,23.5,1004.4,0,1014,0,0,0,.52,0,10,7,ScAs,8,1564,,,27.7,0,27.9,26.7,25.1,24.2
108,서울,2018-07-11 19:00,28.2,0,,9,1.6,0,290,0,72,0,27.4,22.6,1004.7,0,1014.4,0,0,0,.13,0,,,,8,1745,,,26.6,0,27.4,26.6,25.2,24.3
108,서울,2018-07-11 20:00,27.7,0,,9,1.8,0,270,0,76,0,28.1,23,1004.9,0,1014.6,0,0,0,.04,0,,9,,11,1727,,,25.6,0,26.8,26.5,25.3,24.4
108,서울,2018-07-11 21:00,27.3,0,,9,1.2,0,290,0,78,0,28.3,23.1,1005.2,0,1014.9,0,,9,,9,9,8,ScAs,8,1606,,,25.4,0,26.4,26.3,25.3,24.5
108,서울,2018-07-11 22:00,27.1,0,,9,1.2,0,270,0,79,0,28.3,23.1,1005.4,0,1015.1,0,,9,,9,,6,,7,1578,,,25.1,0,26.1,26.1,25.3,24.5
108,서울,2018-07-11 23:00,26.9,0,,9,.1,0,0,0,79,0,27.9,22.9,1005.2,0,1014.9,0,,9,,9,,8,,6,1541,,,25.1,0,25.9,25.9,25.2,24.6
108,서울,2018-07-12 00:00,26.7,0,,9,.9,0,270,0,79,0,27.6,22.7,1004.8,0,1014.5,0,,9,,9,9,6,ScCi,,1590,,,24.9,0,25.7,25.8,25.2,24.6
108,서울,2018-07-12 01:00,26.6,0,,,0,0,0,0,80,0,27.7,22.8,1004.3,0,1014,0,,9,,9,,7,,7,1485,,,24.8,0,25.6,25.6,25.1,24.6
108,서울,2018-07-12 02:00,26.3,0,,,.3,0,0,0,84,0,28.6,23.3,1004,0,1013.7,0,,9,,9,,9,,9,1361,,,24.8,0,25.5,25.5,25.1,24.6
108,서울,2018-07-12 03:00,26.2,0,0,0,.3,0,0,0,83,0,28.1,23,1003.9,0,1013.6,0,,9,,9,9,7,ScAs,8,1294,,01,24.7,0,25.3,25.5,25,24.6
108,서울,2018-07-12 04:00,26.1,0,0,0,.6,0,290,0,85,0,28.6,23.3,1003.7,0,1013.4,0,,9,,9,10,8,ScAs,6,1081,,01,24.8,0,25.3,25.4,25,24.6
108,서울,2018-07-12 05:00,25.9,0,.5,0,.4,0,0,0,91,0,30.4,24.3,1003.7,0,1013.5,0,,9,,9,9,9,Sc,6,872,,1901,24.6,0,25.2,25.3,24.9,24.6
108,서울,2018-07-12 06:00,25.6,0,0,0,1.1,0,270,0,93,0,30.4,24.3,1003.7,0,1013.5,0,0,0,.01,0,8,8,Sc,4,852,,1901,24.6,0,25.1,25.2,24.9,24.6
108,서울,2018-07-12 07:00,25.9,0,,9,1.7,0,250,0,87,0,28.9,23.5,1003.8,0,1013.6,0,0,0,.26,0,9,9,Sc,6,834,,19,25.9,0,25.2,25.2,24.8,24.6
108,서울,2018-07-12 08:00,26.3,0,,9,2.1,0,250,0,84,0,28.6,23.3,1004.2,0,1013.9,0,0,0,.48,0,10,7,ScAs,4,973,,19,27.2,0,25.7,25.2,24.8,24.5
108,서울,2018-07-12 09:00,26.5,0,0,0,2.7,0,230,0,82,0,28.3,23.1,1004.3,0,1014,0,0,0,.57,0,10,7,ScAs,4,815,,1901,28,0,26.1,25.4,24.8,24.5
108,서울,2018-07-12 10:00,26.7,0,.5,0,1.6,0,290,0,88,0,30.7,24.5,1004.3,0,1014,0,.1,0,.89,0,9,9,Sc,8,802,,1901,30.5,0,26.6,25.5,24.8,24.5
108,서울,2018-07-12 11:00,27.4,0,0,0,2.3,0,270,0,78,0,28.4,23.2,1004.3,0,1014,0,.4,0,1.11,0,10,6,ScAs,5,1164,,1901,29.8,0,27.5,25.9,24.9,24.5
108,서울,2018-07-12 12:00,27.4,0,0,0,2.7,0,290,0,80,0,29.1,23.6,1004.2,0,1013.9,0,.2,0,.97,0,10,7,ScAs,8,1083,,01,30.6,0,27.9,26.2,25,24.5
108,서울,2018-07-12 13:00,27.7,0,0,0,2.6,0,270,0,76,0,28.1,23,1003.9,0,1013.6,0,.1,0,1,0,9,9,CuSc,6,1258,,01,30,0,28.2,26.5,25.1,24.5
108,서울,2018-07-12 14:00,27.8,0,,9,3.1,0,290,0,76,0,28.3,23.1,1003.5,0,1013.2,0,.2,0,1,0,9,9,CuSc,8,1517,,,30.1,0,28.4,26.7,25.2,24.6
108,서울,2018-07-12 15:00,28,0,,9,2.3,0,290,0,76,0,28.6,23.3,1003,0,1012.6,0,0,0,1,0,9,9,CuSc,6,1437,,,30.4,0,28.6,27,25.4,24.6
108,서울,2018-07-12 16:00,28.1,0,,9,2.8,0,290,0,74,0,28.1,23,1002.8,0,1012.4,0,.1,0,1.06,0,9,9,CuSc,6,1559,,,30.7,0,28.9,27.1,25.5,24.7
108,서울,2018-07-12 17:00,27.9,0,,9,2.5,0,290,0,75,0,28.1,23,1002.5,0,1012.1,0,0,0,.75,0,9,9,CuSc,6,1643,,,29.3,0,28.7,27.3,25.6,24.7
108,서울,2018-07-12 18:00,27.5,0,,9,2.1,0,320,0,77,0,28.1,23,1002.1,0,1011.8,0,0,0,.46,0,9,9,CuSc,7,1897,,,28,0,28.3,27.3,25.7,24.8
108,서울,2018-07-12 19:00,27.4,0,,9,1.1,0,290,0,78,0,28.4,23.2,1002.3,0,1012,0,0,0,.27,0,,7,,,1899,,,27,0,27.8,27.2,25.8,24.9
108,서울,2018-07-12 20:00,26.9,0,,9,1.5,0,290,0,80,0,28.3,23.1,1002.6,0,1012.3,0,0,0,.09,0,,8,,7,1806,,,25.7,0,27.2,27.1,25.9,24.9
108,서울,2018-07-12 21:00,26.3,0,,9,.8,0,270,0,81,0,27.6,22.7,1003.1,0,1012.8,0,,9,,9,4,4,Sc,8,1910,,,24.7,0,26.5,26.8,25.9,25
108,서울,2018-07-12 22:00,25.9,0,,9,.6,0,290,0,83,0,27.6,22.7,1003.5,0,1013.2,0,,9,,9,,2,,,1827,,,24,0,26,26.5,25.9,25.1
108,서울,2018-07-12 23:00,25.5,0,,9,.8,0,270,0,84,0,27.2,22.5,1003.4,0,1013.2,0,,9,,9,,0,,7,1906,,,23.6,0,25.5,26.2,25.8,25.1
108,서울,2018-07-13 00:00,25.1,0,,9,.4,0,0,0,87,0,27.6,22.7,1003.2,0,1013,0,,9,,9,1,0,Ci,,1800,,,23.1,0,25.1,25.9,25.7,25.1
108,서울,2018-07-13 01:00,24.8,0,,,.9,0,270,0,89,0,27.7,22.8,1003,0,1012.8,0,,9,,9,,2,,5,1555,,,23,0,24.8,25.7,25.6,25.1
108,서울,2018-07-13 02:00,24.9,0,,,1.3,0,250,0,86,0,26.9,22.3,1003.1,0,1012.9,0,,9,,9,,,,4,1469,,,23.9,0,24.8,25.4,25.4,25.1
108,서울,2018-07-13 03:00,24.9,0,,,2,0,250,0,86,0,26.9,22.3,1003.1,0,1012.9,0,,9,,9,7,7,Sc,6,1079,,,23.5,0,24.7,25.3,25.3,25
108,서울,2018-07-13 04:00,24.8,0,,,2.1,0,200,0,86,0,26.8,22.2,1003.2,0,1013,0,,9,,9,9,9,Sc,7,1103,,,23.7,0,24.7,25.2,25.2,25
108,서울,2018-07-13 05:00,24.8,0,,,1.4,0,250,0,84,0,26.3,21.9,1003.1,0,1012.9,0,,9,,9,9,9,Sc,6,1303,,,23.8,0,24.7,25.1,25.1,25
108,서울,2018-07-13 06:00,24.8,0,,,1.1,0,270,0,84,0,26.3,21.9,1003.4,0,1013.2,0,0,0,0,0,9,9,Sc,7,1426,,,23.9,0,24.7,25,25,24.9
108,서울,2018-07-13 07:00,25,0,,,1,0,230,0,83,0,26.3,21.9,1003.5,0,1013.3,0,0,0,.13,0,9,9,Sc,7,1350,,,24.9,0,24.8,25,25,24.9
108,서울,2018-07-13 08:00,25.5,0,,,1.8,0,230,0,80,0,26,21.7,1003.5,0,1013.3,0,0,0,.37,0,9,9,Sc,4,1402,,,26.6,0,25.2,25,24.9,24.8
108,서울,2018-07-13 09:00,26.6,0,,,2.2,0,200,0,73,0,25.3,21.3,1003.3,0,1013,0,.6,0,1.01,0,8,8,CuSc,5,1147,,,30,0,26.1,25.1,24.8,24.8
108,서울,2018-07-13 10:00,27.4,0,,,2.4,0,230,0,70,0,25.5,21.4,1003.2,0,1012.9,0,.6,0,1.28,0,9,9,CuSc,6,1335,,,30.5,0,27.3,25.6,24.9,24.7
108,서울,2018-07-13 11:00,27.5,0,,,2.4,0,230,0,70,0,25.6,21.5,1003.1,0,1012.8,0,.2,0,1.07,0,9,9,Sc,6,1719,,,30,0,27.8,26,25,24.7
108,서울,2018-07-13 12:00,28.3,0,,,1.9,0,230,0,68,0,26.1,21.8,1003,0,1012.6,0,.1,0,1.35,0,9,9,Sc,7,1546,,,32.3,0,28.3,26.4,25.1,24.7
108,서울,2018-07-13 13:00,28.9,0,,,2.8,0,290,0,68,0,26.9,22.3,1002.6,0,1012.2,0,.3,0,1.55,0,9,9,Sc,7,1934,,,33.4,0,29.3,26.8,25.2,24.7
108,서울,2018-07-13 14:00,29.5,0,,,2.7,0,270,0,62,0,25.5,21.4,1002.3,0,1011.9,0,.7,0,1.79,0,8,8,CuSc,8,1941,,,34.3,0,30,27.2,25.4,24.7
108,서울,2018-07-13 15:00,30.2,0,,,2.4,0,270,0,62,0,26.6,22.1,1001.8,0,1011.4,0,.7,0,1.91,0,8,8,CuSc,8,1806,,,37.1,0,30.7,27.7,25.6,24.8
108,서울,2018-07-13 16:00,30,0,,,2,0,290,0,67,0,28.3,23.1,1001.3,0,1010.9,0,.8,0,1.46,0,8,8,Cu,9,1698,,,32.4,0,31,28.2,25.8,24.9
108,서울,2018-07-13 17:00,30.1,0,,,1.8,0,290,0,65,0,27.6,22.7,1000.8,0,1010.4,0,.7,0,1.36,0,7,7,Cu,9,1923,,,31.7,0,30.9,28.5,26.1,25
108,서울,2018-07-13 18:00,30.8,0,,,2.5,0,320,0,60,0,26.6,22.1,1000.7,0,1010.3,0,1,0,1.43,0,7,7,Cu,10,1793,,,30.7,0,30.7,28.6,26.3,25.1
108,서울,2018-07-13 19:00,29.8,0,,,2.6,0,320,0,68,0,28.4,23.2,1000.8,0,1010.4,0,1,0,.81,0,,8,,10,1749,,,28.4,0,29.8,28.6,26.5,25.2
108,서울,2018-07-13 20:00,28.2,0,,,2.2,0,290,0,76,0,28.9,23.5,1001.4,0,1011,0,.3,0,.08,0,,2,,,1888,,,26,0,28.6,28.4,26.6,25.4
108,서울,2018-07-13 21:00,27.2,0,,,2.3,0,290,0,80,0,28.8,23.4,1001.8,0,1011.5,0,,9,,9,1,1,Sc,10,1870,,,25,0,27.5,27.9,26.7,25.5
108,서울,2018-07-13 22:00,26.7,0,,,1.3,0,290,0,82,0,28.6,23.3,1001.8,0,1011.5,0,,9,,9,,0,,,1725,,,24.4,0,26.8,27.5,26.6,25.6
108,서울,2018-07-13 23:00,26.2,0,,,1,0,290,0,84,0,28.4,23.2,1001.8,0,1011.5,0,,9,,9,,0,,,1646,,,23.9,0,26.2,27.1,26.5,25.6
108,서울,2018-07-14 00:00,25.7,0,,,.4,0,0,0,85,0,27.9,22.9,1001.7,0,1011.4,0,,9,,9,2,2,,,1519,,,23.5,0,25.8,26.7,26.4,25.6
108,서울,2018-07-14 01:00,25.4,0,,,1.4,0,290,0,85,0,27.4,22.6,1001.6,0,1011.4,0,,9,,9,,1,,,1663,,,23.3,0,25.4,26.4,26.3,25.6
108,서울,2018-07-14 02:00,25.3,0,,,1.7,0,290,0,85,0,27.2,22.5,1001.6,0,1011.4,0,,9,,9,,9,,5,1594,,,23.9,0,25.3,26.1,26.1,25.6
108,서울,2018-07-14 03:00,25.2,0,,,1.1,0,290,0,83,0,26.4,22,1001.8,0,1011.6,0,,9,,9,9,9,Sc,5,1835,,,24,0,25.3,26,26,25.6
108,서울,2018-07-14 04:00,25.1,0,,,1.5,0,270,0,82,0,26.1,21.8,1002,0,1011.8,0,,9,,9,9,9,Sc,5,1336,,,24.1,0,25.2,25.8,25.8,25.5
108,서울,2018-07-14 05:00,24.8,0,0,0,1.6,0,290,0,86,0,26.8,22.2,1002.5,0,1012.3,0,,9,,9,10,10,St,4,1170,,02,24,0,25.2,25.7,25.7,25.5
108,서울,2018-07-14 06:00,24.6,0,,9,.4,0,0,0,86,0,26.4,22,1002.5,0,1012.2,0,0,0,.02,0,9,9,Sc,10,1119,,,24.1,0,25.1,25.6,25.7,25.4
108,서울,2018-07-14 07:00,24.9,0,,9,.3,0,0,0,81,0,25.5,21.4,1002.5,0,1012.3,0,0,0,.24,0,7,7,Sc,5,1289,,,25.3,0,25.2,25.5,25.5,25.4
108,서울,2018-07-14 08:00,26.1,0,,9,.7,0,200,0,74,0,24.9,21,1002.3,0,1012,0,.7,0,.87,0,8,8,Sc,8,1254,,,27,0,26,25.5,25.4,25.3
108,서울,2018-07-14 09:00,27,0,,9,1.1,0,290,0,70,0,24.9,21,1002,0,1011.7,0,.7,0,1.15,0,8,8,Sc,6,1393,,,31.4,0,26.9,25.7,25.3,25.2
108,서울,2018-07-14 10:00,27.8,0,,9,2.1,0,200,0,68,0,25.3,21.3,1001.8,0,1011.4,0,.6,0,1.29,0,8,8,Sc,8,1490,,,31.5,0,28.1,26.1,25.4,25.2
108,서울,2018-07-14 11:00,29,0,,9,2,0,270,0,65,0,26,21.7,1001.8,0,1011.4,0,.9,0,2.22,0,7,7,Sc,8,1642,,,36.5,0,29.5,26.7,25.4,25.1
108,서울,2018-07-14 12:00,30.2,0,,9,2.3,0,230,0,58,0,24.9,21,1001.5,0,1011.1,0,1,0,2.64,0,7,7,CuSc,9,1359,,,39.1,0,31.3,27.5,25.6,25.1
108,서울,2018-07-14 13:00,30.7,0,,9,2.3,0,290,0,59,0,26,21.7,1001.3,0,1010.9,0,1,0,2.67,0,7,7,Sc,10,1534,,,39,0,32.6,28.4,25.8,25.2
108,서울,2018-07-14 14:00,30.7,0,,9,2.9,0,290,0,59,0,26,21.7,1000.9,0,1010.5,0,.9,0,2.05,0,6,6,CuSc,10,1612,,,41.3,0,32.6,29.1,26.2,25.3
108,서울,2018-07-14 15:00,31.1,0,,9,2.3,0,290,0,59,0,26.6,22.1,1000.8,0,1010.4,0,1,0,2.34,0,5,5,Sc,10,1929,,,40,0,33.6,29.7,26.6,25.4
108,서울,2018-07-14 16:00,31.7,0,,9,2.3,0,270,0,55,0,25.6,21.5,1000.6,0,1010.1,0,1,0,2.16,0,4,4,CuSc,12,1895,,,41.6,0,33.6,30.2,26.9,25.5
108,서울,2018-07-14 17:00,31.5,0,,9,3.7,0,270,0,53,0,24.4,20.7,1000.5,0,1010,0,1,0,2.02,0,2,2,Cu,12,1974,,,41.4,0,33.2,30.5,27.2,25.7
108,서울,2018-07-14 18:00,31.1,0,,9,2.2,0,250,0,55,0,24.7,20.9,1000.3,0,1009.8,0,1,0,1.05,0,2,2,Cu,11,1897,,,34.2,0,32,30.5,27.5,25.9
108,서울,2018-07-14 19:00,30.4,0,,9,2.4,0,200,0,59,0,25.5,21.4,1000.2,0,1009.8,0,1,0,.69,0,,3,,10,1972,,,31.3,0,30.7,30.2,27.7,26
108,서울,2018-07-14 20:00,29.2,0,,9,1.7,0,250,0,63,0,25.5,21.4,1000.4,0,1010,0,.5,0,.1,0,,0,,,1988,,,28.4,0,29.5,29.8,27.8,26.2
108,서울,2018-07-14 21:00,28.2,0,,9,2.8,0,270,0,64,0,24.4,20.7,1000.6,0,1010.2,0,,9,,9,0,0,,,2000,,,26.8,0,28.5,29.3,27.8,26.4
108,서울,2018-07-14 22:00,27.6,0,,9,2.7,0,270,0,70,0,25.8,21.6,1001.4,0,1011.1,0,,9,,9,,0,,,1994,,,25.9,0,27.7,28.7,27.7,26.4
108,서울,2018-07-14 23:00,26.6,0,,9,2,0,290,0,80,0,27.7,22.8,1001.5,0,1011.2,0,,9,,9,,,,,1527,,,25.2,0,27.2,28.2,27.6,26.5
108,서울,2018-07-15 00:00,26,0,,9,1.9,0,320,0,82,0,27.4,22.6,1001.8,0,1011.5,0,,9,,9,0,0,,,1674,,,24.6,0,26.6,27.8,27.4,26.5
108,서울,2018-07-15 01:00,25.5,0,,,2.3,0,270,0,83,0,26.9,22.3,1002,0,1011.8,0,,9,,9,,0,,,1576,,,24.1,0,26.2,27.4,27.2,26.5
108,서울,2018-07-15 02:00,25.1,0,,,1.1,0,290,0,85,0,26.9,22.3,1002.3,0,1012.1,0,,9,,9,,,,,1379,,,23.6,0,25.9,27.1,27.1,26.4
108,서울,2018-07-15 03:00,24.8,0,,,.2,0,0,0,86,0,26.8,22.2,1002.2,0,1012,0,,9,,9,0,0,,,1354,,,23.2,0,25.5,26.8,26.9,26.4
108,서울,2018-07-15 04:00,24.6,0,,,.1,0,0,0,86,0,26.4,22,1002.3,0,1012,0,,9,,9,2,2,Sc,12,1358,,,22.9,0,25.2,26.5,26.7,26.3
108,서울,2018-07-15 05:00,24.5,0,,,.7,0,320,0,85,0,26.1,21.8,1002.4,0,1012.1,0,,9,,9,7,7,Sc,4,1345,,,23.7,0,25,26.2,26.5,26.2
108,서울,2018-07-15 06:00,24.8,0,,,.2,0,0,0,83,0,26,21.7,1002.6,0,1012.4,0,0,0,.02,0,8,8,Sc,4,1534,,,24.4,0,25.2,26,26.3,26.2
108,서울,2018-07-15 07:00,25.2,0,,,.2,0,0,0,80,0,25.5,21.4,1002.7,0,1012.5,0,0,0,.18,0,9,9,Sc,5,1551,,,25.6,0,25.5,25.9,26.2,26.1
108,서울,2018-07-15 08:00,26.2,0,,,.9,0,230,0,75,0,25.5,21.4,1002.9,0,1012.6,0,.6,0,.77,0,8,8,Sc,7,1560,,,27.4,0,26.3,26,26.1,25.9
108,서울,2018-07-15 09:00,27,0,,,1,0,250,0,71,0,25.2,21.2,1003.2,0,1012.9,0,.6,0,.97,0,9,9,Sc,6,1518,,,29.4,0,27.3,26.2,26,25.9
108,서울,2018-07-15 10:00,28.5,0,,,1.7,0,180,0,66,0,25.6,21.5,1003.2,0,1012.8,0,.7,0,1.83,0,8,8,Sc,6,1319,,,37.5,0,28.6,26.6,25.9,25.8
108,서울,2018-07-15 11:00,28.7,0,,,1.3,0,290,0,64,0,25.2,21.2,1003.4,0,1013,0,.7,0,1.53,0,6,6,CuSc,8,1332,,,35.1,0,29.9,27.3,26,25.7
108,서울,2018-07-15 12:00,30.1,0,,,1.6,0,180,0,58,0,24.7,20.9,1002.8,0,1012.4,0,.9,0,2.15,0,2,2,Sc,10,1491,,,42.9,0,30.9,27.9,26.2,25.7
108,서울,2018-07-15 13:00,31.4,0,,,3.2,0,200,0,53,0,24.3,20.6,1002.3,0,1011.9,0,1,0,3.28,0,1,1,Sc,11,1695,,,48.5,0,33.6,28.8,26.4,25.8
108,서울,2018-07-15 14:00,32.4,0,,,2,0,200,0,50,0,24.3,20.6,1002,0,1011.5,0,1,0,3.13,0,2,2,Sc,13,1735,,,49.2,0,35.2,30,26.7,25.8
108,서울,2018-07-15 15:00,32.9,0,,,2.6,0,290,0,49,0,24.4,20.7,1001.6,0,1011.1,0,1,0,2.81,0,2,2,Sc,13,1631,,,49.8,0,35.7,31,27.1,25.9
108,서울,2018-07-15 16:00,32.8,0,,,3,0,290,0,52,0,25.8,21.6,1001.3,0,1010.8,0,1,0,2.28,0,1,1,Sc,11,1803,,,47.2,0,35.7,31.6,27.6,26.1
108,서울,2018-07-15 17:00,32.7,0,,,3,0,290,0,52,0,25.6,21.5,1001,0,1010.5,0,1,0,1.96,0,0,0,,,1872,,,44.4,0,35.3,32,28.1,26.3
108,서울,2018-07-15 18:00,32.2,0,,,2.4,0,290,0,55,0,26.4,22,1000.8,0,1010.3,0,1,0,1.28,0,0,0,,,1769,,,36.2,0,34.1,32,28.4,26.5
108,서울,2018-07-15 19:00,31.2,0,,,2.1,0,290,0,62,0,28.1,23,1001.2,0,1010.8,0,1,0,.63,0,,0,,,1852,,,32.4,0,32.2,31.7,28.7,26.7
108,서울,2018-07-15 20:00,29.2,0,,,2.1,0,290,0,72,0,29.1,23.6,1001.7,0,1011.3,0,.5,0,.09,0,,0,,,1932,,,29.5,0,30.8,31.1,28.8,26.9
108,서울,2018-07-15 21:00,28.1,0,,,3.1,0,270,0,74,0,28.1,23,1002.1,0,1011.7,0,,9,,9,0,0,,,1840,,,27.8,0,29.6,30.5,28.8,27
108,서울,2018-07-15 22:00,27.5,0,,,.9,0,290,0,77,0,28.1,23,1002.4,0,1012.1,0,,9,,9,,0,,,1778,,,26.7,0,28.8,29.9,28.6,27.1
108,서울,2018-07-15 23:00,27,0,,,1.6,0,270,0,78,0,27.7,22.8,1002.6,0,1012.3,0,,9,,9,,0,,,1609,,,26,0,28.1,29.3,28.5,27.2
108,서울,2018-07-16 00:00,26.5,0,,,.9,0,270,0,81,0,27.9,22.9,1002.7,0,1012.4,0,,9,,9,0,0,,,1650,,,25.3,0,27.5,28.8,28.3,27.2
108,서울,2018-07-16 01:00,25.9,0,,,1.3,0,290,0,83,0,27.6,22.7,1002.6,0,1012.3,0,,9,,9,,0,,,1520,,,24.6,0,27,28.4,28.1,27.2
108,서울,2018-07-16 02:00,25.4,0,,,.6,0,290,0,84,0,27.1,22.4,1002.5,0,1012.3,0,,9,,9,,0,,,1340,,,24.2,0,26.6,28,27.9,27.1
108,서울,2018-07-16 03:00,25.1,0,,,.7,0,290,0,85,0,26.9,22.3,1002.3,0,1012.1,0,,9,,9,0,0,,,1507,,,23.7,0,26.2,27.6,27.6,27.1
108,서울,2018-07-16 04:00,24.6,0,,,.7,0,320,0,84,0,26,21.7,1002.6,0,1012.3,0,,9,,9,0,0,,,1373,,,23.3,0,25.8,27.3,27.5,27
108,서울,2018-07-16 05:00,24.3,0,,,1,0,270,0,85,0,25.8,21.6,1002.7,0,1012.4,0,,9,,9,0,0,,,1496,,,23,0,25.4,26.9,27.3,26.9
108,서울,2018-07-16 06:00,24,0,,,.9,0,270,0,85,0,25.3,21.3,1002.9,0,1012.6,0,0,0,.02,0,0,0,,,1569,,,23,0,25.2,26.6,27.1,26.8
108,서울,2018-07-16 07:00,24.5,0,,,.9,0,20,0,73,0,22.4,19.3,1003.1,0,1012.8,0,.5,0,.36,0,0,0,,,1901,,,23.7,0,25.1,26.4,26.8,26.7
108,서울,2018-07-16 08:00,26.4,0,,,.5,0,140,0,69,0,23.7,20.2,1003.2,0,1012.9,0,1,0,1.09,0,0,0,,,1559,,,26,0,26,26.2,26.6,26.5
108,서울,2018-07-16 09:00,28,0,,,1,0,160,0,64,0,24.1,20.5,1003.1,0,1012.8,0,1,0,1.35,0,0,0,,,1682,,,30.3,0,27.7,26.4,26.5,26.5
108,서울,2018-07-16 10:00,29.8,0,,,1.8,0,230,0,54,0,22.5,19.4,1003,0,1012.6,0,1,0,2.34,0,0,0,,,1737,,,37.1,0,29.8,27.1,26.4,26.3
108,서울,2018-07-16 11:00,31.5,0,,,2.1,0,200,0,51,0,23.5,20.1,1003.1,0,1012.7,0,1,0,2.83,0,1,1,Sc,10,1498,,,43.7,0,32.1,28,26.5,26.3
108,서울,2018-07-16 12:00,32.4,0,,,2,0,270,0,49,0,23.8,20.3,1002.7,0,1012.2,0,1,0,3.09,0,1,1,Sc,12,1844,,,48.3,0,34,29.2,26.7,26.2
108,서울,2018-07-16 13:00,33,0,,,2.5,0,270,0,51,0,25.6,21.5,1002.6,0,1012.1,0,1,0,3.09,0,3,3,Sc,11,1100,,,51.1,0,35.6,30.4,27.1,26.3
108,서울,2018-07-16 14:00,33.7,0,,,2.5,0,290,0,45,0,23.5,20.1,1002.5,0,1012,0,1,0,3.23,0,3,2,ScCi,10,1843,,,53.1,0,36.8,31.5,27.6,26.4
108,서울,2018-07-16 15:00,33.4,0,,,3.1,0,290,0,44,0,22.5,19.4,1001.9,0,1011.4,0,1,0,2.95,0,2,1,ScCi,10,1928,,,52.1,0,37.2,32.4,28.1,26.6
108,서울,2018-07-16 16:00,33.3,0,,,3.1,0,290,0,46,0,23.5,20.1,1001.6,0,1011.1,0,1,0,2.51,0,1,1,Sc,10,1914,,,49.4,0,37,33,28.6,26.8
108,서울,2018-07-16 17:00,33,0,,,3.1,0,290,0,46,0,23.1,19.8,1001.6,0,1011.1,0,1,0,1.89,0,1,1,Sc,10,1926,,,45.2,0,36.3,33.2,29,26.9
108,서울,2018-07-16 18:00,32.3,0,,,3,0,320,0,47,0,22.7,19.5,1001.3,0,1010.8,0,1,0,1.26,0,0,0,,,1961,,,36.7,0,35,33.1,29.3,27.2
108,서울,2018-07-16 19:00,31.2,0,,,2.4,0,290,0,52,0,23.5,20.1,1001.6,0,1011.2,0,1,0,.57,0,,0,,,1990,,,32.6,0,33.1,32.7,29.6,27.4
108,서울,2018-07-16 20:00,29.3,0,,,2.4,0,290,0,58,0,23.5,20.1,1001.5,0,1011.1,0,.4,0,.09,0,,0,,,2000,,,29.3,0,31.5,32,29.6,27.6
108,서울,2018-07-16 21:00,28,0,,,1.5,0,290,0,64,0,24.1,20.5,1002.1,0,1011.7,0,,9,,9,0,0,,,2000,,,27.6,0,30.2,31.2,29.6,27.8
108,서울,2018-07-16 22:00,27.2,0,,,1.7,0,290,0,69,0,24.9,21,1002.2,0,1011.9,0,,9,,9,,0,,,2000,,,26.6,0,29.2,30.5,29.4,27.8
108,서울,2018-07-16 23:00,26.6,0,,,1.5,0,270,0,75,0,26,21.7,1002.5,0,1012.2,0,,9,,9,,0,,,1996,,,25.8,0,28.4,29.9,29.2,27.9
108,서울,2018-07-17 00:00,26.4,0,,,1.2,0,290,0,76,0,26.1,21.8,1002.5,0,1012.2,0,,9,,9,0,0,,,2000,,,25.2,0,27.8,29.4,29,27.9
108,서울,2018-07-17 01:00,25.8,0,,,.4,0,0,0,78,0,25.8,21.6,1002.5,0,1012.2,0,,9,,9,,0,,,2000,,,24.6,0,27.3,28.9,28.7,27.9
108,서울,2018-07-17 02:00,25.3,0,,,1,0,270,0,78,0,25,21.1,1002.6,0,1012.4,0,,9,,9,,0,,,2000,,,24.2,0,26.8,28.5,28.5,27.8
108,서울,2018-07-17 03:00,24.8,0,,,1,0,290,0,80,0,25,21.1,1002.7,0,1012.5,0,,9,,9,0,0,,,1988,,,23.7,0,26.4,28.1,28.3,27.7
108,서울,2018-07-17 04:00,24.4,0,,,1,0,290,0,80,0,24.4,20.7,1002.7,0,1012.4,0,,9,,9,0,0,,,1112,,,23.3,0,26,27.7,28,27.6
108,서울,2018-07-17 05:00,24.1,0,,,.9,0,290,0,81,0,24.3,20.6,1002.7,0,1012.4,0,,9,,9,0,0,,,1646,,,23,0,25.7,27.4,27.8,27.5
108,서울,2018-07-17 06:00,24,0,,,.9,0,290,0,81,0,24.1,20.5,1002.8,0,1012.5,0,0,0,.02,0,0,0,,,1271,,,23.2,0,25.4,27,27.6,27.4
108,서울,2018-07-17 07:00,24.4,0,,,1,0,320,0,75,0,22.8,19.6,1002.9,0,1012.6,0,.5,0,.35,0,0,0,,,841,,19,24.2,0,25.5,26.8,27.3,27.3
108,서울,2018-07-17 08:00,25.8,0,,,.8,0,230,0,69,0,22.8,19.6,1002.9,0,1012.6,0,1,0,1.06,0,1,1,Sc,10,969,,4019,28.1,0,26.4,26.6,27.1,27.1
108,서울,2018-07-17 09:00,27.5,0,,,2.2,0,270,0,60,0,22,19,1002.8,0,1012.5,0,1,0,1.59,0,1,1,Sc,10,1252,,40,34.2,0,28.1,26.9,26.9,27
108,서울,2018-07-17 10:00,29.2,0,,,1.6,0,270,0,55,0,22.2,19.2,1002.7,0,1012.3,0,1,0,2.36,0,1,1,Sc,10,1404,,,40.7,0,30.2,27.6,26.9,26.9
108,서울,2018-07-17 11:00,30.4,0,,,1.8,0,270,0,53,0,22.9,19.7,1002.5,0,1012.1,0,1,0,2.74,0,4,4,Sc,10,1359,,,47.1,0,32.3,28.5,27,26.8
108,서울,2018-07-17 12:00,30.8,0,,,2.3,0,320,0,57,0,25.2,21.2,1002.5,0,1012.1,0,1,0,2.52,0,6,6,Sc,10,940,,40,45.2,0,33.8,29.6,27.2,26.8
108,서울,2018-07-17 13:00,31.1,0,,,3.2,0,290,0,53,0,23.8,20.3,1002.1,0,1011.7,0,1,0,2.63,0,4,4,Sc,10,1162,,40,48.8,0,34.5,30.5,27.6,26.8
108,서울,2018-07-17 14:00,31.8,0,,,3.5,0,270,0,49,0,22.9,19.7,1001.8,0,1011.3,0,1,0,2.93,0,3,3,Sc,10,1429,,,51.3,0,35.4,31.2,27.9,26.9
108,서울,2018-07-17 15:00,31.9,0,,,3.3,0,290,0,51,0,24,20.4,1001.8,0,1011.3,0,1,0,3.01,0,2,2,Sc,12,1465,,,52,0,36.1,31.9,28.3,27
108,서울,2018-07-17 16:00,32,0,,,2.4,0,270,0,51,0,24.1,20.5,1001.7,0,1011.2,0,1,0,2.55,0,1,1,Sc,10,1402,,,49.7,0,36.1,32.5,28.7,27.2
108,서울,2018-07-17 17:00,31.8,0,,,2.4,0,290,0,52,0,24.4,20.7,1001.6,0,1011.1,0,1,0,1.93,0,1,1,Sc,10,1438,,,45.8,0,35.6,32.8,29.1,27.4
108,서울,2018-07-17 18:00,31.3,0,,,2.5,0,290,0,55,0,25,21.1,1001.2,0,1010.8,0,1,0,1.2,0,1,1,Sc,10,1550,,,36.6,0,34.5,32.7,29.4,27.5
108,서울,2018-07-17 19:00,30.6,0,,,1.4,0,290,0,57,0,25,21.1,1001.1,0,1010.7,0,1,0,.58,0,,0,,,1529,,,32.5,0,32.8,32.4,29.6,27.7
108,서울,2018-07-17 20:00,28.9,0,,,1.7,0,290,0,64,0,25.3,21.3,1001.1,0,1010.7,0,.5,0,.1,0,,0,,,1567,,,29.1,0,31.3,31.8,29.7,27.9
108,서울,2018-07-17 21:00,27.9,0,,,1.9,0,290,0,69,0,25.8,21.6,1001.6,0,1011.2,0,,9,,9,0,0,,,1194,,,27.4,0,30.1,31.2,29.6,28
108,서울,2018-07-17 22:00,27.2,0,,,1.9,0,270,0,70,0,25.2,21.2,1002,0,1011.7,0,,9,,9,,0,,,1110,,,26.4,0,29.2,30.5,29.5,28.1
108,서울,2018-07-17 23:00,26.6,0,,,1.6,0,290,0,76,0,26.4,22,1002,0,1011.7,0,,9,,9,,0,,,936,,19,25.7,0,28.5,29.9,29.3,28.1
108,서울,2018-07-18 00:00,26.2,0,,,.7,0,290,0,79,0,26.8,22.2,1001.9,0,1011.6,0,,9,,9,0,0,,,850,,19,24.8,0,27.8,29.4,29.1,28.1
108,서울,2018-07-18 01:00,25.7,0,,,.2,0,0,0,80,0,26.3,21.9,1001.8,0,1011.5,0,,9,,9,,0,,,805,,19,24.3,0,27.3,28.9,28.8,28.1
108,서울,2018-07-18 02:00,25.2,0,,,.4,0,0,0,82,0,26.3,21.9,1001.8,0,1011.6,0,,9,,9,,0,,,791,,19,23.6,0,26.7,28.5,28.6,28
108,서울,2018-07-18 03:00,24.7,0,,,.7,0,290,0,84,0,26.1,21.8,1002.2,0,1011.9,0,,9,,9,0,0,,,694,,19,23.2,0,26.3,28.1,28.4,27.9
108,서울,2018-07-18 04:00,24.3,0,,,.7,0,320,0,83,0,25.2,21.2,1002.5,0,1012.2,0,,9,,9,0,0,,,621,,19,22.8,0,25.9,27.8,28.1,27.8
108,서울,2018-07-18 05:00,23.9,0,,,.4,0,0,0,83,0,24.6,20.8,1002.6,0,1012.3,0,,9,,9,0,0,,,780,,19,22.5,0,25.6,27.4,27.9,27.7
108,서울,2018-07-18 06:00,23.7,0,,,.1,0,0,0,83,0,24.3,20.6,1002.8,0,1012.6,0,0,0,.03,0,1,0,Ci,,713,,19,22.8,0,25.3,27.1,27.7,27.6
108,서울,2018-07-18 07:00,24.2,0,,,.7,0,50,0,74,0,22.2,19.2,1002.8,0,1012.5,0,.5,0,.35,0,0,0,,,656,,19,24,0,25.4,26.9,27.5,27.5
108,서울,2018-07-18 08:00,25.8,0,,,.4,0,0,0,71,0,23.5,20.1,1003,0,1012.7,0,1,0,.93,0,1,1,Sc,10,760,,19,27.3,0,26.3,26.7,27.3,27.3
108,서울,2018-07-18 09:00,27.2,0,,,.4,0,0,0,59,0,21.2,18.4,1003,0,1012.7,0,1,0,1.18,0,2,2,Sc,7,948,,4019,33.8,0,27.4,26.9,27.1,27.2
108,서울,2018-07-18 10:00,28.9,0,,,1.5,0,290,0,61,0,24.3,20.6,1003,0,1012.6,0,1,0,2.04,0,3,3,Sc,8,941,,40,37.9,0,29.7,27.5,27,27.1
108,서울,2018-07-18 11:00,30.2,0,,,2.2,0,320,0,53,0,22.7,19.5,1003,0,1012.6,0,1,0,2.77,0,3,3,Sc,9,1143,,40,46.4,0,31.8,28.3,27.1,27
108,서울,2018-07-18 12:00,31.2,0,,,2,0,290,0,51,0,23.1,19.8,1002.5,0,1012.1,0,1,0,2.96,0,2,2,Sc,11,1101,,,50.4,0,33.8,29.4,27.3,27
108,서울,2018-07-18 13:00,32.1,0,,,2.3,0,290,0,51,0,24.3,20.6,1002.1,0,1011.6,0,1,0,2.96,0,3,3,Sc,12,776,,40,50.4,0,35.1,30.5,27.6,27
108,서울,2018-07-18 14:00,32.7,0,,,1.5,0,270,0,49,0,24.1,20.5,1001.6,0,1011.1,0,1,0,2.62,0,3,3,Sc,13,765,,40,50.7,0,35.6,31.4,28,27.1
108,서울,2018-07-18 15:00,32.9,0,,,2.5,0,290,0,46,0,22.9,19.7,1001.3,0,1010.8,0,1,0,2.9,0,1,1,Sc,13,1248,,40,52.8,0,36.2,32,28.4,27.2
108,서울,2018-07-18 16:00,33.1,0,,,2.9,0,290,0,42,0,21.2,18.4,1001,0,1010.5,0,1,0,2.52,0,0,0,,,1712,,,50.7,0,36.3,32.5,28.8,27.3
108,서울,2018-07-18 17:00,32.6,0,,,2.8,0,320,0,46,0,22.5,19.4,1000.7,0,1010.2,0,1,0,1.95,0,0,0,,,1560,,,46,0,35.6,32.8,29.2,27.5
108,서울,2018-07-18 18:00,32,0,,,2.6,0,270,0,50,0,23.7,20.2,1000.6,0,1010.1,0,1,0,1.25,0,0,0,,,1374,,,36.6,0,34.6,32.8,29.5,27.7
108,서울,2018-07-18 19:00,30.6,0,,,2.8,0,290,0,54,0,23.7,20.2,1000.7,0,1010.3,0,1,0,.59,0,,0,,,1531,,,31.8,0,32.8,32.4,29.7,27.9
108,서울,2018-07-18 20:00,28.8,0,,,1.9,0,290,0,66,0,26.1,21.8,1000.9,0,1010.5,0,.5,0,.09,0,,0,,,1209,,,28.7,0,31.3,31.8,29.8,28
108,서울,2018-07-18 21:00,28,0,,,1.8,0,270,0,69,0,26,21.7,1001.1,0,1010.7,0,,9,,9,0,0,,,1140,,,27.1,0,30.1,31.2,29.7,28.2
108,서울,2018-07-18 22:00,27.2,0,,,1.5,0,270,0,73,0,26.3,21.9,1001.6,0,1011.3,0,,9,,9,,0,,,1005,,,26,0,29.2,30.6,29.6,28.2
108,서울,2018-07-18 23:00,26.4,0,,,.6,0,270,0,76,0,26.1,21.8,1001.6,0,1011.3,0,,9,,9,,0,,,959,,19,25,0,28.4,30,29.4,28.3
108,서울,2018-07-19 00:00,25.9,0,,,1.3,0,290,0,76,0,25.3,21.3,1001.4,0,1011.1,0,,9,,9,0,0,,,984,,19,24.3,0,27.7,29.5,29.2,28.3
108,서울,2018-07-19 01:00,25.4,0,,,.8,0,270,0,79,0,25.5,21.4,1001.5,0,1011.3,0,,9,,9,,0,,,924,,19,23.8,0,27.2,29,29,28.2
108,서울,2018-07-19 02:00,24.8,0,,,1.5,0,290,0,80,0,25,21.1,1001.4,0,1011.2,0,,9,,9,,0,,,888,,19,23.5,0,26.7,28.5,28.7,28.2
108,서울,2018-07-19 03:00,24.4,0,,,.6,0,20,0,85,0,26,21.7,1001.6,0,1011.3,0,,9,,9,0,0,,,678,,19,23.2,0,26.4,28.2,28.5,28.1
108,서울,2018-07-19 04:00,24,0,,,.9,0,270,0,87,0,25.8,21.6,1001.8,0,1011.5,0,,9,,9,0,0,,,582,,19,22.8,0,26.1,27.8,28.3,28
108,서울,2018-07-19 05:00,23.6,0,,,.2,0,0,0,88,0,25.5,21.4,1001.9,0,1011.7,0,,9,,9,0,0,,,604,,19,22.2,0,25.7,27.5,28,27.9
108,서울,2018-07-19 06:00,23.3,0,,,.2,0,0,0,83,0,23.7,20.2,1002.3,0,1012.1,0,0,0,.02,0,0,0,,,875,,19,22.2,0,25.3,27.2,27.8,27.8
108,서울,2018-07-19 07:00,23.6,0,,,.9,0,20,0,75,0,21.8,18.9,1002.6,0,1012.4,0,.5,0,.36,0,0,0,,,856,,19,23.4,0,25.3,26.9,27.6,27.7
108,서울,2018-07-19 08:00,25.5,0,,,.9,0,340,0,65,0,21.2,18.4,1002.8,0,1012.6,0,1,0,1.1,0,0,0,,,833,,4019,27.8,0,26.2,26.7,27.4,27.5
108,서울,2018-07-19 09:00,27.6,0,,,1.5,0,270,0,62,0,22.8,19.6,1002.6,0,1012.3,0,1,0,1.76,0,0,0,,,1043,,40,35,0,28.1,27,27.2,27.4
108,서울,2018-07-19 10:00,29.4,0,,,2.2,0,200,0,56,0,22.9,19.7,1002.4,0,1012,0,1,0,2.38,0,1,1,Sc,10,1153,,,42.3,0,30.4,27.7,27.1,27.2
108,서울,2018-07-19 11:00,30.7,0,,,1.6,0,290,0,48,0,21.2,18.4,1002.2,0,1011.8,0,1,0,2.92,0,0,0,,,1705,,,48.6,0,32.6,28.7,27.2,27.2
108,서울,2018-07-19 12:00,31.7,0,,,2.6,0,290,0,42,0,19.6,17.2,1001.8,0,1011.3,0,1,0,3.23,0,0,0,,,1868,,,53.1,0,34.6,29.9,27.5,27.2
108,서울,2018-07-19 13:00,32.6,0,,,2.7,0,290,0,47,0,23.1,19.8,1001.3,0,1010.8,0,1,0,3.36,0,1,1,Sc,10,1641,,,55.7,0,36,30.9,27.8,27.2
108,서울,2018-07-19 14:00,33.1,0,,,2.5,0,270,0,47,0,23.7,20.2,1000.8,0,1010.3,0,1,0,3.26,0,0,0,,,1785,,,56.8,0,36.9,31.9,28.3,27.2
108,서울,2018-07-19 15:00,33.7,0,,,2.5,0,320,0,41,0,21.4,18.6,1000.4,0,1009.9,0,1,0,3.04,0,0,0,,,1924,,,55.9,0,37.5,32.7,28.7,27.4
108,서울,2018-07-19 16:00,33.7,0,,,2.7,0,290,0,43,0,22.4,19.3,999.8,0,1009.3,0,1,0,2.55,0,0,0,,,1890,,,52.7,0,37.4,33.2,29.2,27.6
108,서울,2018-07-19 17:00,34,0,,,2.3,0,290,0,44,0,23.4,20,999.5,0,1008.9,0,1,0,1.95,0,1,1,Sc,10,1891,,,48.3,0,36.9,33.5,29.6,27.7
108,서울,2018-07-19 18:00,33,0,,,2.4,0,270,0,51,0,25.6,21.5,999.5,0,1009,0,1,0,1.23,0,1,1,Sc,12,1566,,,38.4,0,35.6,33.5,29.9,27.9
108,서울,2018-07-19 19:00,31.6,0,,,2.3,0,290,0,58,0,26.9,22.3,999.6,0,1009.1,0,1,0,.56,0,,0,,,1556,,,33.4,0,33.8,33.1,30.1,28.2
108,서울,2018-07-19 20:00,29.8,0,,,2.9,0,290,0,62,0,26,21.7,999.8,0,1009.4,0,.4,0,.08,0,,0,,,1931,,,29.8,0,32.2,32.5,30.2,28.3
108,서울,2018-07-19 21:00,28.8,0,,,2.4,0,290,0,69,0,27.2,22.5,1000.3,0,1009.9,0,,9,,9,0,0,,,1619,,,28.1,0,31,31.9,30.2,28.5
108,서울,2018-07-19 22:00,28,0,,,1.5,0,320,0,76,0,28.6,23.3,1000.4,0,1010,0,,9,,9,,0,,,1542,,,27.1,0,30.1,31.3,30.1,28.6
108,서울,2018-07-19 23:00,27.2,0,,,1.9,0,320,0,78,0,28.1,23,1000.4,0,1010.1,0,,9,,9,,0,,,1601,,,26.3,0,29.4,30.7,29.9,28.6
108,서울,2018-07-20 00:00,26.7,0,,,1.4,0,290,0,80,0,27.9,22.9,1000.4,0,1010.1,0,,9,,9,0,0,,,1465,,,25.4,0,28.7,30.2,29.7,28.6
108,서울,2018-07-20 01:00,26.1,0,,,1.6,0,290,0,81,0,27.2,22.5,1000.2,0,1009.9,0,,9,,9,,0,,,1409,,,24.9,0,28.2,29.8,29.5,28.6
108,서울,2018-07-20 02:00,25.7,0,,,.1,0,0,0,84,0,27.6,22.7,999.9,0,1009.6,0,,9,,9,,0,,,1293,,,24.2,0,27.7,29.3,29.2,28.6
108,서울,2018-07-20 03:00,25.4,0,,,.9,0,290,0,84,0,27.1,22.4,999.7,0,1009.4,0,,9,,9,0,0,,,1174,,,23.8,0,27.2,28.9,29,28.5
108,서울,2018-07-20 04:00,25.1,0,,,0,0,0,0,83,0,26.4,22,999.5,0,1009.2,0,,9,,9,0,0,,,1253,,,23.3,0,26.8,28.6,28.8,28.4
108,서울,2018-07-20 05:00,24.9,0,,,.3,0,0,0,83,0,26.1,21.8,999.6,0,1009.4,0,,9,,9,0,0,,,1207,,,23.2,0,26.5,28.2,28.6,28.3
108,서울,2018-07-20 06:00,24.6,0,,,.2,0,0,0,82,0,25.3,21.3,999.9,0,1009.6,0,0,0,.02,0,0,0,,,1157,,,23.3,0,26.2,27.9,28.4,28.2
108,서울,2018-07-20 07:00,25.2,0,,,.6,0,320,0,75,0,24,20.4,1000.2,0,1009.9,0,.5,0,.34,0,0,0,,,1056,,,25.2,0,26.3,27.6,28.2,28.1
108,서울,2018-07-20 08:00,26.6,0,,,1.3,0,320,0,70,0,24.3,20.6,1000.5,0,1010.2,0,1,0,1.01,0,0,0,,,1062,,,28.9,0,27.2,27.5,27.9,27.9
108,서울,2018-07-20 09:00,28.4,0,,,1.2,0,270,0,65,0,25,21.1,1000.3,0,1009.9,0,1,0,1.69,0,0,0,,,806,,40,36,0,28.9,27.8,27.8,27.8
108,서울,2018-07-20 10:00,29.8,0,,,1.2,0,250,0,59,0,24.7,20.9,1000.2,0,1009.8,0,1,0,2.32,0,0,0,,,973,,40,43.1,0,31,28.3,27.7,27.7
108,서울,2018-07-20 11:00,31.6,0,,,1.3,0,250,0,54,0,25,21.1,1000.1,0,1009.6,0,1,0,2.84,0,1,1,Sc,9,990,,40,49.4,0,33.2,29.3,27.8,27.6
108,서울,2018-07-20 12:00,32.6,0,,,2.1,0,290,0,51,0,25,21.1,1000,0,1009.5,0,1,0,3.21,0,2,2,Sc,10,800,,40,53.4,0,35.1,30.3,28,27.6
108,서울,2018-07-20 13:00,32.4,0,,,2.4,0,320,0,54,0,26.1,21.8,999.5,0,1009,0,1,0,2.5,0,2,2,Sc,11,708,,40,48.8,0,35.7,31.4,28.4,27.6
108,서울,2018-07-20 14:00,33.4,0,,,2.7,0,290,0,52,0,26.6,22.1,998.9,0,1008.4,0,1,0,2.67,0,1,1,Sc,9,685,,40,53.3,0,36.2,32,28.7,27.7
108,서울,2018-07-20 15:00,34.1,0,,,2.4,0,230,0,45,0,24,20.4,998.5,0,1007.9,0,1,0,2.88,0,1,1,Sc,10,1110,,40,54.8,0,37,32.6,29.1,27.8
108,서울,2018-07-20 16:00,34.3,0,,,2.3,0,270,0,45,0,24.3,20.6,998.3,0,1007.7,0,1,0,2.47,0,1,0,Ci,,1466,,,52.6,0,37.3,33.1,29.4,27.9
108,서울,2018-07-20 17:00,34.3,0,,,2.1,0,270,0,44,0,23.7,20.2,998.1,0,1007.5,0,1,0,1.87,0,0,0,,,1704,,,48.3,0,36.8,33.4,29.8,28.1
108,서울,2018-07-20 18:00,33.9,0,,,2,0,290,0,42,0,22.1,19.1,998,0,1007.4,0,1,0,1.25,0,0,0,,,1969,,,38.2,0,35.7,33.4,30.1,28.2
108,서울,2018-07-20 19:00,32.9,0,,,2,0,290,0,44,0,22,19,998.3,0,1007.8,0,1,0,.59,0,,0,,,1985,,,33.1,0,33.9,33.2,30.3,28.5
108,서울,2018-07-20 20:00,30.9,0,,,2.2,0,290,0,51,0,22.7,19.5,998.7,0,1008.2,0,.4,0,.07,0,,0,,,2000,,,29.7,0,32.2,32.6,30.4,28.6
108,서울,2018-07-20 21:00,29.8,0,,,1.4,0,290,0,59,0,24.7,20.9,999.2,0,1008.8,0,,9,,9,0,0,,,2000,,,28,0,30.9,32,30.3,28.7
108,서울,2018-07-20 22:00,28.8,0,,,1.3,0,290,0,65,0,25.6,21.5,999.6,0,1009.2,0,,9,,9,,0,,,1988,,,26.9,0,30,31.3,30.2,28.9
108,서울,2018-07-20 23:00,28.2,0,,,1.3,0,270,0,70,0,26.8,22.2,999.7,0,1009.3,0,,9,,9,,0,,,1811,,,26.2,0,29.4,30.8,30,28.8
108,서울,2018-07-21 00:00,27.5,0,,,1.1,0,270,0,73,0,26.8,22.2,999.6,0,1009.2,0,,9,,9,0,0,,,1834,,,25.3,0,28.7,30.3,29.8,28.9
108,서울,2018-07-21 01:00,27,0,,,1.1,0,290,0,74,0,26.3,21.9,999.3,0,1009,0,,9,,9,,0,,,1833,,,24.8,0,28.2,29.8,29.6,28.8
108,서울,2018-07-21 02:00,26.4,0,,,.2,0,0,0,72,0,24.7,20.9,999,0,1008.7,0,,9,,9,,0,,,1766,,,24.1,0,27.7,29.4,29.4,28.8
108,서울,2018-07-21 03:00,26.1,0,,,.1,0,0,0,74,0,24.9,21,998.8,0,1008.5,0,,9,,9,0,0,,,1683,,,23.5,0,27.2,29,29.2,28.7
108,서울,2018-07-21 04:00,25.6,0,,,1.2,0,290,0,77,0,25.2,21.2,999,0,1008.7,0,,9,,9,0,0,,,1203,,,23.5,0,26.8,28.7,29,28.6
108,서울,2018-07-21 05:00,25,0,,,.3,0,0,0,78,0,24.6,20.8,999.4,0,1009.1,0,,9,,9,0,0,,,1474,,,23,0,26.5,28.3,28.7,28.5
108,서울,2018-07-21 06:00,24.9,0,,,0,0,0,0,76,0,23.8,20.3,999.7,0,1009.5,0,0,0,.02,0,0,0,,,1473,,,23.1,0,26.2,28,28.5,28.4
108,서울,2018-07-21 07:00,25.3,0,,,.4,0,0,0,71,0,22.8,19.6,999.9,0,1009.6,0,.5,0,.34,0,0,0,,,1226,,,24.6,0,26.3,27.8,28.3,28.3
108,서울,2018-07-21 08:00,27.4,0,,,.9,0,20,0,63,0,22.9,19.7,1000.1,0,1009.7,0,1,0,1.03,0,0,0,,,1043,,,28.9,0,27.2,27.6,28.1,28.1
108,서울,2018-07-21 09:00,29.6,0,,,.9,0,50,0,57,0,23.5,20.1,1000.1,0,1009.7,0,1,0,1.71,0,0,0,,,977,,40,36.4,0,29,27.8,27.9,28
108,서울,2018-07-21 10:00,31.4,0,,,1.1,0,140,0,51,0,23.4,20,1000,0,1009.5,0,1,0,2.32,0,0,0,,,847,,40,43.7,0,31.3,28.5,27.8,27.9
108,서울,2018-07-21 11:00,32.9,0,,,2.1,0,290,0,45,0,22.4,19.3,999.6,0,1009.1,0,1,0,2.72,0,0,0,,,1020,,40,49.6,0,33.5,29.4,27.9,27.9
108,서울,2018-07-21 12:00,34.2,0,,,1.8,0,320,0,35,0,18.8,16.5,999.3,0,1008.7,0,1,0,3.14,0,0,0,,,1528,,,55.1,0,35.3,30.4,28.1,27.8
108,서울,2018-07-21 13:00,35.2,0,,,1.8,0,340,0,34,0,19.2,16.9,998.8,0,1008.2,0,1,0,3.21,0,2,0,Cs,,1636,,,57.9,0,36.9,31.5,28.5,27.8
108,서울,2018-07-21 14:00,36.3,0,,,1.3,0,290,0,34,0,20.5,17.9,998.3,0,1007.7,0,1,0,3.17,0,0,0,,,1493,,,58.9,0,38,32.4,28.8,27.9
108,서울,2018-07-21 15:00,36.5,0,,,3,0,290,0,35,0,21.3,18.5,997.9,0,1007.3,0,1,0,2.71,0,2,0,Ci,,1355,,,56.4,0,38.4,33.2,29.3,28
108,서울,2018-07-21 16:00,36.8,0,,,2.8,0,290,0,30,0,18.5,16.3,997.8,0,1007.2,0,1,0,2.41,0,0,0,,,1756,,,54.3,0,38.3,33.7,29.7,28.2
108,서울,2018-07-21 17:00,36.3,0,,,3.1,0,290,0,36,0,21.7,18.8,998,0,1007.4,0,1,0,1.91,0,0,0,,,1972,,,49.6,0,37.7,34,30.1,28.2
108,서울,2018-07-21 18:00,35,0,,,2.9,0,290,0,42,0,23.5,20.1,997.9,0,1007.3,0,1,0,1.26,0,0,0,,,1953,,,39.3,0,36.4,34,30.3,28.6
108,서울,2018-07-21 19:00,33.4,0,,,2.6,0,270,0,51,0,26.1,21.8,998.3,0,1007.8,0,1,0,.59,0,,0,,,2000,,,34.1,0,34.5,33.7,30.6,28.7
108,서울,2018-07-21 20:00,31.5,0,,,1.8,0,290,0,53,0,24.4,20.7,998.5,0,1008,0,.4,0,.08,0,,,,,2000,,,30.4,0,32.9,33.1,30.7,28.9
108,서울,2018-07-21 21:00,30.2,0,,,1.8,0,270,0,54,0,23.1,19.8,998.8,0,1008.4,0,,9,,9,0,0,,,2000,,,28.2,0,31.5,32.4,30.6,29
108,서울,2018-07-21 22:00,29.4,0,,,1.4,0,290,0,55,0,22.5,19.4,999,0,1008.5,0,,9,,9,,0,,,2000,,,27,0,30.4,31.8,30.5,29.1
108,서울,2018-07-21 23:00,28.8,0,,,1.6,0,320,0,56,0,22.1,19.1,999.1,0,1008.7,0,,9,,9,,0,,,2000,,,26.2,0,29.6,31.2,30.4,29.1
108,서울,2018-07-22 00:00,28.1,0,,,.2,0,0,0,56,0,21.2,18.4,999.1,0,1008.7,0,,9,,9,0,0,,,2000,,,25.1,0,29,30.6,30.1,29.2
108,서울,2018-07-22 01:00,27.3,0,,,.8,0,290,0,60,0,21.7,18.8,998.9,0,1008.5,0,,9,,9,,0,,,2000,,,24.6,0,28.3,30.1,29.9,29.1
108,서울,2018-07-22 02:00,26.8,0,,,.6,0,290,0,63,0,22.1,19.1,998.8,0,1008.5,0,,9,,9,,0,,,2000,,,24,0,27.7,29.7,29.7,29.1
108,서울,2018-07-22 03:00,26.3,0,,,.2,0,0,0,63,0,21.4,18.6,998.6,0,1008.3,0,,9,,9,0,0,,,2000,,,23.8,0,27.3,29.3,29.5,29
108,서울,2018-07-22 04:00,25.9,0,,,.3,0,0,0,71,0,23.7,20.2,998.6,0,1008.3,0,,9,,9,0,0,,,2000,,,23.4,0,27,28.9,29.2,28.9
108,서울,2018-07-22 05:00,25.5,0,,,.4,0,0,0,72,0,23.4,20,998.8,0,1008.5,0,,9,,9,0,0,,,2000,,,23.2,0,26.6,28.6,29,28.8
108,서울,2018-07-22 06:00,25.3,0,,,.6,0,20,0,73,0,23.5,20.1,999.2,0,1008.9,0,0,0,.02,0,0,0,,,1979,,,23.5,0,26.4,28.3,28.8,28.7
108,서울,2018-07-22 07:00,25.8,0,,,.9,0,20,0,67,0,22.1,19.1,999.4,0,1009.1,0,.5,0,.34,0,0,0,,,1773,,,24.9,0,26.4,28,28.5,28.6
108,서울,2018-07-22 08:00,27.9,0,,,.6,0,70,0,60,0,22.5,19.4,999.6,0,1009.2,0,1,0,1.06,0,0,0,,,1835,,,29.4,0,27.4,27.9,28.3,28.4
108,서울,2018-07-22 09:00,30.5,0,,,.9,0,50,0,54,0,23.5,20.1,999.6,0,1009.2,0,1,0,1.71,0,0,0,,,1907,,,37.6,0,29.5,28.1,28.1,28.2
108,서울,2018-07-22 10:00,32.2,0,,,.8,0,180,0,50,0,24,20.4,999.4,0,1008.9,0,1,0,2.29,0,1,0,Ci,,1881,,,45.4,0,31.7,28.8,28.1,28.1
108,서울,2018-07-22 11:00,33.8,0,,,1.9,0,290,0,45,0,23.7,20.2,999.4,0,1008.8,0,1,0,2.74,0,1,0,Ci,,1928,,,51.5,0,34,29.7,28.1,28
108,서울,2018-07-22 12:00,35.5,0,,,1.9,0,270,0,39,0,22.5,19.4,999,0,1008.4,0,1,0,3.05,0,1,0,Ci,,1803,,,56.6,0,36.1,30.8,28.4,28
108,서울,2018-07-22 13:00,36.7,0,,,1.8,0,270,0,33,0,20.2,17.7,998.3,0,1007.7,0,1,0,3.24,0,3,0,Ci,,1911,,,60,0,37.9,31.9,28.7,28
108,서울,2018-07-22 14:00,37.4,0,,,2.3,0,270,0,34,0,21.7,18.8,997.9,0,1007.2,0,1,0,3.05,0,6,0,Ci,,1860,,,58.5,0,39,32.8,29.2,28.1
108,서울,2018-07-22 15:00,37.5,0,,,2,0,270,0,33,0,21.2,18.4,997.7,0,1007,0,1,0,2.32,0,6,0,Ci,,1816,,,56.9,0,38.7,33.6,29.5,28.2
108,서울,2018-07-22 16:00,37.8,0,,,2.5,0,320,0,31,0,20.2,17.7,997.4,0,1006.7,0,1,0,2.46,0,2,0,Ci,,1929,,,56,0,39,34,29.9,28.4
108,서울,2018-07-22 17:00,37.6,0,,,2.1,0,320,0,33,0,21.3,18.5,997.3,0,1006.6,0,1,0,1.82,0,3,0,Ci,,1837,,,50.8,0,38.5,34.3,30.4,28.6
108,서울,2018-07-22 18:00,36.3,0,,,3,0,290,0,35,0,21,18.3,997.5,0,1006.9,0,1,0,.89,0,5,0,Ci,,1860,,,41.1,0,36.9,34.4,30.6,28.8
108,서울,2018-07-22 19:00,34.5,0,,,2.8,0,290,0,47,0,25.6,21.5,998,0,1007.4,0,.6,0,.42,0,,0,,,1762,,,36.4,0,35.2,34,30.8,29
108,서울,2018-07-22 20:00,33.3,0,,,2.3,0,270,0,50,0,25.5,21.4,998,0,1007.5,0,.1,0,.1,0,,0,,,1706,,,33,0,33.9,33.5,30.9,29.1
108,서울,2018-07-22 21:00,32.3,0,,,1.7,0,290,0,50,0,24.1,20.5,998.3,0,1007.8,0,,9,,9,7,0,Ci,,1784,,,30.9,0,32.6,33,30.9,29.2
108,서울,2018-07-22 22:00,31.7,0,,,1.4,0,270,0,51,0,23.8,20.3,998.6,0,1008.1,0,,9,,9,,2,,62,1742,,,30.1,0,31.7,32.4,30.8,29.3
108,서울,2018-07-22 23:00,31.2,0,,,1.5,0,270,0,52,0,23.5,20.1,998.8,0,1008.3,0,,9,,9,,7,,61,1670,,,29.2,0,31.1,32,30.7,29.4
108,서울,2018-07-23 00:00,30.6,0,,,2.3,0,270,0,50,0,21.8,18.9,999,0,1008.6,0,,9,,9,9,6,AcCi,,1631,,,29,0,30.5,31.5,30.5,29.4
108,서울,2018-07-23 01:00,30,0,,,1.5,0,290,0,52,0,22,19,999,0,1008.6,0,,9,,9,,7,,16,1774,,,28.7,0,30.1,31.1,30.4,29.4
108,서울,2018-07-23 02:00,29.7,0,,,1.4,0,270,0,53,0,22,19,999.1,0,1008.6,0,,9,,9,,1,,17,1682,,,28.3,0,29.8,30.7,30.2,29.4
108,서울,2018-07-23 03:00,29.6,0,,,2.1,0,270,0,50,0,20.6,18,999.3,0,1008.8,0,,9,,9,8,2,ScCi,18,1970,,,28.1,0,29.5,30.4,30,29.3
108,서울,2018-07-23 04:00,29.3,0,,,.9,0,290,0,51,0,20.8,18.1,999.6,0,1009.2,0,,9,,9,8,4,ScCi,16,1498,,,28,0,29.2,30.2,29.8,29.2
108,서울,2018-07-23 05:00,29.3,0,,,1.6,0,270,0,55,0,22.4,19.3,999.8,0,1009.4,0,,9,,9,8,6,ScCi,16,2000,,,27.7,0,29,29.9,29.7,29.2
108,서울,2018-07-23 06:00,29.2,0,,,1.7,0,290,0,58,0,23.4,20,999.8,0,1009.4,0,0,0,.01,0,9,6,AcCi,35,2000,,,27.5,0,28.8,29.8,29.5,29.1
108,서울,2018-07-23 07:00,29.3,0,,,.8,0,250,0,58,0,23.5,20.1,1000.1,0,1009.7,0,0,0,.23,0,9,2,ScAc,16,2000,,,29.4,0,28.8,29.5,29.4,29
108,서울,2018-07-23 08:00,30,0,,,.9,0,230,0,56,0,23.7,20.2,1000.3,0,1009.9,0,0,0,.54,0,9,5,ScAc,16,2000,,,32.4,0,29.4,29.4,29.2,29
108,서울,2018-07-23 09:00,31,0,,,1.5,0,290,0,55,0,24.6,20.8,1000.3,0,1009.9,0,.2,0,1.14,0,8,8,Sc,16,1945,,,38.2,0,30.6,29.5,29.1,28.8
108,서울,2018-07-23 10:00,31.8,0,,,1.5,0,340,0,51,0,24,20.4,1000.1,0,1009.6,0,.6,0,1.71,0,7,3,ScAc,18,1900,,,43.9,0,32,29.8,29,28.7
108,서울,2018-07-23 11:00,32.7,0,,,2.2,0,320,0,48,0,23.7,20.2,999.9,0,1009.4,0,1,0,2.53,0,4,2,ScCi,18,1908,,,48.8,0,34.1,30.4,29,28.6
108,서울,2018-07-23 12:00,34.1,0,,,2.3,0,290,0,47,0,25,21.1,999.5,0,1008.9,0,1,0,2.94,0,8,2,ScCi,18,1862,,,55.1,0,36.1,31.2,29,28.6
108,서울,2018-07-23 13:00,33.8,0,,,1.7,0,290,0,47,0,24.7,20.9,998.9,0,1008.3,0,.5,0,1.57,0,8,3,ScCi,14,1887,,,45.9,0,36.1,32.1,29.4,28.6
108,서울,2018-07-23 14:00,34.3,0,,,2.2,0,340,0,45,0,24.3,20.6,998.5,0,1007.9,0,.6,0,1.64,0,8,6,ScCi,14,1967,,,48.3,0,35.8,32.5,29.6,28.7
108,서울,2018-07-23 15:00,35.4,0,,,2.2,0,270,0,46,0,26.4,22,997.9,0,1007.3,0,.9,0,2.48,0,8,4,ScCi,17,1861,,,51.4,0,37.2,32.8,29.9,28.7
108,서울,2018-07-23 16:00,34.8,0,,,2.2,0,320,0,47,0,26.1,21.8,997.7,0,1007.1,0,.8,0,1.32,0,8,4,ScCi,16,1839,,,46.2,0,36.7,33.2,30.1,28.8
108,서울,2018-07-23 17:00,34.8,0,,,3,0,290,0,49,0,27.2,22.5,997.6,0,1007,0,.8,0,1.37,0,7,3,ScCi,17,1866,,,46,0,36.2,33.4,30.4,29
108,서울,2018-07-23 18:00,33.9,0,,,3.2,0,290,0,53,0,27.9,22.9,997.9,0,1007.3,0,.9,0,.94,0,6,3,ScCi,14,1886,,,39.6,0,35.4,33.3,30.5,29.1
108,서울,2018-07-23 19:00,32.6,0,,,3.2,0,290,0,58,0,28.4,23.2,998.2,0,1007.7,0,.7,0,.45,0,,2,,,1962,,,35,0,34.3,33.2,30.7,29.2
108,서울,2018-07-23 20:00,31.5,0,,,1.8,0,290,0,61,0,28.1,23,998.3,0,1007.8,0,0,0,.07,0,,,,,2000,,,31.7,0,32.9,32.8,30.7,29.3
108,서울,2018-07-23 21:00,30.8,0,,,1.8,0,340,0,60,0,26.6,22.1,998.7,0,1008.2,0,,9,,9,9,4,ScCi,12,2000,,,30.6,0,31.9,32.4,30.7,29.4
108,서울,2018-07-23 22:00,30.3,0,,,1.8,0,320,0,60,0,25.8,21.6,998.9,0,1008.5,0,,9,,9,,1,,,2000,,,29.4,0,31.2,31.9,30.6,29.4
108,서울,2018-07-23 23:00,30,0,,,1.6,0,290,0,58,0,24.6,20.8,998.9,0,1008.5,0,,9,,9,,0,,,2000,,,28.6,0,30.6,31.5,30.5,29.4
108,서울,2018-07-24 00:00,29.6,0,,,1,0,320,0,61,0,25.2,21.2,998.9,0,1008.4,0,,9,,9,7,0,Ci,,2000,,,27.8,0,30,31.1,30.3,29.4
108,서울,2018-07-24 01:00,29.1,0,,,1.2,0,290,0,64,0,25.6,21.5,998.6,0,1008.2,0,,9,,9,,0,,,2000,,,27.1,0,29.5,30.7,30.2,29.4
108,서울,2018-07-24 02:00,28.6,0,,,.9,0,290,0,66,0,25.8,21.6,998.4,0,1008,0,,9,,9,,,,,2000,,,26.4,0,29,30.4,30,29.4
108,서울,2018-07-24 03:00,28.2,0,,,.3,0,0,0,65,0,24.7,20.9,998.2,0,1007.8,0,,9,,9,3,0,Ci,,1999,,,25.7,0,28.5,30,29.8,29.3
108,서울,2018-07-24 04:00,27.8,0,,,.2,0,0,0,67,0,25,21.1,998.1,0,1007.7,0,,9,,9,3,0,Ci,,1982,,,25.5,0,28.2,29.7,29.7,29.2
108,서울,2018-07-24 05:00,27.5,0,,,.1,0,0,0,70,0,25.6,21.5,998.3,0,1007.9,0,,9,,9,2,0,Ci,,1976,,,25.1,0,27.9,29.4,29.5,29.2
108,서울,2018-07-24 06:00,27.2,0,,,.8,0,20,0,71,0,25.5,21.4,998.3,0,1007.9,0,0,0,.02,0,2,0,Ci,,1920,,,25.4,0,27.6,29.2,29.3,29.1
108,서울,2018-07-24 07:00,27.8,0,,,1.2,0,20,0,63,0,23.5,20.1,998.6,0,1008.2,0,.4,0,.32,0,1,0,Ci,,1781,,,26.5,0,27.7,28.9,29.1,29
108,서울,2018-07-24 08:00,29.9,0,,,.8,0,90,0,59,0,24.9,21,998.7,0,1008.3,0,1,0,1.03,0,1,0,Ci,,1727,,,30.7,0,28.6,28.8,28.9,28.8
108,서울,2018-07-24 09:00,31.7,0,,,1,0,20,0,59,0,27.4,22.6,998.6,0,1008.1,0,1,0,1.69,0,1,0,Ci,,1706,,,38.8,0,30.5,29,28.8,28.7
108,서울,2018-07-24 10:00,32.4,0,,,.9,0,360,0,54,0,26.1,21.8,998.4,0,1007.9,0,.8,0,1.45,0,5,5,Cu,10,1631,,,40.5,0,32.1,29.6,28.7,28.6
108,서울,2018-07-24 11:00,33.9,0,,,1.6,0,340,0,46,0,24.3,20.6,998.2,0,1007.6,0,.9,0,2.15,0,7,7,Cu,10,1387,,,48.1,0,33.6,30.2,28.8,28.5
108,서울,2018-07-24 12:00,34.5,0,,,1.4,0,230,0,50,0,27.2,22.5,997.7,0,1007.1,0,.7,0,1.89,0,8,8,Cu,9,1901,,,44.3,0,35.1,31,29,28.6
108,서울,2018-07-24 13:00,36.4,0,,,1.3,0,180,0,41,0,24.9,21,997.3,0,1006.7,0,1,0,2.86,0,6,6,Cu,9,1655,,,57.1,0,36.5,31.6,29.2,28.5
108,서울,2018-07-24 14:00,35.8,0,,,2.8,0,270,0,49,0,28.8,23.4,996.9,0,1006.3,0,.9,0,2.4,0,7,7,CuSc,8,1264,,,49.3,0,38,32.5,29.4,28.6
108,서울,2018-07-24 15:00,35.8,0,,,2.2,0,290,0,47,0,27.6,22.7,996.4,0,1005.8,0,.7,0,1.51,0,5,5,Cu,10,1029,,,49.1,0,37,33.1,29.8,28.7
108,서울,2018-07-24 16:00,34.9,0,,,2,0,290,0,51,0,28.4,23.2,996.2,0,1005.6,0,.3,0,.76,0,8,8,CuSc,9,1221,,,41.6,0,36.1,33.3,30.1,28.8
108,서울,2018-07-24 17:00,34.9,0,,,2.2,0,320,0,51,0,28.4,23.2,995.9,0,1005.3,0,.8,0,.98,0,6,6,CuSc,8,1235,,,42.1,0,35.6,33.2,30.3,28.9
108,서울,2018-07-24 18:00,34.9,0,,,2.2,0,270,0,53,0,29.5,23.8,995.8,0,1005.2,0,.9,0,.86,0,8,8,Sc,14,1296,,,39.3,0,35.3,33.2,30.4,29
108,서울,2018-07-24 19:00,33.1,0,,,2.2,0,290,0,57,0,28.8,23.4,996.2,0,1005.6,0,.8,0,.44,0,,3,,,1670,,,34.8,0,34.2,33,30.6,29.2
108,서울,2018-07-24 20:00,31.1,0,,,2,0,320,0,63,0,28.4,23.2,996.4,0,1005.9,0,0,0,.06,0,,0,,,1542,,,31.3,0,32.8,32.7,30.6,29.3
108,서울,2018-07-24 21:00,30.2,0,,,2.3,0,290,0,65,0,27.7,22.8,996.5,0,1006,0,,9,,9,0,0,,,1642,,,29.7,0,31.6,32.2,30.6,29.3
108,서울,2018-07-24 22:00,29.8,0,,,3.2,0,270,0,66,0,27.6,22.7,997,0,1006.6,0,,9,,9,,7,,,1511,,,29,0,30.9,31.7,30.5,29.4
108,서울,2018-07-24 23:00,29.3,0,,,2.8,0,270,0,66,0,26.8,22.2,997.1,0,1006.6,0,,9,,9,,9,,12,1854,,,28.5,0,30.4,31.3,30.4,29.4
108,서울,2018-07-25 00:00,28.9,0,,,2.2,0,290,0,66,0,26.3,21.9,997.5,0,1007.1,0,,9,,9,8,8,Sc,,2000,,,28.3,0,30,30.9,30.2,29.4
108,서울,2018-07-25 01:00,28.7,0,,,2.6,0,290,0,67,0,26.3,21.9,997.6,0,1007.2,0,,9,,9,,5,,13,2000,,,28.3,0,29.7,30.6,30.1,29.4
108,서울,2018-07-25 02:00,28.8,0,,,1.8,0,290,0,68,0,26.8,22.2,997.7,0,1007.3,0,,9,,9,,5,,10,2000,,,28.4,0,29.5,30.4,29.9,29.3
108,서울,2018-07-25 03:00,28.9,0,,,2.8,0,200,0,69,0,27.4,22.6,997.7,0,1007.3,0,,9,,9,9,9,Sc,10,1871,,,28.5,0,29.4,30.1,29.8,29.3
108,서울,2018-07-25 04:00,28.5,0,,,2.6,0,230,0,74,0,28.8,23.4,997.7,0,1007.3,0,,9,,9,9,9,Sc,7,1549,,,28.3,0,29.3,30,29.6,29.2
108,서울,2018-07-25 05:00,28.3,0,,,2.4,0,230,0,74,0,28.4,23.2,997.8,0,1007.4,0,,9,,9,9,9,Sc,7,1378,,,27.9,0,29.1,29.8,29.5,29.2
108,서울,2018-07-25 06:00,28.1,0,,,1.8,0,250,0,75,0,28.4,23.2,997.9,0,1007.5,0,0,0,.01,0,9,9,Sc,6,1092,,,27.9,0,28.9,29.6,29.4,29.1
108,서울,2018-07-25 07:00,28.3,0,,,2,0,200,0,72,0,27.6,22.7,998,0,1007.6,0,0,0,.1,0,9,9,Sc,6,1200,,,28.7,0,28.9,29.5,29.3,29
108,서울,2018-07-25 08:00,28.7,0,,,3.5,0,180,0,70,0,27.4,22.6,998.3,0,1007.9,0,.3,0,.52,0,9,9,Sc,6,1470,,,32.1,0,29.2,29.4,29.2,29
108,서울,2018-07-25 09:00,29.4,0,,,2.5,0,200,0,66,0,26.9,22.3,998.3,0,1007.8,0,.3,0,.91,0,9,9,Sc,7,1308,,,35.5,0,30,29.4,29.1,28.9
108,서울,2018-07-25 10:00,30.7,0,,,2.8,0,200,0,61,0,26.9,22.3,998,0,1007.5,0,.6,0,1.5,0,8,8,Sc,8,1521,,,40.8,0,31.1,29.6,29,28.8
108,서울,2018-07-25 11:00,30.7,0,,,3.4,0,180,0,63,0,27.7,22.8,998.1,0,1007.6,0,.2,0,1.13,0,9,9,Sc,9,1323,,,38.5,0,32,30,29,28.8
108,서울,2018-07-25 12:00,31.1,0,,,2.7,0,200,0,60,0,27.1,22.4,997.9,0,1007.4,0,.2,0,1.02,0,9,9,Sc,9,1331,,,39.2,0,32.2,30.4,29.1,28.7
108,서울,2018-07-25 13:00,32.3,0,,,3,0,230,0,56,0,26.9,22.3,997.4,0,1006.9,0,.4,0,1.74,0,9,9,CuSc,11,1504,,,45.3,0,33.3,30.7,29.1,28.7
108,서울,2018-07-25 14:00,33,0,,,1.7,0,250,0,53,0,26.6,22.1,997.1,0,1006.6,0,.6,0,1.73,0,9,9,CuSc,11,1357,,,44.6,0,34.4,31.1,29.2,28.7
108,서울,2018-07-25 15:00,34,0,,,3,0,230,0,50,0,26.6,22.1,996.7,0,1006.1,0,.4,0,1.72,0,7,7,CuSc,11,1705,,,51.2,0,34.5,31.5,29.4,28.7
108,서울,2018-07-25 16:00,34.1,0,,,2.5,0,250,0,52,0,27.7,22.8,996.2,0,1005.6,0,1,0,2.23,0,5,5,Sc,15,1304,,,51.2,0,35.8,31.9,29.6,28.7
108,서울,2018-07-25 17:00,33.2,0,,,2.2,0,230,0,56,0,28.4,23.2,996,0,1005.4,0,.5,0,1.03,0,5,5,Sc,14,1428,,,41.7,0,35.4,32.4,29.8,28.8
108,서울,2018-07-25 18:00,32.2,0,,,2.5,0,230,0,58,0,27.7,22.8,996.2,0,1005.7,0,.3,0,.44,0,6,6,Sc,15,1553,,,35.8,0,34.2,32.5,30,28.9
108,서울,2018-07-25 19:00,31.7,0,,,2.3,0,230,0,60,0,27.9,22.9,996.5,0,1006,0,.3,0,.23,0,,6,,12,1492,,,33.4,0,33.1,32.3,30.1,29
108,서울,2018-07-25 20:00,30.9,0,,,1.7,0,290,0,67,0,29.8,24,996.9,0,1006.4,0,.1,0,.05,0,,1,,10,1470,,,30.8,0,32,32,30.2,29.1
108,서울,2018-07-25 21:00,29.7,0,,,2.2,0,320,0,74,0,30.7,24.5,997.4,0,1006.9,0,,9,,9,0,0,,,1342,,,29.2,0,31.1,31.6,30.2,29.2
108,서울,2018-07-25 22:00,28.8,0,,,2.8,0,270,0,76,0,30,24.1,997.9,0,1007.5,0,,9,,9,,0,,,1231,,,28.1,0,30.3,31.2,30.1,29.2
108,서울,2018-07-25 23:00,28,0,,,1.9,0,270,0,77,0,28.9,23.5,998,0,1007.6,0,,9,,9,,0,,,1346,,,27.3,0,29.7,30.8,30,29.2
108,서울,2018-07-26 00:00,27.7,0,,,1.2,0,290,0,78,0,28.9,23.5,997.8,0,1007.4,0,,9,,9,1,0,,,1341,,,26.7,0,29.2,30.4,29.9,29.2
108,서울,2018-07-26 01:00,27.6,0,,,1,0,290,0,79,0,29.1,23.6,997.9,0,1007.5,0,,9,,9,,,,6,1261,,,26.4,0,28.8,30.1,29.7,29.2
108,서울,2018-07-26 02:00,27.6,0,,,.1,0,0,0,78,0,28.8,23.4,997.8,0,1007.4,0,,9,,9,,8,,8,1289,,,27.1,0,28.6,29.8,29.6,29.1
108,서울,2018-07-26 03:00,27.7,0,,,.2,0,0,0,76,0,28.1,23,997.7,0,1007.3,0,,9,,9,8,8,Sc,6,1376,,,27.2,0,28.5,29.5,29.4,29.1
108,서울,2018-07-26 04:00,27.7,0,,,1,0,160,0,75,0,27.7,22.8,997.8,0,1007.4,0,,9,,9,8,8,Sc,8,1360,,,26.5,0,28.4,29.3,29.3,29
108,서울,2018-07-26 05:00,27.4,0,,,.8,0,140,0,78,0,28.4,23.2,997.7,0,1007.3,0,,9,,9,9,9,Sc,9,1301,,,26,0,28,29.2,29.2,28.9
108,서울,2018-07-26 06:00,27.4,0,,,.7,0,180,0,77,0,28.1,23,998.1,0,1007.7,0,0,0,0,0,9,9,Sc,5,1113,,,26.8,0,27.9,29,29,28.9
108,서울,2018-07-26 07:00,27.7,0,,,1.2,0,200,0,75,0,27.7,22.8,998.3,0,1007.9,0,0,0,.1,0,9,9,Sc,5,1103,,,28.3,0,28.1,28.9,28.9,28.8
108,서울,2018-07-26 08:00,28.3,0,,,.8,0,250,0,72,0,27.6,22.7,998.5,0,1008.1,0,0,0,.34,0,9,9,Sc,6,1165,,,30.8,0,28.6,28.8,28.8,28.7
108,서울,2018-07-26 09:00,29.1,0,,,1,0,230,0,69,0,27.7,22.8,998.8,0,1008.4,0,0,0,.67,0,9,9,Sc,6,853,,40,33.9,0,29.4,28.9,28.7,28.6
108,서울,2018-07-26 10:00,29.5,0,,,1.8,0,200,0,68,0,27.9,22.9,998.8,0,1008.3,0,0,0,.54,0,9,9,Sc,7,946,,40,33.7,0,30,29.1,28.7,28.6
108,서울,2018-07-26 11:00,30.2,0,,,1.5,0,290,0,67,0,28.6,23.3,998.7,0,1008.3,0,0,0,.87,0,9,9,Sc,7,1003,,40,35.7,0,30.7,29.3,28.7,28.5
108,서울,2018-07-26 12:00,32,0,,,1.6,0,320,0,57,0,27.1,22.4,998.2,0,1007.7,0,.6,0,1.94,0,8,8,Sc,8,1075,,,46.6,0,32.4,29.6,28.6,28.4
108,서울,2018-07-26 13:00,32.4,0,,,.7,0,250,0,54,0,26.1,21.8,997.7,0,1007.2,0,.2,0,1.41,0,8,8,Sc,10,896,,40,45.5,0,33.2,30.2,28.7,28.4
108,서울,2018-07-26 14:00,33,0,,,2.5,0,290,0,56,0,28.1,23,997.3,0,1006.8,0,.4,0,1.33,0,8,8,CuSc,11,879,,40,42.7,0,33.9,30.7,28.9,28.4
108,서울,2018-07-26 15:00,33.1,0,,,1.9,0,270,0,58,0,29.3,23.7,997,0,1006.5,0,.1,0,.87,0,9,9,Sc,10,882,,40,40.2,0,33.8,31.2,29.1,28.4
108,서울,2018-07-26 16:00,33.5,0,,,2.8,0,290,0,57,0,29.5,23.8,996.6,0,1006,0,.6,0,1.55,0,8,8,Sc,11,989,,40,45.2,0,34.2,31.4,29.2,28.5
108,서울,2018-07-26 17:00,33.1,0,,,2.9,0,320,0,59,0,29.8,24,996.2,0,1005.6,0,.8,0,1.14,0,7,7,Sc,11,1038,,40,42.8,0,34.3,31.6,29.4,28.5
108,서울,2018-07-26 18:00,33.2,0,,,1.8,0,270,0,59,0,29.8,24,995.7,0,1005.1,0,1,0,.99,0,3,3,Sc,10,1069,,,38.5,0,34.1,31.8,29.5,28.6
108,서울,2018-07-26 19:00,32.3,0,,,2.1,0,290,0,63,0,30.4,24.3,996,0,1005.5,0,.7,0,.41,0,,,,,1037,,,34.1,0,33.1,31.8,29.7,28.7
108,서울,2018-07-26 20:00,31,0,,,1.4,0,290,0,68,0,30.4,24.3,996.7,0,1006.2,0,0,0,.05,0,,1,,,1162,,,30.9,0,31.9,31.6,29.8,28.8
108,서울,2018-07-26 21:00,30,0,,,2.7,0,270,0,74,0,31.3,24.8,997.1,0,1006.7,0,,9,,9,0,0,,,1056,,,29.3,0,30.9,31.2,29.8,28.8
108,서울,2018-07-26 22:00,29.4,0,,,1.6,0,320,0,78,0,31.9,25.1,996.9,0,1006.4,0,,9,,9,,0,,,1011,,,28.5,0,30.2,30.9,29.8,28.9
108,서울,2018-07-26 23:00,29,0,,,1.2,0,290,0,79,0,31.5,24.9,996.9,0,1006.4,0,,9,,9,,0,,,971,,19,27.8,0,29.7,30.5,29.7,28.9
108,서울,2018-07-27 00:00,28.6,0,,,.6,0,290,0,80,0,31.3,24.8,997,0,1006.6,0,,9,,9,0,0,,,990,,19,27.2,0,29.2,30.2,29.6,28.9
108,서울,2018-07-27 01:00,28.3,0,,,.5,0,250,0,78,0,29.8,24,997.2,0,1006.8,0,,9,,9,,0,,,1072,,19,26.7,0,28.8,29.9,29.5,28.9
108,서울,2018-07-27 02:00,27.8,0,,,1.4,0,290,0,79,0,29.5,23.8,997.1,0,1006.7,0,,9,,9,,0,,,1049,,,26.4,0,28.5,29.6,29.4,28.9
108,서울,2018-07-27 03:00,27.6,0,,,1.6,0,290,0,80,0,29.5,23.8,997.4,0,1007,0,,9,,9,2,0,Ci,,929,,19,26.3,0,28.2,29.4,29.2,28.8
108,서울,2018-07-27 04:00,27.3,0,,,1.6,0,290,0,85,0,30.7,24.5,997.6,0,1007.2,0,,9,,9,8,8,Sc,8,671,,19,26.4,0,28,29.1,29.1,28.8
108,서울,2018-07-27 05:00,27.2,0,,,.8,0,270,0,86,0,30.9,24.6,997.6,0,1007.2,0,,9,,9,7,7,Sc,9,657,,19,25.9,0,27.9,28.9,28.9,28.7
108,서울,2018-07-27 06:00,27.2,0,,,.1,0,0,0,85,0,30.6,24.4,998,0,1007.6,0,0,0,.02,0,4,4,Sc,9,702,,19,25.9,0,27.7,28.8,28.8,28.7
108,서울,2018-07-27 07:00,27.6,0,,,1,0,290,0,80,0,29.5,23.8,998.5,0,1008.1,0,0,0,.27,0,0,0,,,783,,19,27.7,0,27.8,28.6,28.7,28.6
108,서울,2018-07-27 08:00,28.5,0,,,.9,0,290,0,76,0,29.5,23.8,998.6,0,1008.2,0,.6,0,.59,0,1,1,Sc,5,725,,19,30,0,28.5,28.6,28.6,28.5
108,서울,2018-07-27 09:00,29.9,0,,,1.5,0,270,0,69,0,28.9,23.5,998.6,0,1008.2,0,.7,0,1.12,0,2,2,Sc,5,769,,4019,36,0,29.6,28.6,28.5,28.4
108,서울,2018-07-27 10:00,31.2,0,,,2.3,0,290,0,61,0,27.6,22.7,998.5,0,1008,0,.9,0,1.71,0,4,4,Sc,7,901,,40,42,0,31.3,29,28.4,28.3
108,서울,2018-07-27 11:00,32.7,0,,,1.9,0,290,0,56,0,27.6,22.7,998,0,1007.5,0,1,0,2.57,0,4,4,Sc,7,1034,,40,49,0,33.6,29.7,28.4,28.2
108,서울,2018-07-27 12:00,33.7,0,,,1.9,0,320,0,53,0,27.6,22.7,997.5,0,1006.9,0,.9,0,2.5,0,3,3,Sc,10,990,,40,52.9,0,35.3,30.6,28.6,28.2
108,서울,2018-07-27 13:00,35.3,0,,,2.5,0,290,0,48,0,27.4,22.6,997.3,0,1006.7,0,1,0,2.89,0,4,4,Sc,12,880,,40,56,0,37.3,31.5,28.8,28.3
108,서울,2018-07-27 14:00,34.1,0,,,1.8,0,290,0,57,0,30.4,24.3,996.9,0,1006.3,0,.4,0,1.13,0,5,5,CuSc,11,667,,40,43.5,0,36.8,32.4,29.2,28.3
108,서울,2018-07-27 15:00,35.3,0,,,1.9,0,250,0,52,0,29.7,23.9,996.3,0,1005.7,0,.9,0,2.15,0,6,6,CuSc,11,822,,40,52.3,0,37,32.7,29.5,28.4
108,서울,2018-07-27 16:00,35,0,,,2.8,0,270,0,55,0,30.9,24.6,995.9,0,1005.3,0,.8,0,1.56,0,5,5,CuSc,11,835,,40,49.2,0,36.8,33,29.8,28.5
108,서울,2018-07-27 17:00,34.7,0,,,2.7,0,290,0,59,0,32.6,25.5,995.6,0,1005,0,1,0,1.49,0,3,3,Sc,10,1095,,40,46.7,0,36.7,33.3,30.1,28.6
108,서울,2018-07-27 18:00,33.7,0,,,3.2,0,270,0,62,0,32.2,25.3,995.4,0,1004.8,0,1,0,.87,0,1,1,Sc,10,1082,,,40.4,0,35.9,33.3,30.3,28.8
108,서울,2018-07-27 19:00,32,0,,,3,0,290,0,68,0,32.2,25.3,995.6,0,1005.1,0,.1,0,.38,0,,0,,,1286,,,35.3,0,34.5,33.2,30.4,28.9
108,서울,2018-07-27 20:00,30.7,0,,,2.8,0,290,0,73,0,32.1,25.2,996.2,0,1005.7,0,0,0,.04,0,,0,,,1310,,,31.7,0,33.1,32.8,30.5,29.1
108,서울,2018-07-27 21:00,30.3,0,,,1.1,0,340,0,75,0,32.2,25.3,996.8,0,1006.3,0,,9,,9,0,0,,,1289,,,30.2,0,32,32.4,30.6,29.2
108,서울,2018-07-27 22:00,29.9,0,,,2,0,290,0,74,0,31.1,24.7,997.1,0,1006.7,0,,9,,9,,,,,1201,,,29.3,0,31.2,31.9,30.5,29.2
108,서울,2018-07-27 23:00,29.7,0,,,1.2,0,290,0,76,0,31.7,25,997.2,0,1006.7,0,,9,,9,,0,,,1159,,,28.8,0,30.7,31.4,30.4,29.3
108,서울,2018-07-28 00:00,29.4,0,,,2.1,0,270,0,78,0,31.9,25.1,997.3,0,1006.8,0,,9,,9,0,0,,,1072,,,28.4,0,30.2,31.1,30.3,29.3
108,서울,2018-07-28 01:00,29.1,0,,,1.3,0,270,0,79,0,31.7,25,997.2,0,1006.7,0,,9,,9,,8,,17,975,,19,28.1,0,29.9,30.7,30.1,29.3
108,서울,2018-07-28 02:00,28.8,0,,,1.9,0,270,0,80,0,31.5,24.9,996.9,0,1006.5,0,,9,,9,,0,,,925,,19,27.6,0,29.5,30.4,29.9,29.2
108,서울,2018-07-28 03:00,28.5,0,,,1.2,0,270,0,81,0,31.5,24.9,996.7,0,1006.3,0,,9,,9,0,0,,,911,,19,27.2,0,29.2,30.2,29.8,29.2
108,서울,2018-07-28 04:00,28.3,0,,,1.7,0,270,0,83,0,31.9,25.1,996.5,0,1006.1,0,,9,,9,0,0,,,814,,19,26.9,0,28.9,29.9,29.7,29.2
108,서울,2018-07-28 05:00,28.1,0,,,.5,0,320,0,84,0,31.9,25.1,996.8,0,1006.4,0,,9,,9,0,0,,,754,,19,26.6,0,28.6,29.7,29.5,29.1
108,서울,2018-07-28 06:00,28,0,,,.8,0,290,0,85,0,32.1,25.2,997,0,1006.6,0,0,0,.01,0,0,0,,,647,,19,26.8,0,28.4,29.5,29.4,29.1
108,서울,2018-07-28 07:00,28.4,0,,,.7,0,360,0,82,0,31.7,25,997.3,0,1006.9,0,0,0,.16,0,6,6,Sc,8,748,,19,28.7,0,28.5,29.3,29.3,29
108,서울,2018-07-28 08:00,29.6,0,,,.4,0,0,0,75,0,30.9,24.6,997.3,0,1006.8,0,.2,0,.66,0,6,6,Sc,8,749,,19,32.5,0,29.4,29.2,29.1,28.9
108,서울,2018-07-28 09:00,30.6,0,,,1.4,0,200,0,74,0,32.4,25.4,997.5,0,1007,0,.5,0,.95,0,8,8,Sc,8,716,,19,35.4,0,30.6,29.4,29,28.8
108,서울,2018-07-28 10:00,32,0,,,.9,0,20,0,65,0,30.7,24.5,997.2,0,1006.7,0,.6,0,1.19,0,4,4,Sc,8,966,,4019,40.2,0,31.7,29.7,29,28.7
108,서울,2018-07-28 11:00,32.8,0,,,.6,0,250,0,62,0,30.7,24.5,996.7,0,1006.2,0,.5,0,1.3,0,7,7,Sc,10,881,,40,40.8,0,33,30.2,29,28.7
108,서울,2018-07-28 12:00,33.6,0,,,1.9,0,290,0,62,0,32.2,25.3,996.3,0,1005.7,0,.5,0,1.35,0,8,8,Sc,10,820,,40,42.9,0,33.8,30.7,29.1,28.6
108,서울,2018-07-28 13:00,34.2,0,,,1.8,0,320,0,58,0,31.1,24.7,995.4,0,1004.8,0,.5,0,1.33,0,8,8,CuSc,10,933,,40,44.3,0,34.4,31.1,29.2,28.6
108,서울,2018-07-28 14:00,34.4,0,.2,0,1.8,0,360,0,65,0,35.2,26.8,995.1,0,1004.5,0,.6,0,1.75,0,10,8,CbStNs,4,960,,4004,42.3,0,35.8,31.7,29.4,28.7
108,서울,2018-07-28 15:00,28.9,0,7.3,0,2.2,0,180,0,86,0,34.2,26.3,994.8,0,1004.3,0,0,0,.26,0,10,8,CbStNs,4,1592,,0401,,9,,,,
108,서울,2018-07-28 16:00,28.6,0,0,0,3.4,0,290,0,82,0,32.1,25.2,994.8,0,1004.3,0,0,0,.14,0,9,7,CuScAs,10,1022,,01,,9,,,,
108,서울,2018-07-28 17:00,28.2,0,,9,1.3,0,270,0,83,0,31.7,25,994.3,0,1003.9,0,0,0,.11,0,9,4,CuScCi,10,1099,,,,9,,,,
108,서울,2018-07-28 18:00,29,0,,9,.8,0,90,0,81,0,32.4,25.4,995,0,1004.5,0,0,0,.22,0,9,4,CuScCi,10,989,,19,29.1,0,29.9,30.4,29.7,28.9
108,서울,2018-07-28 19:00,29.3,0,,9,0,0,0,0,78,0,31.7,25,994.8,0,1004.3,0,0,0,.15,0,9,3,ScCi,11,988,,19,28.6,0,29.8,30.2,29.6,28.9
108,서울,2018-07-28 20:00,29.2,0,,9,.4,0,0,0,82,0,33.2,25.8,995,0,1004.5,0,0,0,.01,0,,6,,22,1000,,19,28.1,0,29.6,30,29.5,28.9
108,서울,2018-07-28 21:00,29.1,0,,9,1.1,0,290,0,78,0,31.3,24.8,995.9,0,1005.4,0,,9,,9,7,7,As,27,1362,,,27.7,0,29.3,29.8,29.4,28.9
108,서울,2018-07-28 22:00,29,0,,9,.9,0,90,0,74,0,29.5,23.8,995.7,0,1005.2,0,,9,,9,,4,,,1652,,,27,0,28.9,29.6,29.3,28.9
108,서울,2018-07-28 23:00,28.6,0,,9,.7,0,20,0,74,0,28.9,23.5,995.7,0,1005.3,0,,9,,9,,0,,,1807,,,26.4,0,28.6,29.3,29.2,28.8
108,서울,2018-07-29 00:00,28.4,0,,9,.9,0,90,0,70,0,26.9,22.3,995.6,0,1005.2,0,,9,,9,2,0,Ci,,1945,,,25.8,0,28.1,29.1,29.1,28.8
108,서울,2018-07-29 01:00,28,0,,,.6,0,90,0,71,0,26.8,22.2,995.3,0,1004.9,0,,9,,9,,0,,,1799,,,25.4,0,27.8,28.8,29,28.8
108,서울,2018-07-29 02:00,27.7,0,,,.4,0,0,0,73,0,27.1,22.4,995.2,0,1004.8,0,,9,,9,,0,,,1832,,,25.1,0,27.4,28.5,28.8,28.7
108,서울,2018-07-29 03:00,27.4,0,,,.6,0,90,0,73,0,26.6,22.1,995.4,0,1005,0,,9,,9,0,0,,,1893,,,24.8,0,27.1,28.3,28.7,28.6
108,서울,2018-07-29 04:00,27,0,,,.8,0,110,0,74,0,26.3,21.9,995.2,0,1004.8,0,,9,,9,0,0,,,1816,,,24.6,0,26.8,28,28.6,28.6
108,서울,2018-07-29 05:00,26.7,0,,,.3,0,0,0,75,0,26.1,21.8,994.9,0,1004.5,0,,9,,9,0,0,,,1871,,,24.3,0,26.6,27.8,28.4,28.5
108,서울,2018-07-29 06:00,26.4,0,,,.4,0,0,0,76,0,26.1,21.8,995,0,1004.6,0,0,0,.01,0,0,0,,,1813,,,24.3,0,26.3,27.6,28.2,28.4
108,서울,2018-07-29 07:00,26.9,0,,,.8,0,110,0,69,0,24.4,20.7,995.1,0,1004.7,0,.4,0,.29,0,0,0,,,1960,,,24.9,0,26.3,27.4,28,28.3
108,서울,2018-07-29 08:00,28.6,0,,,.8,0,140,0,63,0,24.6,20.8,995.2,0,1004.7,0,1,0,1,0,0,0,,,1867,,,27.3,0,27.1,27.3,27.9,28.2
108,서울,2018-07-29 09:00,30.6,0,,,1.7,0,50,0,54,0,23.7,20.2,995.2,0,1004.7,0,1,0,1.68,0,0,0,,,1831,,,31.9,0,29.1,27.6,27.7,28
108,서울,2018-07-29 10:00,32.4,0,,,1.9,0,140,0,48,0,23.2,19.9,995.1,0,1004.6,0,1,0,2.33,0,2,2,Sc,10,1952,,,35.6,0,31.3,28.4,27.7,27.9
108,서울,2018-07-29 11:00,33.6,0,,,1.7,0,50,0,46,0,23.8,20.3,994.6,0,1004,0,1,0,2.6,0,3,3,Sc,14,1965,,,35.6,0,33.5,29.5,27.8,27.9
108,서울,2018-07-29 12:00,33.8,0,,,1.7,0,70,0,47,0,24.7,20.9,994.3,0,1003.7,0,.9,0,1.92,0,5,5,Sc,14,1962,,,34.6,0,34.1,30.5,28.2,27.9
108,서울,2018-07-29 13:00,34.4,0,,,2.9,0,360,0,41,0,22.2,19.2,993.7,0,1003.1,0,1,0,2.33,0,5,5,Sc,14,1970,,,37.7,0,34.8,31.2,28.5,27.9
108,서울,2018-07-29 14:00,35.4,0,,,1.4,0,360,0,43,0,24.7,20.9,993.2,0,1002.6,0,.9,0,2.48,0,6,6,Sc,17,2000,,,41.2,0,35.8,31.9,28.8,28
108,서울,2018-07-29 15:00,35.9,0,,,1.9,0,70,0,37,0,21.8,18.9,992.8,0,1002.1,0,1,0,1.98,0,5,5,Sc,18,1949,,,43.2,0,35.9,32.5,29.2,28.1
108,서울,2018-07-29 16:00,36,0,,,1.4,0,110,0,33,0,19.5,17.1,992.7,0,1002,0,.9,0,1.97,0,1,1,Sc,19,2000,,,43.3,0,36.1,33.1,29.6,28.2
108,서울,2018-07-29 17:00,36.3,0,,,1.5,0,50,0,36,0,21.7,18.8,992.3,0,1001.6,0,1,0,1.87,0,1,1,Sc,19,2000,,,43.1,0,36.2,33.4,29.9,28.5
108,서울,2018-07-29 18:00,35.8,0,,,1.3,0,90,0,35,0,20.5,17.9,992.4,0,1001.7,0,1,0,1.21,0,1,1,Sc,19,2000,,,37.1,0,35.1,33.3,30.2,28.6
108,서울,2018-07-29 19:00,34.4,0,,,1.2,0,70,0,39,0,21.2,18.4,992.8,0,1002.2,0,1,0,.58,0,,2,,,2000,,,33.5,0,33.6,33.1,30.4,28.8
108,서울,2018-07-29 20:00,32.3,0,,,1.4,0,20,0,48,0,23.1,19.8,993.2,0,1002.6,0,.2,0,.08,0,,8,,,2000,,,30.6,0,32.1,32.5,30.5,28.9
108,서울,2018-07-29 21:00,31.1,0,,,1.3,0,20,0,47,0,21.2,18.4,993.7,0,1003.2,0,,9,,9,6,6,Ac,35,2000,,,29,0,30.8,31.8,30.5,29.1
108,서울,2018-07-29 22:00,30.4,0,,,1.6,0,50,0,45,0,19.5,17.1,994.4,0,1003.9,0,,9,,9,,9,,49,2000,,,28.2,0,30,31.1,30.3,29.2
108,서울,2018-07-29 23:00,29.9,0,,,1.4,0,70,0,45,0,18.9,16.6,994.6,0,1004.1,0,,9,,9,,7,,53,2000,,,27.5,0,29.3,30.6,30.1,29.2
108,서울,2018-07-30 00:00,29.2,0,,,1.1,0,50,0,50,0,20.2,17.7,994.4,0,1003.9,0,,9,,9,2,0,,,2000,,,26.6,0,28.7,30,29.9,29.2
108,서울,2018-07-30 01:00,28.5,0,,,1.1,0,110,0,54,0,20.9,18.2,994.4,0,1003.9,0,,9,,9,,0,,,2000,,,26,0,28.1,29.6,29.7,29.1
108,서울,2018-07-30 02:00,28,0,,,1.2,0,70,0,57,0,21.4,18.6,994.2,0,1003.8,0,,9,,9,,,,,2000,,,25.5,0,27.6,29.2,29.5,29
108,서울,2018-07-30 03:00,27.4,0,,,1.4,0,20,0,59,0,21.4,18.6,994,0,1003.6,0,,9,,9,0,0,,,2000,,,24.9,0,27.2,28.8,29.2,29
108,서울,2018-07-30 04:00,26.7,0,,,1,0,70,0,62,0,21.7,18.8,993.9,0,1003.5,0,,9,,9,0,0,,,2000,,,24.4,0,26.8,28.4,29,28.9
108,서울,2018-07-30 05:00,26.4,0,,,.6,0,70,0,62,0,21.3,18.5,994.2,0,1003.8,0,,9,,9,0,0,,,2000,,,24.2,0,26.4,28.1,28.8,28.8
108,서울,2018-07-30 06:00,26.2,0,,,1.4,0,20,0,64,0,21.7,18.8,994.6,0,1004.2,0,0,0,.01,0,0,0,,,2000,,,24.1,0,26.2,27.8,28.6,28.7
108,서울,2018-07-30 07:00,26.8,0,,,1.1,0,70,0,59,0,20.8,18.1,994.8,0,1004.4,0,.4,0,.28,0,1,1,Ac,36,2000,,,24.7,0,26.2,27.5,28.4,28.6
108,서울,2018-07-30 08:00,28.8,0,,,1.4,0,70,0,56,0,22.1,19.1,995.2,0,1004.7,0,1,0,1.08,0,0,0,,,2000,,,27.6,0,27,27.4,28.1,28.4
108,서울,2018-07-30 09:00,30.5,0,,,1.6,0,50,0,53,0,23.1,19.8,995.4,0,1004.9,0,1,0,1.74,0,0,0,,,2000,,,35,0,29.1,27.8,27.9,28.2
108,서울,2018-07-30 10:00,32,0,,,2.1,0,70,0,50,0,23.7,20.2,995.1,0,1004.6,0,1,0,2.34,0,1,1,Sc,15,1992,,,41.2,0,31.6,28.6,28,28.1
108,서울,2018-07-30 11:00,33.2,0,,,1.4,0,70,0,46,0,23.4,20,995.3,0,1004.7,0,1,0,2.16,0,6,6,Sc,13,1968,,,45.4,0,33.2,29.7,28.1,28.1
108,서울,2018-07-30 12:00,33.6,0,,,1.6,0,50,0,48,0,24.9,21,994.9,0,1004.3,0,.9,0,1.89,0,6,6,Sc,13,2000,,,42,0,34.7,30.8,28.3,28.1
108,서울,2018-07-30 13:00,34.7,0,,,1.3,0,90,0,43,0,23.7,20.2,994.6,0,1004,0,.8,0,2.05,0,8,8,CuSc,12,2000,,,49,0,35.4,31.6,28.7,28.1
108,서울,2018-07-30 14:00,35.3,0,,,1.3,0,90,0,41,0,23.4,20,994.1,0,1003.5,0,.9,0,2.01,0,7,7,Cu,16,2000,,,47.1,0,36.5,32.4,29,28.2
108,서울,2018-07-30 15:00,35.5,0,,,1.3,0,110,0,43,0,24.7,20.9,993.8,0,1003.2,0,.8,0,1.61,0,6,6,Cu,17,2000,,,44.9,0,36.5,33,29.5,28.3
108,서울,2018-07-30 16:00,36.4,0,,,1.1,0,90,0,40,0,24.3,20.6,993.3,0,1002.6,0,.9,0,1.79,0,6,6,Cu,18,2000,,,48.3,0,36.8,33.4,29.8,28.4
108,서울,2018-07-30 17:00,35.4,0,,,.8,0,70,0,44,0,25.2,21.2,993.3,0,1002.7,0,.5,0,1.1,0,6,6,CuSc,15,2000,,,39,0,36.3,33.7,30.2,28.6
108,서울,2018-07-30 18:00,36.5,0,,,.9,0,110,0,38,0,23.1,19.8,992.8,0,1002.1,0,1,0,1.17,0,5,5,CuSc,14,2000,,,39.5,0,35.6,33.6,30.4,28.7
108,서울,2018-07-30 19:00,35.2,0,,,.9,0,90,0,43,0,24.4,20.7,993.1,0,1002.5,0,.8,0,.42,0,,2,,17,2000,,,34.8,0,34.4,33.4,30.6,28.9
108,서울,2018-07-30 20:00,33.9,0,,,1.4,0,90,0,46,0,24.3,20.6,993.4,0,1002.8,0,0,0,.03,0,,3,,19,2000,,,31.8,0,32.9,32.9,30.7,29
108,서울,2018-07-30 21:00,33.1,0,,,1.1,0,90,0,48,0,24.3,20.6,994.1,0,1003.5,0,,9,,9,8,8,Sc,19,2000,,,31.3,0,31.9,32.3,30.7,29.2
108,서울,2018-07-30 22:00,32.5,0,,,1.2,0,110,0,50,0,24.4,20.7,994.6,0,1004,0,,9,,9,,5,,24,2000,,,30,0,31.3,31.8,30.6,29.2
108,서울,2018-07-30 23:00,31.7,0,,,1.2,0,110,0,52,0,24.3,20.6,994.9,0,1004.4,0,,9,,9,,2,,23,2000,,,29.3,0,30.6,31.3,30.4,29.3
108,서울,2018-07-31 00:00,31,0,,,.8,0,110,0,54,0,24.1,20.5,995,0,1004.5,0,,9,,9,0,0,,,2000,,,28.3,0,30,30.9,30.3,29.3
108,서울,2018-07-31 01:00,30.2,0,,,.7,0,90,0,57,0,24.4,20.7,995.2,0,1004.7,0,,9,,9,,0,,,2000,,,27.7,0,29.5,30.5,30.1,29.3
108,서울,2018-07-31 02:00,29.8,0,,,.8,0,140,0,57,0,23.8,20.3,995.6,0,1005.1,0,,9,,9,,1,,20,2000,,,27.2,0,29,30.1,29.9,29.2
108,서울,2018-07-31 03:00,29.3,0,,,1.6,0,140,0,57,0,23.1,19.8,995.9,0,1005.4,0,,9,,9,2,2,Sc,17,2000,,,26.9,0,28.6,29.8,29.7,29.2
108,서울,2018-07-31 04:00,28.8,0,,,.9,0,140,0,58,0,22.9,19.7,996,0,1005.5,0,,9,,9,1,1,Sc,19,2000,,,26.3,0,28.3,29.4,29.5,29.1
108,서울,2018-07-31 05:00,28.3,0,,,1.6,0,110,0,60,0,22.9,19.7,996.2,0,1005.8,0,,9,,9,1,1,Sc,19,2000,,,25.8,0,27.9,29.2,29.3,29
108,서울,2018-07-31 06:00,27.9,0,,,.5,0,90,0,63,0,23.5,20.1,996.3,0,1005.9,0,0,0,.01,0,2,2,Sc,18,2000,,,25.8,0,27.5,28.9,29.1,29
108,서울,2018-07-31 07:00,27.9,0,,,1.1,0,110,0,60,0,22.5,19.4,996.4,0,1006,0,.4,0,.28,0,2,2,Sc,19,1983,,,26.4,0,27.4,28.6,28.9,28.8
108,서울,2018-07-31 08:00,29.3,0,,,.9,0,90,0,51,0,20.8,18.1,996.4,0,1005.9,0,1,0,1.02,0,2,2,Sc,15,2000,,,29.7,0,28.1,28.4,28.7,28.7
108,서울,2018-07-31 09:00,30.9,0,,,1,0,90,0,47,0,20.9,18.2,996.1,0,1005.6,0,1,0,1.62,0,1,1,Sc,15,2000,,,37.5,0,29.8,28.6,28.6,28.6
108,서울,2018-07-31 10:00,32.7,0,,,1.2,0,90,0,43,0,21.2,18.4,996,0,1005.5,0,1,0,2.31,0,0,0,,,2000,,,44.9,0,32.3,29.3,28.5,28.5
108,서울,2018-07-31 11:00,34.1,0,,,1.5,0,110,0,40,0,21.3,18.5,996,0,1005.4,0,1,0,2.8,0,1,1,Sc,15,1947,,,51.2,0,34.8,30.4,28.6,28.4
108,서울,2018-07-31 12:00,35.2,0,,,1.2,0,50,0,39,0,22.1,19.1,995.3,0,1004.7,0,1,0,2.86,0,4,4,Cu,15,2000,,,55.6,0,36.6,31.6,28.9,28.5
108,서울,2018-07-31 13:00,36.1,0,,,1,0,290,0,38,0,22.7,19.5,994.5,0,1003.8,0,1,0,3.12,0,5,5,Cu,16,2000,,,53.7,0,38.9,32.9,29.2,28.4
108,서울,2018-07-31 14:00,36.4,0,,,1.3,0,50,0,35,0,21.2,18.4,994.1,0,1003.4,0,1,0,2.46,0,5,5,Cu,17,1967,,,57.9,0,39,33.9,29.7,28.5
108,서울,2018-07-31 15:00,37.8,0,,,1.8,0,160,0,34,0,22.2,19.2,993.7,0,1003,0,1,0,2.81,0,6,6,Cu,15,1965,,,59.7,0,39.9,34.6,30.1,28.6
108,서울,2018-07-31 16:00,37,0,,,1.2,0,340,0,38,0,23.8,20.3,993.2,0,1002.5,0,1,0,2.07,0,6,6,Cu,18,2000,,,50.4,0,40,35.2,30.6,28.8
108,서울,2018-07-31 17:00,38,0,,,1.3,0,360,0,36,0,23.8,20.3,992.9,0,1002.2,0,1,0,2.03,0,6,6,CuSc,14,1989,,,52.7,0,39.5,35.4,31,29
108,서울,2018-07-31 18:00,36.2,0,,,2,0,320,0,45,0,26.9,22.3,992.6,0,1001.9,0,.7,0,.65,0,7,7,CuSc,14,2000,,,41.1,0,37.8,35.5,31.3,29.2
108,서울,2018-07-31 19:00,34.9,0,,,2.4,0,340,0,47,0,26.3,21.9,992.8,0,1002.2,0,.9,0,.42,0,,2,,20,2000,,,36.1,0,36.1,35,31.6,29.4
108,서울,2018-07-31 20:00,33.5,0,,,2.1,0,340,0,50,0,25.8,21.6,993,0,1002.4,0,0,0,.04,0,,0,,,2000,,,32.6,0,34.4,34.4,31.7,29.6
108,서울,2018-07-31 21:00,32.7,0,,,2.8,0,340,0,51,0,25.2,21.2,993.7,0,1003.1,0,,9,,9,0,0,,,2000,,,30.9,0,33.1,33.7,31.6,29.8
108,서울,2018-07-31 22:00,31.6,0,,,3,0,320,0,66,0,30.6,24.4,994,0,1003.5,0,,9,,9,,0,,,2000,,,30.2,0,32.2,33,31.5,29.9
108,서울,2018-07-31 23:00,31,0,,,.5,0,360,0,65,0,29.1,23.6,993.9,0,1003.4,0,,9,,9,,0,,,2000,,,29.1,0,31.5,32.5,31.4,29.9
108,서울,2018-08-01 00:00,30.5,0,,,1.9,0,290,0,68,0,29.7,23.9,994.1,0,1003.6,0,,9,,9,0,0,,,2000,,,28.4,0,30.8,32,31.1,29.9
108,서울,2018-08-01 01:00,29.9,0,,,1,0,290,0,70,0,29.5,23.8,994,0,1003.5,0,,9,,9,2,0,,,2000,,,27.7,0,30.2,31.5,30.9,29.9
108,서울,2018-08-01 02:00,29.5,0,,,.8,0,290,0,69,0,28.4,23.2,993.9,0,1003.4,0,,9,,9,2,0,,,2000,,,27,0,29.6,31.1,30.7,29.9
108,서울,2018-08-01 03:00,29.1,0,,,.5,0,50,0,64,0,25.6,21.5,994,0,1003.5,0,,9,,9,0,0,,,1997,,,26.5,0,29.1,30.7,30.5,29.8
108,서울,2018-08-01 04:00,28.5,0,,,.3,0,0,0,69,0,26.8,22.2,993.8,0,1003.3,0,,9,,9,0,0,,,2000,,,26,0,28.7,30.3,30.3,29.7
108,서울,2018-08-01 05:00,28.3,0,,,.3,0,0,0,68,0,26.1,21.8,993.9,0,1003.4,0,,9,,9,0,0,,,2000,,,25.7,0,28.3,30,30.1,29.6
108,서울,2018-08-01 06:00,27.8,0,,,.9,0,50,0,73,0,27.2,22.5,994.2,0,1003.8,0,0,0,.01,0,0,0,,,1971,,,25.7,0,28,29.7,29.9,29.6
108,서울,2018-08-01 07:00,28.2,0,,,.5,0,20,0,68,0,26,21.7,994.3,0,1003.9,0,.4,0,.27,0,0,0,,,1748,,,26.7,0,28,29.3,29.7,29.5
108,서울,2018-08-01 08:00,30.3,0,,,.8,0,50,0,59,0,25.3,21.3,994.5,0,1004,0,1,0,1.02,0,0,0,,,1920,,,30.3,0,28.8,29.2,29.4,29.3
108,서울,2018-08-01 09:00,32.4,0,,,.7,0,110,0,53,0,25.6,21.5,994.3,0,1003.7,0,1,0,1.69,0,0,0,,,1264,,,40,0,30.9,29.4,29.2,29.1
108,서울,2018-08-01 10:00,34.3,0,,,1,0,140,0,45,0,24.3,20.6,994.1,0,1003.5,0,1,0,2.31,0,0,0,,,1919,,,48,0,33.4,30,29.2,29.1
108,서울,2018-08-01 11:00,35.8,0,,,1.6,0,270,0,41,0,24,20.4,993.6,0,1002.9,0,1,0,2.77,0,1,0,Ci,,1795,,,54.1,0,36.1,31.2,29.3,29
108,서울,2018-08-01 12:00,36.8,0,,,1.3,0,340,0,39,0,24.1,20.5,993.2,0,1002.5,0,1,0,2.8,0,1,1,Sc,10,1944,,,54.9,0,38.2,32.3,29.5,29
108,서울,2018-08-01 13:00,37.9,0,,,2.3,0,270,0,38,0,25,21.1,992.8,0,1002.1,0,1,0,3.05,0,1,1,Sc,17,1868,,,60.7,0,39.5,33.5,29.8,29
108,서울,2018-08-01 14:00,38.7,0,,,2.4,0,320,0,38,0,26.1,21.8,992.3,0,1001.5,0,1,0,3.12,0,1,1,Sc,10,1943,,,62.2,0,41.1,34.5,30.2,29.1
108,서울,2018-08-01 15:00,39.3,0,,,2.3,0,230,0,37,0,26.3,21.9,992,0,1001.2,0,1,0,2.82,0,1,1,Sc,19,1892,,,61.2,0,41.6,35.4,30.6,29.2
108,서울,2018-08-01 16:00,39.4,0,,,2.5,0,270,0,39,0,27.7,22.8,991.9,0,1001.1,0,1,0,2.42,0,1,1,Cu,17,1897,,,58,0,41.7,35.9,31.1,29.4
108,서울,2018-08-01 17:00,39,0,,,2.6,0,320,0,41,0,28.6,23.3,992,0,1001.2,0,1,0,1.83,0,1,1,Cu,10,1881,,,52.8,0,40.9,36.3,31.6,29.5
108,서울,2018-08-01 18:00,37.8,0,,,3.8,0,270,0,47,0,30.7,24.5,991.9,0,1001.2,0,1,0,1.09,0,1,1,Cu,10,1931,,,43.9,0,39.5,36.3,31.9,29.7
108,서울,2018-08-01 19:00,36.1,0,,,3.7,0,270,0,56,0,33.4,25.9,992.3,0,1001.6,0,1,0,.47,0,2,0,,,1837,,,37.8,0,37.6,35.9,32.2,30
108,서울,2018-08-01 20:00,34.5,0,,,2.8,0,320,0,62,0,33.8,26.1,992.8,0,1002.2,0,.2,0,.02,0,2,0,,,1701,,,34.3,0,35.8,35.4,32.3,30.1
108,서울,2018-08-01 21:00,33.3,0,,,3,0,320,0,64,0,32.6,25.5,993.5,0,1002.9,0,,9,,9,1,1,Ac,32,1680,,,32.7,0,34.5,34.7,32.3,30.3
108,서울,2018-08-01 22:00,32.6,0,,,2.4,0,320,0,64,0,31.3,24.8,993.9,0,1003.3,0,,9,,9,3,0,,,1703,,,31.6,0,33.6,34.1,32.2,30.4
108,서울,2018-08-01 23:00,32.3,0,,,1,0,320,0,67,0,32.2,25.3,994.1,0,1003.6,0,,9,,9,2,1,,,1592,,,31,0,32.8,33.6,32,30.4
108,서울,2018-08-02 00:00,31.9,0,,,1.5,0,270,0,67,0,31.7,25,994.4,0,1003.9,0,,9,,9,2,2,Ac,,1550,,,30.5,0,32.3,33.1,31.8,30.5
108,서울,2018-08-02 01:00,31.5,0,,,1.5,0,270,0,69,0,31.9,25.1,994.2,0,1003.7,0,,9,,9,3,0,,,1512,,,29.8,0,31.8,32.6,31.7,30.5
108,서울,2018-08-02 02:00,31.5,0,,,0,0,0,0,68,0,31.3,24.8,994.6,0,1004.1,0,,9,,9,2,0,,,1504,,,29.3,0,31.3,32.3,31.5,30.4
108,서울,2018-08-02 03:00,31.1,0,,,.4,0,0,0,70,0,31.5,24.9,994.7,0,1004.2,0,,9,,9,3,1,AcCi,33,1449,,,28.9,0,30.9,31.9,31.3,30.4
108,서울,2018-08-02 04:00,31.1,0,,,1.9,0,140,0,54,0,24.3,20.6,994.9,0,1004.4,0,,9,,9,5,5,Ac,32,2000,,,28.6,0,30.5,31.6,31.1,30.4
108,서울,2018-08-02 05:00,30.7,0,,,.9,0,140,0,57,0,25,21.1,995.4,0,1004.9,0,,9,,9,2,2,Ac,32,2000,,,28.1,0,30.2,31.3,30.9,30.3
108,서울,2018-08-02 06:00,30.4,0,,,1.3,0,140,0,54,0,23.4,20,995.9,0,1005.4,0,0,0,.01,0,5,5,Sc,17,2000,,,28,0,29.9,31,30.8,30.2
108,서울,2018-08-02 07:00,30.5,0,,,1.1,0,110,0,53,0,23.1,19.8,996.2,0,1005.7,0,.1,0,.22,0,4,4,Sc,14,2000,,,29.8,0,29.9,30.8,30.6,30.1
108,서울,2018-08-02 08:00,31.6,0,,,1.1,0,140,0,50,0,23.2,19.9,996.5,0,1006,0,.8,0,.76,0,1,1,Sc,19,1943,,,32.6,0,30.4,30.6,30.4,30
108,서울,2018-08-02 09:00,32.9,0,,,1.8,0,200,0,49,0,24.4,20.7,996.6,0,1006.1,0,1,0,1.53,0,3,1,ScCi,19,1843,,,40.8,0,32,30.7,30.2,29.9
108,서울,2018-08-02 10:00,34.4,0,,,2,0,200,0,46,0,25,21.1,996.6,0,1006,0,.9,0,1.94,0,3,1,ScCi,19,1880,,,47.3,0,33.9,31.1,30.1,29.8
108,서울,2018-08-02 11:00,35.3,0,,,1.7,0,230,0,45,0,25.6,21.5,996.6,0,1006,0,1,0,2.27,0,5,3,ScCi,15,1829,,,48.7,0,36.1,31.9,30.2,29.7
108,서울,2018-08-02 12:00,36.6,0,,,2,0,200,0,41,0,25.2,21.2,996.1,0,1005.4,0,1,0,2.58,0,5,1,ScCi,19,1866,,,56.4,0,37.6,32.7,30.3,29.7
108,서울,2018-08-02 13:00,36.7,0,,,1.4,0,290,0,44,0,27.1,22.4,995.8,0,1005.1,0,.5,0,1.9,0,7,7,Sc,16,1765,,,48.6,0,38.8,33.6,30.5,29.7
108,서울,2018-08-02 14:00,37.3,0,,,1.8,0,270,0,40,0,25.5,21.4,995.4,0,1004.7,0,.6,0,1.52,0,6,5,ScCi,16,1666,,,53.6,0,38,34.1,30.8,29.7
108,서울,2018-08-02 15:00,36.6,0,,,1.5,0,290,0,44,0,26.9,22.3,995.2,0,1004.5,0,.3,0,1.13,0,7,7,CuSc,17,1771,,,45.3,0,38.1,34.4,31.1,29.8
108,서울,2018-08-02 16:00,37.9,0,,,1.6,0,270,0,39,0,25.6,21.5,994.9,0,1004.2,0,.8,0,1.76,0,7,3,CuCi,17,1757,,,52.2,0,38.4,34.6,31.3,29.9
108,서울,2018-08-02 17:00,37.4,0,,,2.3,0,290,0,44,0,28.1,23,994.6,0,1003.9,0,1,0,1.49,0,6,2,CuCi,17,1829,,,48.4,0,38.6,34.8,31.5,30
108,서울,2018-08-02 18:00,36.7,0,,,2.5,0,290,0,47,0,28.9,23.5,994.5,0,1003.8,0,1,0,.99,0,6,1,ScCi,10,1803,,,42.4,0,37.8,34.9,31.7,30.1
108,서울,2018-08-02 19:00,35.2,0,,,2.3,0,290,0,52,0,29.5,23.8,994.7,0,1004.1,0,.8,0,.44,0,4,0,,,1754,,,37,0,36.4,34.8,31.8,30.2
108,서울,2018-08-02 20:00,33.9,0,,,2.4,0,290,0,58,0,30.6,24.4,995.1,0,1004.5,0,0,0,.04,0,4,0,,,1519,,,33.7,0,34.9,34.5,31.9,30.3
108,서울,2018-08-02 21:00,33.3,0,,,1.2,0,270,0,63,0,32.1,25.2,995.8,0,1005.2,0,,9,,9,0,0,,,1304,,,32.3,0,33.7,34,31.9,30.4
108,서울,2018-08-02 22:00,32.9,0,,,1,0,290,0,64,0,31.9,25.1,996.1,0,1005.5,0,,9,,9,4,0,,,1088,,,31.4,0,32.9,33.5,31.9,30.5
108,서울,2018-08-02 23:00,32.4,0,,,1.7,0,290,0,64,0,31.1,24.7,996.1,0,1005.6,0,,9,,9,3,0,,,1153,,,30.7,0,32.4,33,31.7,30.5
108,서울,2018-08-03 00:00,32.1,0,,,1.1,0,290,0,67,0,31.9,25.1,996,0,1005.5,0,,9,,9,3,0,,,1077,,,30,0,31.8,32.6,31.6,30.5
108,서울,2018-08-03 01:00,31.7,0,,,.3,0,0,0,68,0,31.7,25,995.9,0,1005.4,0,,9,,9,4,0,,,1103,,,29.5,0,31.3,32.2,31.4,30.5
108,서울,2018-08-03 02:00,31.5,0,,,.3,0,0,0,68,0,31.3,24.8,995.8,0,1005.3,0,,9,,9,4,0,,,1001,,,29,0,30.9,31.9,31.3,30.5
108,서울,2018-08-03 03:00,31.2,0,,,1.4,0,110,0,68,0,30.7,24.5,996.2,0,1005.7,0,,9,,9,0,0,,,968,,40,28.8,0,30.5,31.6,31.1,30.4
108,서울,2018-08-03 04:00,31,0,,,.5,0,20,0,73,0,32.6,25.5,996.5,0,1006,0,,9,,9,0,0,,,990,,40,28.4,0,30.4,31.3,31,30.4
108,서울,2018-08-03 05:00,30.5,0,,,.5,0,20,0,72,0,31.3,24.8,997,0,1006.5,0,,9,,9,6,6,Ac,33,1084,,40,28.4,0,30,31.1,30.8,30.3
108,서울,2018-08-03 06:00,30.5,0,,,1.3,0,160,0,62,0,26.9,22.3,997.7,0,1007.2,0,0,0,.01,0,0,0,,,1583,,,28.1,0,29.8,30.9,30.7,30.2
108,서울,2018-08-03 07:00,30.8,0,,,1.6,0,180,0,58,0,25.6,21.5,997.9,0,1007.4,0,0,0,.22,0,4,4,Ac,33,1777,,,29.9,0,29.9,30.7,30.5,30.1
108,서울,2018-08-03 08:00,31.8,0,,,1.3,0,200,0,55,0,25.8,21.6,998.3,0,1007.8,0,.9,0,.78,0,4,4,Sc,19,1537,,,33.7,0,30.6,30.5,30.3,30
108,서울,2018-08-03 09:00,33,0,,,1.7,0,250,0,50,0,25,21.1,998.3,0,1007.8,0,1,0,1.49,0,0,0,,,1722,,,40.6,0,32.1,30.7,30.2,29.9
108,서울,2018-08-03 10:00,34.3,0,,,2.5,0,200,0,48,0,26,21.7,998.5,0,1007.9,0,1,0,2.12,0,0,0,,,1822,,,47.6,0,34.1,31.1,30.1,29.8
108,서울,2018-08-03 11:00,35.7,0,,,1.6,0,250,0,42,0,24.4,20.7,998.2,0,1007.6,0,1,0,2.56,0,0,0,,,1727,,,53.8,0,36.4,31.8,30.2,29.8
108,서울,2018-08-03 12:00,36.8,0,,,2.1,0,160,0,41,0,25.3,21.3,997.7,0,1007.1,0,1,0,2.53,0,4,4,Sc,15,1759,,,56.1,0,38.2,32.8,30.3,29.7
108,서울,2018-08-03 13:00,36.8,0,,,1.8,0,270,0,44,0,27.2,22.5,997.2,0,1006.5,0,.6,0,1.79,0,6,6,Sc,15,1625,,,49.3,0,39,33.8,30.6,29.7
108,서울,2018-08-03 14:00,37.4,0,,,2.8,0,290,0,40,0,25.6,21.5,996.7,0,1006,0,.8,0,2.03,0,6,6,Sc,15,1519,,,56.2,0,38.9,34.3,30.9,29.7
108,서울,2018-08-03 15:00,37.4,0,,,3.2,0,290,0,44,0,28.1,23,996.5,0,1005.8,0,1,0,2.71,0,3,3,Sc,17,1499,,,57.2,0,40.4,34.8,31.1,29.9
108,서울,2018-08-03 16:00,36.7,0,,,3.5,0,290,0,44,0,27.1,22.4,996.3,0,1005.6,0,1,0,2.16,0,3,3,Sc,17,1666,,,53.4,0,40.4,35.3,31.4,29.9
108,서울,2018-08-03 17:00,35.8,0,,,3.9,0,290,0,49,0,28.8,23.4,996.3,0,1005.7,0,1,0,1.52,0,1,1,Sc,17,1633,,,48.2,0,39.6,35.6,31.7,30.1
108,서울,2018-08-03 18:00,34.4,0,,,3.3,0,270,0,53,0,28.8,23.4,996.4,0,1005.8,0,.9,0,.8,0,1,1,Sc,15,1650,,,40.7,0,38.1,35.7,32,30.2
108,서울,2018-08-03 19:00,33.5,0,,,2.7,0,270,0,54,0,27.9,22.9,996.5,0,1005.9,0,.3,0,.35,0,0,0,,,1871,,,35.9,0,36.3,35.3,32.2,30.4
108,서울,2018-08-03 20:00,32.2,0,,,1.9,0,250,0,58,0,27.7,22.8,997,0,1006.5,0,0,0,.02,0,2,0,,,1673,,,32.5,0,34.7,34.8,32.3,30.5
108,서울,2018-08-03 21:00,31.2,0,,,1.7,0,270,0,63,0,28.6,23.3,997.6,0,1007.1,0,,9,,9,0,0,,,1537,,,30.7,0,33.4,34.3,32.2,30.6
108,서울,2018-08-03 22:00,30.6,0,,,1.2,0,360,0,64,0,28.1,23,998.1,0,1007.6,0,,9,,9,2,0,,,1705,,,29.6,0,32.4,33.6,32.1,30.7
108,서울,2018-08-03 23:00,30.2,0,,,.8,0,290,0,62,0,26.6,22.1,998.3,0,1007.9,0,,9,,9,1,0,,,1708,,,28.8,0,31.7,33,32,30.7
108,서울,2018-08-04 00:00,30,0,,,1.7,0,270,0,61,0,25.8,21.6,998.6,0,1008.2,0,,9,,9,0,0,,,1794,,,28.4,0,31.1,32.6,31.8,30.7
108,서울,2018-08-04 01:00,29.9,0,,,1.1,0,270,0,61,0,25.6,21.5,998.7,0,1008.3,0,,9,,9,1,0,,,1745,,,28,0,30.6,32.1,31.6,30.7
108,서울,2018-08-04 02:00,29.9,0,,,1.9,0,290,0,59,0,24.9,21,998.6,0,1008.2,0,,9,,9,6,5,,17,1902,,,28.8,0,30.3,31.7,31.4,30.7
108,서울,2018-08-04 03:00,29.7,0,,,1.5,0,290,0,57,0,23.7,20.2,998.7,0,1008.2,0,,9,,9,5,5,Sc,18,1964,,,28,0,30.2,31.4,31.2,30.6
108,서울,2018-08-04 04:00,29.5,0,,,1.2,0,270,0,60,0,24.7,20.9,998.7,0,1008.2,0,,9,,9,4,4,Sc,16,1774,,,27.4,0,29.8,31.2,31,30.5
108,서울,2018-08-04 05:00,29.2,0,,,2.1,0,270,0,62,0,25,21.1,998.9,0,1008.5,0,,9,,9,5,5,Sc,17,1835,,,27.1,0,29.4,30.9,30.9,30.5
108,서울,2018-08-04 06:00,29.1,0,,,1.6,0,270,0,63,0,25.3,21.3,999,0,1008.6,0,0,0,0,0,4,4,Sc,17,1818,,,27.6,0,29.3,30.7,30.7,30.3
108,서울,2018-08-04 07:00,29.4,0,,,1.9,0,270,0,62,0,25.3,21.3,999.4,0,1009,0,.3,0,.24,0,1,1,Sc,19,1758,,,28.9,0,29.3,30.4,30.5,30.2
108,서울,2018-08-04 08:00,30.2,0,,,1.8,0,290,0,61,0,26.1,21.8,999.3,0,1008.9,0,.9,0,.65,0,2,2,Sc,9,1562,,,32.1,0,29.9,30.3,30.4,30.1
108,서울,2018-08-04 09:00,31.3,0,,,1.9,0,290,0,58,0,26.4,22,999,0,1008.5,0,1,0,1.24,0,6,6,Sc,9,1598,,,37.8,0,31.2,30.3,30.2,30
108,서울,2018-08-04 10:00,32.3,0,,,1.7,0,270,0,56,0,26.9,22.3,998.9,0,1008.4,0,1,0,1.61,0,6,6,Sc,9,1625,,,42.9,0,32.9,30.8,30.1,29.9
108,서울,2018-08-04 11:00,33.4,0,,,2.8,0,290,0,52,0,26.6,22.1,998.5,0,1008,0,1,0,2.19,0,7,7,Sc,10,1462,,,48.8,0,34.8,31.3,30.1,29.9
108,서울,2018-08-04 12:00,33.2,0,,,2.5,0,290,0,52,0,26.4,22,998.2,0,1007.7,0,.8,0,1.59,0,7,7,Sc,10,1514,,,48.9,0,35.5,32.1,30.2,29.8
108,서울,2018-08-04 13:00,33.6,0,,,3.7,0,290,0,54,0,28.1,23,997.9,0,1007.3,0,1,0,2.56,0,7,7,Sc,10,1754,,,50.6,0,37.4,32.7,30.4,29.8
108,서울,2018-08-04 14:00,33.1,0,,,4.2,0,320,0,54,0,27.2,22.5,997.6,0,1007.1,0,.9,0,2.09,0,6,6,Sc,11,1879,,,48.3,0,37.7,33.3,30.6,29.8
108,서울,2018-08-04 15:00,34.7,0,,,3.6,0,290,0,48,0,26.4,22,997.5,0,1006.9,0,1,0,2.47,0,3,3,Sc,10,1973,,,55.9,0,38.3,33.9,30.9,29.8
108,서울,2018-08-04 16:00,34.5,0,,,4,0,270,0,49,0,26.8,22.2,997.3,0,1006.7,0,1,0,2.35,0,2,2,Sc,11,1925,,,54.1,0,39.2,34.4,31.1,29.9
108,서울,2018-08-04 17:00,34.3,0,,,3.4,0,270,0,48,0,26,21.7,997.1,0,1006.5,0,1,0,1.82,0,2,2,Sc,11,2000,,,49.8,0,38.9,34.8,31.4,30
108,서울,2018-08-04 18:00,33.2,0,,,3.7,0,270,0,52,0,26.4,22,997.1,0,1006.5,0,1,0,1.14,0,1,1,Sc,10,1986,,,41.2,0,37.6,34.9,31.6,30.1
108,서울,2018-08-04 19:00,32,0,,,2.9,0,270,0,57,0,27.1,22.4,997.2,0,1006.7,0,1,0,.48,0,2,0,,,2000,,,34.5,0,35.8,34.7,31.8,30.3
108,서울,2018-08-04 20:00,30.2,0,,,2.8,0,290,0,66,0,28.3,23.1,997.3,0,1006.9,0,.2,0,.02,0,1,0,,,2000,,,31,0,33.9,34.3,31.9,30.4
108,서울,2018-08-04 21:00,29.2,0,,,1.9,0,290,0,73,0,29.5,23.8,997.7,0,1007.2,0,,9,,9,0,0,,,1933,,,29.3,0,32.5,33.7,31.9,30.5
108,서울,2018-08-04 22:00,28.6,0,,,2.5,0,270,0,74,0,28.9,23.5,998,0,1007.6,0,,9,,9,3,0,,,1804,,,28.2,0,31.6,33.1,31.9,30.6
108,서울,2018-08-04 23:00,28.2,0,,,2.5,0,290,0,78,0,29.7,23.9,997.9,0,1007.5,0,,9,,9,2,0,,,1678,,,27.5,0,30.8,32.6,31.7,30.6
108,서울,2018-08-05 00:00,28,0,,,1.4,0,270,0,82,0,30.9,24.6,998,0,1007.6,0,,9,,9,1,1,Sc,4,1221,,,27.1,0,30.2,32.1,31.5,30.6
108,서울,2018-08-05 01:00,27.7,0,,,2.7,0,270,0,83,0,30.7,24.5,997.8,0,1007.4,0,,9,,9,2,2,,3,1128,,,27.2,0,29.8,31.6,31.3,30.6
108,서울,2018-08-05 02:00,27.5,0,,,2.7,0,290,0,83,0,30.4,24.3,997.8,0,1007.4,0,,9,,9,4,4,,3,1118,,,27.1,0,29.6,31.3,31.2,30.5
108,서울,2018-08-05 03:00,27.3,0,,,1.7,0,270,0,84,0,30.4,24.3,997.8,0,1007.4,0,,9,,9,3,3,Sc,4,1089,,,26.5,0,29.3,31,31,30.5
108,서울,2018-08-05 04:00,27.3,0,,,2.2,0,270,0,83,0,30,24.1,998,0,1007.6,0,,9,,9,3,3,Sc,4,1054,,,26.3,0,29,30.6,30.8,30.4
108,서울,2018-08-05 05:00,27.3,0,,,.8,0,290,0,84,0,30.4,24.3,998,0,1007.6,0,,9,,9,1,1,Sc,8,1067,,,26.1,0,28.8,30.4,30.6,30.3
108,서울,2018-08-05 06:00,27.3,0,0,0,1.4,0,290,0,83,0,30,24.1,998.2,0,1007.8,0,0,0,0,0,7,7,Sc,4,1080,,01,26.6,0,28.5,30.2,30.4,30.2
108,서울,2018-08-05 07:00,27.5,0,.4,0,1.8,0,320,0,86,0,31.5,24.9,998.4,0,1008,0,0,0,.03,0,9,9,Sc,3,485,,1901,27.1,0,28.7,30,30.3,30.2
108,서울,2018-08-05 08:00,27.5,0,1.6,0,.7,0,290,0,95,0,34.8,26.6,998.5,0,1008.1,0,0,0,.14,0,9,5,ScAs,5,404,,1901,28.2,0,28.8,29.9,30.1,30
108,서울,2018-08-05 09:00,29.1,0,0,0,2.2,0,270,0,76,0,30.6,24.4,998.7,0,1008.3,0,1,0,1.38,0,7,7,Sc,8,1041,,1901,34,0,30,29.8,30,29.9
108,서울,2018-08-05 10:00,29.5,0,0,0,2,0,270,0,78,0,32.1,25.2,998.5,0,1008,0,.7,0,1.28,0,9,9,Sc,5,1091,,01,32.6,0,31.5,30.1,29.9,29.8
108,서울,2018-08-05 11:00,31.2,0,,9,2.6,0,290,0,63,0,28.6,23.3,998.3,0,1007.8,0,.9,0,1.99,0,7,7,Cu,7,1695,,,36.5,0,32.8,30.5,29.8,29.7
108,서울,2018-08-05 12:00,32.5,0,,9,3.4,0,250,0,59,0,28.8,23.4,997.9,0,1007.4,0,.8,0,2.33,0,6,6,Cu,9,1780,,,40.8,0,34.5,31.1,29.9,29.6
108,서울,2018-08-05 13:00,33,0,,9,3.5,0,290,0,56,0,28.1,23,997.6,0,1007.1,0,1,0,2.68,0,4,4,Cu,16,1857,,,46.2,0,36,31.9,30,29.7
108,서울,2018-08-05 14:00,33.3,0,,9,4.7,0,270,0,55,0,28.1,23,997.1,0,1006.5,0,1,0,3.05,0,7,7,CuSc,10,1921,,,49.1,0,37.9,32.7,30.2,29.6
108,서울,2018-08-05 15:00,33.7,0,,9,3.7,0,290,0,55,0,28.6,23.3,996.8,0,1006.2,0,1,0,2.67,0,6,6,CuSc,10,1843,,,49.3,0,38.3,33.6,30.5,29.7
108,서울,2018-08-05 16:00,33.6,0,,9,3.5,0,270,0,57,0,29.5,23.8,996.9,0,1006.3,0,1,0,2.19,0,6,6,CuSc,9,1901,,,46.4,0,38.3,34.2,30.9,29.8
108,서울,2018-08-05 17:00,32.8,0,,9,4,0,270,0,61,0,30.2,24.2,996.4,0,1005.9,0,.9,0,1.46,0,6,6,CuSc,9,1878,,,43.3,0,37.3,34.5,31.2,29.9
108,서울,2018-08-05 18:00,31.8,0,,9,4,0,270,0,63,0,29.5,23.8,996.6,0,1006.1,0,1,0,.81,0,8,5,CuScCi,9,1849,,,37.6,0,35.8,34.4,31.4,30
108,서울,2018-08-05 19:00,30.9,0,,9,3.3,0,270,0,68,0,30.2,24.2,996.5,0,1006,0,.8,0,.52,0,10,2,,17,1821,,,34.5,0,34.4,34.1,31.6,30.1
108,서울,2018-08-05 20:00,30,0,,9,3.5,0,290,0,72,0,30.4,24.3,997,0,1006.6,0,0,0,.09,0,9,5,,16,1765,,,31.5,0,33.1,33.7,31.7,30.2
108,서울,2018-08-05 21:00,29.3,0,,9,3.6,0,270,0,75,0,30.6,24.4,997.4,0,1006.9,0,,9,,9,7,5,ScCi,19,1674,,,29.6,0,31.9,33.1,31.6,30.3
108,서울,2018-08-05 22:00,29.1,0,,9,3,0,270,0,77,0,30.9,24.6,997.5,0,1007,0,,9,,9,9,7,,27,1559,,,29.2,0,31.1,32.6,31.5,30.4
108,서울,2018-08-05 23:00,28.8,0,,9,1.3,0,290,0,79,0,31.1,24.7,997.6,0,1007.2,0,,9,,9,5,1,,15,1484,,,28.5,0,30.5,32.1,31.4,30.4
108,서울,2018-08-06 00:00,28.7,0,,9,2.2,0,290,0,79,0,30.9,24.6,997.3,0,1006.9,0,,9,,9,8,8,Sc,7,1473,,,28.4,0,30.2,31.6,31.2,30.4
108,서울,2018-08-06 01:00,28.7,0,,,1.5,0,290,0,80,0,31.3,24.8,997.3,0,1006.9,0,,9,,9,,9,,4,1295,,,28.6,0,29.9,31.3,31,30.4
108,서울,2018-08-06 02:00,28.6,0,,,1.2,0,290,0,80,0,31.3,24.8,997,0,1006.6,0,,9,,9,6,6,,4,1163,,,28.6,0,29.8,31,30.9,30.3
108,서울,2018-08-06 03:00,28.6,0,,,1.1,0,270,0,81,0,31.7,25,997,0,1006.6,0,,9,,9,9,9,Sc,6,1105,,,28.1,0,29.7,30.8,30.7,30.3
108,서울,2018-08-06 04:00,28.4,0,,,.5,0,290,0,82,0,31.7,25,997.1,0,1006.7,0,,9,,9,9,9,Sc,6,1144,,,28,0,29.3,30.6,30.5,30.2
108,서울,2018-08-06 05:00,28.3,0,,,1.7,0,270,0,83,0,31.9,25.1,996.9,0,1006.5,0,,9,,9,8,8,St,6,969,,19,27.6,0,29.2,30.4,30.4,30.1
108,서울,2018-08-06 06:00,28.3,0,,,1.1,0,290,0,83,0,31.9,25.1,997.2,0,1006.8,0,0,0,0,0,9,9,St,7,900,,19,27.8,0,29,30.2,30.3,30
108,서울,2018-08-06 07:00,28.5,0,0,0,.8,0,290,0,82,0,31.9,25.1,997.5,0,1007.1,0,0,0,.09,0,9,9,CuSc,6,914,,1901,28.8,0,29.1,30,30.1,30
108,서울,2018-08-06 08:00,28.7,0,.5,0,1.4,0,320,0,86,0,33.8,26.1,997.8,0,1007.4,0,0,0,.32,0,9,9,CuSc,5,532,,190401,30,0,29.4,29.9,30,29.9
108,서울,2018-08-06 09:00,28.4,0,4,0,1.7,0,270,0,87,0,33.6,26,997.7,0,1007.3,0,.1,0,.56,0,9,9,CuSc,11,1313,,1904,30,0,29.7,30,29.9,29.8
108,서울,2018-08-06 10:00,29.8,0,,9,1.4,0,200,0,76,0,31.9,25.1,997.6,0,1007.2,0,.5,0,1.52,0,7,7,CuSc,5,850,,19,36.1,0,30.9,30,29.8,29.7
108,서울,2018-08-06 11:00,31.3,0,,9,1,0,320,0,70,0,31.9,25.1,997.4,0,1006.9,0,.9,0,1.89,0,7,7,CuSc,7,1227,,19,34.8,0,33.8,30.6,29.8,29.6
108,서울,2018-08-06 12:00,33.2,0,,9,2.6,0,180,0,59,0,29.8,24,997.2,0,1006.6,0,.8,0,2.37,0,6,4,CuCi,9,1289,,,40.5,0,35.3,31.4,29.8,29.6
108,서울,2018-08-06 13:00,34.3,0,,9,2.2,0,230,0,54,0,29.1,23.6,996.4,0,1005.8,0,1,0,2.93,0,6,6,Cu,13,1540,,,40.5,0,37.5,32.4,30,29.6
108,서울,2018-08-06 14:00,34,0,,9,3.2,0,200,0,59,0,31.3,24.8,995.9,0,1005.3,0,.9,0,1.98,0,6,4,CuCi,12,1180,,,37.2,0,37.2,33.3,30.3,29.6
108,서울,2018-08-06 15:00,33.6,0,0,0,3.6,0,290,0,58,0,30,24.1,995.8,0,1005.2,0,.8,0,1.98,0,6,2,CuAcCi,8,1448,,04,38.8,0,36.7,33.6,30.6,29.7
108,서울,2018-08-06 16:00,34.6,0,,9,2.5,0,270,0,55,0,30.2,24.2,995.4,0,1004.8,0,1,0,2.01,0,7,4,CuCi,11,1650,,,38.1,0,37,33.9,30.9,29.7
108,서울,2018-08-06 17:00,35,0,,9,1.5,0,290,0,53,0,29.7,23.9,995.4,0,1004.8,0,1,0,1.78,0,8,6,CuCi,11,1618,,,38.9,0,37.1,34.1,31.1,29.9
108,서울,2018-08-06 18:00,32.8,0,0,0,1.3,0,70,0,63,0,31.3,24.8,995.6,0,1005,0,.3,0,.31,0,8,8,CuSc,11,1799,,04,32.9,0,35.2,34.1,31.3,30
108,서울,2018-08-06 19:00,32.2,0,0,0,.8,0,20,0,65,0,31.1,24.7,995.8,0,1005.3,0,0,0,.1,0,8,8,CuSc,10,1894,,04,31.2,0,33.5,33.6,31.5,30.1
108,서울,2018-08-06 20:00,31.3,0,,9,2,0,250,0,65,0,29.7,23.9,996.5,0,1006,0,0,0,.02,0,8,8,,9,1586,,,29.7,0,32.4,33,31.5,30.2
108,서울,2018-08-06 21:00,30.6,0,,9,1.6,0,290,0,70,0,30.6,24.4,996.9,0,1006.4,0,,9,,9,7,7,Sc,15,1542,,,28.6,0,31.4,32.5,31.4,30.3
108,서울,2018-08-06 22:00,30.1,0,,9,.4,0,0,0,72,0,30.6,24.4,997.1,0,1006.7,0,,9,,9,6,4,,8,1806,,,28.2,0,30.6,31.9,31.3,30.3
108,서울,2018-08-06 23:00,29.4,0,2,0,1.2,0,90,0,79,0,32.2,25.3,997.4,0,1006.9,0,,9,,9,8,8,CuSc,8,777,,04,27.6,0,30.1,31.5,31.1,30.3
108,서울,2018-08-07 00:00,28.8,0,0,0,.8,0,110,0,72,0,28.4,23.2,997.3,0,1006.9,0,,9,,9,7,7,,,2000,,04,26.9,0,29.4,31,30.9,30.3
108,서울,2018-08-07 01:00,28.2,0,,,.9,0,90,0,68,0,26,21.7,997.3,0,1006.9,0,,9,,9,3,3,,9,2000,,,26,0,28.9,30.6,30.7,30.3
108,서울,2018-08-07 02:00,27.9,0,,,.9,0,90,0,68,0,25.5,21.4,997.2,0,1006.8,0,,9,,9,6,3,,10,2000,,,25.5,0,28.4,30.2,30.5,30.2
108,서울,2018-08-07 03:00,27.6,0,,,.9,0,90,0,69,0,25.3,21.3,997.5,0,1007.1,0,,9,,9,0,0,,,2000,,,25,0,28,29.8,30.3,30.1
108,서울,2018-08-07 04:00,27.3,0,,,.7,0,110,0,68,0,24.6,20.8,997.7,0,1007.3,0,,9,,9,3,0,Ci,,2000,,,24.7,0,27.6,29.5,30.1,30.1
108,서울,2018-08-07 05:00,27.1,0,,,.9,0,110,0,69,0,24.7,20.9,997.8,0,1007.4,0,,9,,9,4,4,Sc,9,2000,,,24.5,0,27.3,29.2,29.9,29.9
108,서울,2018-08-07 06:00,26.8,0,,,.7,0,70,0,70,0,24.6,20.8,998.3,0,1008,0,0,0,0,0,2,2,Sc,15,2000,,,24.5,0,27,28.9,29.7,29.9
108,서울,2018-08-07 07:00,27,0,,,.8,0,50,0,69,0,24.6,20.8,998.5,0,1008.2,0,.4,0,.23,0,0,0,,,2000,,,25.3,0,27,28.6,29.5,29.7
108,서울,2018-08-07 08:00,28.5,0,,,2,0,140,0,64,0,24.9,21,998.5,0,1008.1,0,1,0,.89,0,0,0,,,2000,,,27.1,0,27.7,28.4,29.3,29.6
108,서울,2018-08-07 09:00,29.3,0,,,1.1,0,140,0,66,0,26.8,22.2,998.4,0,1007.9,0,.7,0,1.07,0,8,8,Sc,9,2000,,,29.5,0,29.1,28.6,29.2,29.5
108,서울,2018-08-07 10:00,30.1,0,,,1.2,0,140,0,65,0,27.6,22.7,998.5,0,1008.1,0,.3,0,1.11,0,9,9,Sc,9,2000,,,30.9,0,30.3,29.1,29.1,29.4
108,서울,2018-08-07 11:00,31.4,0,,,.8,0,90,0,59,0,27.1,22.4,998.5,0,1008,0,.5,0,1.3,0,9,9,Sc,9,2000,,,33.8,0,31.4,29.5,29.1,29.3
108,서울,2018-08-07 12:00,31.9,0,,,.9,0,90,0,57,0,26.9,22.3,997.9,0,1007.4,0,.2,0,1.28,0,8,8,CuSc,9,1981,,,34.5,0,32.4,30.1,29.1,29.2
108,서울,2018-08-07 13:00,33,0,,,1,0,230,0,55,0,27.6,22.7,997.3,0,1006.8,0,.6,0,1.49,0,9,9,CuSc,9,1967,,,34.4,0,33.6,30.7,29.3,29.2
108,서울,2018-08-07 14:00,34,0,,,1.2,0,320,0,50,0,26.6,22.1,996.7,0,1006.1,0,.4,0,1.68,0,6,6,CuSc,9,1744,,,39.4,0,34,31.2,29.4,29.2
108,서울,2018-08-07 15:00,34.3,0,,,1,0,270,0,49,0,26.4,22,995.9,0,1005.3,0,.5,0,1.62,0,7,7,CuSc,9,1633,,,35.9,0,35.1,31.8,29.6,29.2
108,서울,2018-08-07 16:00,35.4,0,,,2.6,0,320,0,45,0,25.8,21.6,995.4,0,1004.8,0,.8,0,1.84,0,5,5,Cu,10,1529,,,39.6,0,35.5,32.3,29.9,29.2
108,서울,2018-08-07 17:00,35.6,0,,,2.4,0,320,0,44,0,25.5,21.4,995.5,0,1004.9,0,1,0,1.69,0,4,4,Cu,10,1860,,,39.7,0,35.8,32.7,30.1,29.3
108,서울,2018-08-07 18:00,34.6,0,,,3.1,0,290,0,50,0,27.4,22.6,995.7,0,1005.1,0,1,0,1,0,1,1,Cu,10,1821,,,35.8,0,34.9,32.9,30.4,29.4
108,서울,2018-08-07 19:00,32.9,0,,,2.6,0,290,0,56,0,27.9,22.9,996.2,0,1005.6,0,1,0,.4,0,5,0,,,1944,,,31.9,0,33.2,32.8,30.6,29.5
108,서울,2018-08-07 20:00,31.1,0,,,2.7,0,270,0,64,0,28.8,23.4,996.8,0,1006.3,0,.1,0,.02,0,3,0,,,1770,,,29.5,0,31.7,32.3,30.7,29.6
108,서울,2018-08-07 21:00,30.3,0,,,2.2,0,340,0,69,0,29.7,23.9,997.3,0,1006.8,0,,9,,9,3,0,Ci,,1834,,,28.3,0,30.6,31.7,30.7,29.7
108,서울,2018-08-07 22:00,29.8,0,,,1.4,0,290,0,75,0,31.3,24.8,996.9,0,1006.5,0,,9,,9,8,0,,,1609,,,27.8,0,29.9,31.1,30.6,29.8
108,서울,2018-08-07 23:00,29.5,0,,,1.4,0,270,0,78,0,32.1,25.2,996.6,0,1006.1,0,,9,,9,4,0,,,1469,,,27.3,0,29.4,30.7,30.4,29.8
108,서울,2018-08-08 00:00,29.1,0,,,2.1,0,270,0,77,0,30.9,24.6,996.6,0,1006.1,0,,9,,9,0,0,,,1465,,,26.8,0,29,30.3,30.3,29.8
108,서울,2018-08-08 01:00,28.5,0,,,1.5,0,270,0,80,0,31.1,24.7,996.9,0,1006.5,0,,9,,9,3,0,,,1306,,,26.5,0,28.6,30,30.1,29.7
108,서울,2018-08-08 02:00,28.3,0,,,2.1,0,290,0,84,0,32.2,25.3,997.2,0,1006.8,0,,9,,9,1,1,,4,1099,,,26.9,0,28.4,29.7,29.9,29.7
108,서울,2018-08-08 03:00,28.3,0,,,.5,0,340,0,84,0,32.2,25.3,997.2,0,1006.8,0,,9,,9,7,7,Sc,8,1006,,,26.8,0,28.3,29.4,29.7,29.6
108,서울,2018-08-08 04:00,28,0,,,1,0,290,0,85,0,32.1,25.2,997.3,0,1006.9,0,,9,,9,3,3,Sc,7,1079,,,26.1,0,28,29.2,29.6,29.6
108,서울,2018-08-08 05:00,27.9,0,,,0,0,0,0,84,0,31.5,24.9,997.1,0,1006.7,0,,9,,9,1,1,Sc,10,1172,,,25.7,0,27.7,29.1,29.5,29.5
108,서울,2018-08-08 06:00,27.6,0,,,1.2,0,290,0,84,0,30.9,24.6,997.1,0,1006.7,0,0,0,.01,0,3,3,Sc,10,1123,,,25.7,0,27.4,28.8,29.3,29.4
108,서울,2018-08-08 07:00,28.2,0,,,1.5,0,270,0,82,0,31.3,24.8,998,0,1007.6,0,.1,0,.19,0,7,7,Sc,4,985,,19,27.5,0,27.6,28.6,29.2,29.3
108,서울,2018-08-08 08:00,28.6,0,,,1.6,0,290,0,80,0,31.3,24.8,997.9,0,1007.5,0,.5,0,.49,0,7,7,Sc,4,708,,19,29,0,28.4,28.6,29,29.2
108,서울,2018-08-08 09:00,30.2,0,,,1.4,0,290,0,66,0,28.3,23.1,998.1,0,1007.7,0,1,0,1.48,0,4,4,Sc,4,1131,,19,34.7,0,30,28.7,28.9,29
108,서울,2018-08-08 10:00,31.6,0,,,2.3,0,270,0,58,0,26.9,22.3,998,0,1007.5,0,1,0,2.02,0,3,3,Cu,8,1528,,,40.4,0,32.3,29.4,28.8,29
108,서울,2018-08-08 11:00,32.7,0,,,2.7,0,290,0,55,0,27.1,22.4,997.8,0,1007.3,0,1,0,2.44,0,4,4,Cu,8,1836,,,43.1,0,34.7,30.5,28.9,28.9
108,서울,2018-08-08 12:00,34.1,0,,,1.6,0,250,0,46,0,24.6,20.8,997.1,0,1006.5,0,1,0,2.72,0,3,3,Cu,9,1885,,,50.7,0,36.4,31.6,29.2,28.9
108,서울,2018-08-08 13:00,34.4,0,,,2.1,0,320,0,48,0,26,21.7,996.9,0,1006.3,0,1,0,2.37,0,5,5,Cu,10,1921,,,46.7,0,38,32.9,29.5,28.9
108,서울,2018-08-08 14:00,33.6,0,,,3.5,0,320,0,50,0,26,21.7,997,0,1006.4,0,.4,0,1.15,0,7,7,Cu,10,1993,,,41.6,0,36.8,33.5,29.9,29
108,서울,2018-08-08 15:00,34.5,0,,,3.2,0,320,0,47,0,25.6,21.5,996.8,0,1006.2,0,.9,0,2.32,0,3,3,CuSc,10,1958,,,50.7,0,37.2,33.7,30.3,29.2
108,서울,2018-08-08 16:00,35.1,0,,,2.6,0,250,0,40,0,22.5,19.4,995.9,0,1005.3,0,1,0,2.29,0,2,2,CuSc,10,1989,,,50.6,0,38.1,34.1,30.6,29.3
108,서울,2018-08-08 17:00,35,0,,,2.6,0,270,0,37,0,20.8,18.1,995.4,0,1004.8,0,1,0,1.72,0,1,1,Sc,13,2000,,,46.9,0,37.6,34.5,30.9,29.4
108,서울,2018-08-08 18:00,34.5,0,,,2,0,290,0,45,0,24.6,20.8,995.1,0,1004.5,0,1,0,1,0,1,0,Ci,,2000,,,40.4,0,36.5,34.5,31.2,29.6
108,서울,2018-08-08 19:00,32.6,0,,,3.5,0,270,0,60,0,29.5,23.8,996.2,0,1005.7,0,.9,0,.37,0,3,0,,,1982,,,34.4,0,34.9,34.3,31.3,29.7
108,서울,2018-08-08 20:00,31,0,,,2.9,0,270,0,66,0,29.5,23.8,996.4,0,1005.9,0,0,0,.02,0,5,0,,,1857,,,31.5,0,33.2,33.7,31.5,29.9
108,서울,2018-08-08 21:00,29.7,0,,,3.2,0,270,0,71,0,29.5,23.8,996.8,0,1006.3,0,,9,,9,3,3,Ac,30,1934,,,29.9,0,31.9,33.1,31.5,30
108,서울,2018-08-08 22:00,29.5,0,,,.9,0,320,0,73,0,30,24.1,996.4,0,1005.9,0,,9,,9,8,8,,28,1936,,,29.5,0,31.1,32.4,31.3,30.1
108,서울,2018-08-08 23:00,29.1,0,,,.4,0,0,0,77,0,30.9,24.6,996.3,0,1005.8,0,,9,,9,4,0,,,1552,,,28.5,0,30.5,31.9,31.2,30.1
108,서울,2018-08-09 00:00,28.9,0,,,1.6,0,290,0,75,0,29.8,24,995.9,0,1005.4,0,,9,,9,0,0,,,1946,,,27.9,0,29.9,31.4,31,30.1
108,서울,2018-08-09 01:00,28.8,0,,,2.1,0,320,0,75,0,29.7,23.9,995.7,0,1005.2,0,,9,,9,6,1,,31,1975,,,27.6,0,29.4,31,30.8,30.1
108,서울,2018-08-09 02:00,28.5,0,,,1.2,0,290,0,79,0,30.6,24.4,995.4,0,1005,0,,9,,9,3,1,,,1546,,,27.2,0,29,30.6,30.6,30
108,서울,2018-08-09 03:00,28.3,0,,,1.4,0,270,0,80,0,30.7,24.5,995.4,0,1005,0,,9,,9,9,1,ScAc,15,1617,,,27.5,0,28.8,30.3,30.4,30
108,서울,2018-08-09 04:00,28.1,0,,,1.5,0,290,0,81,0,30.7,24.5,995.3,0,1004.9,0,,9,,9,6,6,Ac,32,1729,,,27,0,28.7,30,30.2,29.9
108,서울,2018-08-09 05:00,27.8,0,,,1,0,290,0,82,0,30.6,24.4,995.2,0,1004.8,0,,9,,9,2,2,Sc,14,1599,,,26.5,0,28.4,29.8,30.1,29.8
108,서울,2018-08-09 06:00,27.7,0,,,1.4,0,290,0,84,0,31.1,24.7,995.5,0,1005.1,0,0,0,0,0,7,2,ScAc,10,1436,,,26.7,0,28.2,29.6,29.9,29.8
108,서울,2018-08-09 07:00,27.9,0,,,1.8,0,290,0,81,0,30.4,24.3,995.8,0,1005.4,0,0,0,.12,0,9,3,ScAc,15,1497,,,28.1,0,28.3,29.4,29.7,29.7
108,서울,2018-08-09 08:00,28.6,0,,,1.2,0,290,0,75,0,29.3,23.7,995.8,0,1005.4,0,.5,0,.56,0,8,3,ScAc,7,1588,,,30.6,0,29,29.3,29.6,29.5
108,서울,2018-08-09 09:00,29.4,0,,,2.3,0,270,0,64,0,26.1,21.8,995.6,0,1005.1,0,.2,0,.9,0,8,2,ScAcCi,6,1926,,,35.1,0,29.8,29.4,29.4,29.5
108,서울,2018-08-09 10:00,30.4,0,,,1.8,0,320,0,63,0,27.2,22.5,995.6,0,1005.1,0,.3,0,1.32,0,9,4,ScAc,7,1883,,,37.9,0,31.6,29.8,29.4,29.3
108,서울,2018-08-09 11:00,30.8,0,,,2.4,0,290,0,63,0,27.9,22.9,995.4,0,1004.9,0,.1,0,.94,0,10,4,ScAs,13,1919,,,36.8,0,32.3,30.3,29.4,29.3
108,서울,2018-08-09 12:00,31.1,0,0,0,3,0,270,0,63,0,28.4,23.2,995,0,1004.5,0,0,0,1.14,0,10,4,CuScNs,11,1795,,04,37,0,33,30.7,29.5,29.3
108,서울,2018-08-09 13:00,29.7,0,.4,0,1.7,0,290,0,80,0,33.2,25.8,994.6,0,1004.1,0,0,0,.73,0,9,4,CuScNs,10,1312,,04,32.8,0,32.2,31.1,29.6,29.3
108,서울,2018-08-09 14:00,30.8,0,0,0,1.8,0,290,0,69,0,30.6,24.4,993.9,0,1003.4,0,.3,0,1.58,0,10,1,ScAs,18,1218,,04,36.5,0,33,31.2,29.7,29.3
108,서울,2018-08-09 15:00,31.2,0,0,0,2.7,0,290,0,67,0,30.4,24.3,993.5,0,1003,0,.3,0,1.39,0,8,3,CuScAs,6,1368,,04,41,0,33.2,31.4,29.8,29.3
108,서울,2018-08-09 16:00,31.6,0,0,0,3,0,320,0,73,0,33.8,26.1,993.3,0,1002.8,0,.8,0,1.57,0,9,9,CuSc,6,1133,,04,36.6,0,34.5,31.8,29.9,29.3
108,서울,2018-08-09 17:00,28.8,0,1.1,0,4,0,320,0,83,0,32.8,25.6,993.2,0,1002.7,0,.1,0,.39,0,9,9,CuSc,7,969,,04,30.7,0,32.5,32,30.1,29.4
108,서울,2018-08-09 18:00,28.1,0,.5,0,2.3,0,290,0,86,0,32.6,25.5,993.2,0,1002.8,0,0,0,.28,0,9,6,CuScAs,8,1244,,04,29.3,0,31.3,31.7,30.2,29.4
108,서울,2018-08-09 19:00,28.2,0,,9,.4,0,0,0,82,0,31.3,24.8,993.3,0,1002.8,0,0,0,.16,0,7,3,,32,1832,,,28.4,0,30.6,31.3,30.2,29.5
108,서울,2018-08-09 20:00,27.9,0,,9,.6,0,50,0,78,0,29.3,23.7,993.5,0,1003.1,0,0,0,.03,0,5,2,,,1989,,,27,0,29.8,30.9,30.2,29.5
108,서울,2018-08-09 21:00,27.8,0,,9,.3,0,0,0,82,0,30.6,24.4,993.8,0,1003.4,0,,9,,9,4,0,Ci,,1397,,,26.5,0,29.1,30.5,30.1,29.5
108,서울,2018-08-09 22:00,27.5,0,,9,.4,0,0,0,82,0,30,24.1,994.1,0,1003.7,0,,9,,9,6,4,,10,1228,,,26.2,0,28.5,30,29.9,29.5
108,서울,2018-08-09 23:00,27.3,0,,9,0,0,0,0,81,0,29.3,23.7,994.2,0,1003.8,0,,9,,9,5,0,,,1287,,,25.9,0,28.1,29.7,29.8,29.5
108,서울,2018-08-10 00:00,27.1,0,,9,.2,0,0,0,84,0,30,24.1,994,0,1003.6,0,,9,,9,3,3,Sc,,1161,,,25.6,0,27.8,29.3,29.6,29.4
108,서울,2018-08-10 01:00,26.9,0,,,.2,0,0,0,84,0,29.7,23.9,993.7,0,1003.3,0,,9,,9,7,1,,9,1061,,,25.5,0,27.5,29.1,29.5,29.4
108,서울,2018-08-10 02:00,26.9,0,,,.8,0,50,0,84,0,29.7,23.9,993.6,0,1003.2,0,,9,,9,8,3,,9,1007,,,25.7,0,27.5,28.9,29.3,29.3
108,서울,2018-08-10 03:00,26.7,0,,,.4,0,0,0,84,0,29.3,23.7,993.9,0,1003.5,0,,9,,9,3,3,Sc,10,994,,19,25.2,0,27.3,28.7,29.2,29.2
108,서울,2018-08-10 04:00,26.3,0,,,.4,0,0,0,85,0,28.9,23.5,993.9,0,1003.5,0,,9,,9,1,1,Sc,10,1216,,19,24.8,0,27,28.5,29,29.2
108,서울,2018-08-10 05:00,26.1,0,,,.3,0,0,0,83,0,27.9,22.9,993.8,0,1003.4,0,,9,,9,0,0,,,1617,,,24.5,0,26.7,28.3,28.9,29.1
108,서울,2018-08-10 06:00,25.7,0,,,.6,0,50,0,83,0,27.2,22.5,994.1,0,1003.8,0,0,0,0,0,1,1,Sc,10,1483,,,24.3,0,26.4,28.1,28.7,29
108,서울,2018-08-10 07:00,26,0,,,.7,0,90,0,78,0,26.1,21.8,994.5,0,1004.2,0,0,0,.16,0,7,7,Sc,12,1988,,,25.6,0,26.5,27.9,28.6,28.9
108,서울,2018-08-10 08:00,27.2,0,,,1.8,0,20,0,69,0,24.9,21,994.7,0,1004.3,0,.9,0,.7,0,3,0,Ci,,1999,,,27,0,27.1,27.7,28.4,28.8
108,서울,2018-08-10 09:00,29,0,,,.8,0,20,0,64,0,25.5,21.4,994.7,0,1004.2,0,1,0,1.45,0,6,6,Ac,35,1987,,,31.6,0,29.1,28,28.3,28.7
108,서울,2018-08-10 10:00,30.5,0,,,.6,0,90,0,58,0,25.2,21.2,994.6,0,1004.1,0,.9,0,1.84,0,3,3,Sc,9,1875,,,35.8,0,31.1,28.6,28.3,28.6
108,서울,2018-08-10 11:00,31.9,0,,,1.2,0,320,0,53,0,25,21.1,994.3,0,1003.8,0,1,0,2.33,0,4,4,Sc,9,2000,,,40.9,0,33.4,29.4,28.3,28.5
108,서울,2018-08-10 12:00,33.4,0,,,1.3,0,340,0,47,0,24.1,20.5,993.7,0,1003.1,0,1,0,2.51,0,5,5,CuSc,12,2000,,,45.5,0,35.5,30.5,28.5,28.5
108,서울,2018-08-10 13:00,34.2,0,,,1.7,0,320,0,41,0,22,19,993.2,0,1002.6,0,1,0,2.31,0,5,5,Cu,15,2000,,,48.4,0,36.7,31.5,28.8,28.5
108,서울,2018-08-10 14:00,35.1,0,,,1.6,0,20,0,44,0,24.9,21,992.8,0,1002.2,0,.9,0,2.25,0,5,5,Cu,15,2000,,,45.3,0,38.1,32.5,29.2,28.6
108,서울,2018-08-10 15:00,34.8,0,,,2.4,0,360,0,47,0,26.1,21.8,992.3,0,1001.7,0,.7,0,2.21,0,4,4,Cu,16,2000,,,43.7,0,38.8,33.4,29.6,28.7
108,서울,2018-08-10 16:00,36.4,0,,,3.2,0,340,0,40,0,24.3,20.6,992,0,1001.3,0,1,0,2.59,0,4,2,CuCi,17,2000,,,53.3,0,39.1,34,30,28.8
108,서울,2018-08-10 17:00,36.3,0,,,2.7,0,340,0,40,0,24.1,20.5,991.9,0,1001.2,0,1,0,1.93,0,6,2,CuCc,16,2000,,,48.7,0,38.9,34.5,30.4,28.9
108,서울,2018-08-10 18:00,35.2,0,,,2.6,0,340,0,44,0,25,21.1,991.7,0,1001,0,1,0,1.23,0,5,2,CuCi,18,2000,,,42.3,0,37.5,34.7,30.7,29.1
108,서울,2018-08-10 19:00,33.4,0,,,2.6,0,340,0,49,0,25.2,21.2,992.3,0,1001.7,0,.9,0,.32,0,7,0,,,2000,,,35.2,0,35.4,34.4,31,29.3
108,서울,2018-08-10 20:00,32.2,0,,,2.3,0,340,0,52,0,24.9,21,992.7,0,1002.1,0,.1,0,.02,0,3,0,,,2000,,,31.8,0,33.5,33.9,31.2,29.5
108,서울,2018-08-10 21:00,31.3,0,,,.9,0,20,0,55,0,25,21.1,993.4,0,1002.9,0,,9,,9,2,0,Ci,,2000,,,30.1,0,32.1,33.2,31.2,29.6
108,서울,2018-08-10 22:00,30.9,0,,,.8,0,110,0,54,0,24.1,20.5,993.9,0,1003.4,0,,9,,9,4,0,,,2000,,,29.3,0,31.2,32.5,31.1,29.8
108,서울,2018-08-10 23:00,30.4,0,,,1.4,0,110,0,58,0,25.2,21.2,994.3,0,1003.8,0,,9,,9,3,0,,,2000,,,28.5,0,30.5,31.9,31,29.8
108,서울,2018-08-11 00:00,29.8,0,,,2,0,160,0,63,0,26.3,21.9,994.6,0,1004.1,0,,9,,9,2,0,Ci,,2000,,,27.8,0,29.9,31.4,30.8,29.8
108,서울,2018-08-11 01:00,29,0,,,1.1,0,110,0,67,0,26.8,22.2,994.6,0,1004.1,0,,9,,9,2,0,,,2000,,,27,0,29.4,31,30.6,29.8
108,서울,2018-08-11 02:00,28.5,0,,,1.1,0,140,0,68,0,26.4,22,994.7,0,1004.2,0,,9,,9,3,0,,,1839,,,26.4,0,28.8,30.6,30.4,29.8
108,서울,2018-08-11 03:00,27.9,0,,,.8,0,90,0,69,0,25.8,21.6,995,0,1004.6,0,,9,,9,1,0,Ci,,2000,,,26,0,28.4,30.2,30.2,29.7
108,서울,2018-08-11 04:00,27.4,0,,,1,0,70,0,69,0,25.2,21.2,995.2,0,1004.8,0,,9,,9,0,0,,,2000,,,25.5,0,28,29.8,30,29.7
108,서울,2018-08-11 05:00,26.9,0,,,.7,0,110,0,69,0,24.4,20.7,995.4,0,1005,0,,9,,9,1,0,Ci,,2000,,,25.1,0,27.6,29.5,29.8,29.6
108,서울,2018-08-11 06:00,26.5,0,,,.8,0,90,0,69,0,23.8,20.3,995.9,0,1005.5,0,0,0,0,0,2,2,Sc,15,2000,,,24.7,0,27.2,29.2,29.7,29.5
108,서울,2018-08-11 07:00,26.7,0,,,.8,0,110,0,67,0,23.4,20,996.2,0,1005.8,0,.4,0,.13,0,3,1,ScCi,16,2000,,,25.3,0,27,28.9,29.5,29.4
108,서울,2018-08-11 08:00,28,0,,,1,0,110,0,60,0,22.7,19.5,996.2,0,1005.8,0,1,0,.91,0,1,1,Sc,10,2000,,,27.6,0,27.5,28.6,29.2,29.3
108,서울,2018-08-11 09:00,29.7,0,,,1.3,0,90,0,58,0,24.1,20.5,996.1,0,1005.6,0,1,0,1.68,0,1,1,Sc,10,1955,,,36,0,29.5,28.7,29,29.2
108,서울,2018-08-11 10:00,31.3,0,,,1.8,0,110,0,53,0,24.1,20.5,996.2,0,1005.7,0,1,0,2.34,0,3,3,Sc,10,2000,,,44.9,0,32.1,29.2,28.9,29
108,서울,2018-08-11 11:00,31.5,0,,,2.5,0,180,0,54,0,24.9,21,996,0,1005.5,0,.8,0,1.78,0,7,7,Sc,10,1918,,,45.1,0,33.7,30.2,29,29
108,서울,2018-08-11 12:00,33.2,0,,,2.3,0,180,0,50,0,25.3,21.3,995.8,0,1005.2,0,.9,0,2.84,0,6,6,Sc,11,2000,,,54,0,35.7,31,29.1,28.9
108,서울,2018-08-11 13:00,34.1,0,,,1.5,0,110,0,45,0,24,20.4,995.3,0,1004.7,0,1,0,2.57,0,6,6,Sc,12,1993,,,53.7,0,37.6,32.1,29.4,28.9
108,서울,2018-08-11 14:00,34.5,0,,,2.6,0,160,0,43,0,23.4,20,995,0,1004.4,0,.9,0,2.37,0,6,6,Sc,12,2000,,,54.9,0,38.2,33.1,29.7,29
108,서울,2018-08-11 15:00,35,0,,,1.5,0,70,0,41,0,22.9,19.7,994.2,0,1003.6,0,.9,0,2.4,0,3,3,Sc,14,2000,,,52.7,0,39.4,33.8,30,29
108,서울,2018-08-11 16:00,35.6,0,,,2.7,0,140,0,39,0,22.7,19.5,993.8,0,1003.2,0,1,0,1.81,0,3,3,Sc,14,2000,,,53.1,0,38.9,34.4,30.4,29.1
108,서울,2018-08-11 17:00,35.8,0,,,2.2,0,110,0,36,0,21,18.3,993.9,0,1003.2,0,1,0,1.58,0,3,3,CuSc,10,2000,,,49.5,0,38.4,34.6,30.8,29.3
108,서울,2018-08-11 18:00,34.4,0,,,1.8,0,140,0,40,0,21.7,18.8,993.7,0,1003.1,0,.5,0,.65,0,2,2,CuSc,10,2000,,,38.6,0,36.9,34.7,31.1,29.5
108,서울,2018-08-11 19:00,33.8,0,,,2.2,0,160,0,44,0,23.1,19.8,994,0,1003.4,0,1,0,.3,0,1,0,,,2000,,,34.4,0,35.1,34.3,31.2,29.6
108,서울,2018-08-11 20:00,32.8,0,,,1.9,0,160,0,47,0,23.2,19.9,994.8,0,1004.2,0,.1,0,.01,0,5,0,,,2000,,,31.7,0,33.6,33.8,31.4,29.8
108,서울,2018-08-11 21:00,31.6,0,,,1.2,0,320,0,63,0,29.1,23.6,995.3,0,1004.8,0,,9,,9,6,1,ScAcCi,15,1980,,,30.6,0,32.5,33.3,31.3,29.9
108,서울,2018-08-11 22:00,31.3,0,,,2.3,0,160,0,53,0,24.1,20.5,995.7,0,1005.2,0,,9,,9,7,7,,14,2000,,,30.3,0,31.8,32.7,31.3,29.9
108,서울,2018-08-11 23:00,30.7,0,,,1.5,0,110,0,55,0,24.3,20.6,996,0,1005.5,0,,9,,9,6,4,,14,2000,,,29.6,0,31.2,32.2,31.1,30
108,서울,2018-08-12 00:00,29.9,0,,,2,0,140,0,56,0,23.5,20.1,996.1,0,1005.7,0,,9,,9,2,2,Sc,14,2000,,,28.6,0,30.7,31.8,31,30
108,서울,2018-08-12 01:00,29.4,0,,,1.5,0,140,0,58,0,23.7,20.2,996.3,0,1005.8,0,,9,,9,4,4,,15,2000,,,28,0,30.1,31.5,30.8,30
108,서울,2018-08-12 02:00,29,0,,,1.4,0,140,0,60,0,24,20.4,996.4,0,1005.9,0,,9,,9,4,4,,14,2000,,,27.9,0,29.7,31,30.7,30
108,서울,2018-08-12 03:00,28.5,0,,,1.6,0,110,0,62,0,24.1,20.5,996.6,0,1006.2,0,,9,,9,6,6,Sc,15,2000,,,27.4,0,29.3,30.7,30.5,30
108,서울,2018-08-12 04:00,28.1,0,,,.8,0,140,0,63,0,23.8,20.3,996.6,0,1006.2,0,,9,,9,5,5,Sc,15,2000,,,26.8,0,29,30.4,30.3,29.9
108,서울,2018-08-12 05:00,27.7,0,,,1.4,0,140,0,65,0,24.1,20.5,996.7,0,1006.3,0,,9,,9,2,2,Ac,40,2000,,,26,0,28.6,30.2,30.2,29.8
108,서울,2018-08-12 06:00,27.2,0,,,.9,0,90,0,66,0,23.7,20.2,997.4,0,1007,0,0,0,0,0,3,3,Ac,35,2000,,,25.5,0,28.1,29.9,30,29.8
108,서울,2018-08-12 07:00,27.4,0,,,.6,0,160,0,61,0,22.2,19.2,997.8,0,1007.4,0,.4,0,.17,0,6,6,Ac,40,2000,,,26.5,0,27.9,29.6,29.8,29.7
108,서울,2018-08-12 08:00,28.6,0,,,1.1,0,160,0,54,0,21,18.3,998.1,0,1007.7,0,1,0,.82,0,6,6,Ac,34,2000,,,29.9,0,28.4,29.3,29.6,29.5
108,서울,2018-08-12 09:00,29.7,0,,,1.6,0,140,0,55,0,22.8,19.6,998.1,0,1007.6,0,1,0,1.44,0,4,4,Ac,35,2000,,,36.3,0,30.3,29.4,29.5,29.4
108,서울,2018-08-12 10:00,31.6,0,,,2.3,0,160,0,51,0,23.7,20.2,998,0,1007.5,0,1,0,2.3,0,6,6,Sc,10,1969,,,47,0,32.5,29.8,29.4,29.3
108,서울,2018-08-12 11:00,32.8,0,,,2.8,0,160,0,49,0,24.3,20.6,997.7,0,1007.2,0,1,0,2.87,0,7,7,Sc,11,2000,,,54.1,0,35.2,30.6,29.3,29.3
108,서울,2018-08-12 12:00,33.8,0,,,2,0,140,0,44,0,23.1,19.8,997.3,0,1006.7,0,1,0,2.72,0,7,4,ScCi,12,1899,,,57.7,0,37.2,31.8,29.5,29.2
108,서울,2018-08-12 13:00,34,0,,,1.4,0,160,0,47,0,24.9,21,997,0,1006.4,0,1,0,2.24,0,7,4,CuCi,13,2000,,,52.8,0,38.3,32.8,29.8,29.2
108,서울,2018-08-12 14:00,35,0,,,2.2,0,180,0,45,0,25.2,21.2,996.4,0,1005.8,0,1,0,2.73,0,8,8,CuSc,14,1957,,,57.2,0,39.5,33.6,30.1,29.3
108,서울,2018-08-12 15:00,34.9,0,,,2,0,160,0,46,0,25.6,21.5,996,0,1005.4,0,.8,0,1.54,0,8,8,CuSc,14,2000,,,47.3,0,39.3,34.4,30.5,29.4
108,서울,2018-08-12 16:00,34.1,0,,,2.5,0,160,0,47,0,25,21.1,996.1,0,1005.5,0,.2,0,.61,0,9,9,CuSc,14,2000,,,40.7,0,37.6,34.6,30.8,29.5
108,서울,2018-08-12 17:00,33.7,0,,,2.3,0,160,0,48,0,25,21.1,996.2,0,1005.6,0,0,0,.41,0,9,9,CuSc,12,2000,,,38.1,0,36.2,34.5,31.1,29.6
108,서울,2018-08-12 18:00,33.4,0,,,1.6,0,180,0,49,0,25.2,21.2,996.3,0,1005.7,0,0,0,.25,0,9,6,CuScCi,10,1971,,,35.6,0,35.1,34.2,31.3,29.8
108,서울,2018-08-12 19:00,32,0,1,0,2.1,0,360,0,76,0,36.1,27.2,996.6,0,1006.1,0,0,0,.1,0,9,9,CuSc,10,692,,04,31,0,34.1,33.8,31.4,29.9
108,서울,2018-08-12 20:00,29.4,0,4,0,1.1,0,20,0,86,0,35.2,26.8,997.6,0,1007.1,0,0,0,.03,0,4,4,Sc,15,1194,,04,28.8,0,31.9,33.2,31.3,30
108,서울,2018-08-12 21:00,28.9,0,,9,.3,0,0,0,83,0,33,25.7,998.2,0,1007.8,0,,9,,9,5,0,Ci,,1449,,,27.9,0,30.8,32.5,31.3,30.1
108,서울,2018-08-12 22:00,28.8,0,,9,.2,0,0,0,79,0,31.1,24.7,998.7,0,1008.3,0,,9,,9,7,7,,26,1604,,,28,0,30.1,31.8,31.1,30.1
108,서울,2018-08-12 23:00,28.7,0,,9,.4,0,0,0,81,0,31.9,25.1,999.1,0,1008.7,0,,9,,9,7,7,,23,1586,,,27.7,0,29.9,31.3,30.9,30.1
108,서울,2018-08-13 00:00,28.4,0,0,0,1.3,0,50,0,85,0,32.8,25.6,999.3,0,1008.9,0,,9,,9,10,6,CuScNs,10,1406,,04,27.6,0,29.5,30.9,30.7,30.1
108,서울,2018-08-13 01:00,28.2,0,1,0,.2,0,0,0,88,0,33.6,26,999.4,0,1009,0,,9,,9,10,6,CuScNs,10,929,,1904,27.6,0,29.2,30.6,30.5,30
108,서울,2018-08-13 02:00,28.1,0,0,0,.9,0,160,0,78,0,29.5,23.8,999.4,0,1009,0,,9,,9,10,8,ScAs,10,1191,,1904,27.4,0,29,30.3,30.3,30
108,서울,2018-08-13 03:00,27.7,0,,9,.5,0,360,0,88,0,32.6,25.5,999.7,0,1009.3,0,,9,,9,8,8,Sc,11,833,,19,26.8,0,28.7,30.1,30.2,29.9
108,서울,2018-08-13 04:00,27.1,0,,9,.9,0,50,0,91,0,32.4,25.4,999.6,0,1009.3,0,,9,,9,0,0,,,585,,19,26.2,0,28.3,29.8,30.1,29.8
108,서울,2018-08-13 05:00,26.8,0,,9,.6,0,50,0,90,0,31.7,25,1000.1,0,1009.8,0,,9,,9,3,0,Ci,,591,,19,25.8,0,27.9,29.5,29.9,29.8
108,서울,2018-08-13 06:00,26.7,0,,9,.6,0,50,0,89,0,31.1,24.7,1000.4,0,1010.1,0,0,0,0,0,7,0,Ci,,615,,19,25.7,0,27.6,29.2,29.7,29.7
108,서울,2018-08-13 07:00,27,0,,9,.9,0,70,0,86,0,30.6,24.4,1000.7,0,1010.4,0,0,0,.22,0,9,0,Ci,,718,,19,26.7,0,27.6,29,29.5,29.6
108,서울,2018-08-13 08:00,28,0,,9,1.1,0,50,0,78,0,29.3,23.7,1001,0,1010.6,0,.8,0,.74,0,8,0,Ci,,865,,19,28.6,0,28.2,28.8,29.3,29.4
108,서울,2018-08-13 09:00,29.4,0,,9,2,0,50,0,74,0,30.2,24.2,1001.1,0,1010.7,0,1,0,1.18,0,7,0,Ci,,917,,19,30.9,0,29.7,28.9,29.2,29.3
108,서울,2018-08-13 10:00,30.6,0,,9,.7,0,70,0,67,0,29.3,23.7,1001.3,0,1010.9,0,.7,0,1.2,0,8,7,ScCi,8,1354,,19,32.1,0,31,29.5,29.1,29.3
108,서울,2018-08-13 11:00,31.7,0,,9,1.1,0,230,0,58,0,27.1,22.4,1001.1,0,1010.6,0,.5,0,1.27,0,8,6,CuScCi,9,1584,,,34.3,0,32.1,30,29.1,29.2
108,서울,2018-08-13 12:00,33.4,0,,9,2.6,0,290,0,54,0,27.7,22.8,1001,0,1010.5,0,.8,0,2.09,0,8,8,CuSc,11,1648,,,38,0,33.8,30.6,29.2,29.1
108,서울,2018-08-13 13:00,33,0,,9,1.7,0,290,0,54,0,27.1,22.4,1000.4,0,1009.9,0,.5,0,1.23,0,7,7,CuSc,15,1458,,,35.6,0,33.9,31.3,29.4,29.1
108,서울,2018-08-13 14:00,33.6,0,,9,1.1,0,270,0,55,0,28.6,23.3,999.9,0,1009.4,0,.3,0,.94,0,9,7,CuScCi,13,1375,,,33.4,0,34.1,31.7,29.6,29.1
108,서울,2018-08-13 15:00,34,0,,9,1.8,0,320,0,51,0,27.1,22.4,999.6,0,1009,0,.3,0,.98,0,8,5,CuCi,14,1508,,,34.9,0,33.9,31.9,29.8,29.2
108,서울,2018-08-13 16:00,33.5,0,,9,2.2,0,290,0,52,0,26.8,22.2,999.2,0,1008.7,0,.4,0,.91,0,9,9,CuSc,13,1804,,,32.7,0,33.8,32.1,30,29.3
108,서울,2018-08-13 17:00,33.2,0,,9,2.7,0,270,0,55,0,27.9,22.9,999.1,0,1008.6,0,0,0,.55,0,9,2,CuCi,17,1600,,,32.1,0,32.9,32,30.1,29.3
108,서울,2018-08-13 18:00,33.1,0,,9,3.1,0,290,0,59,0,29.8,24,998.9,0,1008.4,0,.8,0,.72,0,7,1,ScCi,16,1726,,,31,0,32.7,31.9,30.2,29.4
108,서울,2018-08-13 19:00,32.1,0,,9,2.3,0,320,0,60,0,28.6,23.3,999.4,0,1008.9,0,.2,0,.25,0,7,1,,10,1987,,,29.1,0,31.7,31.6,30.2,29.5
108,서울,2018-08-13 20:00,31,0,,9,2.9,0,340,0,64,0,28.6,23.3,1000.1,0,1009.7,0,0,0,.01,0,7,0,,,1992,,,27.6,0,30.7,31.3,30.3,29.5
108,서울,2018-08-13 21:00,30.4,0,,9,1.6,0,340,0,66,0,28.6,23.3,1000.8,0,1010.4,0,,9,,9,7,0,Ci,,2000,,,27,0,29.8,30.8,30.1,29.6
108,서울,2018-08-13 22:00,29.9,0,,9,1.3,0,320,0,60,0,25.2,21.2,1001.2,0,1010.8,0,,9,,9,7,0,,,2000,,,26.5,0,29.2,30.4,30.1,29.6
108,서울,2018-08-13 23:00,29.6,0,,9,.1,0,0,0,63,0,26.1,21.8,1001.4,0,1011,0,,9,,9,6,0,,,2000,,,26.4,0,28.7,29.9,29.9,29.6
108,서울,2018-08-14 00:00,29.3,0,,9,1.6,0,290,0,68,0,27.6,22.7,1001.3,0,1010.9,0,,9,,9,6,3,AcCi,,2000,,,26.1,0,28.4,29.6,29.8,29.5
108,서울,2018-08-14 01:00,28.9,0,,,1.2,0,320,0,71,0,28.3,23.1,1000.9,0,1010.5,0,,9,,9,4,3,,22,1982,,,25.8,0,28.1,29.3,29.6,29.5
108,서울,2018-08-14 02:00,28.6,0,,,1.5,0,320,0,70,0,27.2,22.5,1000.8,0,1010.4,0,,9,,9,5,1,,16,2000,,,25.7,0,27.8,29.1,29.5,29.4
108,서울,2018-08-14 03:00,28.4,0,,,1.4,0,270,0,73,0,28.1,23,1000.6,0,1010.2,0,,9,,9,7,7,Sc,14,1990,,,25.8,0,27.6,28.8,29.3,29.3
108,서울,2018-08-14 04:00,28.1,0,,,.4,0,0,0,71,0,26.9,22.3,1000.4,0,1010,0,,9,,9,7,4,ScCi,15,2000,,,25.6,0,27.5,28.6,29.2,29.2
108,서울,2018-08-14 05:00,27.9,0,,,.3,0,0,0,71,0,26.6,22.1,1000.5,0,1010.1,0,,9,,9,8,2,ScCi,14,2000,,,25.7,0,27.2,28.4,29,29.2
108,서울,2018-08-14 06:00,27.8,0,,,.1,0,0,0,71,0,26.4,22,1000.8,0,1010.4,0,0,0,0,0,7,4,ScCi,15,2000,,,25.6,0,27.1,28.3,28.9,29.1
108,서울,2018-08-14 07:00,27.9,0,,,.4,0,0,0,71,0,26.6,22.1,1001.2,0,1010.8,0,0,0,.13,0,9,6,ScCi,14,2000,,,26.6,0,27.3,28.2,28.8,29
108,서울,2018-08-14 08:00,29.3,0,,,.9,0,20,0,63,0,25.6,21.5,1001.1,0,1010.7,0,.7,0,.76,0,8,1,ScCi,16,1810,,,29,0,28.1,28.1,28.6,28.9
108,서울,2018-08-14 09:00,31,0,,,.8,0,50,0,56,0,25,21.1,1000.9,0,1010.5,0,1,0,1.32,0,8,0,Ci,,1945,,,32.7,0,29.8,28.4,28.5,28.8
108,서울,2018-08-14 10:00,31.7,0,,,1.3,0,290,0,57,0,26.6,22.1,1001,0,1010.5,0,.6,0,1.25,0,7,3,ScCi,15,1875,,,32.6,0,31.2,29.1,28.5,28.7
108,서울,2018-08-14 11:00,32.4,0,,,1.9,0,290,0,54,0,26.1,21.8,1000.9,0,1010.4,0,.3,0,.96,0,8,3,CuScCi,13,1962,,,33.4,0,31.7,29.6,28.6,28.7
108,서울,2018-08-14 12:00,33.9,0,,,1.5,0,180,0,49,0,25.8,21.6,1000.6,0,1010.1,0,.8,0,1.91,0,8,2,CuCi,14,1841,,,38,0,33.5,30.1,28.7,28.6
108,서울,2018-08-14 13:00,35.7,0,,,2.4,0,160,0,38,0,22.1,19.1,1000.1,0,1009.5,0,.9,0,2.5,0,7,2,CuCi,16,1863,,,47.7,0,35.2,31,28.9,28.6
108,서울,2018-08-14 14:00,36.2,0,,,2.9,0,290,0,41,0,24.6,20.8,999.8,0,1009.2,0,1,0,2.68,0,6,2,CuCi,17,1814,,,49.5,0,37,32,29.2,28.7
108,서울,2018-08-14 15:00,37.2,0,,,2.5,0,290,0,38,0,24.1,20.5,999.4,0,1008.8,0,1,0,2.68,0,8,3,CuCi,17,1832,,,50.3,0,38.4,33.1,29.5,28.7
108,서울,2018-08-14 16:00,36.3,0,,,2.4,0,290,0,41,0,24.7,20.9,999,0,1008.4,0,1,0,1.85,0,8,2,CuCi,16,1957,,,46.3,0,38.1,33.8,29.9,28.9
108,서울,2018-08-14 17:00,34.7,0,,,3,0,320,0,51,0,28.1,23,999,0,1008.4,0,.8,0,1.22,0,8,2,CuCi,13,2000,,,40.4,0,37.1,34.2,30.3,29
108,서울,2018-08-14 18:00,33.7,0,,,2.4,0,360,0,53,0,27.6,22.7,999,0,1008.4,0,1,0,.78,0,8,0,Ci,,2000,,,37.8,0,35.8,34.1,30.7,29.2
108,서울,2018-08-14 19:00,32.7,0,,,2.2,0,340,0,56,0,27.6,22.7,999,0,1008.5,0,.4,0,.33,0,8,0,,,2000,,,33.8,0,34.3,33.8,30.9,29.4
108,서울,2018-08-14 20:00,31.8,0,,,.9,0,360,0,59,0,27.6,22.7,999.2,0,1008.7,0,0,0,0,0,5,0,,,2000,,,31.3,0,32.8,33.3,31,29.5
108,서울,2018-08-14 21:00,31.3,0,,,.3,0,0,0,59,0,26.9,22.3,999.5,0,1009,0,,9,,9,6,3,AcCi,33,2000,,,30,0,31.6,32.6,31,29.7
108,서울,2018-08-14 22:00,30.9,0,,,.7,0,50,0,63,0,28.1,23,999.5,0,1009,0,,9,,9,6,0,,,2000,,,29.2,0,30.9,32.1,30.9,29.7
108,서울,2018-08-14 23:00,30.3,0,,,.4,0,0,0,65,0,27.9,22.9,999.5,0,1009.1,0,,9,,9,5,0,,,2000,,,28.5,0,30.2,31.5,30.8,29.8
108,서울,2018-08-15 00:00,30,0,,,.8,0,20,0,67,0,28.3,23.1,999.4,0,1009,0,,9,,9,3,0,Ci,,1986,,,28,0,29.7,31.1,30.6,29.8
108,서울,2018-08-15 01:00,29.6,0,,,.4,0,0,0,69,0,28.6,23.3,999.2,0,1008.7,0,,9,,9,2,2,,,1942,,,27.7,0,29.4,30.7,30.4,29.8
108,서울,2018-08-15 02:00,29.5,0,,,.4,0,0,0,68,0,27.9,22.9,999,0,1008.5,0,,9,,9,2,0,,,1949,,,27.4,0,29.1,30.4,30.2,29.8
108,서울,2018-08-15 03:00,29.1,0,,,.3,0,0,0,70,0,28.1,23,998.7,0,1008.3,0,,9,,9,2,0,Ci,,1952,,,27,0,28.7,30,30.1,29.7
108,서울,2018-08-15 04:00,28.8,0,,,.5,0,50,0,73,0,28.8,23.4,998.7,0,1008.3,0,,9,,9,4,0,Ci,,1835,,,26.8,0,28.5,29.8,29.9,29.6
108,서울,2018-08-15 05:00,28.6,0,,,.8,0,70,0,73,0,28.4,23.2,998.7,0,1008.3,0,,9,,9,4,4,Ac,30,1808,,,26.7,0,28.2,29.5,29.7,29.5
108,서울,2018-08-15 06:00,28.4,0,,,1,0,50,0,74,0,28.6,23.3,998.8,0,1008.4,0,0,0,0,0,7,4,AcCi,30,1700,,,26.5,0,28.1,29.3,29.6,29.5
108,서울,2018-08-15 07:00,28.6,0,,,.6,0,70,0,71,0,27.7,22.8,999,0,1008.6,0,.3,0,.17,0,3,0,Ci,,1797,,,27,0,28,29.1,29.4,29.4
108,서울,2018-08-15 08:00,29.9,0,,,.8,0,90,0,60,0,25.2,21.2,999.2,0,1008.8,0,1,0,.83,0,2,0,Ci,,1772,,,29.1,0,28.5,29,29.3,29.3
108,서울,2018-08-15 09:00,32,0,,,1.6,0,70,0,53,0,25.2,21.2,998.9,0,1008.4,0,1,0,1.56,0,3,0,Ci,,2000,,,36.9,0,30.4,29.1,29.1,29.1
108,서울,2018-08-15 10:00,33.5,0,,,1,0,160,0,49,0,25.3,21.3,998.9,0,1008.4,0,1,0,2.09,0,4,0,Ci,,1937,,,43.3,0,32.8,29.7,29,29
108,서울,2018-08-15 11:00,35.4,0,,,1.2,0,140,0,44,0,25.2,21.2,998.4,0,1007.8,0,1,0,2.58,0,7,1,ScCi,10,1887,,,50.3,0,35.4,30.6,29,29
108,서울,2018-08-15 12:00,36.5,0,,,1.1,0,90,0,41,0,25,21.1,997.6,0,1007,0,1,0,2.73,0,7,1,CuCi,9,1807,,,54.1,0,37.5,31.7,29.2,29
108,서울,2018-08-15 13:00,36.9,0,,,1.5,0,70,0,39,0,24.3,20.6,996.8,0,1006.1,0,1,0,2.46,0,7,4,CuCi,9,2000,,,52.4,0,39,33,29.6,29
108,서울,2018-08-15 14:00,37.2,0,,,.9,0,140,0,38,0,24.1,20.5,995.9,0,1005.2,0,.8,0,1.96,0,6,4,CuCi,9,1976,,,50.1,0,39.3,33.9,30,29
108,서울,2018-08-15 15:00,37.4,0,,,1.4,0,20,0,38,0,24.3,20.6,995.3,0,1004.6,0,.8,0,1.72,0,8,6,CuCi,9,2000,,,45.9,0,39.4,34.6,30.4,29.2
108,서울,2018-08-15 16:00,36.6,0,,,.7,0,90,0,39,0,23.8,20.3,994.6,0,1003.9,0,.1,0,.44,0,9,8,CuScCi,9,2000,,,40.2,0,37.5,34.9,30.8,29.3
108,서울,2018-08-15 17:00,33.6,0,,,3.9,0,320,0,55,0,28.6,23.3,994.7,0,1004.1,0,.6,0,.86,0,9,8,CuScCi,9,1929,,,40.2,0,36.4,34.6,31.1,29.5
108,서울,2018-08-15 18:00,32.8,0,.1,0,2.3,0,110,0,63,0,31.3,24.8,996.1,0,1005.6,0,.9,0,.89,0,9,8,CbStNs,6,1546,,04,33.5,0,36,34.3,31.3,29.7
108,서울,2018-08-15 19:00,28.7,0,.9,0,.7,0,90,0,76,0,29.8,24,995.9,0,1005.5,0,0,0,.11,0,9,4,ScAsCi,10,2000,,04,28.9,0,33.1,33.9,31.3,29.8
108,서울,2018-08-15 20:00,28.4,0,,9,1.5,0,70,0,69,0,26.6,22.1,996.5,0,1006.1,0,0,0,.01,0,7,2,,,2000,,,26.9,0,31.5,33.1,31.3,29.9
108,서울,2018-08-15 21:00,28.6,0,,9,1.3,0,70,0,69,0,26.9,22.3,996.7,0,1006.3,0,,9,,9,7,1,AcCi,38,2000,,,26.3,0,30.4,32.3,31.2,30
108,서울,2018-08-15 22:00,28.6,0,,9,1,0,110,0,67,0,26.1,21.8,996.6,0,1006.2,0,,9,,9,4,0,,,2000,,,25.9,0,29.7,31.7,31.1,30
108,서울,2018-08-15 23:00,28.5,0,,9,1.1,0,70,0,69,0,26.8,22.2,996.3,0,1005.9,0,,9,,9,4,0,,,2000,,,25.7,0,29.2,31.1,30.8,30
108,서울,2018-08-16 00:00,28.4,0,,9,.9,0,90,0,68,0,26.3,21.9,996.4,0,1006,0,,9,,9,8,0,,,2000,,,25.6,0,28.8,30.6,30.6,30
108,서울,2018-08-16 01:00,28.2,0,,,1,0,70,0,70,0,26.8,22.2,996.4,0,1006,0,,9,,9,9,0,,,2000,,,25.4,0,28.5,30.2,30.4,29.9
108,서울,2018-08-16 02:00,28.1,0,,,.8,0,90,0,68,0,25.8,21.6,996.5,0,1006.1,0,,9,,9,9,6,,66,2000,,,25.3,0,28.2,29.8,30.1,29.9
108,서울,2018-08-16 03:00,27.9,0,,,.6,0,110,0,68,0,25.5,21.4,996.7,0,1006.3,0,,9,,9,9,0,Ci,,2000,,,25.3,0,27.9,29.6,29.9,29.8
108,서울,2018-08-16 04:00,27.8,0,,,.9,0,360,0,69,0,25.6,21.5,997.4,0,1007,0,,9,,9,9,3,ScCi,19,2000,,,25.6,0,27.8,29.3,29.7,29.7
108,서울,2018-08-16 05:00,28,0,,,.5,0,70,0,66,0,24.9,21,997.4,0,1007,0,,9,,9,9,2,ScCi,19,2000,,,25.5,0,27.7,29.1,29.6,29.6
108,서울,2018-08-16 06:00,27.5,0,,,1.1,0,50,0,72,0,26.3,21.9,997.5,0,1007.1,0,0,0,0,0,8,4,ScCi,19,2000,,,25.2,0,27.5,28.9,29.4,29.5
108,서울,2018-08-16 07:00,27.6,0,,,1.2,0,50,0,71,0,26.1,21.8,998.2,0,1007.8,0,0,0,.14,0,9,4,AcCi,35,2000,,,26,0,27.5,28.7,29.3,29.4
108,서울,2018-08-16 08:00,28.2,0,,,1.3,0,50,0,68,0,26,21.7,998.6,0,1008.2,0,0,0,.41,0,7,4,AcCi,35,2000,,,27.3,0,27.8,28.6,29.1,29.3
108,서울,2018-08-16 09:00,30.6,0,,,1.1,0,70,0,55,0,24.1,20.5,998.5,0,1008,0,1,0,1.46,0,2,2,Ac,35,2000,,,33.2,0,29.3,28.6,28.9,29.1
108,서울,2018-08-16 10:00,31.9,0,,,2.2,0,140,0,51,0,24,20.4,998.6,0,1008.1,0,1,0,2.04,0,2,1,ScCi,10,1939,,,40.5,0,31.3,29.1,28.8,29
108,서울,2018-08-16 11:00,33.5,0,,,2.4,0,110,0,48,0,24.7,20.9,998.9,0,1008.4,0,1,0,2.71,0,2,1,ScCi,11,1968,,,47.8,0,33.8,29.8,28.9,28.9
108,서울,2018-08-16 12:00,34.5,0,,,2.2,0,140,0,44,0,24,20.4,999,0,1008.4,0,1,0,3.19,0,3,3,Sc,12,2000,,,53.6,0,36.3,30.9,29,29
108,서울,2018-08-16 13:00,35.1,0,,,2,0,110,0,39,0,22,19,998.8,0,1008.2,0,1,0,3.45,0,4,4,Sc,14,2000,,,57.9,0,38.5,32.3,29.3,28.9
108,서울,2018-08-16 14:00,35.3,0,,,2,0,110,0,40,0,22.8,19.6,998.6,0,1008,0,1,0,3.17,0,2,2,Sc,16,2000,,,57.8,0,39.9,33.5,29.6,29
108,서울,2018-08-16 15:00,35,0,,,2,0,70,0,38,0,21.3,18.5,998.8,0,1008.2,0,1,0,2.8,0,2,2,Sc,16,2000,,,56.6,0,40.1,34.5,30.1,29.1
108,서울,2018-08-16 16:00,34.5,0,,,1.9,0,90,0,37,0,20.1,17.6,999.1,0,1008.5,0,1,0,2.36,0,1,0,Ci,,2000,,,53.4,0,39.9,35,30.5,29.2
108,서울,2018-08-16 17:00,33.8,0,,,2.2,0,110,0,37,0,19.4,17,999.7,0,1009.2,0,1,0,1.74,0,1,0,Ci,,2000,,,44.4,0,38.8,35.3,30.9,29.4
108,서울,2018-08-16 18:00,32.4,0,,,2.1,0,70,0,40,0,19.4,17,1000.3,0,1009.8,0,1,0,1.04,0,2,0,Ci,,2000,,,39.7,0,36.8,35.1,31.3,29.5
108,서울,2018-08-16 19:00,29.8,0,,,2.5,0,90,0,45,0,18.8,16.5,1001,0,1010.6,0,1,0,.36,0,2,0,,,2000,,,31.9,0,34.7,34.7,31.5,29.8
108,서울,2018-08-16 20:00,27.9,0,,,1.9,0,140,0,47,0,17.6,15.5,1001.9,0,1011.5,0,0,0,.01,0,3,0,,,2000,,,28.7,0,32.6,34,31.6,29.9
108,서울,2018-08-16 21:00,26.8,0,,,2,0,90,0,46,0,16.2,14.2,1002.6,0,1012.3,0,,9,,9,0,0,,,2000,,,26.8,0,31,33.1,31.5,30.1
108,서울,2018-08-16 22:00,25.9,0,,,2.1,0,90,0,45,0,15,13,1003,0,1012.7,0,,9,,9,1,0,,,2000,,,25.4,0,29.8,32.3,31.4,30.2
108,서울,2018-08-16 23:00,25,0,,,2.2,0,90,0,44,0,13.8,11.8,1002.8,0,1012.6,0,,9,,9,1,0,,,2000,,,24.1,0,28.8,31.6,31.2,30.2
108,서울,2018-08-17 00:00,24.1,0,,,2,0,90,0,45,0,13.5,11.4,1003.2,0,1012.9,0,,9,,9,0,0,,,2000,,,23,0,27.9,30.9,30.9,30.1
108,서울,2018-08-17 01:00,23.4,0,,,2.1,0,90,0,47,0,13.5,11.4,1003.4,0,1013.2,0,,9,,9,0,0,,,2000,,,22.3,0,27.1,30.3,30.7,30.1
108,서울,2018-08-17 02:00,22.8,0,,,1.4,0,160,0,50,0,13.8,11.8,1003.4,0,1013.2,0,,9,,9,0,0,,,2000,,,21.5,0,26.4,29.8,30.4,30
108,서울,2018-08-17 03:00,22.4,0,,,1.3,0,110,0,52,0,14,12,1003.4,0,1013.2,0,,9,,9,0,0,,,2000,,,20.9,0,25.8,29.2,30.1,30
108,서울,2018-08-17 04:00,22.1,0,,,1.6,0,70,0,54,0,14.3,12.3,1003.6,0,1013.5,0,,9,,9,0,0,,,2000,,,20.6,0,25.3,28.7,29.8,29.8
108,서울,2018-08-17 05:00,21.8,0,,,1.9,0,110,0,55,0,14.3,12.3,1003.6,0,1013.5,0,,9,,9,0,0,,,2000,,,20.3,0,24.8,28.3,29.5,29.7
108,서울,2018-08-17 06:00,21.8,0,,,2,0,110,0,51,0,13.3,11.2,1004,0,1013.9,0,0,0,0,0,0,0,,,2000,,,20,0,24.5,27.9,29.3,29.6
108,서울,2018-08-17 07:00,22,0,,,1.7,0,110,0,49,0,12.9,10.7,1004.2,0,1014.1,0,.4,0,.23,0,0,0,,,2000,,,20.5,0,24.3,27.5,28.5,29.5
108,서울,2018-08-17 08:00,23.5,0,,,1.7,0,110,0,44,0,12.7,10.5,1004.1,0,1013.9,0,1,0,.98,0,0,0,,,1944,,,22.9,0,24.5,27.2,28.3,29.3
108,서울,2018-08-17 09:00,25.5,0,,,2.6,0,110,0,40,0,12.9,10.8,1004.3,0,1014.1,0,1,0,1.7,0,0,0,,,1990,,,33,0,26.2,27.1,28,29.1
108,서울,2018-08-17 10:00,27,0,,,2.2,0,90,0,36,0,12.8,10.6,1003.9,0,1013.6,0,1,0,2.34,0,0,0,,,1977,,,41.2,0,28.8,27.5,27.9,28.9
108,서울,2018-08-17 11:00,28.8,0,,,2.2,0,90,0,33,0,13,10.9,1003.2,0,1012.8,0,1,0,2.85,0,0,0,,,1951,,,48.6,0,31.6,28.2,27.8,28.8
108,서울,2018-08-17 12:00,30.3,0,,,1.9,0,70,0,30,0,12.9,10.7,1002.7,0,1012.3,0,1,0,3.17,0,0,0,,,1981,,,54.3,0,34.3,29.4,28.3,28.8
108,서울,2018-08-17 13:00,31.3,0,,,2.1,0,160,0,30,0,13.7,11.6,1002,0,1011.6,0,1,0,3.3,0,0,0,,,2000,,,57.5,0,36.4,30.6,28.6,28.7
108,서울,2018-08-17 14:00,32.7,0,,,2,0,90,0,27,0,13.3,11.2,1001.4,0,1010.9,0,1,0,3.21,0,0,0,,,1964,,,58.7,0,38.1,31.8,28.9,28.7
108,서울,2018-08-17 15:00,33.5,0,,,2.1,0,110,0,26,0,13.4,11.3,1000.9,0,1010.4,0,1,0,2.9,0,0,0,,,2000,,,58,0,39.1,32.9,29.3,28.7
108,서울,2018-08-17 16:00,33.7,0,,,1.5,0,70,0,26,0,13.6,11.5,1000.1,0,1009.6,0,1,0,2.39,0,0,0,,,2000,,,54.4,0,39.4,33.7,29.7,28.8
108,서울,2018-08-17 17:00,33.1,0,,,1.9,0,160,0,27,0,13.6,11.5,1000.2,0,1009.7,0,1,0,1.76,0,0,0,,,1975,,,43.7,0,38.4,34.2,30.1,29
108,서울,2018-08-17 18:00,32.5,0,,,1.4,0,140,0,28,0,13.7,11.6,1000,0,1009.5,0,1,0,1.06,0,0,0,,,2000,,,39.7,0,36.5,34.2,30.5,29.2
108,서울,2018-08-17 19:00,31,0,,,1.5,0,140,0,31,0,13.8,11.8,1000.1,0,1009.7,0,1,0,.34,0,2,0,,,2000,,,31.8,0,34.4,33.9,30.8,29.3
108,서울,2018-08-17 20:00,28.4,0,,,1.7,0,110,0,40,0,15.4,13.4,1000.9,0,1010.5,0,0,0,0,0,2,0,,,1887,,,28.2,0,32.3,33.3,30.9,29.5
108,서울,2018-08-17 21:00,27.1,0,,,1.6,0,90,0,43,0,15.4,13.4,1001.7,0,1011.4,0,,9,,9,0,0,,,2000,,,26.3,0,30.7,32.6,31,29.6
108,서울,2018-08-17 22:00,26,0,,,1.7,0,90,0,45,0,15.1,13.1,1002.1,0,1011.8,0,,9,,9,4,0,,,2000,,,24.9,0,29.5,31.9,30.9,29.7
108,서울,2018-08-17 23:00,25.2,0,,,1.2,0,140,0,47,0,15,13,1002.2,0,1012,0,,9,,9,4,0,,,2000,,,23.7,0,28.5,31.2,30.7,29.8
108,서울,2018-08-18 00:00,24.5,0,,,1.2,0,90,0,48,0,14.7,12.7,1002.4,0,1012.1,0,,9,,9,0,0,,,2000,,,22.9,0,27.7,30.6,30.5,29.8
108,서울,2018-08-18 01:00,23.9,0,,,.9,0,90,0,51,0,15.1,13.1,1002.6,0,1012.3,0,,9,,9,3,0,,,2000,,,22.1,0,27,30,30.3,29.8
108,서울,2018-08-18 02:00,23.4,0,,,1.1,0,90,0,53,0,15.2,13.2,1002.7,0,1012.5,0,,9,,9,3,0,,,2000,,,21.5,0,26.4,29.5,30,29.7
108,서울,2018-08-18 03:00,23,0,,,1,0,110,0,54,0,15.1,13.1,1002.6,0,1012.4,0,,9,,9,0,0,,,1818,,,21,0,25.8,29,29.8,29.6
108,서울,2018-08-18 04:00,22.6,0,,,1.4,0,110,0,55,0,15,13,1002.6,0,1012.4,0,,9,,9,1,1,Sc,18,2000,,,20.5,0,25.3,28.6,29.6,29.5
108,서울,2018-08-18 05:00,22,0,,,1,0,110,0,58,0,15.3,13.3,1002.9,0,1012.8,0,,9,,9,0,0,,,2000,,,19.9,0,24.8,28.2,29.3,29.4
108,서울,2018-08-18 06:00,21.6,0,,,1,0,110,0,60,0,15.4,13.4,1003.2,0,1013.1,0,0,0,0,0,2,1,ScCi,18,2000,,,19.5,0,24.3,27.8,29.1,29.3
108,서울,2018-08-18 07:00,21.7,0,,,1.3,0,140,0,57,0,14.8,12.8,1003.2,0,1013.1,0,.4,0,.23,0,3,0,Ci,,2000,,,20.2,0,24,27.4,28.9,29.2
108,서울,2018-08-18 08:00,23.2,0,,,1,0,140,0,47,0,13.3,11.2,1003,0,1012.8,0,1,0,.93,0,1,0,Ci,,2000,,,22.8,0,24.3,27.1,28.6,29.1
108,서울,2018-08-18 09:00,25.3,0,,,1.4,0,110,0,42,0,13.5,11.4,1003.1,0,1012.9,0,1,0,1.7,0,2,0,Ci,,1921,,,33.6,0,26.3,27,28.3,28.9
108,서울,2018-08-18 10:00,27,0,,,1.2,0,180,0,37,0,13.1,11,1003.2,0,1012.9,0,1,0,2.32,0,0,0,,,1962,,,43,0,29,27.4,28.2,28.7
108,서울,2018-08-18 11:00,28.4,0,,,1.6,0,90,0,35,0,13.5,11.4,1002.6,0,1012.2,0,1,0,2.82,0,0,0,,,2000,,,50.1,0,32,28.2,28.1,28.6
108,서울,2018-08-18 12:00,29.8,0,,,1.5,0,160,0,33,0,13.7,11.7,1001.7,0,1011.3,0,1,0,3.14,0,3,0,Ci,,1936,,,55.8,0,34.8,29.3,28.2,28.5
108,서울,2018-08-18 13:00,31.1,0,,,1.5,0,140,0,30,0,13.5,11.4,1000.7,0,1010.3,0,1,0,3.24,0,5,0,Ci,,2000,,,59,0,37,30.6,28.4,28.5
108,서울,2018-08-18 14:00,31,0,,,1.8,0,360,0,31,0,13.8,11.8,1000.2,0,1009.8,0,1,0,2.8,0,6,0,Ci,,1999,,,58.1,0,38.2,31.9,28.8,28.5
108,서울,2018-08-18 15:00,31.7,0,,,1.9,0,250,0,30,0,13.9,11.9,999.4,0,1008.9,0,1,0,2.23,0,8,0,Ci,,1943,,,54.9,0,38.3,32.8,29.2,28.6
108,서울,2018-08-18 16:00,31.8,0,,,2.1,0,290,0,33,0,15.5,13.5,999.1,0,1008.6,0,1,0,1.88,0,8,0,Ci,,2000,,,47,0,38.6,33.4,29.6,28.7
108,서울,2018-08-18 17:00,29.9,0,,,2.9,0,340,0,39,0,16.4,14.4,999,0,1008.6,0,.3,0,.86,0,8,0,Ci,,2000,,,40,0,36.4,33.7,30,28.8
108,서울,2018-08-18 18:00,30.1,0,,,2.1,0,20,0,37,0,15.8,13.8,998.8,0,1008.4,0,.8,0,.88,0,8,0,Cc,,2000,,,37.7,0,35.2,33.5,30.3,29
108,서울,2018-08-18 19:00,28.5,0,,,1.6,0,360,0,45,0,17.5,15.4,998.9,0,1008.5,0,.4,0,.23,0,8,0,,,2000,,,31.4,0,33.4,33.2,30.5,29.1
108,서울,2018-08-18 20:00,27.6,0,,,1.2,0,360,0,46,0,16.9,14.9,999.2,0,1008.8,0,0,0,.01,0,9,0,,,2000,,,28.2,0,31.6,32.7,30.6,29.3
108,서울,2018-08-18 21:00,26.8,0,,,.9,0,50,0,48,0,16.8,14.8,999.7,0,1009.4,0,,9,,9,9,0,Cc,,2000,,,26.8,0,30.3,32.1,30.6,29.4
108,서울,2018-08-18 22:00,26.3,0,,,.8,0,50,0,48,0,16.4,14.4,999.7,0,1009.4,0,,9,,9,10,0,,,2000,,,26,0,29.3,31.4,30.5,29.5
108,서울,2018-08-18 23:00,25.9,0,,,1.3,0,290,0,52,0,17.3,15.2,999.8,0,1009.5,0,,9,,9,9,2,,,2000,,,24.9,0,28.6,30.9,30.4,29.5
108,서울,2018-08-19 00:00,25.3,0,,,2.4,0,320,0,53,0,17,15,999.9,0,1009.6,0,,9,,9,8,0,Ci,,2000,,,23.8,0,27.7,30.4,30.2,29.5
108,서울,2018-08-19 01:00,25,0,,,.9,0,340,0,57,0,17.9,15.8,999.9,0,1009.7,0,,9,,9,7,0,,,2000,,,23.6,0,27.2,29.9,30,29.5
108,서울,2018-08-19 02:00,24.5,0,,,.3,0,0,0,59,0,18.1,15.9,1000.1,0,1009.8,0,,9,,9,10,7,,72,2000,,,23.2,0,26.7,29.5,29.8,29.5
108,서울,2018-08-19 03:00,24,0,,,.6,0,20,0,59,0,17.5,15.4,1000.2,0,1009.9,0,,9,,9,9,0,Ci,,2000,,,22.6,0,26.2,29.1,29.6,29.4
108,서울,2018-08-19 04:00,23.6,0,,,.3,0,0,0,61,0,17.7,15.6,1000.4,0,1010.1,0,,9,,9,9,0,Ci,,2000,,,22.7,0,25.8,28.7,29.4,29.4
108,서울,2018-08-19 05:00,23.4,0,,,.3,0,0,0,63,0,18.1,15.9,1000.7,0,1010.5,0,,9,,9,9,0,Ci,,2000,,,22.1,0,25.6,28.3,29.2,29.3
108,서울,2018-08-19 06:00,23.1,0,,,.6,0,20,0,64,0,18.1,15.9,1000.8,0,1010.6,0,0,0,0,0,9,4,AcCi,35,2000,,,22.1,0,25.2,28,29,29.2
108,서울,2018-08-19 07:00,23.3,0,,,1,0,50,0,64,0,18.2,16,1001.1,0,1010.9,0,0,0,.1,0,8,3,AcCi,35,2000,,,23.2,0,25.2,27.7,28.8,29.1
108,서울,2018-08-19 08:00,24.4,0,,,.8,0,110,0,58,0,17.6,15.5,1001.3,0,1011,0,0,0,.45,0,8,6,AcCc,35,2000,,,26.2,0,25.7,27.6,28.6,29
108,서울,2018-08-19 09:00,26.3,0,,,.7,0,110,0,50,0,17,15,1001.3,0,1011,0,.5,0,1.28,0,9,3,AcCi,35,1980,,,33.2,0,27.5,27.6,28.4,28.8
108,서울,2018-08-19 10:00,27.3,0,,,.9,0,140,0,49,0,17.7,15.6,1001.3,0,1011,0,.3,0,1.17,0,8,2,AcCi,35,1968,,,35.8,0,28.9,27.9,28.3,28.7
108,서울,2018-08-19 11:00,28.4,0,,,1,0,110,0,43,0,16.6,14.6,1001.2,0,1010.8,0,.1,0,1.52,0,9,4,AcCi,35,1914,,,42.1,0,30.2,28.3,28.3,28.6
108,서울,2018-08-19 12:00,30.9,0,,,1.8,0,200,0,37,0,16.5,14.5,1000.7,0,1010.3,0,.9,0,2.98,0,7,2,AcCi,35,1858,,,54.8,0,33.3,28.9,28.3,28.5
108,서울,2018-08-19 13:00,32.4,0,,,2.7,0,180,0,33,0,16,14,1000.1,0,1009.6,0,1,0,3.1,0,8,0,Cc,,1893,,,58.1,0,36.4,30,28.4,28.5
108,서울,2018-08-19 14:00,33.4,0,,,1.2,0,90,0,31,0,15.9,13.9,999.3,0,1008.8,0,1,0,2.73,0,8,0,Cc,,1962,,,57.9,0,38,31.4,28.7,28.5
108,서울,2018-08-19 15:00,33.8,0,,,1.6,0,140,0,31,0,16.3,14.3,998.7,0,1008.1,0,1,0,2.45,0,8,2,AcCc,35,2000,,,54.1,0,39.1,32.4,29,28.5
108,서울,2018-08-19 16:00,33.3,0,,,2.4,0,140,0,32,0,16.3,14.3,998.3,0,1007.8,0,1,0,1.98,0,8,4,AcCi,35,2000,,,48.9,0,38.9,33.3,29.4,28.6
108,서울,2018-08-19 17:00,32.7,0,,,2.5,0,160,0,33,0,16.3,14.3,998,0,1007.5,0,.8,0,1.18,0,8,3,AcCi,35,1994,,,41.7,0,37.7,33.7,29.8,28.8
108,서울,2018-08-19 18:00,32.3,0,,,1.9,0,180,0,41,0,19.7,17.3,998.2,0,1007.7,0,.6,0,.62,0,8,5,AcCi,35,2000,,,38.4,0,35.8,33.7,30.2,28.9
108,서울,2018-08-19 19:00,29.7,0,,,2.5,0,290,0,55,0,22.8,19.6,998.4,0,1007.9,0,.7,0,.23,0,6,0,,,2000,,,31.9,0,34,33.4,30.4,29
108,서울,2018-08-19 20:00,28.5,0,,,1.4,0,290,0,58,0,22.5,19.4,998.7,0,1008.3,0,0,0,0,0,4,4,,,2000,,,28.8,0,32.2,32.9,30.5,29.2
108,서울,2018-08-19 21:00,27.9,0,,,.7,0,270,0,61,0,22.8,19.6,999.3,0,1008.9,0,,9,,9,6,6,Ac,33,2000,,,27.6,0,30.8,32.3,30.6,29.4
108,서울,2018-08-19 22:00,27.7,0,,,.6,0,250,0,62,0,22.9,19.7,999.3,0,1008.9,0,,9,,9,9,9,,57,2000,,,27.4,0,30,31.7,30.5,29.4
108,서울,2018-08-19 23:00,27.5,0,,,.3,0,0,0,60,0,22,19,999.2,0,1008.8,0,,9,,9,10,9,,56,2000,,,26.7,0,29.4,31.2,30.4,29.5
108,서울,2018-08-20 00:00,27,0,,,.6,0,20,0,62,0,22,19,999.1,0,1008.8,0,,9,,9,7,0,Cc,,2000,,,25.8,0,28.8,30.8,30.3,29.5
108,서울,2018-08-20 01:00,26.6,0,,,.2,0,0,0,64,0,22.2,19.2,998.9,0,1008.6,0,,9,,9,7,7,,57,2000,,,25.1,0,28.2,30.3,30.1,29.5
108,서울,2018-08-20 02:00,26.3,0,,,.3,0,0,0,65,0,22.1,19.1,998.8,0,1008.5,0,,9,,9,8,7,,17,2000,,,25.2,0,27.8,29.9,29.9,29.4
108,서울,2018-08-20 03:00,26.1,0,,,.6,0,50,0,65,0,21.8,18.9,998.6,0,1008.3,0,,9,,9,9,9,Ac,35,2000,,,25,0,27.5,29.6,29.8,29.4
108,서울,2018-08-20 04:00,26.2,0,,,1.1,0,110,0,65,0,22,19,998.6,0,1008.3,0,,9,,9,8,3,ScAc,13,1542,,,25.1,0,27.3,29.3,29.6,29.4
108,서울,2018-08-20 05:00,25.7,0,,,.8,0,70,0,68,0,22.4,19.3,998.7,0,1008.4,0,,9,,9,7,2,ScAc,17,1395,,,24.3,0,27,29,29.4,29.3
108,서울,2018-08-20 06:00,25.3,0,,,1.5,0,110,0,67,0,21.6,18.7,998.7,0,1008.4,0,0,0,0,0,6,0,Ci,,1450,,,23.7,0,26.7,28.8,29.3,29.2
108,서울,2018-08-20 07:00,25.4,0,,,1.4,0,110,0,60,0,19.4,17,998.6,0,1008.3,0,.1,0,.16,0,7,0,Cc,,1879,,,25,0,26.5,28.5,29.1,29.1
108,서울,2018-08-20 08:00,26.6,0,,,1.1,0,140,0,54,0,18.8,16.5,998.2,0,1007.9,0,1,0,.75,0,7,1,ScCi,10,1739,,,28.9,0,27.1,28.3,28.9,29
108,서울,2018-08-20 09:00,27.5,0,,,1,0,160,0,54,0,19.7,17.3,998.4,0,1008,0,.5,0,.81,0,8,2,ScCi,16,1993,,,30.4,0,28.4,28.3,28.8,28.9
108,서울,2018-08-20 10:00,29.3,0,,,2,0,140,0,49,0,19.9,17.4,997.9,0,1007.4,0,.7,0,1.65,0,8,3,ScCi,16,1875,,,40.8,0,29.8,28.5,28.6,28.8
108,서울,2018-08-20 11:00,31.2,0,,,1.9,0,140,0,45,0,20.4,17.8,997.2,0,1006.7,0,1,0,2.72,0,8,5,ScCi,16,1810,,,50.2,0,32.9,29.1,28.6,28.8
108,서울,2018-08-20 12:00,31.7,0,,,2.5,0,140,0,45,0,21,18.3,996.2,0,1005.7,0,.7,0,1.96,0,8,3,ScAcCi,17,1814,,,49.3,0,34.4,30,28.7,28.7
108,서울,2018-08-20 13:00,31.6,0,,,2.7,0,160,0,46,0,21.3,18.5,995.5,0,1005,0,.5,0,1.77,0,9,2,ScCi,14,1864,,,45.4,0,35.3,30.9,28.8,28.7
108,서울,2018-08-20 14:00,32.1,0,,,2.8,0,160,0,45,0,21.4,18.6,994.6,0,1004.1,0,.4,0,1.51,0,9,4,ScAs,14,1966,,,45.2,0,35.4,31.5,29.1,28.7
108,서울,2018-08-20 15:00,32.9,0,,,1.9,0,160,0,45,0,22.4,19.3,993.7,0,1003.1,0,.8,0,1.84,0,9,4,ScCi,14,1877,,,46,0,36.3,32,29.3,28.7
108,서울,2018-08-20 16:00,32.3,0,,,2.8,0,160,0,45,0,21.7,18.8,992.7,0,1002.1,0,.2,0,.98,0,9,5,ScCi,15,1928,,,41.4,0,35.7,32.4,29.6,28.8
108,서울,2018-08-20 17:00,32.1,0,,,2.6,0,180,0,44,0,21,18.3,992.6,0,1002,0,.1,0,.6,0,9,6,ScCi,18,1731,,,38.9,0,34.8,32.5,29.8,28.9
108,서울,2018-08-20 18:00,31.6,0,,,2.1,0,140,0,47,0,21.8,18.9,992.3,0,1001.8,0,0,0,.26,0,10,7,ScAs,15,1867,,,34.7,0,33.8,32.5,30,29
108,서울,2018-08-20 19:00,30.8,0,0,0,1.9,0,230,0,55,0,24.4,20.7,992.2,0,1001.7,0,0,0,.06,0,10,6,ScAs,14,1170,,01,32.2,0,32.7,32.3,30.1,29.1
108,서울,2018-08-20 20:00,29.8,0,,9,3.4,0,200,0,61,0,25.5,21.4,992.3,0,1001.8,0,0,0,0,0,6,3,,10,1525,,,30.4,0,31.8,32,30.2,29.2
108,서울,2018-08-20 21:00,29.3,0,,9,3.1,0,200,0,63,0,25.6,21.5,992.4,0,1001.9,0,,9,,9,8,3,ScAc,18,1677,,,29.5,0,31,31.6,30.2,29.2
108,서울,2018-08-20 22:00,29,0,,9,4.2,0,200,0,63,0,25.2,21.2,992.1,0,1001.6,0,,9,,9,6,4,,29,1776,,,28.4,0,30.5,31.2,30.1,29.3
108,서울,2018-08-20 23:00,28.5,0,,9,4.9,0,180,0,62,0,24.1,20.5,992,0,1001.5,0,,9,,9,6,0,,,1882,,,27.9,0,29.9,30.9,30.1,29.3
108,서울,2018-08-21 00:00,28.3,0,,9,3.7,0,180,0,59,0,22.7,19.5,992,0,1001.5,0,,9,,9,9,4,,,1945,,,28,0,29.6,30.6,29.9,29.3
108,서울,2018-08-21 01:00,28,0,,,3.9,0,180,0,61,0,22.9,19.7,991.5,0,1001,0,,9,,9,10,7,,10,1890,,,27.8,0,29.3,30.2,29.8,29.3
108,서울,2018-08-21 02:00,27.6,0,0,0,4.3,0,180,0,60,0,22.1,19.1,991,0,1000.6,0,,9,,9,10,7,ScAs,15,1854,,01,27.5,0,29,30,29.7,29.3
108,서울,2018-08-21 03:00,26.8,0,.1,0,4.5,0,180,0,62,0,21.8,18.9,991.2,0,1000.8,0,,9,,9,10,5,ScAs,14,1742,,01,24.4,0,28.3,29.8,29.6,29.3
108,서울,2018-08-21 04:00,25.3,0,.4,0,6.9,0,180,0,70,0,22.5,19.4,991.8,0,1001.5,0,,9,,9,10,7,StNs,8,925,,1901,23,0,27.4,29.5,29.5,29.2
108,서울,2018-08-21 05:00,23.8,0,1,0,3.6,0,200,0,86,0,25.3,21.3,991.6,0,1001.2,0,,9,,9,10,9,StNs,4,420,,1901,23.2,0,26.7,29.1,29.3,29.2
108,서울,2018-08-21 06:00,23.8,0,1.5,0,3.3,0,200,0,89,0,26.1,21.8,992.7,0,1002.4,0,0,0,0,0,10,7,StNs,2,882,,1901,23.6,0,26.4,28.7,29.2,29.1
108,서울,2018-08-21 07:00,23.4,0,2,0,2.4,0,200,0,94,0,26.9,22.3,992.4,0,1002.1,0,0,0,.02,0,10,8,ScAs,12,1773,,1901,23.9,0,26,28.4,29,29.1
108,서울,2018-08-21 08:00,24,0,0,0,3.5,0,200,0,84,0,25,21.1,993,0,1002.6,0,.3,0,.47,0,9,8,ScAs,4,1975,,01,25.7,0,26.3,28.1,28.9,29
108,서울,2018-08-21 09:00,24.4,0,,9,3,0,230,0,82,0,25,21.1,993,0,1002.6,0,0,0,.6,0,9,8,ScAs,4,1847,,,26.4,0,26.8,27.9,28.6,28.9
108,서울,2018-08-21 10:00,24.8,0,,9,3.2,0,200,0,82,0,25.6,21.5,994,0,1003.7,0,0,0,.34,0,10,8,ScAs,4,1732,,,25.6,0,27,28,28.5,28.8
108,서울,2018-08-21 11:00,24.7,0,0,0,2.3,0,230,0,85,0,26.4,22,994.3,0,1003.9,0,0,0,.27,0,10,8,ScAs,4,1438,,01,26.4,0,26.7,27.9,28.4,28.7
108,서울,2018-08-21 12:00,25.7,0,0,0,3.4,0,290,0,74,0,24.4,20.7,994,0,1003.7,0,.3,0,1.16,0,9,7,ScAs,5,1951,,01,31.2,0,27.5,27.9,28.3,28.6
108,서울,2018-08-21 13:00,27.1,0,,9,2.6,0,230,0,66,0,23.5,20.1,994.1,0,1003.7,0,.6,0,1.54,0,9,7,ScCi,7,1895,,,32.7,0,29.3,28.1,28.2,28.5
108,서울,2018-08-21 14:00,28.5,0,,9,2.6,0,270,0,58,0,22.5,19.4,993.8,0,1003.3,0,1,0,1.93,0,6,4,ScCi,8,1965,,,35.8,0,30.8,28.7,28.2,28.5
108,서울,2018-08-21 15:00,29.5,0,,9,2,0,270,0,57,0,23.4,20,993.6,0,1003.1,0,.9,0,2.1,0,8,7,ScCi,10,2000,,,33.4,0,32.8,29.4,28.3,28.4
108,서울,2018-08-21 16:00,30.4,0,,9,2,0,250,0,53,0,22.9,19.7,993.4,0,1002.9,0,.9,0,1.82,0,4,3,ScCi,11,1990,,,33.7,0,33.2,30,28.4,28.4
108,서울,2018-08-21 17:00,30.8,0,,9,2.3,0,290,0,52,0,23.1,19.8,994.1,0,1003.6,0,1,0,1.49,0,3,3,Sc,11,1953,,,31.7,0,33,30.4,28.6,28.4
108,서울,2018-08-21 18:00,30.3,0,,9,1.7,0,290,0,56,0,24.1,20.5,994.3,0,1003.8,0,.9,0,.8,0,2,1,ScCi,11,2000,,,29.3,0,32,30.6,28.8,28.5
108,서울,2018-08-21 19:00,29.2,0,,9,1.7,0,290,0,62,0,25,21.1,994.2,0,1003.7,0,.9,0,.31,0,6,2,,,2000,,,26.5,0,30.4,30.5,29,28.5
108,서울,2018-08-21 20:00,27.7,0,,9,1.6,0,290,0,69,0,25.5,21.4,995.2,0,1004.8,0,0,0,.01,0,3,0,,,1992,,,24.8,0,28.8,30.1,29.1,28.6
108,서울,2018-08-21 21:00,26.8,0,,9,.4,0,0,0,72,0,25.3,21.3,996.1,0,1005.7,0,,9,,9,2,0,Ci,,1985,,,23.9,0,27.7,29.4,29.1,28.6
108,서울,2018-08-21 22:00,26.1,0,,9,1.2,0,290,0,76,0,25.6,21.5,996.1,0,1005.8,0,,9,,9,1,0,,,1867,,,23.4,0,26.9,28.9,29,28.7
108,서울,2018-08-21 23:00,25.6,0,,9,.1,0,0,0,75,0,24.6,20.8,995.8,0,1005.5,0,,9,,9,1,0,,,1892,,,22.9,0,26.2,28.4,28.8,28.7
108,서울,2018-08-22 00:00,25.1,0,,9,.5,0,20,0,79,0,25,21.1,996,0,1005.7,0,,9,,9,0,0,,,1891,,,22.4,0,25.6,28,28.7,28.7
108,서울,2018-08-22 01:00,24.6,0,,,.6,0,360,0,79,0,24.4,20.7,995.9,0,1005.5,0,,9,,9,2,0,,,1884,,,22,0,25.1,27.5,28.5,28.6
108,서울,2018-08-22 02:00,24.2,0,,,.6,0,20,0,79,0,23.8,20.3,995.5,0,1005.2,0,,9,,9,6,6,,39,1882,,,22,0,24.7,27.2,28.3,28.5
108,서울,2018-08-22 03:00,24.1,0,,,.8,0,20,0,80,0,24,20.4,995.5,0,1005.2,0,,9,,9,3,2,AcCi,39,1920,,,21.9,0,24.7,26.9,28.1,28.5
108,서울,2018-08-22 04:00,23.6,0,,,.8,0,50,0,81,0,23.5,20.1,995.4,0,1005.1,0,,9,,9,1,1,Ac,38,1943,,,21.5,0,24.4,26.6,27.9,28.4
108,서울,2018-08-22 05:00,23.4,0,,,.4,0,0,0,82,0,23.5,20.1,995.7,0,1005.4,0,,9,,9,4,4,Ac,35,2000,,,21.6,0,24.1,26.4,27.7,28.3
108,서울,2018-08-22 06:00,23.7,0,,,.3,0,0,0,78,0,22.8,19.6,995.8,0,1005.5,0,0,0,0,0,8,8,Sc,19,2000,,,22.6,0,24.3,26.2,27.5,28.2
108,서울,2018-08-22 07:00,24.3,0,,,.6,0,110,0,74,0,22.4,19.3,996.4,0,1006.1,0,0,0,.1,0,7,7,Sc,19,1999,,,23.8,0,24.6,26.1,27.4,28.1
108,서울,2018-08-22 08:00,25.7,0,,,.9,0,90,0,66,0,21.7,18.8,996.7,0,1006.4,0,.6,0,.64,0,6,6,Sc,19,1976,,,25.6,0,25.3,26.1,27.2,27.9
108,서울,2018-08-22 09:00,28,0,,,1.5,0,70,0,56,0,21,18.3,996.6,0,1006.2,0,1,0,1.57,0,2,2,Sc,19,1982,,,29.7,0,27.2,26.3,27.1,27.8
108,서울,2018-08-22 10:00,30.2,0,,,1.4,0,70,0,52,0,22.2,19.2,996.6,0,1006.1,0,1,0,2.13,0,1,1,Sc,19,1923,,,35.2,0,29.7,26.9,27,27.7
108,서울,2018-08-22 11:00,32.1,0,,,1.6,0,110,0,49,0,23.4,20,996.1,0,1005.6,0,1,0,2.63,0,1,0,Ci,,1874,,,42.5,0,32.4,27.9,27.1,27.6
108,서울,2018-08-22 12:00,33.9,0,,,1.4,0,110,0,45,0,23.7,20.2,995.3,0,1004.7,0,1,0,2.95,0,1,0,Ci,,1923,,,48.5,0,35,29.3,27.3,27.6
108,서울,2018-08-22 13:00,35.3,0,,,2.1,0,140,0,41,0,23.4,20,994.5,0,1003.9,0,1,0,3.1,0,1,1,Sc,10,1925,,,52.6,0,37.3,30.7,27.6,27.6
108,서울,2018-08-22 14:00,36.2,0,,,1.5,0,20,0,36,0,21.6,18.7,993.9,0,1003.2,0,1,0,2.87,0,3,3,Sc,16,1985,,,52.1,0,39.1,32.1,28.1,27.6
108,서울,2018-08-22 15:00,36.8,0,,,1,0,160,0,36,0,22.2,19.2,993.3,0,1002.6,0,1,0,2.46,0,3,3,Sc,16,2000,,,55.3,0,39.4,33.2,28.6,27.8
108,서울,2018-08-22 16:00,37.4,0,,,1.3,0,50,0,35,0,22.4,19.3,992.7,0,1002,0,1,0,2,0,3,1,ScCi,17,2000,,,51.7,0,39.5,34,29.1,27.9
108,서울,2018-08-22 17:00,36.4,0,,,1.2,0,50,0,39,0,23.7,20.2,992.7,0,1002,0,.9,0,1.15,0,4,2,ScCi,18,2000,,,41.3,0,38.4,34.4,29.7,28.1
108,서울,2018-08-22 18:00,35.4,0,,,1,0,70,0,40,0,22.9,19.7,992.5,0,1001.8,0,.1,0,.34,0,4,2,ScCi,19,2000,,,37.2,0,36.2,34.4,30.1,28.4
108,서울,2018-08-22 19:00,35.2,0,,,.5,0,110,0,41,0,23.2,19.9,992.6,0,1002,0,.9,0,.31,0,6,0,,,2000,,,34.6,0,34.8,33.9,30.4,28.6
108,서울,2018-08-22 20:00,33.2,0,,,1,0,110,0,51,0,25.8,21.6,993,0,1002.4,0,0,0,.02,0,5,1,,50,2000,,,32.1,0,33.4,33.3,30.5,28.8
108,서울,2018-08-22 21:00,33.1,0,,,2.7,0,140,0,46,0,23.2,19.9,993.9,0,1003.3,0,,9,,9,8,5,ScCi,17,2000,,,31.4,0,32.3,32.7,30.5,28.9
108,서울,2018-08-22 22:00,32.1,0,,,2,0,110,0,47,0,22.4,19.3,994.3,0,1003.8,0,,9,,9,7,3,,19,2000,,,30,0,31.6,32.2,30.5,29.1
108,서울,2018-08-22 23:00,31.2,0,,,1.8,0,110,0,50,0,22.7,19.5,994.7,0,1004.2,0,,9,,9,7,3,,20,2000,,,28.9,0,30.8,31.7,30.4,29.1
108,서울,2018-08-23 00:00,30.7,0,,,1.3,0,90,0,52,0,22.9,19.7,994.7,0,1004.2,0,,9,,9,7,0,Ci,,2000,,,28.3,0,30.1,31.2,30.2,29.2
108,서울,2018-08-23 01:00,30.1,0,,,.8,0,110,0,54,0,22.9,19.7,994.4,0,1003.9,0,,9,,9,8,0,,,2000,,,27.7,0,29.6,30.8,30.1,29.2
108,서울,2018-08-23 02:00,29.8,0,,,1.4,0,90,0,53,0,22.1,19.1,993.9,0,1003.4,0,,9,,9,10,2,,74,2000,,,27.4,0,29.1,30.4,29.9,29.2
108,서울,2018-08-23 03:00,29.7,0,,,1.4,0,110,0,52,0,21.6,18.7,993.5,0,1003,0,,9,,9,8,4,AcCi,47,2000,,,27.6,0,28.9,30,29.7,29.2
108,서울,2018-08-23 04:00,29.3,0,0,0,1,0,90,0,54,0,22,19,993.5,0,1003,0,,9,,9,10,10,As,30,2000,,01,27.2,0,28.7,29.8,29.6,29.1
108,서울,2018-08-23 05:00,28.5,0,.1,0,.9,0,110,0,57,0,22.1,19.1,993,0,1002.5,0,,9,,9,9,1,ScAs,19,2000,,01,25.3,0,28.1,29.5,29.4,29.1
108,서울,2018-08-23 06:00,28.3,0,,9,1.5,0,90,0,55,0,21,18.3,993,0,1002.5,0,0,0,0,0,10,10,As,30,2000,,,25.2,0,27.8,29.2,29.3,29
108,서울,2018-08-23 07:00,28.3,0,0,0,1.1,0,70,0,55,0,21,18.3,993.1,0,1002.6,0,0,0,.03,0,10,10,As,30,2000,,01,26,0,27.6,28.9,29.1,28.9
108,서울,2018-08-23 08:00,28.1,0,0,0,1.3,0,110,0,58,0,22,19,993.2,0,1002.8,0,0,0,.14,0,10,7,ScAs,12,2000,,01,26.1,0,27.5,28.7,29,28.9
108,서울,2018-08-23 09:00,29.3,0,,9,1.5,0,90,0,54,0,22,19,993,0,1002.5,0,.3,0,.82,0,10,8,ScAs,10,2000,,,31.3,0,28.3,28.6,28.8,28.8
108,서울,2018-08-23 10:00,30.2,0,,9,1.8,0,110,0,52,0,22.2,19.2,993,0,1002.5,0,.1,0,.93,0,10,6,ScAs,12,2000,,,33.9,0,29.5,28.7,28.7,28.7
108,서울,2018-08-23 11:00,29.9,0,.1,0,1.7,0,70,0,57,0,24,20.4,992.8,0,1002.3,0,0,0,.88,0,10,7,ScAs,10,1992,,01,33.6,0,29.6,28.9,28.6,28.6
108,서울,2018-08-23 12:00,31.9,0,,9,1.9,0,90,0,49,0,23.1,19.8,992.1,0,1001.5,0,.5,0,1.85,0,9,5,ScAs,13,2000,,,41.3,0,31.4,29.2,28.6,28.5
108,서울,2018-08-23 13:00,31,0,,9,1.9,0,110,0,53,0,23.7,20.2,991.3,0,1000.8,0,0,0,.79,0,10,7,ScAs,14,2000,,,34.9,0,31.8,29.8,28.6,28.5
108,서울,2018-08-23 14:00,30.5,0,.1,0,2,0,70,0,59,0,25.6,21.5,990.5,0,1000,0,0,0,.84,0,10,4,ScAs,5,2000,,01,35.1,0,31.4,30.1,28.7,28.5
108,서울,2018-08-23 15:00,32,0,0,0,2.1,0,50,0,53,0,25.2,21.2,989.7,0,999.1,0,.6,0,1.57,0,9,5,ScAs,10,1992,,01,41.7,0,32.5,30.2,28.8,28.5
108,서울,2018-08-23 16:00,31.7,0,,9,1.9,0,70,0,56,0,26.1,21.8,988.9,0,998.3,0,.2,0,.92,0,10,5,ScAs,15,2000,,,37,0,32.8,30.6,28.9,28.5
108,서울,2018-08-23 17:00,30.8,0,,9,2.2,0,50,0,59,0,26.1,21.8,988.4,0,997.8,0,0,0,.41,0,10,8,ScAs,10,2000,,,33.6,0,32.2,30.8,29.1,28.5
108,서울,2018-08-23 18:00,30.6,0,,9,2.3,0,70,0,55,0,24.1,20.5,987.7,0,997.1,0,0,0,.11,0,10,5,ScAs,18,2000,,,31.2,0,31.3,30.8,29.1,28.6
108,서울,2018-08-23 19:00,30,0,0,0,2.2,0,70,0,59,0,25,21.1,987.3,0,996.8,0,0,0,.01,0,10,7,ScAs,17,1970,,01,28.5,0,30.4,30.6,29.2,28.6
108,서울,2018-08-23 20:00,29.2,0,.1,0,2.1,0,90,0,62,0,25,21.1,987.3,0,996.7,0,0,0,0,0,10,7,ScAs,17,1952,,01,26.1,0,29.4,30.3,29.3,28.6
108,서울,2018-08-23 21:00,27.8,0,.1,0,2,0,70,0,72,0,26.8,22.2,987.3,0,996.8,0,,9,,9,10,7,StNs,9,2000,,01,25.4,0,28.4,29.9,29.2,28.7
108,서울,2018-08-23 22:00,26.6,0,1.5,0,1.7,0,50,0,84,0,29.1,23.6,986.6,0,996.2,0,,9,,9,10,7,StNs,9,1815,,01,25.3,0,27.9,29.5,29.1,28.7
108,서울,2018-08-23 23:00,26.1,0,.5,0,1.9,0,50,0,84,0,28.3,23.1,985.8,0,995.4,0,,9,,9,10,7,StNs,9,1801,,01,24.9,0,27.4,29,29,28.7
108,서울,2018-08-24 00:00,25.7,0,.5,0,2,0,50,0,83,0,27.2,22.5,985,0,994.6,0,,9,,9,10,6,StNs,9,2000,,01,24.7,0,27,28.7,28.8,28.6
108,서울,2018-08-24 01:00,25.7,0,.2,0,2,0,70,0,80,0,26.3,21.9,984,0,993.6,0,,9,,9,10,6,ScAs,17,2000,,01,24.5,0,26.6,28.3,28.7,28.6
108,서울,2018-08-24 02:00,25.4,0,.8,0,2,0,50,0,85,0,27.4,22.6,983.2,0,992.8,0,,9,,9,10,7,StNs,9,1453,,01,24.3,0,26.4,28.1,28.6,28.6
108,서울,2018-08-24 03:00,24.8,0,1,0,2.2,0,50,0,87,0,27.1,22.4,982.2,0,991.8,0,,9,,9,10,7,StNs,8,1286,,01,24.1,0,26,27.8,28.4,28.5
108,서울,2018-08-24 04:00,24.5,0,1,0,2,0,50,0,88,0,26.9,22.3,981.7,0,991.2,0,,9,,9,10,7,StNs,8,1433,,01,24,0,25.7,27.6,28.3,28.4
108,서울,2018-08-24 05:00,24.6,0,.5,0,1.5,0,50,0,88,0,27.1,22.4,980.8,0,990.3,0,,9,,9,10,7,StNs,8,1967,,01,23.9,0,25.5,27.3,28.1,28.4
108,서울,2018-08-24 06:00,24.9,0,.5,0,1.1,0,320,0,88,0,27.6,22.7,980.8,0,990.4,0,0,0,0,0,10,6,ScAs,13,2000,,01,24.1,0,25.4,27.1,28,28.2
108,서울,2018-08-24 07:00,24.2,0,0,0,2.3,0,270,0,88,0,26.4,22,981.2,0,990.7,0,0,0,.05,0,9,6,ScAs,10,2000,,01,24.3,0,25.4,26.9,27.8,28.2
108,서울,2018-08-24 08:00,24.4,0,0,0,1.7,0,290,0,86,0,26.1,21.8,981.9,0,991.4,0,0,0,.13,0,10,7,ScAs,10,2000,,01,24.8,0,25.5,26.8,27.7,28.1
108,서울,2018-08-24 09:00,24.8,0,0,0,1.7,0,320,0,85,0,26.4,22,982.3,0,991.9,0,0,0,.32,0,10,6,StNs,8,2000,,01,25.9,0,25.8,26.7,27.6,28
108,서울,2018-08-24 10:00,26,0,0,0,2.2,0,320,0,77,0,25.8,21.6,983.6,0,993.2,0,0,0,.61,0,10,5,ScAs,14,2000,,01,27.6,0,26.6,26.8,27.4,27.9
108,서울,2018-08-24 11:00,26.2,0,0,0,2.6,0,290,0,76,0,25.8,21.6,985,0,994.6,0,0,0,.88,0,10,8,ScAs,6,1995,,01,29.2,0,27.3,27,27.4,27.8
108,서울,2018-08-24 12:00,25.8,0,0,0,3.2,0,290,0,81,0,26.8,22.2,985.8,0,995.4,0,0,0,.8,0,10,7,ScAs,10,1828,,01,27.9,0,27.8,27.3,27.4,27.8
108,서울,2018-08-24 13:00,25.8,0,0,0,2.8,0,290,0,78,0,25.8,21.6,986.6,0,996.2,0,0,0,.95,0,10,8,ScAs,6,2000,,01,28.9,0,28.2,27.6,27.4,27.7
108,서울,2018-08-24 14:00,24.4,0,1.5,0,2.9,0,290,0,93,0,28.3,23.1,987.5,0,997.1,0,0,0,.26,0,10,9,StNs,2,250,,1901,26.1,0,27.5,27.8,27.5,27.7
108,서울,2018-08-24 15:00,24,0,.5,0,3.1,0,270,0,94,0,27.9,22.9,988.2,0,997.8,0,0,0,.41,0,10,5,ScAs,8,1188,,1901,26,0,27,27.7,27.5,27.7
108,서울,2018-08-24 16:00,24.6,0,0,0,2.7,0,270,0,85,0,26.3,21.9,989.1,0,998.7,0,0,0,.55,0,10,6,ScAs,14,1973,,01,27.6,0,27.1,27.5,27.5,27.7
108,서울,2018-08-24 17:00,24.1,0,0,0,1.9,0,250,0,89,0,26.6,22.1,990.4,0,1000,0,0,0,.58,0,10,4,ScAs,10,2000,,01,26.9,0,27,27.5,27.5,27.7
108,서울,2018-08-24 18:00,23.8,0,1.5,0,2.7,0,230,0,95,0,27.9,22.9,991.2,0,1000.8,0,0,0,.11,0,10,6,ScAs,12,1938,,01,25,0,26.5,27.4,27.5,27.7
108,서울,2018-08-24 19:00,23.6,0,0,0,3,0,200,0,86,0,25,21.1,992.1,0,1001.8,0,0,0,.04,0,10,6,ScAs,12,1275,,01,24.1,0,26,27.2,27.5,27.6
108,서울,2018-08-24 20:00,23.5,0,0,0,3.5,0,230,0,81,0,23.4,20,993,0,1002.7,0,0,0,0,0,10,6,ScAs,6,2000,,01,23.4,0,25.6,27,27.4,27.6
108,서울,2018-08-24 21:00,23.5,0,,9,3.6,0,200,0,79,0,22.8,19.6,994,0,1003.7,0,,9,,9,9,9,Sc,8,2000,,,22.9,0,25.2,26.7,27.3,27.6
108,서울,2018-08-24 22:00,23.5,0,,9,2.9,0,230,0,79,0,22.8,19.6,994.8,0,1004.5,0,,9,,9,8,8,,5,1860,,,22.8,0,24.9,26.4,27.2,27.5
108,서울,2018-08-24 23:00,23.4,0,,9,2.7,0,230,0,79,0,22.7,19.5,995.2,0,1004.9,0,,9,,9,7,5,,5,1990,,,22.4,0,24.7,26.2,27.1,27.5
108,서울,2018-08-25 00:00,23.2,0,,9,2.4,0,200,0,81,0,22.9,19.7,995.6,0,1005.3,0,,9,,9,8,8,Sc,6,1976,,,22,0,24.4,25.9,26.9,27.5
108,서울,2018-08-25 01:00,23,0,,,2.1,0,250,0,82,0,22.9,19.7,995.9,0,1005.6,0,,9,,9,7,6,,5,1922,,,21.5,0,24.1,25.7,26.8,27.4
108,서울,2018-08-25 02:00,22.9,0,,,2.1,0,200,0,82,0,22.8,19.6,996.1,0,1005.8,0,,9,,9,7,3,,5,1829,,,21.3,0,23.8,25.4,26.7,27.3
108,서울,2018-08-25 03:00,23.1,0,,,2,0,200,0,80,0,22.5,19.4,996.4,0,1006.1,0,,9,,9,9,9,Sc,10,1849,,,22.2,0,23.8,25.2,26.5,27.2
108,서울,2018-08-25 04:00,23.2,0,,,1.8,0,200,0,79,0,22.4,19.3,996.8,0,1006.5,0,,9,,9,9,9,Sc,10,1941,,,22.3,0,23.9,25.1,26.4,27.2
108,서울,2018-08-25 05:00,23.3,0,,,1.7,0,230,0,79,0,22.5,19.4,997,0,1006.7,0,,9,,9,9,9,Sc,11,1592,,,22.2,0,23.8,25,26.2,27.1
108,서울,2018-08-25 06:00,23.5,0,,,2,0,200,0,79,0,22.8,19.6,997.6,0,1007.3,0,0,0,0,0,9,9,Sc,11,1439,,,22.4,0,23.8,24.9,26.2,27
108,서울,2018-08-25 07:00,23.7,0,,,1.9,0,200,0,76,0,22.2,19.2,998.2,0,1007.9,0,0,0,.08,0,9,9,Sc,9,1281,,,23.1,0,23.9,24.9,26,26.9
108,서울,2018-08-25 08:00,24.1,0,,,2,0,200,0,78,0,23.4,20,998.7,0,1008.4,0,0,0,.34,0,9,7,ScAc,5,1133,,,24.4,0,24.3,24.9,25.9,26.8
108,서울,2018-08-25 09:00,25.3,0,,,2.4,0,230,0,72,0,23.1,19.8,999,0,1008.7,0,.6,0,1.08,0,9,5,ScAcCi,5,1220,,,27.8,0,25.3,25,25.9,26.7
108,서울,2018-08-25 10:00,26.3,0,,,3.2,0,230,0,67,0,22.8,19.6,999.4,0,1009.1,0,.9,0,1.48,0,8,6,ScAc,6,1673,,,29.7,0,26.8,25.5,25.8,26.6
108,서울,2018-08-25 11:00,28,0,,,3.3,0,200,0,57,0,21.4,18.6,999.3,0,1008.9,0,1,0,2.71,0,8,5,ScAc,9,1827,,,33.3,0,29.2,26.3,25.9,26.5
108,서울,2018-08-25 12:00,27.9,0,,,2.9,0,250,0,55,0,20.6,18,999.1,0,1008.7,0,.6,0,1.49,0,8,4,ScAc,10,1922,,,32,0,29.4,27.3,26.1,26.5
108,서울,2018-08-25 13:00,28.6,0,,,2.9,0,200,0,54,0,21,18.3,999.2,0,1008.8,0,.6,0,1.85,0,8,4,ScAc,10,1925,,,32.1,0,29.9,27.9,26.3,26.6
108,서울,2018-08-25 14:00,29.2,0,,,3.1,0,250,0,52,0,21,18.3,999.1,0,1008.7,0,1,0,2.68,0,8,4,CuScAc,10,1735,,,36.1,0,31.4,28.4,26.6,26.6
108,서울,2018-08-25 15:00,28.1,0,,,4.5,0,200,0,53,0,20.1,17.6,999,0,1008.6,0,.6,0,1.6,0,9,4,ScAcCi,11,1953,,,30.5,0,31.2,29.1,26.9,26.7
108,서울,2018-08-25 16:00,27.2,0,,,3.7,0,200,0,58,0,20.9,18.2,999,0,1008.6,0,0,0,.99,0,9,3,ScAcCi,10,1987,,,28.1,0,30.1,29.3,27.2,26.8
108,서울,2018-08-25 17:00,26.9,0,,,2.8,0,200,0,60,0,21.2,18.4,999.2,0,1008.9,0,.4,0,.77,0,8,3,ScAcCi,9,2000,,,27.3,0,29.5,29.1,27.4,26.9
108,서울,2018-08-25 18:00,27.1,0,,,3,0,230,0,56,0,20,17.5,999.4,0,1009.1,0,.8,0,.87,0,6,2,ScAc,10,1987,,,26.7,0,29,28.9,27.5,27
108,서울,2018-08-25 19:00,25.8,0,,,3.3,0,270,0,62,0,20.5,17.9,999.7,0,1009.4,0,.7,0,.27,0,3,3,,9,2000,,,24,0,28,28.6,27.6,27.1
108,서울,2018-08-25 20:00,24.6,0,,,2.9,0,270,0,65,0,20,17.5,1000.4,0,1010.1,0,0,0,0,0,2,0,,,2000,,,22.2,0,26.7,28.1,27.6,27.2
108,서울,2018-08-25 21:00,23.9,0,,,2.3,0,270,0,71,0,21,18.3,1001.1,0,1010.8,0,,9,,9,4,4,Sc,15,2000,,,22,0,25.7,27.4,27.5,27.3
108,서울,2018-08-25 22:00,23.4,0,,,1.6,0,290,0,75,0,21.6,18.7,1000.9,0,1010.7,0,,9,,9,1,0,,,2000,,,21.2,0,25,26.9,27.4,27.3
108,서울,2018-08-25 23:00,22.9,0,,,1.4,0,290,0,78,0,21.7,18.8,1001.6,0,1011.4,0,,9,,9,4,1,,7,2000,,,20.9,0,24.4,26.4,27.2,27.2
108,서울,2018-08-26 00:00,22.8,0,,,1.5,0,290,0,78,0,21.6,18.7,1001.7,0,1011.5,0,,9,,9,2,2,Sc,6,2000,,,20.8,0,24,25.9,27,27.2
108,서울,2018-08-26 01:00,22.5,0,,,.6,0,290,0,80,0,21.7,18.8,1001.4,0,1011.2,0,,9,,9,9,2,,6,2000,,,20.7,0,23.6,25.6,26.8,27.2
108,서울,2018-08-26 02:00,22.1,0,,,.6,0,20,0,84,0,22.2,19.2,1001.4,0,1011.2,0,,9,,9,1,1,,,2000,,,20.2,0,23.3,25.3,26.6,27.1
108,서울,2018-08-26 03:00,21.6,0,,,.1,0,0,0,85,0,21.8,18.9,1001.6,0,1011.5,0,,9,,9,1,1,Sc,5,1982,,,19.7,0,22.9,24.9,26.4,27
108,서울,2018-08-26 04:00,21.2,0,,,.5,0,50,0,86,0,21.6,18.7,1001.5,0,1011.4,0,,9,,9,1,1,Sc,5,1724,,,19.6,0,22.6,24.6,26.2,26.9
108,서울,2018-08-26 05:00,20.7,0,,,.6,0,50,0,88,0,21.4,18.6,1001.5,0,1011.4,0,,9,,9,0,0,,,1100,,,19.1,0,22.3,24.4,26,26.8
108,서울,2018-08-26 06:00,20.4,0,,,.6,0,50,0,88,0,21,18.3,1002,0,1011.9,0,0,0,0,0,0,0,,,1064,,,18.9,0,21.9,24,25.8,26.7
108,서울,2018-08-26 07:00,20.7,0,,,.5,0,70,0,85,0,20.6,18,1002.4,0,1012.3,0,.1,0,.11,0,6,6,Sc,4,1052,,,20.8,0,22,23.8,25.6,26.6
108,서울,2018-08-26 08:00,22.1,0,,,1,0,20,0,74,0,19.6,17.2,1002.5,0,1012.3,0,1,0,.77,0,4,2,ScAc,4,1479,,,22.3,0,22.5,23.7,25.4,26.4
108,서울,2018-08-26 09:00,24.2,0,,,1.2,0,70,0,64,0,19.2,16.9,1002.7,0,1012.4,0,1,0,1.48,0,3,2,AcCi,35,1985,,,26.8,0,24.2,23.9,25.2,26.3
108,서울,2018-08-26 10:00,26.3,0,,,1.6,0,50,0,53,0,18.1,15.9,1002.8,0,1012.5,0,1,0,2.19,0,3,2,AcCi,35,2000,,,31.2,0,26.7,24.6,25.1,26.2
108,서울,2018-08-26 11:00,28,0,,,1.7,0,70,0,46,0,17.3,15.2,1002.9,0,1012.5,0,1,0,2.73,0,4,3,AcCi,35,1990,,,37.8,0,29.2,25.7,25.2,26.1
108,서울,2018-08-26 12:00,28.9,0,,,2,0,180,0,42,0,16.6,14.6,1002.7,0,1012.3,0,.8,0,2.5,0,8,8,As,30,1975,,,38.5,0,31,27,25.5,26.1
108,서울,2018-08-26 13:00,27.8,0,0,0,3.5,0,160,0,54,0,20.1,17.6,1002.5,0,1012.2,0,.2,0,1.15,0,10,10,As,30,2000,,01,33.3,0,30.4,28,25.9,26.1
108,서울,2018-08-26 14:00,25.8,0,.1,0,3.6,0,160,0,69,0,22.8,19.6,1002.3,0,1012,0,0,0,.56,0,10,1,ScAs,10,1309,,01,28.6,0,29.3,28.4,26.3,26.2
108,서울,2018-08-26 15:00,24.3,0,0,0,1.8,0,140,0,64,0,19.4,17,1002.1,0,1011.8,0,0,0,.59,0,9,2,ScAs,10,1931,,01,27.7,0,28,28.2,26.6,26.3
108,서울,2018-08-26 16:00,23.5,0,.1,0,2.3,0,140,0,56,0,16.2,14.2,1002,0,1011.8,0,0,0,.5,0,10,1,ScAs,10,2000,,01,25.9,0,27.4,27.9,26.7,26.4
108,서울,2018-08-26 17:00,23.5,0,0,0,1.2,0,140,0,58,0,16.7,14.7,1001.3,0,1011.1,0,0,0,.52,0,10,10,As,33,2000,,01,26.3,0,27,27.5,26.8,26.5
108,서울,2018-08-26 18:00,23.4,0,,9,.6,0,140,0,67,0,19.2,16.9,1001.3,0,1011.1,0,0,0,.36,0,10,10,As,31,2000,,,25.6,0,26.7,27.3,26.8,26.6
108,서울,2018-08-26 19:00,22.7,0,,9,1.9,0,110,0,69,0,19,16.7,1001.2,0,1011,0,0,0,.08,0,10,8,,20,2000,,,24.2,0,26,27,26.8,26.7
108,서울,2018-08-26 20:00,22.4,0,,9,.8,0,90,0,64,0,17.3,15.2,1001.8,0,1011.6,0,0,0,0,0,10,5,,19,2000,,,23.4,0,25.4,26.7,26.7,26.6
108,서울,2018-08-26 21:00,22.5,0,,9,1.1,0,90,0,65,0,17.6,15.5,1002.1,0,1011.9,0,,9,,9,10,10,As,26,2000,,,23.1,0,24.9,26.3,26.6,26.7
108,서울,2018-08-26 22:00,21.2,0,1.3,0,1,0,90,0,81,0,20.4,17.8,1001.9,0,1011.8,0,,9,,9,10,5,ScAs,15,1808,,01,21.6,0,24.3,26,26.5,26.7
108,서울,2018-08-26 23:00,20.8,0,.5,0,.9,0,90,0,84,0,20.5,17.9,1001.8,0,1011.7,0,,9,,9,10,5,ScAs,12,1078,,01,21.3,0,23.8,25.6,26.4,26.6
108,서울,2018-08-27 00:00,20.5,0,0,0,1,0,70,0,85,0,20.4,17.8,1001.7,0,1011.6,0,,9,,9,10,6,ScAs,11,2000,,01,21.1,0,23.4,25.2,26.2,26.6
108,서울,2018-08-27 01:00,20.5,0,1.5,0,.5,0,50,0,89,0,21.4,18.6,1001.8,0,1011.7,0,,9,,9,10,7,ScAs,7,235,,1901,21,0,23.3,25,26.1,26.6
108,서울,2018-08-27 02:00,20.3,0,1,0,.7,0,50,0,97,0,23.1,19.8,1001.5,0,1011.4,0,,9,,9,10,6,StNs,3,315,,1901,21.2,0,23,24.7,25.9,26.5
108,서울,2018-08-27 03:00,20.3,0,1.5,0,.4,0,0,0,97,0,23.1,19.8,1001.8,0,1011.7,0,,9,,9,10,8,StNs,2,200,,1901,21.1,0,22.9,24.5,25.8,26.4
108,서울,2018-08-27 04:00,20.5,0,3.5,0,.1,0,0,0,97,0,23.4,20,1001.7,0,1011.6,0,,9,,9,10,6,StNs,3,257,,1901,21.3,0,22.7,24.3,25.6,26.3
108,서울,2018-08-27 05:00,20.5,0,3,0,.4,0,0,0,97,0,23.4,20,1001.4,0,1011.3,0,,9,,9,10,6,StNs,4,384,,1901,21.2,0,22.6,24.1,25.5,26.2
108,서울,2018-08-27 06:00,20.6,0,1,0,.7,0,20,0,98,0,23.7,20.2,1001.9,0,1011.8,0,0,0,0,0,10,7,StNs,6,626,,1901,21.3,0,22.6,23.9,25.3,26.1
108,서울,2018-08-27 07:00,20.8,0,2,0,.5,0,70,0,98,0,24,20.4,1002.4,0,1012.3,0,0,0,.02,0,10,6,StNs,3,299,,1901,21.6,0,22.6,23.8,25.1,26.1
108,서울,2018-08-27 08:00,21.3,0,.5,0,1.3,0,70,0,97,0,24.4,20.7,1002.3,0,1012.2,0,0,0,.17,0,10,7,StNs,2,1029,,1901,22.6,0,22.8,23.7,25,26
108,서울,2018-08-27 09:00,21.5,0,.5,0,.9,0,70,0,97,0,24.7,20.9,1002.2,0,1012.1,0,0,0,.19,0,10,7,StNs,2,1543,,01,22.9,0,23,23.7,24.9,25.9
108,서울,2018-08-27 10:00,21.7,0,2.5,0,1,0,110,0,97,0,25,21.1,1002.6,0,1012.5,0,0,0,.29,0,10,7,StNs,2,1249,,01,23.6,0,23.2,23.8,24.8,25.8
108,서울,2018-08-27 11:00,22,0,.5,0,1.6,0,50,0,96,0,25.3,21.3,1002.8,0,1012.7,0,0,0,.36,0,10,7,StNs,3,602,,1901,24.1,0,23.5,23.9,24.7,25.7
108,서울,2018-08-27 12:00,22.6,0,1,0,1.4,0,70,0,90,0,24.6,20.8,1002,0,1011.8,0,0,0,1.02,0,10,6,ScAs,10,1963,,1901,27,0,24.3,24.1,24.7,25.6
108,서울,2018-08-27 13:00,22.9,0,.5,0,1.2,0,70,0,92,0,25.6,21.5,1001.5,0,1011.3,0,0,0,1.09,0,10,7,StNs,8,459,,1901,27.5,0,25.1,24.5,24.7,25.6
108,서울,2018-08-27 14:00,23.3,0,.5,0,1.5,0,70,0,89,0,25.3,21.3,1000.9,0,1010.7,0,0,0,1.23,0,10,7,StNs,8,1435,,1901,28.5,0,25.7,24.9,24.8,25.5
108,서울,2018-08-27 15:00,24.4,0,0,0,1.5,0,70,0,87,0,26.4,22,1000.5,0,1010.2,0,0,0,1.44,0,10,6,ScAs,10,1153,,01,30.4,0,26.6,25.3,24.9,25.5
108,서울,2018-08-27 16:00,24.7,0,0,0,1.2,0,70,0,85,0,26.4,22,1000.5,0,1010.2,0,0,0,.99,0,10,10,St,3,1143,,0201,28.6,0,27.1,25.8,25.1,25.5
108,서울,2018-08-27 17:00,24.9,0,0,0,.9,0,70,0,82,0,25.8,21.6,1000.6,0,1010.4,0,0,0,.67,0,10,10,St,6,2000,,02,27.5,0,27.1,26.1,25.3,25.5
108,서울,2018-08-27 18:00,24.8,0,,9,.8,0,20,0,83,0,26,21.7,1000.7,0,1010.5,0,0,0,.26,0,10,10,St,6,1947,,,26.1,0,26.8,26.3,25.5,25.6
108,서울,2018-08-27 19:00,24.7,0,,9,.4,0,0,0,83,0,25.8,21.6,1000.9,0,1010.6,0,0,0,.1,0,6,6,,4,2000,,,25.1,0,26.4,26.3,25.7,25.7
108,서울,2018-08-27 20:00,24.4,0,,9,.7,0,50,0,85,0,26,21.7,1001.3,0,1011,0,0,0,.01,0,3,3,,4,2000,,,24.2,0,25.9,26.2,25.7,25.7
108,서울,2018-08-27 21:00,23.9,0,,9,.8,0,20,0,88,0,26,21.7,1001.5,0,1011.2,0,,9,,9,4,4,Sc,4,2000,,,23.3,0,25.3,26,25.8,25.8
108,서울,2018-08-27 22:00,23.5,0,,9,.6,0,70,0,88,0,25.3,21.3,1001.7,0,1011.5,0,,9,,9,2,2,,12,2000,,,23.2,0,24.8,25.8,25.8,25.9
108,서울,2018-08-27 23:00,23.6,0,,9,.6,0,20,0,87,0,25.3,21.3,1001.8,0,1011.6,0,,9,,9,1,1,,11,2000,,,23.4,0,24.8,25.6,25.7,25.9
108,서울,2018-08-28 00:00,23.5,0,,9,.6,0,50,0,88,0,25.3,21.3,1002,0,1011.8,0,,9,,9,7,7,Sc,12,2000,,,23.1,0,24.7,25.4,25.6,25.9
108,서울,2018-08-28 01:00,23.1,0,,,.6,0,50,0,94,0,26.4,22,1001.8,0,1011.6,0,,9,,9,4,3,,12,2000,,,22.7,0,24.3,25.3,25.6,25.8
108,서울,2018-08-28 02:00,23.2,0,,,.6,0,50,0,88,0,24.9,21,1001.6,0,1011.4,0,,9,,9,4,4,,14,2000,,,23,0,24.3,25.1,25.5,25.8
108,서울,2018-08-28 03:00,22.9,0,,,.6,0,50,0,93,0,26,21.7,1001.5,0,1011.3,0,,9,,9,4,4,Sc,16,2000,,,22.3,0,24.1,25,25.4,25.8
108,서울,2018-08-28 04:00,22.6,0,,,.4,0,0,0,95,0,26,21.7,1001.7,0,1011.5,0,,9,,9,7,7,Sc,13,1919,,,22.2,0,23.9,24.9,25.3,25.8
108,서울,2018-08-28 05:00,22.5,0,,,.3,0,0,0,96,0,26.1,21.8,1001.8,0,1011.6,0,,9,,9,8,8,Sc,13,1605,,,22.3,0,23.8,24.7,25.2,25.7
108,서울,2018-08-28 06:00,22.5,0,,,.6,0,70,0,90,0,24.4,20.7,1001.9,0,1011.7,0,0,0,0,0,8,8,Sc,4,1149,,,22.5,0,23.7,24.6,25.1,25.6
108,서울,2018-08-28 07:00,22.6,0,,,.8,0,90,0,88,0,24.1,20.5,1002.2,0,1012,0,0,0,.06,0,8,6,ScCi,3,2000,,,22.8,0,23.8,24.5,25,25.6
108,서울,2018-08-28 08:00,23.4,0,,,.8,0,110,0,83,0,23.8,20.3,1002.3,0,1012.1,0,0,0,.32,0,9,6,ScAs,6,1998,,,24.7,0,24.1,24.5,25,25.6
108,서울,2018-08-28 09:00,24.2,0,0,0,1.2,0,90,0,80,0,24.1,20.5,1002.3,0,1012,0,0,0,.57,0,10,6,ScAs,4,1708,,01,25.9,0,24.9,24.7,24.9,25.5
108,서울,2018-08-28 10:00,25.4,0,0,0,.7,0,90,0,75,0,24.3,20.6,1002.4,0,1012.2,0,0,0,.96,0,10,6,ScAs,4,1995,,01,28.5,0,25.8,24.9,24.9,25.5
108,서울,2018-08-28 11:00,25.9,0,,9,1.7,0,140,0,79,0,26.3,21.9,1002.4,0,1012.1,0,0,0,.9,0,10,6,ScAs,5,1900,,,27.7,0,26.8,25.4,25,25.4
108,서울,2018-08-28 12:00,25.2,0,2,0,1.4,0,160,0,89,0,28.4,23.2,1002.5,0,1012.3,0,0,0,.32,0,10,8,StNs,3,340,,1901,25.5,0,26.5,25.8,25.1,25.4
108,서울,2018-08-28 13:00,24.6,0,9.5,0,.5,0,360,0,97,0,29.8,24,1002.2,0,1011.9,0,0,0,.1,0,10,8,StNs,2,765,,1901,24.9,0,25.5,25.8,25.3,25.4
108,서울,2018-08-28 14:00,24.9,0,4,0,.5,0,70,0,97,0,30.4,24.3,1001.8,0,1011.6,0,0,0,.36,0,10,8,StNs,2,766,,1901,26.5,0,25.6,25.7,25.4,25.5
108,서울,2018-08-28 15:00,25.2,0,.5,0,.6,0,50,0,96,0,30.7,24.5,1001.3,0,1011.1,0,0,0,.51,0,10,7,StNs,3,1754,,1901,26.6,0,26.1,25.7,25.4,25.5
108,서울,2018-08-28 16:00,25,0,2.5,0,.7,0,90,0,97,0,30.6,24.4,1000.6,0,1010.4,0,0,0,.17,0,10,7,CbStNs,2,1181,,0401,26.3,0,25.9,25.8,25.4,25.5
108,서울,2018-08-28 17:00,24.8,0,2.5,0,1.8,0,160,0,96,0,30,24.1,1000.8,0,1010.6,0,0,0,.14,0,10,8,StNs,2,564,,190401,25.2,0,25.9,25.9,25.5,25.6
108,서울,2018-08-28 18:00,24.3,0,18.5,0,.8,0,110,0,97,0,29.3,23.7,1000.6,0,1010.3,0,0,0,.01,0,10,9,StNs,1,105,,1901,24.2,0,24.9,25.8,25.5,25.6
108,서울,2018-08-28 19:00,23.9,0,7,0,.8,0,110,0,98,0,28.9,23.5,1000.1,0,1009.8,0,0,0,0,0,10,8,CbStNs,2,1792,,190401,23.9,0,24.6,25.4,25.5,25.6
108,서울,2018-08-28 20:00,23.3,0,15.5,0,3.3,0,360,0,97,0,27.6,22.7,1001.3,0,1011.1,0,0,0,0,0,10,9,CbStNs,1,183,,0401,23.1,0,24.2,25.1,25.4,25.6
108,서울,2018-08-28 21:00,22.9,0,29.5,0,2.1,0,160,0,98,0,27.2,22.5,1001.3,0,1011.1,0,,9,,9,10,8,CbStNs,2,1146,,04,22.8,0,22.8,23.8,24.8,25.1
108,서울,2018-08-28 22:00,22.9,0,.5,0,1.3,0,110,0,97,0,26.9,22.3,1000.9,0,1010.7,0,,9,,9,10,7,StNs,3,2000,,0401,22.8,0,23.1,23.8,24.6,25.1
108,서울,2018-08-28 23:00,22.8,0,3.5,0,1,0,90,0,97,0,26.8,22.2,1000.6,0,1010.4,0,,9,,9,10,8,StNs,3,600,,1901,22.7,0,23.2,23.9,24.5,25.1
108,서울,2018-08-29 00:00,22.7,0,1,0,.3,0,0,0,96,0,26.4,22,1000.4,0,1010.2,0,,9,,9,10,8,StNs,5,2000,,1901,22.7,0,23.2,23.9,24.4,25
108,서울,2018-08-29 01:00,22.8,0,.5,0,.5,0,50,0,97,0,26.8,22.2,1000,0,1009.8,0,,9,,9,10,8,StAs,3,2000,,01,22.9,0,23.3,23.9,24.4,25
108,서울,2018-08-29 02:00,24.2,0,,9,3.6,0,200,0,91,0,27.4,22.6,999.8,0,1009.5,0,,9,,9,9,9,,4,1735,,,23.3,0,23.5,23.9,24.3,24.9
108,서울,2018-08-29 03:00,24.5,0,,9,4.3,0,200,0,87,0,26.6,22.1,999.6,0,1009.3,0,,9,,9,10,7,ScAs,4,1985,,,23.3,0,23.7,24,24.3,24.9
108,서울,2018-08-29 04:00,24.6,0,,9,4,0,200,0,86,0,26.4,22,999.4,0,1009.1,0,,9,,9,10,8,ScAs,4,1968,,,23.4,0,23.8,24.1,24.3,24.9
108,서울,2018-08-29 05:00,24.6,0,0,0,3.6,0,200,0,87,0,26.8,22.2,999.3,0,1009,0,,9,,9,10,7,ScAs,4,1966,,01,23.5,0,23.9,24.1,24.3,24.9
108,서울,2018-08-29 06:00,24.7,0,0,0,3.8,0,200,0,85,0,26.4,22,999.5,0,1009.2,0,0,0,0,0,10,8,ScAs,4,2000,,01,23.6,0,23.9,24.2,24.3,24.8
108,서울,2018-08-29 07:00,25,0,,9,3,0,200,0,85,0,26.8,22.2,999.5,0,1009.3,0,0,0,.02,0,10,8,ScAs,4,2000,,,23.8,0,24.1,24.2,24.3,24.8
108,서울,2018-08-29 08:00,25.3,0,,9,3.4,0,200,0,83,0,26.6,22.1,999.3,0,1009,0,0,0,.14,0,9,9,CuSc,4,1982,,,24.4,0,24.3,24.3,24.4,24.8
108,서울,2018-08-29 09:00,25.8,0,,9,2.7,0,200,0,79,0,26.1,21.8,999.2,0,1008.9,0,0,0,.3,0,10,8,ScAs,5,1963,,,25.2,0,24.6,24.4,24.3,24.8
108,서울,2018-08-29 10:00,26.4,0,,9,2.7,0,230,0,78,0,26.8,22.2,999.2,0,1008.9,0,.1,0,.44,0,9,9,Sc,5,2000,,,25.6,0,25.1,24.5,24.4,24.8
108,서울,2018-08-29 11:00,26.9,0,,9,3.2,0,200,0,74,0,26.1,21.8,998.9,0,1008.6,0,0,0,.45,0,10,10,Sc,6,2000,,,26.4,0,25.4,24.8,24.4,24.8
108,서울,2018-08-29 12:00,27.4,0,,9,4.2,0,200,0,72,0,26.1,21.8,998.9,0,1008.5,0,0,0,.54,0,10,10,Sc,7,1989,,,26.4,0,25.9,25,24.5,24.8
108,서울,2018-08-29 13:00,27.1,0,,9,3.7,0,230,0,75,0,26.8,22.2,999.5,0,1009.2,0,0,0,.28,0,10,7,ScAs,7,1972,,,25.6,0,25.8,25.2,24.6,24.8
108,서울,2018-08-29 14:00,26.8,0,0,0,3.5,0,200,0,77,0,27.1,22.4,999.2,0,1008.9,0,0,0,.11,0,10,8,CbStNs,6,1965,,0401,25.1,0,25.6,25.3,24.7,24.9
108,서울,2018-08-29 15:00,26.9,0,0,0,2.5,0,180,0,77,0,27.2,22.5,998.6,0,1008.3,0,0,0,.26,0,10,8,ScAs,6,1937,,04,26,0,25.6,25.3,24.8,24.9
108,서울,2018-08-29 16:00,27,0,0,0,3.8,0,200,0,76,0,26.9,22.3,998.4,0,1008,0,0,0,.21,0,10,9,CbStNs,4,1875,,04,25.4,0,25.8,25.3,24.8,24.9
108,서울,2018-08-29 17:00,24.6,0,1.5,0,.9,0,90,0,93,0,28.6,23.3,998.4,0,1008.1,0,0,0,0,0,10,9,CbStNs,3,1451,,04,24.3,0,25.3,25.4,24.9,25
108,서울,2018-08-29 18:00,23.9,0,1.5,0,.2,0,0,0,96,0,28.4,23.2,998.3,0,1008,0,0,0,0,0,10,8,CbStNs,3,991,,1904,23.9,0,24.8,25.2,24.9,25
108,서울,2018-08-29 19:00,23.5,0,6.5,0,.3,0,0,0,97,0,27.9,22.9,998.7,0,1008.4,0,0,0,0,0,10,9,CbStNs,2,323,,1904,23.4,0,24.4,25.1,25,25
108,서울,2018-08-29 20:00,23.4,0,21,0,.6,0,90,0,98,0,28.1,23,998.8,0,1008.5,0,0,0,0,0,10,9,CbStNs,1,70,,1904,23.1,0,23.5,24.7,24.9,25.1
108,서울,2018-08-29 21:00,23.7,0,5.5,0,.6,0,230,0,98,0,28.6,23.3,999.1,0,1008.8,0,,9,,9,10,9,StNs,2,410,,1904,,9,,,,
108,서울,2018-08-29 22:00,24.3,0,4.5,0,2.1,0,200,0,97,0,29.3,23.7,999.1,0,1008.8,0,,9,,9,10,9,StNs,2,1028,,190401,,9,,,,
108,서울,2018-08-29 23:00,24.2,0,1,0,.9,0,90,0,94,0,28.3,23.1,998.9,0,1008.6,0,,9,,9,10,9,CbStNs,2,1808,,0401,23.6,0,23.9,24.2,24.5,24.9
108,서울,2018-08-30 00:00,24.7,0,0,0,2.8,0,200,0,94,0,29.1,23.6,999.2,0,1008.9,0,,9,,9,10,9,CbStNs,3,1270,,04,23.7,0,24,24.3,24.4,24.9
108,서울,2018-08-30 01:00,24.9,0,.5,0,2.2,0,250,0,92,0,28.9,23.5,999,0,1008.8,0,,9,,9,10,6,StNs,3,1125,,01,23.8,0,24.1,24.3,24.4,24.8
108,서울,2018-08-30 02:00,24.7,0,6.5,0,1,0,290,0,96,0,29.8,24,998.3,0,1008,0,,9,,9,10,8,CbStNs,3,337,,190401,23.9,0,24.2,24.3,24.4,24.8
108,서울,2018-08-30 03:00,24.1,0,1.5,0,2.5,0,320,0,97,0,28.9,23.5,998.6,0,1008.3,0,,9,,9,10,8,StNs,2,1989,,190401,23.8,0,24.2,24.3,24.4,24.8
108,서울,2018-08-30 04:00,23.9,0,0,0,.4,0,0,0,96,0,28.4,23.2,998.6,0,1008.3,0,,9,,9,10,7,ScAs,6,1797,,01,23.7,0,24.1,24.4,24.4,24.8
108,서울,2018-08-30 05:00,24,0,.5,0,.9,0,270,0,97,0,28.8,23.4,998.3,0,1008,0,,9,,9,10,7,ScAs,6,1347,,01,23.7,0,24.1,24.3,24.4,24.8
108,서울,2018-08-30 06:00,24.2,0,0,0,1.6,0,230,0,96,0,28.9,23.5,998.4,0,1008.1,0,,9,,9,10,7,ScAs,6,1206,,01,23.7,0,24.1,24.4,24.4,24.7
108,서울,2018-08-30 07:00,24.3,0,,9,1.4,0,230,0,96,0,29.1,23.6,998.9,0,1008.6,0,0,0,.04,0,9,7,ScAs,5,1025,,,24.1,0,24.2,24.3,24.4,24.7
108,서울,2018-08-30 08:00,24.6,0,,9,1,0,270,0,96,0,29.7,23.9,999.3,0,1009,0,0,0,.19,0,10,7,ScAs,6,883,,19,24.8,0,24.5,24.4,24.4,24.7
108,서울,2018-08-30 09:00,25,0,,9,1.1,0,270,0,92,0,29.1,23.6,999.5,0,1009.3,0,.1,0,.39,0,9,9,Sc,7,782,,19,26.4,0,24.8,24.5,24.4,24.7
108,서울,2018-08-30 10:00,26.1,0,,9,1.5,0,250,0,81,0,27.2,22.5,999.2,0,1008.9,0,.5,0,1.05,0,8,8,Sc,8,860,,19,29.7,0,25.9,24.7,24.4,24.7
108,서울,2018-08-30 11:00,26.2,0,,9,2.6,0,270,0,82,0,27.7,22.8,999.4,0,1009.1,0,.1,0,.59,0,9,9,Sc,4,834,,19,28.1,0,26.4,25.2,24.5,24.7
108,서울,2018-08-30 12:00,27,0,,9,2.5,0,270,0,74,0,26.3,21.9,999.1,0,1008.8,0,0,0,.94,0,10,10,Sc,5,915,,19,29.7,0,26.9,25.5,24.6,24.7
108,서울,2018-08-30 13:00,28.2,0,,9,2.2,0,250,0,66,0,25.2,21.2,999.1,0,1008.7,0,.4,0,1.81,0,9,9,Sc,8,1006,,19,32.6,0,28.3,25.9,24.7,24.7
108,서울,2018-08-30 14:00,27.5,0,,9,2.8,0,270,0,66,0,24.1,20.5,999,0,1008.6,0,0,0,.76,0,10,5,ScAs,11,989,,40,29.4,0,28.1,26.4,24.9,24.8
108,서울,2018-08-30 15:00,27.2,0,,9,3.5,0,290,0,69,0,24.9,21,998.8,0,1008.4,0,0,0,.95,0,10,4,ScAs,16,963,,40,29.2,0,28.1,26.6,25.1,24.8
108,서울,2018-08-30 16:00,27.6,0,,9,2.1,0,290,0,68,0,25,21.1,998.5,0,1008.1,0,.8,0,1.46,0,10,3,ScAs,7,1038,,40,30,0,28.7,26.8,25.3,24.9
108,서울,2018-08-30 17:00,26.8,0,,9,2.6,0,290,0,73,0,25.6,21.5,998.8,0,1008.5,0,0,0,.37,0,10,6,ScAs,9,916,,40,27.4,0,27.9,26.9,25.5,25
108,서울,2018-08-30 18:00,26.1,0,0,0,2.4,0,270,0,72,0,24.3,20.6,999,0,1008.7,0,0,0,.19,0,10,7,ScAs,9,1066,,4001,25.8,0,27.2,26.9,25.6,25.2
108,서울,2018-08-30 19:00,25.1,0,.5,0,2.1,0,290,0,74,0,23.5,20.1,999.3,0,1009,0,0,0,0,0,10,7,ScAs,10,1105,,01,24.4,0,26.3,26.6,25.7,25.3
108,서울,2018-08-30 20:00,24.9,0,0,0,1.2,0,290,0,70,0,22,19,999.6,0,1009.4,0,0,0,0,0,9,8,ScAs,15,1377,,01,24,0,25.7,26.3,25.7,25.3
108,서울,2018-08-30 21:00,24.8,0,,9,1.4,0,290,0,72,0,22.5,19.4,1000.1,0,1009.9,0,,9,,9,7,7,Sc,14,1298,,,23.7,0,25.4,26,25.7,25.4
108,서울,2018-08-30 22:00,24.6,0,,9,1.5,0,290,0,71,0,21.8,18.9,1000,0,1009.7,0,,9,,9,9,8,,12,1319,,,23.5,0,25.1,25.8,25.6,25.4
108,서울,2018-08-30 23:00,24.3,0,,9,.8,0,290,0,71,0,21.4,18.6,999.8,0,1009.5,0,,9,,9,7,3,,13,1549,,,23,0,24.9,25.6,25.6,25.4
108,서울,2018-08-31 00:00,23.9,0,,9,1.7,0,270,0,75,0,22.1,19.1,1000.4,0,1010.1,0,,9,,9,9,2,,,1192,,,22.8,0,24.5,25.4,25.4,25.4
108,서울,2018-08-31 01:00,23.7,0,,,1.1,0,320,0,77,0,22.5,19.4,1000.3,0,1010,0,,9,,9,10,9,,26,1099,,,22.8,0,24.3,25.2,25.4,25.4
108,서울,2018-08-31 02:00,23.4,0,0,0,.4,0,0,0,79,0,22.7,19.5,1000.3,0,1010.1,0,,9,,9,10,6,ScAs,17,1045,,01,22.8,0,24.2,25,25.3,25.4
108,서울,2018-08-31 03:00,23.3,0,0,0,1.7,0,270,0,81,0,23.1,19.8,1000,0,1009.8,0,,9,,9,10,6,ScAs,10,1068,,01,22.7,0,24.1,24.9,25.2,25.4
108,서울,2018-08-31 04:00,23.2,0,0,0,1.6,0,340,0,83,0,23.5,20.1,999.6,0,1009.4,0,,9,,9,10,5,ScAs,10,1102,,01,22.6,0,24,24.8,25.1,25.3
108,서울,2018-08-31 05:00,23.1,0,0,0,.5,0,320,0,84,0,23.7,20.2,999.5,0,1009.3,0,,9,,9,10,5,ScAs,10,1022,,01,22.5,0,23.9,24.7,25,25.3
108,서울,2018-08-31 06:00,22.9,0,,9,0,0,0,0,83,0,23.1,19.8,999.9,0,1009.7,0,,9,,9,10,5,ScAs,10,1239,,,22.5,0,23.8,24.6,24.9,25.3
108,서울,2018-08-31 07:00,22.9,0,0,0,.6,0,50,0,83,0,23.1,19.8,1000.5,0,1010.3,0,0,0,.01,0,10,6,ScAs,5,1127,,01,22.6,0,23.7,24.5,24.9,25.2
108,서울,2018-08-31 08:00,23.1,0,.1,0,.2,0,0,0,80,0,22.5,19.4,1000.9,0,1010.7,0,0,0,.27,0,10,5,ScAs,14,1066,,1901,24.2,0,23.9,24.4,24.8,25.1
108,서울,2018-08-31 09:00,24.1,0,0,0,.9,0,250,0,69,0,20.6,18,1000.8,0,1010.5,0,.6,0,.76,0,8,3,ScAc,5,1662,,01,26.5,0,24.6,24.5,24.7,25.1
108,서울,2018-08-31 10:00,25.5,0,,9,2.3,0,270,0,53,0,17.3,15.2,1001.1,0,1010.8,0,.8,0,1.81,0,3,1,ScAc,10,1843,,,30.1,0,26.1,24.8,24.7,25
108,서울,2018-08-31 11:00,26.7,0,,9,2.7,0,290,0,51,0,17.8,15.7,1000.8,0,1010.5,0,1,0,2.65,0,3,1,ScAc,10,1925,,,33.2,0,28.3,25.4,24.7,25
108,서울,2018-08-31 12:00,27.8,0,,9,2.9,0,290,0,47,0,17.5,15.4,1000.6,0,1010.2,0,1,0,2.99,0,3,1,ScCi,10,1905,,,35.3,0,30,26.3,24.9,25
108,서울,2018-08-31 13:00,28.7,0,,9,2.6,0,290,0,46,0,18.1,15.9,1000.1,0,1009.7,0,1,0,3.1,0,2,1,ScCi,10,1815,,,36.3,0,31.5,27.2,25.2,25
108,서울,2018-08-31 14:00,29.3,0,,9,1.9,0,270,0,41,0,16.6,14.6,999.8,0,1009.4,0,1,0,3,0,2,1,ScCi,10,1928,,,37,0,32.2,28.1,25.5,25.1
108,서울,2018-08-31 15:00,30.3,0,,9,2.5,0,230,0,41,0,17.6,15.5,999.3,0,1008.9,0,1,0,2.72,0,2,2,Sc,10,1864,,,36.7,0,32.6,28.7,25.9,25.2
108,서울,2018-08-31 16:00,29.7,0,,9,3,0,290,0,51,0,21.2,18.4,999.1,0,1008.6,0,1,0,2.27,0,3,2,ScCi,13,2000,,,34.6,0,32.4,29.1,26.3,25.4
108,서울,2018-08-31 17:00,29.1,0,,9,2.8,0,270,0,49,0,19.6,17.2,999.4,0,1009,0,1,0,1.57,0,2,2,Sc,13,1969,,,31.1,0,31.4,29.3,26.7,25.6
108,서울,2018-08-31 18:00,28.4,0,,9,2.4,0,290,0,57,0,22,19,999.5,0,1009.1,0,1,0,.84,0,1,1,Sc,10,2000,,,27.4,0,29.9,29.1,26.9,25.8
108,서울,2018-08-31 19:00,26.5,0,,9,2.3,0,290,0,69,0,23.8,20.3,999.9,0,1009.6,0,.7,0,.18,0,2,0,,,2000,,,24.7,0,28.3,28.7,27.1,26
108,서울,2018-08-31 20:00,25.4,0,,9,1.6,0,290,0,74,0,24,20.4,1000.5,0,1010.2,0,0,0,0,0,8,0,,,2000,,,23.7,0,27.1,28.1,27.1,26.1
108,서울,2018-08-31 21:00,24.5,0,,9,1.2,0,270,0,78,0,24,20.4,1001.1,0,1010.8,0,,9,,9,2,0,Ci,,2000,,,22.8,0,26.2,27.5,27,26.2
108,서울,2018-08-31 22:00,24.1,0,,9,.9,0,270,0,80,0,24,20.4,1001.2,0,1010.9,0,,9,,9,1,0,,,1852,,,22.3,0,25.5,27,26.9,26.3
108,서울,2018-08-31 23:00,23.8,0,,9,.6,0,340,0,81,0,23.8,20.3,1001.4,0,1011.1,0,,9,,9,2,0,,,1893,,,22,0,25,26.6,26.7,26.3
108,서울,2018-09-01 00:00,23.2,0,,9,.5,0,290,0,83,0,23.5,20.1,1001.5,0,1011.3,0,,9,,9,0,0,,,1887,,,21.5,0,24.5,26.2,26.5,26.3
108,서울,2018-09-01 01:00,22.7,0,,,.1,0,0,0,83,0,22.8,19.6,1001.3,0,1011.1,0,,9,,9,0,0,,,1940,,,21,0,24,25.8,26.3,26.3
108,서울,2018-09-01 02:00,22,0,,,.4,0,0,0,86,0,22.7,19.5,1001.2,0,1011,0,,9,,9,0,0,,,1703,,,20.4,0,23.6,25.5,26.2,26.2
108,서울,2018-09-01 03:00,21.6,0,,,.3,0,0,0,87,0,22.4,19.3,1001,0,1010.9,0,,9,,9,0,0,,,1579,,,20.3,0,23.2,25.2,26,26.2
108,서울,2018-09-01 04:00,21.2,0,,,.9,0,20,0,88,0,22.1,19.1,1000.8,0,1010.7,0,,9,,9,0,0,,,1183,,,20.2,0,23,24.9,25.8,26.1
108,서울,2018-09-01 05:00,21.1,0,,,.6,0,70,0,87,0,21.7,18.8,1001.2,0,1011.1,0,,9,,9,0,0,,,1116,,,20,0,22.8,24.6,25.6,26
108,서울,2018-09-01 06:00,20.9,0,,,.7,0,70,0,87,0,21.4,18.6,1001.6,0,1011.5,0,,9,,9,0,0,,,1198,,,19.9,0,22.6,24.4,25.4,25.9
108,서울,2018-09-01 07:00,21.1,0,,,1,0,70,0,81,0,20.2,17.7,1002,0,1011.9,0,.4,0,.14,0,0,0,,,1738,,,20.4,0,22.5,24.2,25.2,25.8
108,서울,2018-09-01 08:00,22.3,0,,,1.7,0,90,0,64,0,17.2,15.1,1002.3,0,1012.1,0,1,0,.75,0,0,0,,,2000,,,21,0,22.6,24,25,25.7
108,서울,2018-09-01 09:00,24.1,0,,,2.1,0,90,0,56,0,16.7,14.7,1002.5,0,1012.2,0,1,0,1.46,0,0,0,,,1956,,,24.3,0,23.8,24,24.9,25.5
108,서울,2018-09-01 10:00,26,0,,,1.5,0,110,0,54,0,18.1,15.9,1002.9,0,1012.6,0,1,0,2.13,0,0,0,,,2000,,,29.2,0,25.7,24.4,24.8,25.4
108,서울,2018-09-01 11:00,27.6,0,,,1.2,0,140,0,47,0,17.3,15.2,1002.9,0,1012.6,0,1,0,2.63,0,0,0,,,2000,,,33.8,0,27.9,25.2,24.8,25.4
108,서울,2018-09-01 12:00,28.9,0,,,1.6,0,90,0,46,0,18.3,16.1,1002.2,0,1011.8,0,1,0,2.96,0,0,0,,,1966,,,38.5,0,29.8,26.1,25,25.3
108,서울,2018-09-01 13:00,29.4,0,,,1.9,0,90,0,48,0,19.6,17.2,1001.5,0,1011.1,0,1,0,2.88,0,2,2,Sc,14,1942,,,41.5,0,31.1,27.1,25.2,25.3
108,서울,2018-09-01 14:00,29.7,0,,,1.4,0,70,0,42,0,17.5,15.4,1001,0,1010.6,0,1,0,2.37,0,3,3,Sc,16,2000,,,41.2,0,31.5,28,25.6,25.3
108,서울,2018-09-01 15:00,30,0,,,.9,0,50,0,45,0,19,16.7,1000.4,0,1010,0,.9,0,2.1,0,4,4,Sc,15,2000,,,37.2,0,31.9,28.6,26,25.5
108,서울,2018-09-01 16:00,30.5,0,,,1.4,0,50,0,41,0,17.8,15.7,1000.1,0,1009.7,0,1,0,1.95,0,3,3,Sc,17,1930,,,37.1,0,31.9,29,26.4,25.6
108,서울,2018-09-01 17:00,29.6,0,,,1.3,0,140,0,42,0,17.4,15.3,1000.1,0,1009.7,0,.7,0,.98,0,2,2,Sc,16,2000,,,33,0,30.6,29.1,26.7,25.8
108,서울,2018-09-01 18:00,28.8,0,,,1.3,0,70,0,46,0,18.2,16,1000.4,0,1010,0,.6,0,.58,0,3,3,Sc,17,2000,,,29.1,0,29.5,29,27,26
108,서울,2018-09-01 19:00,27.8,0,,,1.1,0,70,0,48,0,17.8,15.7,1000.8,0,1010.4,0,0,0,.08,0,6,1,,16,2000,,,26.6,0,28.1,28.6,27.1,26.1
108,서울,2018-09-01 20:00,26.9,0,,,2.1,0,70,0,49,0,17.3,15.2,1001.3,0,1011,0,0,0,0,0,4,4,,16,2000,,,25.6,0,27.2,28.1,27.1,26.3
108,서울,2018-09-01 21:00,26,0,,,1.4,0,110,0,52,0,17.4,15.3,1001.7,0,1011.4,0,,9,,9,5,5,Sc,14,2000,,,24.1,0,26.4,27.6,27.1,26.4
108,서울,2018-09-01 22:00,25.1,0,,,2,0,90,0,53,0,16.8,14.8,1001.9,0,1011.7,0,,9,,9,7,5,,16,2000,,,23.9,0,25.8,27.1,26.9,26.4
108,서울,2018-09-01 23:00,24.4,0,,,1.6,0,90,0,54,0,16.4,14.4,1002.2,0,1011.9,0,,9,,9,8,5,,22,2000,,,22.8,0,25.3,26.8,26.8,26.4
108,서울,2018-09-02 00:00,23.5,0,,,1.5,0,90,0,56,0,16.2,14.2,1002.2,0,1012,0,,9,,9,0,0,,,2000,,,21.8,0,24.7,26.3,26.6,26.4
108,서울,2018-09-02 01:00,22.8,0,,,1.5,0,110,0,59,0,16.3,14.3,1002.5,0,1012.3,0,,9,,9,4,0,,,2000,,,21.1,0,24.1,25.9,26.4,26.4
108,서울,2018-09-02 02:00,22,0,,,1.2,0,90,0,60,0,15.8,13.8,1002.5,0,1012.4,0,,9,,9,4,0,,,2000,,,20.5,0,23.6,25.6,26.3,26.3
108,서울,2018-09-02 03:00,21.5,0,,,1.3,0,90,0,61,0,15.6,13.6,1002.4,0,1012.3,0,,9,,9,2,0,Ci,,2000,,,20,0,23.2,25.2,26.1,26.3
108,서울,2018-09-02 04:00,21.1,0,,,1.8,0,90,0,62,0,15.5,13.5,1002,0,1011.9,0,,9,,9,4,0,Ci,,2000,,,19.5,0,22.8,24.9,25.9,26.2
108,서울,2018-09-02 05:00,20.6,0,,,1.1,0,90,0,65,0,15.7,13.7,1001.8,0,1011.7,0,,9,,9,2,0,Ci,,2000,,,19.1,0,22.4,24.6,25.7,26.1
108,서울,2018-09-02 06:00,20.2,0,,,1,0,90,0,66,0,15.6,13.6,1001.6,0,1011.5,0,,9,,9,0,0,,,2000,,,18.7,0,22.1,24.3,25.5,26
108,서울,2018-09-02 07:00,20.2,0,,,1.4,0,90,0,65,0,15.4,13.4,1001.7,0,1011.6,0,.4,0,.16,0,1,0,Ci,,2000,,,18.9,0,21.9,24,25.3,25.9
108,서울,2018-09-02 08:00,21.3,0,,,1.3,0,90,0,57,0,14.4,12.4,1001.2,0,1011.1,0,1,0,.81,0,1,0,Ci,,2000,,,19.7,0,21.9,23.7,25,25.7
108,서울,2018-09-02 09:00,23.4,0,,,1.3,0,90,0,52,0,14.9,12.9,1001.1,0,1010.9,0,1,0,1.53,0,1,0,Ci,,1997,,,24,0,23.3,23.7,24.8,25.6
108,서울,2018-09-02 10:00,25,0,,,1.5,0,90,0,47,0,14.8,12.8,1001.1,0,1010.9,0,1,0,2.17,0,1,0,Ci,,2000,,,30.6,0,25.4,24.1,24.7,25.4
108,서울,2018-09-02 11:00,26.5,0,,,1.4,0,90,0,44,0,15.2,13.2,1000.4,0,1010.1,0,1,0,2.62,0,6,0,Ci,,1958,,,36.4,0,27.7,24.9,24.7,25.4
108,서울,2018-09-02 12:00,27.5,0,,,1.4,0,70,0,43,0,15.7,13.7,999.2,0,1008.8,0,1,0,2.75,0,6,0,Ci,,1959,,,41.2,0,29.3,25.9,24.9,25.3
108,서울,2018-09-02 13:00,28.5,0,,,1.7,0,90,0,42,0,16.3,14.3,998.5,0,1008.1,0,1,0,2.94,0,7,0,Ci,,1990,,,42.5,0,31,26.9,25.1,25.3
108,서울,2018-09-02 14:00,29.1,0,,,1.4,0,50,0,43,0,17.3,15.2,998.2,0,1007.8,0,1,0,2.39,0,8,0,Ci,,2000,,,42.2,0,31.4,27.9,25.5,25.4
108,서울,2018-09-02 15:00,29.3,0,,,1.5,0,90,0,43,0,17.5,15.4,997.7,0,1007.2,0,.9,0,2.4,0,8,1,ScCi,19,1958,,,43.9,0,31.9,28.5,25.9,25.4
108,서울,2018-09-02 16:00,29.3,0,,,1.4,0,110,0,44,0,17.8,15.7,997.4,0,1006.9,0,.4,0,1.32,0,9,2,ScAcCi,15,1997,,,37.1,0,31.4,28.9,26.3,25.6
108,서울,2018-09-02 17:00,28.8,0,,,2,0,160,0,47,0,18.5,16.3,997.1,0,1006.7,0,.5,0,1,0,9,2,ScCi,15,1998,,,33.4,0,30.7,29,26.6,25.7
108,서울,2018-09-02 18:00,27.9,0,,,1.7,0,140,0,52,0,19.5,17.1,997.3,0,1006.9,0,0,0,.2,0,9,5,ScCi,15,2000,,,29.5,0,29.3,28.9,26.9,25.9
108,서울,2018-09-02 19:00,27.3,0,,,1.5,0,140,0,54,0,19.5,17.1,997.4,0,1007,0,0,0,.05,0,10,1,,14,2000,,,27.7,0,28.3,28.5,27,26.1
108,서울,2018-09-02 20:00,26.9,0,,,1.6,0,160,0,56,0,19.7,17.3,997.5,0,1007.1,0,0,0,0,0,10,1,,14,2000,,,26.5,0,27.5,28.2,27,26.2
108,서울,2018-09-02 21:00,26.2,0,,,2.3,0,140,0,62,0,21,18.3,997.5,0,1007.2,0,,9,,9,9,4,ScCi,15,2000,,,25.6,0,26.9,27.7,27,26.3
108,서울,2018-09-02 22:00,25.7,0,,,1.1,0,140,0,64,0,21,18.3,997.3,0,1007,0,,9,,9,10,1,,11,2000,,,25.2,0,26.4,27.4,26.9,26.3
108,서울,2018-09-02 23:00,25.1,0,,,2.2,0,160,0,65,0,20.6,18,997.5,0,1007.2,0,,9,,9,10,9,,47,2000,,,24.7,0,26,27,26.8,26.4
108,서울,2018-09-03 00:00,24.7,0,,,1.2,0,110,0,67,0,20.8,18.1,997.1,0,1006.8,0,,9,,9,9,4,ScAs,13,2000,,,24.4,0,25.7,26.8,26.7,26.4
108,서울,2018-09-03 01:00,24.5,0,,,.5,0,140,0,68,0,20.8,18.1,996.7,0,1006.4,0,,9,,9,9,9,,11,2000,,,24.4,0,25.5,26.5,26.5,26.3
108,서울,2018-09-03 02:00,24.3,0,,,1,0,90,0,68,0,20.6,18,996.3,0,1006,0,,9,,9,8,8,,11,2000,,,24.3,0,25.3,26.3,26.4,26.3
108,서울,2018-09-03 03:00,24.2,0,,,.3,0,0,0,70,0,21,18.3,996,0,1005.7,0,,9,,9,10,7,ScAs,10,2000,,,24.2,0,25.2,26.1,26.3,26.2
108,서울,2018-09-03 04:00,24,0,,,1.2,0,140,0,70,0,20.8,18.1,995.5,0,1005.2,0,,9,,9,10,7,ScAs,9,2000,,,24,0,25.1,25.9,26.1,26.2
108,서울,2018-09-03 05:00,23.9,0,,,1.5,0,110,0,70,0,20.6,18,995.1,0,1004.8,0,,9,,9,10,8,ScAs,9,2000,,,23.9,0,24.9,25.8,26.1,26.1
108,서울,2018-09-03 06:00,23.8,0,,,1.2,0,110,0,71,0,20.9,18.2,995,0,1004.7,0,,9,,9,10,8,ScAs,8,2000,,,23.7,0,24.8,25.7,26,26.1
108,서울,2018-09-03 07:00,23.9,0,,,.4,0,0,0,71,0,21,18.3,994.6,0,1004.3,0,0,0,.02,0,10,8,ScAs,7,2000,,,24.1,0,24.7,25.6,25.9,26
108,서울,2018-09-03 08:00,24.2,0,,,1.4,0,90,0,70,0,21,18.3,994.5,0,1004.2,0,0,0,.16,0,10,8,ScAs,7,2000,,,25,0,24.9,25.5,25.8,26
108,서울,2018-09-03 09:00,23.6,0,2,0,1.2,0,70,0,86,0,25,21.1,994.6,0,1004.3,0,0,0,.14,0,10,8,StNs,6,336,,1901,23.6,0,24.9,25.5,25.7,26
108,서울,2018-09-03 10:00,23.3,0,.5,0,.7,0,70,0,89,0,25.3,21.3,994.1,0,1003.8,0,0,0,.2,0,10,7,ScAs,6,1716,,1901,24.4,0,24.8,25.4,25.6,25.9
108,서울,2018-09-03 11:00,23.7,0,0,0,.6,0,90,0,86,0,25.2,21.2,993.4,0,1003.1,0,0,0,.31,0,10,7,ScAs,6,1798,,01,25.1,0,24.9,25.4,25.6,25.8
108,서울,2018-09-03 12:00,23.9,0,0,0,1.1,0,140,0,83,0,24.6,20.8,992.7,0,1002.4,0,0,0,.27,0,10,7,ScAs,5,1901,,01,25.2,0,25,25.4,25.5,25.8
108,서울,2018-09-03 13:00,24.9,0,0,0,1.5,0,110,0,78,0,24.4,20.7,991.6,0,1001.3,0,0,0,.72,0,10,7,ScAs,5,1910,,01,27.2,0,25.7,25.4,25.5,25.8
108,서울,2018-09-03 14:00,25.6,0,,9,.8,0,70,0,77,0,25.2,21.2,990.7,0,1000.3,0,0,0,.78,0,10,7,ScAs,7,1930,,,27.7,0,26.5,25.7,25.5,25.7
108,서울,2018-09-03 15:00,25.7,0,0,0,.7,0,340,0,81,0,26.6,22.1,990.1,0,999.7,0,0,0,.43,0,10,7,ScAs,7,1825,,01,27,0,26.5,26,25.5,25.7
108,서울,2018-09-03 16:00,25.5,0,3.5,0,1.3,0,290,0,91,0,29.7,23.9,989.4,0,999,0,0,0,.23,0,10,8,StNs,5,403,,1901,25.8,0,26.2,26.1,25.6,25.7
108,서울,2018-09-03 17:00,22.7,0,13,0,4.9,0,290,0,96,0,26.4,22,989.9,0,999.6,0,0,0,.07,0,10,8,StNs,2,452,,1901,23.5,0,25,26,25.7,25.7
108,서울,2018-09-03 18:00,21.9,0,13,0,1.8,0,200,0,97,0,25.3,21.3,989.8,0,999.5,0,0,0,.02,0,10,8,StNs,2,757,,1901,22.5,0,23.5,25.3,25.7,25.7
108,서울,2018-09-03 19:00,21.7,0,1,0,.2,0,0,0,97,0,25,21.1,988.9,0,998.6,0,0,0,.01,0,10,8,StNs,7,1154,,1901,22.5,0,23.6,25,25.5,25.7
108,서울,2018-09-03 20:00,21.5,0,.5,0,.3,0,0,0,97,0,24.7,20.9,989,0,998.7,0,,9,,9,10,7,StNs,7,2000,,01,22.3,0,23.6,24.7,25.3,25.7
108,서울,2018-09-03 21:00,21.6,0,.5,0,.5,0,70,0,97,0,24.9,21,989.3,0,999,0,,9,,9,10,8,StNs,8,646,,1901,22.2,0,23.5,24.6,25.2,25.7
108,서울,2018-09-03 22:00,21.7,0,.5,0,.4,0,0,0,97,0,25,21.1,988.8,0,998.5,0,,9,,9,10,6,StNs,2,440,,1901,22.3,0,23.5,24.5,25.1,25.6
108,서울,2018-09-03 23:00,21.7,0,0,0,.8,0,90,0,97,0,25,21.1,988.3,0,998,0,,9,,9,9,5,ScAs,8,838,,1901,22.1,0,23.4,24.4,25,25.5
108,서울,2018-09-04 00:00,21.4,0,,9,.1,0,0,0,97,0,24.6,20.8,987.9,0,997.6,0,,9,,9,8,5,ScAc,8,404,,19,21.6,0,23.2,24.3,24.9,25.5
108,서울,2018-09-04 01:00,21.3,0,,,1.1,0,290,0,97,0,24.4,20.7,987.4,0,997.1,0,,9,,9,8,8,,7,570,,19,21.6,0,23.1,24.2,24.8,25.4
108,서울,2018-09-04 02:00,20.9,0,,,.4,0,0,0,96,0,23.7,20.2,987.4,0,997.2,0,,9,,9,8,1,,72,970,,19,21,0,22.9,24.1,24.8,25.4
108,서울,2018-09-04 03:00,20.6,0,,,.2,0,0,0,97,0,23.5,20.1,986.7,0,996.5,0,,9,,9,9,3,ScCi,10,500,,19,20.7,0,22.6,24,24.7,25.3
108,서울,2018-09-04 04:00,20.4,0,,,2.7,0,320,0,97,0,23.2,19.9,987,0,996.8,0,,9,,9,9,4,ScCi,6,704,,19,20.6,0,22.5,23.8,24.6,25.2
108,서울,2018-09-04 05:00,20.2,0,,,1.2,0,290,0,97,0,22.9,19.7,987,0,996.8,0,,9,,9,9,3,ScCi,10,528,,19,20.4,0,22.3,23.7,24.5,25.1
108,서울,2018-09-04 06:00,20,0,,,0,0,0,0,97,0,22.7,19.5,987,0,996.8,0,,9,,9,8,0,Ci,,647,,19,20.1,0,22.1,23.5,24.4,25.1
108,서울,2018-09-04 07:00,20.1,0,,,1.9,0,270,0,97,0,22.8,19.6,987.9,0,997.7,0,0,0,.03,0,8,5,StCi,1,443,,19,20.5,0,22,23.4,24.3,25
108,서울,2018-09-04 08:00,20.5,0,,,1.9,0,320,0,90,0,21.6,18.7,988.3,0,998.1,0,.7,0,.53,0,8,8,St,5,490,,19,21.5,0,22.3,23.3,24.2,24.9
108,서울,2018-09-04 09:00,21.6,0,,,2.3,0,290,0,81,0,20.8,18.1,988.3,0,998,0,.8,0,1.2,0,2,2,Sc,8,1669,,19,24.7,0,23.1,23.3,24.1,24.8
108,서울,2018-09-04 10:00,23.1,0,,,3.1,0,320,0,73,0,20.5,17.9,988.2,0,997.9,0,1,0,2.24,0,5,5,Cu,10,2000,,,28.7,0,25.4,23.7,24,24.7
108,서울,2018-09-04 11:00,24.5,0,,,2.7,0,320,0,64,0,19.6,17.2,988,0,997.6,0,1,0,2.7,0,2,2,Cu,12,2000,,,31.8,0,27.5,24.5,24.1,24.7
108,서울,2018-09-04 12:00,25.8,0,,,2.8,0,340,0,57,0,18.9,16.6,987.1,0,996.7,0,1,0,3.02,0,6,6,Sc,9,2000,,,34.7,0,29.7,25.6,24.3,24.7
108,서울,2018-09-04 13:00,26.5,0,,,2.8,0,340,0,58,0,20,17.5,986.5,0,996.1,0,1,0,2.87,0,5,5,Sc,12,2000,,,34.3,0,30.9,26.6,24.6,24.7
108,서울,2018-09-04 14:00,27.4,0,,,3.8,0,270,0,52,0,18.9,16.6,986.1,0,995.6,0,1,0,2.67,0,6,6,Sc,10,1998,,,34,0,31.6,27.4,25,24.8
108,서울,2018-09-04 15:00,26.7,0,,,3.4,0,340,0,51,0,17.8,15.7,985.9,0,995.4,0,1,0,2.09,0,5,5,Sc,11,2000,,,30.3,0,31.3,28.1,25.4,24.9
108,서울,2018-09-04 16:00,27.1,0,,,4.3,0,290,0,47,0,16.8,14.8,986.2,0,995.7,0,1,0,1.82,0,4,4,Sc,14,2000,,,30.2,0,30.6,28.2,25.7,25
108,서울,2018-09-04 17:00,27.6,0,,,3.3,0,290,0,47,0,17.3,15.2,986.7,0,996.2,0,1,0,1.49,0,6,6,Sc,14,2000,,,28.9,0,29.9,28.2,26,25.2
108,서울,2018-09-04 18:00,26.8,0,,,2.6,0,290,0,53,0,18.6,16.4,987.4,0,997,0,1,0,.8,0,8,8,Sc,14,2000,,,26.1,0,28.8,28,26.2,25.4
108,서울,2018-09-04 19:00,25.1,0,,,3.1,0,290,0,49,0,15.6,13.6,988.5,0,998.1,0,.5,0,.18,0,4,4,,,2000,,,22.9,0,27.1,27.6,26.3,25.5
108,서울,2018-09-04 20:00,23.7,0,,,3.3,0,290,0,49,0,14.3,12.3,989.5,0,999.1,0,,9,,9,2,0,,,2000,,,21.1,0,25.5,27,26.3,25.7
108,서울,2018-09-04 21:00,22.9,0,,,3,0,290,0,55,0,15.3,13.3,990.5,0,1000.2,0,,9,,9,0,0,,,2000,,,20.3,0,24.4,26.3,26.2,25.7
108,서울,2018-09-04 22:00,22.2,0,,,1.5,0,250,0,58,0,15.5,13.5,990.7,0,1000.4,0,,9,,9,2,0,,,2000,,,20,0,23.6,25.7,26,25.8
108,서울,2018-09-04 23:00,21.7,0,,,.5,0,320,0,60,0,15.5,13.5,990.8,0,1000.6,0,,9,,9,3,1,,,2000,,,19.7,0,23,25.2,25.8,25.8
108,서울,2018-09-05 00:00,21.1,0,,,1.5,0,270,0,64,0,16,14,991.1,0,1000.9,0,,9,,9,3,3,Sc,19,2000,,,19.3,0,22.5,24.7,25.6,25.7
108,서울,2018-09-05 01:00,20.9,0,,,1.1,0,230,0,66,0,16.3,14.3,991,0,1000.8,0,,9,,9,1,1,,,2000,,,19.2,0,22.1,24.3,25.4,25.7
108,서울,2018-09-05 02:00,20.6,0,,,.9,0,270,0,72,0,17.4,15.3,990.9,0,1000.7,0,,9,,9,1,0,,,2000,,,18.9,0,21.7,24,25.2,25.6
108,서울,2018-09-05 03:00,20.2,0,,,.4,0,0,0,77,0,18.2,16,991.1,0,1000.9,0,,9,,9,0,0,,,2000,,,18.7,0,21.4,23.7,25,25.5
108,서울,2018-09-05 04:00,19.9,0,,,.2,0,0,0,81,0,18.8,16.5,991.3,0,1001.2,0,,9,,9,0,0,,,2000,,,18.5,0,21.1,23.4,24.8,25.4
108,서울,2018-09-05 05:00,19.7,0,,,.5,0,270,0,82,0,18.8,16.5,991.6,0,1001.4,0,,9,,9,2,2,Sc,19,2000,,,18.4,0,20.8,23.1,24.6,25.3
108,서울,2018-09-05 06:00,19.8,0,,,.5,0,270,0,82,0,18.9,16.6,992.1,0,1002,0,,9,,9,1,1,Sc,19,2000,,,18.2,0,20.6,22.9,24.4,25.2
108,서울,2018-09-05 07:00,19.8,0,,,.9,0,270,0,79,0,18.2,16,992.5,0,1002.4,0,.3,0,.13,0,0,0,,,2000,,,18.6,0,20.5,22.6,24.2,25.1
108,서울,2018-09-05 08:00,21.2,0,,,1.9,0,250,0,69,0,17.3,15.2,992.7,0,1002.5,0,1,0,.74,0,0,0,,,2000,,,19.7,0,20.8,22.5,24,24.9
108,서울,2018-09-05 09:00,23.4,0,,,3,0,270,0,59,0,16.9,14.9,993,0,1002.7,0,1,0,1.46,0,0,0,,,1974,,,23.6,0,22.4,22.6,23.8,24.8
108,서울,2018-09-05 10:00,25.4,0,,,3.9,0,270,0,49,0,15.9,13.9,993.3,0,1003,0,1,0,2.13,0,2,2,Cu,10,1996,,,27.6,0,24.8,23.1,23.7,24.7
108,서울,2018-09-05 11:00,26.4,0,,,2.9,0,290,0,47,0,16.1,14.1,993.2,0,1002.8,0,1,0,2.38,0,5,5,Cu,12,2000,,,29.4,0,26.8,23.9,23.8,24.6
108,서울,2018-09-05 12:00,27.1,0,,,5,0,290,0,44,0,15.7,13.7,992.8,0,1002.4,0,1,0,2.8,0,6,6,Cu,13,2000,,,32.1,0,28.5,24.9,23.9,24.6
108,서울,2018-09-05 13:00,27.3,0,,,4.8,0,290,0,46,0,16.6,14.6,992.6,0,1002.2,0,1,0,2.92,0,7,4,CuCi,13,1983,,,32.2,0,29.6,25.8,24.2,24.6
108,서울,2018-09-05 14:00,27.9,0,,,5,0,250,0,42,0,15.7,13.7,992.4,0,1002,0,1,0,2.79,0,8,4,CuCc,15,1914,,,34,0,30.3,26.5,24.6,24.6
108,서울,2018-09-05 15:00,28.1,0,,,5.1,0,270,0,43,0,16.3,14.3,992.3,0,1001.8,0,1,0,2.65,0,5,5,Cu,14,1929,,,34.7,0,30.8,27.2,24.9,24.7
108,서울,2018-09-05 16:00,28.2,0,,,4,0,290,0,37,0,14.1,12.1,992.5,0,1002,0,1,0,2.03,0,2,2,Cu,15,1987,,,34.2,0,30.3,27.6,25.3,24.8
108,서울,2018-09-05 17:00,27.7,0,,,5,0,270,0,40,0,14.8,12.8,992.7,0,1002.3,0,1,0,1.51,0,1,1,Cu,12,2000,,,30.3,0,29.7,27.8,25.6,24.9
108,서울,2018-09-05 18:00,27,0,,,2.4,0,250,0,45,0,16,14,993,0,1002.6,0,1,0,.77,0,1,1,Sc,13,2000,,,26.6,0,28.2,27.6,25.8,25.1
108,서울,2018-09-05 19:00,25.4,0,,,3.2,0,290,0,55,0,17.7,15.6,993.3,0,1003,0,.5,0,.15,0,0,0,,,2000,,,24,0,26.6,27.2,25.9,25.2
108,서울,2018-09-05 20:00,24.5,0,,,2,0,270,0,64,0,19.6,17.2,993.9,0,1003.5,0,,9,,9,1,0,,,2000,,,22.7,0,25.4,26.6,26,25.3
108,서울,2018-09-05 21:00,23.9,0,,,2.3,0,270,0,75,0,22.1,19.1,994.5,0,1004.2,0,,9,,9,1,1,Sc,10,1975,,,22.2,0,24.6,26.1,25.9,25.4
108,서울,2018-09-05 22:00,23.6,0,,,1.8,0,270,0,82,0,23.8,20.3,994.6,0,1004.3,0,,9,,9,0,0,,,1673,,,22,0,24.1,25.6,25.7,25.4
108,서울,2018-09-05 23:00,23,0,,,1.8,0,270,0,83,0,23.2,19.9,994.5,0,1004.2,0,,9,,9,0,0,,,1469,,,21.4,0,23.7,25.2,25.6,25.5
108,서울,2018-09-06 00:00,22.5,0,,,.5,0,340,0,83,0,22.5,19.4,994.6,0,1004.3,0,,9,,9,1,1,Sc,10,1593,,,20.7,0,23.1,24.9,25.4,25.5
108,서울,2018-09-06 01:00,21.9,0,,,.2,0,0,0,85,0,22.2,19.2,994.6,0,1004.4,0,,9,,9,0,0,,,1410,,,20.2,0,22.6,24.6,25.3,25.4
108,서울,2018-09-06 02:00,21.6,0,,,.2,0,0,0,86,0,22.1,19.1,994.8,0,1004.6,0,,9,,9,1,1,,6,1353,,,20.2,0,22.3,24.2,25.1,25.4
108,서울,2018-09-06 03:00,21.5,0,,,.1,0,0,0,85,0,21.7,18.8,995,0,1004.8,0,,9,,9,5,5,Sc,8,1282,,,20.5,0,22.2,24,24.9,25.3
108,서울,2018-09-06 04:00,21.6,0,,,.4,0,0,0,87,0,22.4,19.3,995,0,1004.8,0,,9,,9,6,6,Sc,5,951,,19,20.5,0,22.2,23.8,24.8,25.2
108,서울,2018-09-06 05:00,21.7,0,,,.6,0,50,0,87,0,22.5,19.4,995.3,0,1005.1,0,,9,,9,8,8,Sc,4,846,,19,21.1,0,22.3,23.6,24.6,25.1
108,서울,2018-09-06 06:00,21.4,0,,,.8,0,20,0,84,0,21.3,18.5,995.6,0,1005.4,0,,9,,9,6,6,Sc,4,1506,,19,20.6,0,22.3,23.6,24.5,25.1
108,서울,2018-09-06 07:00,20.9,0,,,.4,0,0,0,83,0,20.4,17.8,996,0,1005.9,0,0,0,.09,0,8,1,ScCc,4,1388,,,20.8,0,22,23.4,24.4,25
108,서울,2018-09-06 08:00,21.8,0,,,.9,0,90,0,77,0,20,17.5,996,0,1005.8,0,.3,0,.43,0,8,1,ScCc,5,1419,,,22.5,0,22.4,23.4,24.3,24.9
108,서울,2018-09-06 09:00,23.5,0,,,.5,0,70,0,72,0,20.8,18.1,995.8,0,1005.5,0,.5,0,.95,0,9,5,ScAcCi,5,1485,,,25,0,23.7,23.5,24.2,24.8
108,서울,2018-09-06 10:00,24.6,0,,,1.2,0,110,0,70,0,21.6,18.7,995.9,0,1005.5,0,.1,0,.96,0,9,6,ScAcCi,6,1454,,,27.2,0,24.8,23.9,24.1,24.7
108,서울,2018-09-06 11:00,25.9,0,,,2.5,0,200,0,63,0,21,18.3,995.6,0,1005.3,0,.1,0,1.32,0,9,3,ScAcCi,8,1693,,,29.1,0,26.4,24.4,24.1,24.7
108,서울,2018-09-06 12:00,26.9,0,,,2.3,0,200,0,60,0,21.2,18.4,995.1,0,1004.7,0,.3,0,1.67,0,9,2,ScAcCi,9,1592,,,30.9,0,27.7,25,24.3,24.6
108,서울,2018-09-06 13:00,28,0,,,2.3,0,200,0,52,0,19.6,17.2,994.6,0,1004.2,0,.5,0,1.85,0,9,1,ScAcCi,10,1642,,,32.2,0,28.9,25.7,24.4,24.6
108,서울,2018-09-06 14:00,27.9,0,,,3.2,0,230,0,47,0,17.6,15.5,993.8,0,1003.4,0,.3,0,1.65,0,9,1,ScAc,10,1869,,,31.7,0,29.3,26.4,24.7,24.7
108,서울,2018-09-06 15:00,27.8,0,,,3,0,230,0,48,0,17.8,15.7,993.2,0,1002.8,0,.1,0,.93,0,9,2,CuAs,8,1880,,,30.6,0,28.7,26.8,25,24.8
108,서울,2018-09-06 16:00,26.9,0,,,3.9,0,230,0,55,0,19.4,17,993.3,0,1002.9,0,0,0,.54,0,10,3,CuScAs,9,1909,,,27.7,0,27.8,26.8,25.2,24.9
108,서울,2018-09-06 17:00,26.6,0,,,3,0,230,0,63,0,21.8,18.9,992.9,0,1002.5,0,0,0,.43,0,10,3,CuScAs,9,2000,,,27,0,27.2,26.7,25.4,25
108,서울,2018-09-06 18:00,25.8,0,,,2.9,0,200,0,58,0,19.2,16.9,993.1,0,1002.8,0,0,0,.16,0,10,6,CuScAs,9,2000,,,25.4,0,26.5,26.5,25.5,25.1
108,서울,2018-09-06 19:00,25.3,0,,,3.3,0,200,0,71,0,22.8,19.6,993.3,0,1003,0,0,0,.05,0,9,3,,52,2000,,,24.2,0,25.7,26.2,25.5,25.2
108,서울,2018-09-06 20:00,25.1,0,,,3.6,0,200,0,71,0,22.5,19.4,993.7,0,1003.4,0,,9,,9,2,1,,7,2000,,,23.5,0,25.2,25.9,25.5,25.2
108,서울,2018-09-06 21:00,24.6,0,,,2.5,0,200,0,70,0,21.6,18.7,993.8,0,1003.4,0,,9,,9,6,6,Sc,11,2000,,,22.8,0,24.6,25.6,25.4,25.3
108,서울,2018-09-06 22:00,24.3,0,,,2.5,0,180,0,71,0,21.4,18.6,993.2,0,1002.8,0,,9,,9,5,5,,7,1992,,,22.5,0,24.2,25.3,25.3,25.2
108,서울,2018-09-06 23:00,23.9,0,,,4.7,0,200,0,71,0,21,18.3,992.7,0,1002.4,0,,9,,9,2,2,,6,1982,,,22.7,0,24.1,25,25.3,25.3
108,서울,2018-09-07 00:00,21.3,0,1,0,3.5,0,180,0,82,0,20.6,18,992.3,0,1002.1,0,,9,,9,9,4,,,1933,,01,21.5,0,23.5,24.8,25.2,25.2
108,서울,2018-09-07 01:00,21.6,0,,,2.6,0,180,0,77,0,19.7,17.3,991.8,0,1001.6,0,,9,,9,4,4,,9,1777,,,21.2,0,23.1,24.5,25,25.2
108,서울,2018-09-07 02:00,21.3,0,.5,0,2.2,0,230,0,76,0,19.1,16.8,991.5,0,1001.3,0,,9,,9,10,6,ScAs,10,1559,,01,21,0,22.8,24.3,24.9,25.2
108,서울,2018-09-07 03:00,21.1,0,0,0,1.8,0,200,0,75,0,18.6,16.4,991.6,0,1001.4,0,,9,,9,10,4,ScAs,10,1551,,01,20.8,0,22.6,24.1,24.8,25.1
108,서울,2018-09-07 04:00,20.8,0,,9,1.5,0,200,0,66,0,16.2,14.2,991.5,0,1001.3,0,,9,,9,9,3,ScAs,10,1719,,,20.4,0,22.4,23.9,24.7,25.1
108,서울,2018-09-07 05:00,20.5,0,,9,1.2,0,270,0,67,0,16.1,14.1,991.8,0,1001.6,0,,9,,9,8,8,As,27,1649,,,19.6,0,22,23.6,24.5,25
108,서울,2018-09-07 06:00,20.2,0,,9,1.6,0,200,0,70,0,16.5,14.5,992.2,0,1002.1,0,,9,,9,5,5,Sc,9,1690,,,18.9,0,21.5,23.4,24.4,24.9
108,서울,2018-09-07 07:00,20.3,0,,9,1.8,0,250,0,74,0,17.6,15.5,992.8,0,1002.7,0,0,0,.07,0,8,2,ScAcCi,7,1372,,,19.4,0,21.4,23.1,24.2,24.9
108,서울,2018-09-07 08:00,20.5,0,,9,2.5,0,290,0,78,0,18.8,16.5,993.7,0,1003.6,0,.5,0,.32,0,7,4,ScCi,5,1250,,,20.2,0,21.4,23,24.1,24.8
108,서울,2018-09-07 09:00,21.3,0,,9,2.7,0,320,0,63,0,15.9,13.9,994.3,0,1004.1,0,.9,0,1.15,0,4,1,ScCi,7,1969,,,22.8,0,22.5,22.9,23.9,24.6
108,서울,2018-09-07 10:00,22.6,0,,9,1.8,0,290,0,58,0,15.9,13.9,994.6,0,1004.3,0,1,0,2.02,0,3,0,Ci,,1962,,,27.4,0,24.4,23.2,23.8,24.5
108,서울,2018-09-07 11:00,23.8,0,,9,3.5,0,290,0,51,0,15,13,994.7,0,1004.4,0,1,0,2.62,0,2,0,Ci,,1970,,,30.4,0,26.6,24,23.8,24.5
108,서울,2018-09-07 12:00,24.2,0,,9,3.8,0,320,0,50,0,15.1,13.1,994.8,0,1004.5,0,1,0,2.85,0,6,2,ScCi,13,2000,,,30.2,0,28.4,25,24,24.4
108,서울,2018-09-07 13:00,24.3,0,,9,2.9,0,290,0,50,0,15.2,13.2,995.2,0,1004.9,0,1,0,2.37,0,7,3,ScCi,12,2000,,,29.9,0,29,25.8,24.3,24.5
108,서울,2018-09-07 14:00,25.2,0,,9,3.2,0,270,0,43,0,13.7,11.7,995.3,0,1005,0,1,0,2.59,0,8,3,ScCi,14,1981,,,32.9,0,29.7,26.4,24.6,24.5
108,서울,2018-09-07 15:00,24.7,0,,9,4.2,0,290,0,44,0,13.7,11.6,995.3,0,1004.9,0,1,0,1.92,0,8,3,ScCi,13,2000,,,30.9,0,29.4,26.9,24.8,24.6
108,서울,2018-09-07 16:00,25.2,0,,9,2.8,0,320,0,39,0,12.4,10.2,995.6,0,1005.3,0,1,0,1.65,0,7,3,ScCi,16,1987,,,31.4,0,28.9,27.1,25.1,24.7
108,서울,2018-09-07 17:00,24.5,0,,9,3.2,0,320,0,37,0,11.3,8.8,996.1,0,1005.8,0,1,0,1.04,0,7,1,ScAcCi,10,2000,,,27.2,0,28,27.1,25.4,24.8
108,서울,2018-09-07 18:00,24.4,0,,9,2.4,0,290,0,34,0,10.4,7.5,996.7,0,1006.4,0,1,0,.84,0,6,0,Ci,,2000,,,24.1,0,27,26.9,25.5,24.9
108,서울,2018-09-07 19:00,22.6,0,,9,2.8,0,290,0,39,0,10.6,7.9,997.7,0,1007.5,0,.5,0,.14,0,3,0,,,2000,,,21.2,0,25,26.4,25.6,25.1
108,서울,2018-09-07 20:00,21.6,0,,9,1.4,0,320,0,43,0,11,8.4,998.4,0,1008.2,0,,9,,9,2,0,,,2000,,,19.7,0,23.6,25.7,25.6,25.2
108,서울,2018-09-07 21:00,20.6,0,,9,2.1,0,340,0,48,0,11.6,9.1,999.4,0,1009.3,0,,9,,9,0,0,,,2000,,,18.7,0,22.5,25,25.4,25.2
108,서울,2018-09-07 22:00,19.8,0,,9,1.2,0,320,0,51,0,11.7,9.3,1000,0,1010,0,,9,,9,0,0,,,2000,,,18,0,21.8,24.4,25.2,25.2
108,서울,2018-09-07 23:00,19.4,0,,9,2.8,0,340,0,50,0,11.2,8.6,1000.6,0,1010.5,0,,9,,9,0,0,,,2000,,,17.4,0,21.1,23.9,25,25.2
108,서울,2018-09-08 00:00,19.2,0,,9,3.7,0,340,0,53,0,11.7,9.3,1001,0,1010.9,0,,9,,9,0,0,,,2000,,,17,0,20.6,23.4,24.7,25.1
108,서울,2018-09-08 01:00,18.9,0,,,2.3,0,320,0,55,0,11.9,9.6,1001.4,0,1011.3,0,,9,,9,0,0,,,2000,,,16.7,0,20.2,23,24.5,25
108,서울,2018-09-08 02:00,18.5,0,,,2.3,0,320,0,57,0,12.1,9.8,1001.6,0,1011.5,0,,9,,9,0,0,,,2000,,,16.4,0,19.9,22.6,24.2,24.9
108,서울,2018-09-08 03:00,17.8,0,,,.2,0,0,0,60,0,12.2,9.9,1002.2,0,1012.2,0,,9,,9,0,0,,,2000,,,16.1,0,19.4,22.3,24,24.8
108,서울,2018-09-08 04:00,17.2,0,,,.6,0,320,0,66,0,12.9,10.7,1002.3,0,1012.3,0,,9,,9,0,0,,,2000,,,15.8,0,18.9,21.9,23.8,24.7
108,서울,2018-09-08 05:00,16.7,0,,,.8,0,290,0,70,0,13.2,11.1,1002.3,0,1012.4,0,,9,,9,0,0,,,2000,,,15.4,0,18.6,21.6,23.6,24.6
108,서울,2018-09-08 06:00,16.2,0,,,.3,0,0,0,70,0,12.9,10.7,1002.7,0,1012.8,0,,9,,9,0,0,,,2000,,,15.2,0,18.3,21.3,23.4,24.5
108,서울,2018-09-08 07:00,16,0,,,1.1,0,20,0,70,0,12.7,10.5,1003.3,0,1013.4,0,.2,0,.11,0,0,0,,,2000,,,15.3,0,18,21.1,23.1,24.3
108,서울,2018-09-08 08:00,17.1,0,,,1,0,50,0,57,0,11.1,8.5,1003.8,0,1013.9,0,1,0,.76,0,0,0,,,1979,,,16.3,0,18.2,20.8,22.9,24.2
108,서울,2018-09-08 09:00,19.9,0,,,.6,0,160,0,51,0,11.8,9.4,1004.4,0,1014.4,0,1,0,1.46,0,0,0,,,1906,,,21.2,0,20.2,20.8,22.7,24
108,서울,2018-09-08 10:00,22.2,0,,,.9,0,290,0,43,0,11.5,9,1004.7,0,1014.6,0,1,0,2.09,0,0,0,,,1891,,,26.8,0,23,21.4,22.5,23.8
108,서울,2018-09-08 11:00,24.2,0,,,1.5,0,20,0,41,0,12.4,10.1,1004.3,0,1014,0,1,0,2.62,0,0,0,,,1818,,,32,0,25.8,22.4,22.6,23.7
108,서울,2018-09-08 12:00,25.2,0,,,2.4,0,340,0,36,0,11.5,9,1003.8,0,1013.6,0,1,0,2.93,0,0,0,,,1995,,,35.8,0,27.9,23.6,22.8,23.7
108,서울,2018-09-08 13:00,26.1,0,,,3,0,360,0,32,0,10.8,8.1,1003.7,0,1013.4,0,1,0,3.06,0,0,0,,,1985,,,38.7,0,29.5,24.9,23.1,23.7
108,서울,2018-09-08 14:00,26.8,0,,,2.8,0,340,0,31,0,10.9,8.2,1003,0,1012.7,0,1,0,2.96,0,0,0,,,2000,,,40.1,0,30.8,26,23.5,23.7
108,서울,2018-09-08 15:00,26.9,0,,,2.9,0,340,0,33,0,11.6,9.2,1002.7,0,1012.4,0,1,0,2.65,0,1,1,Sc,10,1997,,,40.4,0,31,26.8,24,23.8
108,서울,2018-09-08 16:00,27.7,0,,,1.4,0,360,0,32,0,11.8,9.4,1002.4,0,1012.1,0,1,0,2.05,0,1,1,Sc,10,2000,,,38.1,0,31,27.3,24.5,23.9
108,서울,2018-09-08 17:00,27.2,0,,,1.7,0,20,0,35,0,12.5,10.3,1002.8,0,1012.5,0,1,0,1.32,0,1,1,Sc,10,2000,,,32.5,0,30,27.6,24.9,24.1
108,서울,2018-09-08 18:00,25.7,0,,,1.5,0,360,0,38,0,12.5,10.3,1003,0,1012.8,0,1,0,.64,0,1,1,Sc,10,2000,,,26.5,0,28.4,27.5,25.2,24.3
108,서울,2018-09-08 19:00,24,0,,,1.9,0,340,0,41,0,12.2,9.9,1003.2,0,1012.9,0,.5,0,.1,0,0,0,,,2000,,,23.3,0,26.3,27.1,25.4,24.5
108,서울,2018-09-08 20:00,22.8,0,,,2,0,340,0,45,0,12.4,10.2,1003.8,0,1013.6,0,,9,,9,0,0,,,2000,,,21.5,0,24.6,26.3,25.5,24.7
108,서울,2018-09-08 21:00,22.1,0,,,1.7,0,290,0,49,0,12.9,10.8,1004.5,0,1014.4,0,,9,,9,0,0,,,2000,,,20.4,0,23.5,25.6,25.4,24.8
108,서울,2018-09-08 22:00,21.5,0,,,2,0,320,0,51,0,13,10.9,1004.5,0,1014.4,0,,9,,9,0,0,,,2000,,,19.6,0,22.7,25,25.2,24.8
108,서울,2018-09-08 23:00,20.7,0,,,1.4,0,290,0,52,0,12.6,10.4,1004.8,0,1014.7,0,,9,,9,0,0,,,2000,,,18.9,0,22,24.5,25,24.9
108,서울,2018-09-09 00:00,19.6,0,,,1.5,0,290,0,53,0,12,9.7,1004.9,0,1014.8,0,,9,,9,0,0,,,2000,,,18,0,21.3,23.9,24.8,24.8
108,서울,2018-09-09 01:00,18.8,0,,,.1,0,0,0,54,0,11.6,9.2,1005,0,1015,0,,9,,9,0,0,,,2000,,,17.3,0,20.7,23.5,24.6,24.8
108,서울,2018-09-09 02:00,18.1,0,,,.3,0,0,0,57,0,11.8,9.4,1005.1,0,1015.1,0,,9,,9,0,0,,,2000,,,16.6,0,20,23,24.3,24.7
108,서울,2018-09-09 03:00,17.4,0,,,.6,0,20,0,57,0,11.2,8.7,1005.2,0,1015.2,0,,9,,9,0,0,,,2000,,,16.1,0,19.5,22.6,24.1,24.6
108,서울,2018-09-09 04:00,17,0,,,0,0,0,0,59,0,11.4,8.9,1005.2,0,1015.3,0,,9,,9,0,0,,,2000,,,15.6,0,19,22.2,23.9,24.5
108,서울,2018-09-09 05:00,16.3,0,,,.5,0,20,0,66,0,12.2,9.9,1005.4,0,1015.5,0,,9,,9,0,0,,,2000,,,15.2,0,18.6,21.8,23.7,24.4
108,서울,2018-09-09 06:00,15.8,0,,,.9,0,20,0,69,0,12.4,10.1,1005.7,0,1015.8,0,,9,,9,0,0,,,2000,,,14.9,0,18.3,21.5,23.4,24.4
108,서울,2018-09-09 07:00,15.7,0,,,.9,0,50,0,68,0,12.1,9.8,1006.3,0,1016.5,0,.2,0,.05,0,0,0,,,2000,,,15.3,0,18.1,21.2,23.2,24.2
108,서울,2018-09-09 08:00,17.4,0,,,.8,0,70,0,56,0,11.1,8.5,1006.4,0,1016.5,0,1,0,.49,0,0,0,,,2000,,,16.5,0,18.3,20.9,22.9,24.1
108,서울,2018-09-09 09:00,20.4,0,,,1.8,0,70,0,51,0,12.2,9.9,1006.7,0,1016.7,0,1,0,1.43,0,0,0,,,2000,,,22.6,0,20.3,20.9,22.7,23.9
108,서울,2018-09-09 10:00,22.9,0,,,1.5,0,70,0,45,0,12.5,10.3,1007,0,1016.8,0,1,0,2.1,0,0,0,,,2000,,,29.8,0,22.9,21.4,22.5,23.7
108,서울,2018-09-09 11:00,24.4,0,,,1.3,0,70,0,41,0,12.4,10.2,1006.6,0,1016.4,0,1,0,2.61,0,0,0,,,1982,,,35.6,0,25.8,22.5,22.6,23.6
108,서울,2018-09-09 12:00,25.9,0,,,1.2,0,50,0,39,0,12.9,10.8,1006.3,0,1016.1,0,1,0,2.89,0,1,1,Sc,10,1950,,,40,0,28.2,23.7,22.8,23.6
108,서울,2018-09-09 13:00,27.2,0,,,1.7,0,140,0,32,0,11.5,9,1006,0,1015.7,0,1,0,3.12,0,2,2,Sc,16,2000,,,43.8,0,30.2,25,23.1,23.6
108,서울,2018-09-09 14:00,28.2,0,,,2,0,140,0,29,0,11,8.4,1005.6,0,1015.3,0,1,0,3.09,0,3,3,Sc,16,2000,,,45.8,0,31.7,26.2,23.5,23.6
108,서울,2018-09-09 15:00,28.9,0,,,1.8,0,360,0,27,0,10.7,8,1005.4,0,1015,0,1,0,2.9,0,4,4,Sc,16,2000,,,45.4,0,32.6,27.2,24,23.7
108,서울,2018-09-09 16:00,27.1,0,,,.9,0,360,0,35,0,12.5,10.3,1005.2,0,1014.9,0,.6,0,1.27,0,4,4,Sc,16,2000,,,33,0,31.2,28,24.6,23.9
108,서울,2018-09-09 17:00,27.7,0,,,1.1,0,90,0,33,0,12.2,9.9,1005.4,0,1015.1,0,.9,0,1.21,0,4,4,Sc,16,2000,,,32.3,0,30.5,28.1,25,24.1
108,서울,2018-09-09 18:00,26,0,,,.3,0,0,0,35,0,11.7,9.3,1005.7,0,1015.5,0,.2,0,.2,0,2,2,Sc,16,2000,,,26.4,0,28.2,27.8,25.4,24.3
108,서울,2018-09-09 19:00,24.1,0,,,2.5,0,270,0,56,0,16.7,14.7,1006,0,1015.8,0,0,0,.04,0,0,0,,,2000,,,23.7,0,26.3,27.2,25.6,24.5
108,서울,2018-09-09 20:00,22.9,0,,,2.6,0,270,0,58,0,16.1,14.1,1006.7,0,1016.5,0,,9,,9,6,0,,,2000,,,22.2,0,25,26.6,25.6,24.6
108,서울,2018-09-09 21:00,22.2,0,,,1.2,0,70,0,57,0,15.2,13.2,1007.5,0,1017.4,0,,9,,9,1,1,Sc,19,2000,,,21.3,0,24.1,25.9,25.5,24.7
108,서울,2018-09-09 22:00,21.8,0,,,1.6,0,70,0,54,0,14,12,1007.9,0,1017.8,0,,9,,9,2,0,,,2000,,,20.6,0,23.4,25.4,25.4,24.8
108,서울,2018-09-09 23:00,21.2,0,,,2.5,0,70,0,56,0,14,12,1008.3,0,1018.3,0,,9,,9,3,0,,,2000,,,20.1,0,22.8,24.8,25.2,24.8
108,서울,2018-09-10 00:00,20.7,0,,,1.8,0,90,0,57,0,13.8,11.8,1008.8,0,1018.8,0,,9,,9,3,3,,,2000,,,19.6,0,22.4,24.4,25,24.8
108,서울,2018-09-10 01:00,20.5,0,,,1.7,0,70,0,58,0,13.9,11.9,1009.2,0,1019.2,0,,9,,9,7,6,,23,2000,,,19.7,0,22,24,24.7,24.8
108,서울,2018-09-10 02:00,20,0,,,1.5,0,90,0,59,0,13.7,11.7,1009.2,0,1019.2,0,,9,,9,3,1,,,2000,,,19,0,21.7,23.7,24.6,24.8
108,서울,2018-09-10 03:00,19.7,0,,,1.9,0,90,0,60,0,13.7,11.7,1009.5,0,1019.5,0,,9,,9,3,3,Sc,19,2000,,,18.8,0,21.3,23.4,24.4,24.7
108,서울,2018-09-10 04:00,19.4,0,,,1.6,0,70,0,61,0,13.7,11.6,1009.6,0,1019.6,0,,9,,9,2,2,Sc,19,2000,,,18.4,0,21,23.1,24.2,24.6
108,서울,2018-09-10 05:00,19.1,0,,,1.6,0,90,0,62,0,13.7,11.6,1009.9,0,1019.9,0,,9,,9,1,1,Sc,10,2000,,,18,0,20.7,22.9,24,24.5
108,서울,2018-09-10 06:00,18.7,0,,,.9,0,70,0,64,0,13.7,11.7,1010.2,0,1020.2,0,,9,,9,1,1,Sc,10,2000,,,17.6,0,20.4,22.6,23.8,24.5
108,서울,2018-09-10 07:00,18.9,0,,,1.8,0,70,0,63,0,13.7,11.6,1010.8,0,1020.8,0,.1,0,.09,0,1,1,Sc,10,2000,,,18,0,20.1,22.4,23.7,24.3
108,서울,2018-09-10 08:00,20.1,0,,,1.6,0,90,0,57,0,13.4,11.3,1011.3,0,1021.3,0,1,0,.73,0,1,1,Ac,35,2000,,,19,0,20.3,22.1,23.5,24.2
108,서울,2018-09-10 09:00,22.3,0,,,1.9,0,70,0,52,0,13.9,11.9,1011.8,0,1021.7,0,1,0,1.43,0,1,1,Sc,15,2000,,,24.5,0,21.9,22.1,23.3,24.1
108,서울,2018-09-10 10:00,24,0,,,1.6,0,70,0,47,0,13.9,11.9,1012,0,1021.8,0,1,0,2.08,0,0,0,,,1996,,,31.7,0,24.2,22.5,23.2,24
108,서울,2018-09-10 11:00,25.3,0,,,1.2,0,70,0,44,0,14.1,12.1,1011.7,0,1021.6,0,1,0,2.59,0,0,0,,,1948,,,37.4,0,26.7,23.4,23.2,23.9
108,서울,2018-09-10 12:00,26.7,0,,,1.4,0,50,0,40,0,13.9,11.9,1011.1,0,1020.9,0,1,0,2.92,0,2,2,Sc,13,2000,,,42.3,0,29,24.5,23.4,23.9
108,서울,2018-09-10 13:00,27.1,0,,,1.7,0,70,0,38,0,13.6,11.5,1010.6,0,1020.4,0,1,0,2.56,0,4,4,Sc,12,2000,,,41.4,0,30.3,25.7,23.7,23.8
108,서울,2018-09-10 14:00,27.8,0,,,1.4,0,110,0,37,0,13.7,11.7,1009.9,0,1019.6,0,1,0,2.67,0,6,6,Cu,16,1983,,,44.9,0,31.3,26.6,24.1,23.9
108,서울,2018-09-10 15:00,27.6,0,,,1.4,0,90,0,38,0,13.9,11.9,1009.4,0,1019.1,0,.9,0,2.09,0,5,5,Cu,19,2000,,,40.3,0,31.4,27.5,24.5,24
108,서울,2018-09-10 16:00,27.5,0,,,1.5,0,90,0,39,0,14.3,12.3,1009.1,0,1018.8,0,.8,0,1.46,0,6,6,Cu,15,2000,,,37.2,0,30.5,27.9,24.9,24.1
108,서울,2018-09-10 17:00,26.6,0,,,1.4,0,90,0,40,0,13.8,11.8,1009.2,0,1019,0,.6,0,.69,0,2,2,Sc,18,2000,,,29.5,0,29.4,27.9,25.3,24.3
108,서울,2018-09-10 18:00,25.9,0,,,1.1,0,110,0,42,0,13.9,11.9,1009.4,0,1019.2,0,.9,0,.48,0,5,5,Sc,15,2000,,,26.4,0,28,27.6,25.5,24.5
108,서울,2018-09-10 19:00,24.4,0,,,2,0,90,0,47,0,14.3,12.3,1009.6,0,1019.4,0,0,0,.05,0,6,0,,,2000,,,23.9,0,26.4,27.1,25.6,24.7
108,서울,2018-09-10 20:00,23.4,0,,,1.8,0,70,0,48,0,13.7,11.7,1010.4,0,1020.3,0,,9,,9,5,1,,26,2000,,,22.5,0,25.3,26.6,25.6,24.8
108,서울,2018-09-10 21:00,22.5,0,,,1.4,0,90,0,48,0,13,10.9,1011.4,0,1021.3,0,,9,,9,2,2,Sc,19,2000,,,21.3,0,24.3,26,25.5,24.9
108,서울,2018-09-10 22:00,21.7,0,,,1.6,0,90,0,50,0,12.9,10.8,1011.6,0,1021.6,0,,9,,9,5,2,,27,2000,,,20.6,0,23.6,25.5,25.4,24.9
108,서울,2018-09-10 23:00,20.8,0,,,1.7,0,90,0,51,0,12.4,10.2,1011.9,0,1021.9,0,,9,,9,3,0,,,2000,,,19.8,0,22.9,25,25.2,25
108,서울,2018-09-11 00:00,20.1,0,,,1.5,0,70,0,52,0,12.2,9.9,1011.7,0,1021.8,0,,9,,9,0,0,,,2000,,,19,0,22.3,24.6,25.1,24.9
108,서울,2018-09-11 01:00,19.5,0,,,1.3,0,70,0,52,0,11.7,9.3,1011.7,0,1021.7,0,,9,,9,3,0,,,2000,,,18.6,0,21.7,24.1,24.9,24.9
108,서울,2018-09-11 02:00,18.9,0,,,1.1,0,90,0,52,0,11.3,8.8,1011.7,0,1021.7,0,,9,,9,3,0,,,2000,,,18,0,21.2,23.7,24.7,24.8
108,서울,2018-09-11 03:00,18.2,0,,,1.5,0,70,0,52,0,10.8,8.1,1011.5,0,1021.6,0,,9,,9,3,0,Ci,,2000,,,17.3,0,20.7,23.3,24.5,24.7
108,서울,2018-09-11 04:00,17.7,0,,,1.5,0,70,0,52,0,10.5,7.7,1011.5,0,1021.6,0,,9,,9,7,0,Ci,,2000,,,16.9,0,20.3,23,24.2,24.7
108,서울,2018-09-11 05:00,17.2,0,,,1.3,0,90,0,54,0,10.5,7.7,1011.6,0,1021.7,0,,9,,9,7,0,Ci,,2000,,,16.7,0,19.9,22.6,24,24.6
108,서울,2018-09-11 06:00,17,0,,,1.2,0,70,0,55,0,10.6,7.8,1011.9,0,1022,0,,9,,9,7,0,Ci,,2000,,,16.4,0,19.6,22.3,23.8,24.5
108,서울,2018-09-11 07:00,16.9,0,,,1.4,0,70,0,55,0,10.5,7.7,1012.4,0,1022.6,0,0,0,.07,0,7,0,Ci,,2000,,,16.8,0,19.3,22,23.6,24.4
108,서울,2018-09-11 08:00,17.8,0,,,1.4,0,70,0,53,0,10.7,8,1012.4,0,1022.5,0,.9,0,.51,0,8,0,Cc,,2000,,,18.4,0,19.6,21.8,23.4,24.3
108,서울,2018-09-11 09:00,19.8,0,,,1.9,0,90,0,49,0,11.2,8.7,1012.8,0,1022.9,0,1,0,1.24,0,8,0,Ci,,2000,,,22.8,0,21,21.8,23.2,24.2
108,서울,2018-09-11 10:00,21.9,0,,,1.1,0,90,0,43,0,11.2,8.7,1013,0,1023,0,1,0,1.89,0,8,0,Ci,,2000,,,30.4,0,23.1,22.1,23.1,24
108,서울,2018-09-11 11:00,23.7,0,,,2,0,90,0,40,0,11.6,9.2,1012.4,0,1022.3,0,1,0,2.6,0,6,0,Ci,,2000,,,36.8,0,25.6,22.9,23.1,23.9
108,서울,2018-09-11 12:00,24.5,0,,,1.3,0,90,0,40,0,12.3,10,1011.7,0,1021.5,0,1,0,2.64,0,7,0,Cc,,1973,,,39.8,0,27.6,23.9,23.2,23.8
108,서울,2018-09-11 13:00,25.7,0,,,2.2,0,70,0,40,0,13.1,11,1010.8,0,1020.6,0,1,0,2.98,0,8,0,Cc,,1997,,,43.1,0,29.4,25,23.5,23.8
108,서울,2018-09-11 14:00,25.8,0,,,1.5,0,110,0,37,0,12.2,9.9,1010,0,1019.8,0,1,0,2.22,0,8,4,AcCc,35,1995,,,38.7,0,30.1,26,23.8,23.8
108,서울,2018-09-11 15:00,26,0,,,1.9,0,140,0,40,0,13.4,11.3,1009.4,0,1019.2,0,.7,0,1.53,0,9,2,ScAcCi,15,2000,,,35.9,0,29.6,26.6,24.2,23.9
108,서울,2018-09-11 16:00,25.5,0,,,1.4,0,70,0,44,0,14.3,12.3,1008.9,0,1018.7,0,0,0,1,0,9,2,ScAcCi,12,2000,,,32.4,0,28.8,26.9,24.5,24
108,서울,2018-09-11 17:00,25.4,0,,,1.2,0,160,0,44,0,14.2,12.2,1009.2,0,1019,0,.7,0,.84,0,9,4,ScAc,15,2000,,,30.3,0,28.3,26.9,24.8,24.2
108,서울,2018-09-11 18:00,24.7,0,,,.7,0,110,0,45,0,13.9,11.9,1009.2,0,1019,0,.1,0,.3,0,8,4,ScAcCi,15,2000,,,26.6,0,27.2,26.7,25,24.3
108,서울,2018-09-11 19:00,23.7,0,,,1.8,0,70,0,49,0,14.3,12.3,1009,0,1018.8,0,0,0,.03,0,8,1,,16,2000,,,24.1,0,26,26.4,25.1,24.4
108,서울,2018-09-11 20:00,22.9,0,,,1.2,0,70,0,48,0,13.3,11.2,1009.3,0,1019.2,0,,9,,9,9,9,,60,2000,,,22.7,0,25,26,25.1,24.5
108,서울,2018-09-11 21:00,22.2,0,,,1.3,0,70,0,50,0,13.3,11.2,1009.7,0,1019.6,0,,9,,9,9,6,ScCi,15,2000,,,22.1,0,24.2,25.5,25.1,24.6
108,서울,2018-09-11 22:00,21.6,0,,,1.9,0,70,0,52,0,13.4,11.3,1009.8,0,1019.7,0,,9,,9,9,2,,12,2000,,,21.5,0,23.7,25.1,25,24.6
108,서울,2018-09-11 23:00,20.9,0,,,1.8,0,70,0,53,0,13,10.9,1010.1,0,1020.1,0,,9,,9,8,0,,,2000,,,20.6,0,23.2,24.7,24.9,24.7
108,서울,2018-09-12 00:00,20.2,0,,,1.2,0,70,0,54,0,12.7,10.5,1010.1,0,1020.1,0,,9,,9,9,6,AcCi,,2000,,,19.8,0,22.6,24.4,24.7,24.6
108,서울,2018-09-12 01:00,19.6,0,,,1.2,0,70,0,56,0,12.7,10.5,1010.4,0,1020.4,0,,9,,9,8,8,,58,2000,,,19.2,0,22,24,24.6,24.6
108,서울,2018-09-12 02:00,19,0,,,.9,0,90,0,56,0,12.3,10,1010.3,0,1020.3,0,,9,,9,8,8,,56,2000,,,18.3,0,21.5,23.7,24.4,24.6
108,서울,2018-09-12 03:00,18.4,0,,,1.3,0,70,0,57,0,12,9.7,1010,0,1020,0,,9,,9,6,0,Ci,,2000,,,17.8,0,21,23.4,24.3,24.6
108,서울,2018-09-12 04:00,18,0,,,1.5,0,70,0,59,0,12.1,9.8,1009.5,0,1019.6,0,,9,,9,3,0,Ci,,2000,,,17.3,0,20.6,23,24.1,24.5
108,서울,2018-09-12 05:00,17.5,0,,,1.6,0,70,0,60,0,11.9,9.6,1009.4,0,1019.5,0,,9,,9,4,0,Ci,,2000,,,16.8,0,20.2,22.7,23.9,24.4
108,서울,2018-09-12 06:00,17,0,,,1.3,0,50,0,63,0,12.1,9.8,1009.3,0,1019.4,0,,9,,9,2,0,Ci,,2000,,,16.4,0,19.7,22.4,23.7,24.3
108,서울,2018-09-12 07:00,16.8,0,,,1.3,0,70,0,61,0,11.6,9.2,1009.8,0,1019.9,0,.1,0,.06,0,1,1,Ac,35,2000,,,16.5,0,19.4,22.1,23.6,24.3
108,서울,2018-09-12 08:00,18.2,0,,,1.5,0,70,0,56,0,11.6,9.2,1009.8,0,1019.8,0,1,0,.62,0,1,0,Cc,,1994,,,17.6,0,19.5,21.8,23.4,24.1
108,서울,2018-09-12 09:00,20.8,0,,,1.1,0,90,0,48,0,11.7,9.3,1009.6,0,1019.6,0,1,0,1.38,0,0,0,,,2000,,,23.9,0,21.1,21.8,23.1,24
108,서울,2018-09-12 10:00,22.7,0,,,1.5,0,70,0,45,0,12.4,10.1,1009.7,0,1019.6,0,1,0,2.08,0,1,1,Ac,35,2000,,,31.9,0,23.6,22.2,23,23.8
108,서울,2018-09-12 11:00,24.8,0,,,2.1,0,70,0,44,0,13.7,11.7,1009.2,0,1019.1,0,1,0,2.55,0,0,0,,,1955,,,37.8,0,26.2,23,23,23.8
108,서울,2018-09-12 12:00,26.3,0,,,1.2,0,140,0,44,0,15,13,1008.7,0,1018.5,0,1,0,2.91,0,2,2,Sc,13,1966,,,43.8,0,28.4,24.1,23.2,23.7
108,서울,2018-09-12 13:00,26.8,0,,,1.8,0,110,0,45,0,15.8,13.8,1007.9,0,1017.7,0,1,0,2.6,0,2,2,Sc,14,1984,,,43.1,0,29.9,25.3,23.5,23.7
108,서울,2018-09-12 14:00,26.9,0,,,1.6,0,110,0,45,0,15.9,13.9,1007.5,0,1017.2,0,1,0,2.27,0,3,3,Sc,14,2000,,,39.5,0,30.7,26.2,23.8,23.7
108,서울,2018-09-12 15:00,27.7,0,,,1.6,0,200,0,41,0,15.2,13.2,1006.6,0,1016.3,0,1,0,1.98,0,3,3,Sc,15,1969,,,43.8,0,30.5,26.8,24.2,23.9
108,서울,2018-09-12 16:00,27.8,0,,,1.7,0,140,0,42,0,15.7,13.7,1006.4,0,1016.1,0,1,0,1.98,0,2,2,Sc,15,1974,,,37.6,0,31.2,27.3,24.6,24
108,서울,2018-09-12 17:00,27.8,0,,,1.9,0,140,0,41,0,15.3,13.3,1006.4,0,1016.1,0,1,0,1.27,0,3,1,ScCi,16,1999,,,33.8,0,30.3,27.6,24.9,24.1
108,서울,2018-09-12 18:00,27,0,,,1.4,0,230,0,44,0,15.6,13.6,1006.5,0,1016.2,0,1,0,.62,0,5,1,ScCi,17,2000,,,28.5,0,29.2,27.6,25.2,24.3
108,서울,2018-09-12 19:00,25.4,0,,,.6,0,320,0,50,0,16.2,14.2,1006.6,0,1016.4,0,.2,0,.07,0,6,0,,,2000,,,24.3,0,27.2,27.4,25.5,24.5
108,서울,2018-09-12 20:00,24,0,,,.5,0,340,0,56,0,16.6,14.6,1006.8,0,1016.6,0,,9,,9,3,0,,,1890,,,22.2,0,25.6,26.8,25.5,24.6
108,서울,2018-09-12 21:00,23.2,0,,,1.1,0,50,0,57,0,16.2,14.2,1006.8,0,1016.6,0,,9,,9,7,0,Ci,,2000,,,21.7,0,24.6,26.2,25.5,24.7
108,서울,2018-09-12 22:00,22.6,0,,,1,0,50,0,60,0,16.4,14.4,1006.8,0,1016.7,0,,9,,9,10,4,,70,2000,,,21.4,0,24,25.7,25.4,24.8
108,서울,2018-09-12 23:00,22.2,0,,,.8,0,50,0,62,0,16.5,14.5,1007,0,1016.9,0,,9,,9,8,3,,74,2000,,,21,0,23.6,25.2,25.2,24.8
108,서울,2018-09-13 00:00,21.9,0,,,1,0,70,0,62,0,16.2,14.2,1007.4,0,1017.3,0,,9,,9,8,0,Ci,,1822,,,20.6,0,23.1,24.9,25.1,24.8
108,서울,2018-09-13 01:00,21.5,0,,,1,0,70,0,65,0,16.6,14.6,1007.5,0,1017.4,0,,9,,9,9,4,,,2000,,,20.4,0,22.8,24.6,24.9,24.8
108,서울,2018-09-13 02:00,21.2,0,,,.8,0,70,0,66,0,16.5,14.5,1007.2,0,1017.1,0,,9,,9,8,0,,,2000,,,20.2,0,22.6,24.3,24.8,24.7
108,서울,2018-09-13 03:00,20.9,0,,,1.7,0,70,0,68,0,16.7,14.7,1006.9,0,1016.9,0,,9,,9,8,0,Ci,,2000,,,20,0,22.3,24,24.6,24.7
108,서울,2018-09-13 04:00,20.7,0,,,1.3,0,90,0,69,0,16.8,14.8,1007.1,0,1017.1,0,,9,,9,8,0,Ci,,2000,,,19.8,0,22.1,23.8,24.5,24.6
108,서울,2018-09-13 05:00,20.5,0,,,1.2,0,70,0,70,0,16.8,14.8,1007,0,1017,0,,9,,9,9,0,Ci,,2000,,,19.5,0,21.9,23.6,24.3,24.6
108,서울,2018-09-13 06:00,20.3,0,,,1.6,0,90,0,71,0,16.8,14.8,1007.4,0,1017.4,0,,9,,9,9,0,Ci,,2000,,,19.6,0,21.7,23.4,24.2,24.5
108,서울,2018-09-13 07:00,20.5,0,,,1.4,0,70,0,69,0,16.6,14.6,1007.9,0,1017.9,0,0,0,.03,0,9,0,Ci,,2000,,,20.3,0,21.7,23.2,24.1,24.5
108,서울,2018-09-13 08:00,20.9,0,,,1.3,0,90,0,68,0,16.7,14.7,1008.3,0,1018.3,0,0,0,.18,0,9,3,AcCi,35,2000,,,21.7,0,21.9,23.1,23.9,24.4
108,서울,2018-09-13 09:00,21.8,0,,,1.6,0,70,0,64,0,16.6,14.6,1008.1,0,1018,0,0,0,.52,0,9,2,AcCi,35,2000,,,25,0,22.6,23.1,23.8,24.3
108,서울,2018-09-13 10:00,22.7,0,,,.9,0,70,0,61,0,16.7,14.7,1008.6,0,1018.5,0,0,0,.82,0,10,10,As,30,2000,,,27.4,0,23.5,23.3,23.8,24.3
108,서울,2018-09-13 11:00,23.5,0,,,1.2,0,70,0,61,0,17.6,15.5,1008.3,0,1018.1,0,0,0,.95,0,10,10,As,30,2000,,,28.9,0,24.5,23.6,23.7,24.2
108,서울,2018-09-13 12:00,24.3,0,,,1.5,0,50,0,59,0,17.8,15.7,1007.8,0,1017.6,0,0,0,1.12,0,9,7,AcCi,45,2000,,,31.2,0,25.4,24,23.8,24.1
108,서울,2018-09-13 13:00,25.1,0,,,2,0,70,0,56,0,17.7,15.6,1007.2,0,1017,0,.2,0,1.41,0,9,6,AcCi,45,1964,,,34.7,0,26.3,24.4,23.8,24.1
108,서울,2018-09-13 14:00,27.2,0,,,1.5,0,70,0,49,0,17.6,15.5,1006.6,0,1016.3,0,1,0,2.54,0,7,2,AcCi,45,1945,,,42.8,0,28.7,25,23.9,24.1
108,서울,2018-09-13 15:00,27.8,0,,,1.4,0,110,0,49,0,18.3,16.1,1005.9,0,1015.6,0,1,0,1.97,0,8,0,Ci,,1963,,,42,0,29.5,25.8,24.1,24.1
108,서울,2018-09-13 16:00,28.2,0,,,1.4,0,110,0,48,0,18.3,16.1,1005.5,0,1015.2,0,1,0,1.7,0,8,0,Ci,,1995,,,38.5,0,30,26.4,24.4,24.1
108,서울,2018-09-13 17:00,27.9,0,,,1.4,0,90,0,51,0,19.1,16.8,1005.9,0,1015.6,0,1,0,1.19,0,7,1,ScCi,12,2000,,,33.3,0,29.6,26.8,24.7,24.2
108,서울,2018-09-13 18:00,26.7,0,,,1.8,0,160,0,56,0,19.5,17.1,1006,0,1015.7,0,.8,0,.47,0,8,1,ScCi,12,2000,,,27.8,0,28.4,27,25,24.3
108,서울,2018-09-13 19:00,25.4,0,,,.6,0,70,0,61,0,19.7,17.3,1006.1,0,1015.9,0,0,0,.03,0,7,2,,11,2000,,,24.5,0,26.8,26.8,25.2,24.5
108,서울,2018-09-13 20:00,24.6,0,,,.9,0,110,0,62,0,19.1,16.8,1006.6,0,1016.3,0,,9,,9,7,1,,,2000,,,23.1,0,25.6,26.4,25.2,24.6
108,서울,2018-09-13 21:00,23.8,0,,,.6,0,20,0,67,0,19.6,17.2,1006.9,0,1016.7,0,,9,,9,3,0,Ci,,2000,,,21.7,0,24.7,25.9,25.2,24.6
108,서울,2018-09-13 22:00,22.8,0,,,1,0,50,0,70,0,19.4,17,1006.9,0,1016.8,0,,9,,9,8,0,,,2000,,,21.2,0,24,25.4,25.2,24.7
108,서울,2018-09-13 23:00,22.4,0,,,.3,0,0,0,73,0,19.7,17.3,1007,0,1016.9,0,,9,,9,9,1,,76,1980,,,21.1,0,23.5,25.1,25.1,24.8
108,서울,2018-09-14 00:00,22.1,0,,,1.1,0,70,0,74,0,19.6,17.2,1006.7,0,1016.6,0,,9,,9,9,0,Ci,,1962,,,21,0,23.2,24.7,24.9,24.7
108,서울,2018-09-14 01:00,21.6,0,,,1.1,0,70,0,75,0,19.2,16.9,1006.8,0,1016.7,0,,9,,9,6,4,,,1671,,,20.1,0,22.9,24.5,24.8,24.7
108,서울,2018-09-14 02:00,21.3,0,,,1.1,0,90,0,75,0,18.9,16.6,1006.7,0,1016.6,0,,9,,9,8,1,,76,2000,,,19.9,0,22.6,24.2,24.7,24.7
108,서울,2018-09-14 03:00,21,0,,,.7,0,70,0,76,0,18.9,16.6,1007,0,1017,0,,9,,9,1,0,Ci,,1995,,,19.1,0,22.2,23.9,24.5,24.6
108,서울,2018-09-14 04:00,20.7,0,,,1,0,70,0,76,0,18.5,16.3,1006.7,0,1016.7,0,,9,,9,8,0,Ci,,2000,,,19.6,0,21.9,23.7,24.4,24.6
108,서울,2018-09-14 05:00,20.7,0,,,.9,0,70,0,77,0,18.8,16.5,1006.3,0,1016.3,0,,9,,9,8,0,Ci,,2000,,,19.6,0,21.8,23.5,24.3,24.5
108,서울,2018-09-14 06:00,20.4,0,,,1,0,90,0,78,0,18.6,16.4,1006.3,0,1016.3,0,,9,,9,9,0,Ci,,2000,,,19.6,0,21.7,23.3,24.1,24.5
108,서울,2018-09-14 07:00,20.5,0,,,1.3,0,70,0,76,0,18.3,16.1,1006.3,0,1016.3,0,0,0,.06,0,9,0,Ci,,2000,,,20.3,0,21.6,23.2,24,24.4
108,서울,2018-09-14 08:00,21.4,0,,,1.5,0,110,0,70,0,17.7,15.6,1006.1,0,1016,0,.4,0,.38,0,9,5,AcCi,35,1986,,,22.6,0,22.1,23.1,23.8,24.4
108,서울,2018-09-14 09:00,22.3,0,,,1.3,0,90,0,69,0,18.5,16.3,1006.3,0,1016.2,0,.2,0,.61,0,9,7,AcCi,35,2000,,,24.9,0,23,23.2,23.8,24.3
108,서울,2018-09-14 10:00,23.3,0,,,1.4,0,90,0,65,0,18.5,16.3,1006.5,0,1016.3,0,0,0,.76,0,9,6,AcCi,35,1996,,,27.9,0,23.7,23.4,23.7,24.2
108,서울,2018-09-14 11:00,24,0,,,1.3,0,90,0,64,0,19,16.7,1006.3,0,1016.1,0,0,0,.95,0,9,7,AcCi,35,2000,,,28.9,0,24.7,23.7,23.7,24.2
108,서울,2018-09-14 12:00,25.3,0,,,1.2,0,90,0,56,0,17.9,15.8,1006.1,0,1015.9,0,.2,0,1.35,0,9,7,AcCi,35,1960,,,35.1,0,25.7,24,23.7,24.1
108,서울,2018-09-14 13:00,26.4,0,,,1.2,0,50,0,57,0,19.5,17.1,1005.5,0,1015.2,0,.6,0,1.8,0,9,8,AcCi,35,2000,,,35.9,0,27.5,24.6,23.8,24.1
108,서울,2018-09-14 14:00,26.3,0,,,1.5,0,90,0,58,0,19.7,17.3,1004.9,0,1014.6,0,.2,0,1.37,0,9,8,AcCi,35,1986,,,33.1,0,28,25.3,24,24.1
108,서울,2018-09-14 15:00,26.6,0,,,1.8,0,70,0,55,0,19.1,16.8,1004.5,0,1014.2,0,0,0,1.1,0,9,7,AcCi,35,2000,,,33.3,0,27.9,25.7,24.2,24.1
108,서울,2018-09-14 16:00,26.3,0,,,1.6,0,50,0,57,0,19.4,17,1004.3,0,1014,0,0,0,.72,0,9,2,ScAcCi,16,2000,,,30.8,0,27.6,26,24.4,24.2
108,서울,2018-09-14 17:00,25.9,0,,,1.7,0,70,0,56,0,18.6,16.4,1004.1,0,1013.9,0,0,0,.42,0,9,5,ScAcCi,19,2000,,,28.8,0,27,26,24.6,24.3
108,서울,2018-09-14 18:00,25.7,0,,,1.5,0,90,0,57,0,18.8,16.5,1004.2,0,1014,0,0,0,.24,0,9,4,ScAcCi,19,2000,,,27.6,0,26.5,26,24.7,24.3
108,서울,2018-09-14 19:00,25.3,0,,,1.2,0,70,0,60,0,19.2,16.9,1004.8,0,1014.6,0,0,0,.04,0,10,8,,14,2000,,,25.3,0,25.9,25.9,24.8,24.4
108,서울,2018-09-14 20:00,25,0,0,0,1.1,0,50,0,61,0,19.2,16.9,1004.8,0,1014.6,0,,9,,9,9,4,ScAs,14,2000,,01,24.3,0,25.3,25.6,24.8,24.5
108,서울,2018-09-14 21:00,24.7,0,,9,1.6,0,90,0,61,0,18.9,16.6,1005.1,0,1014.8,0,,9,,9,10,6,ScAs,14,2000,,,24.1,0,24.9,25.4,24.9,24.5
108,서울,2018-09-14 22:00,24,0,0,0,2.1,0,110,0,73,0,21.7,18.8,1005.6,0,1015.4,0,,9,,9,10,7,ScAs,13,1541,,01,23.2,0,24.7,25.2,24.8,24.5
108,서울,2018-09-14 23:00,22.3,0,.5,0,1.1,0,50,0,87,0,23.4,20,1005.4,0,1015.3,0,,9,,9,10,7,ScAs,16,1810,,01,21.7,0,24,25,24.7,24.5
108,서울,2018-09-15 00:00,21.8,0,0,0,1.5,0,70,0,83,0,21.6,18.7,1004.9,0,1014.8,0,,9,,9,10,5,ScAs,19,2000,,01,21.2,0,23.7,24.7,24.7,24.5
108,서울,2018-09-15 01:00,21.8,0,,,1.4,0,70,0,79,0,20.5,17.9,1004.8,0,1014.7,0,,9,,9,3,3,,22,2000,,,20.9,0,23.4,24.5,24.6,24.6
108,서울,2018-09-15 02:00,21.7,0,,,1,0,90,0,78,0,20.1,17.6,1004.8,0,1014.7,0,,9,,9,3,3,,24,2000,,,20.8,0,23.1,24.3,24.5,24.5
108,서울,2018-09-15 03:00,21.6,0,0,0,1.2,0,70,0,80,0,20.5,17.9,1004.6,0,1014.5,0,,9,,9,10,5,ScAs,19,2000,,01,20.7,0,22.9,24.1,24.4,24.5
108,서울,2018-09-15 04:00,21.2,0,.1,0,.6,0,70,0,83,0,20.8,18.1,1004.4,0,1014.3,0,,9,,9,10,4,ScAs,17,2000,,01,20.6,0,22.7,24,24.3,24.5
108,서울,2018-09-15 05:00,21.1,0,0,0,.8,0,50,0,82,0,20.4,17.8,1004.5,0,1014.4,0,,9,,9,10,7,ScAs,18,2000,,01,20.6,0,22.6,23.8,24.2,24.4
108,서울,2018-09-15 06:00,21,0,.1,0,.9,0,70,0,84,0,20.8,18.1,1004.6,0,1014.5,0,,9,,9,10,7,ScAs,18,2000,,01,20.5,0,22.5,23.7,24.1,24.4
108,서울,2018-09-15 07:00,21.2,0,0,0,.3,0,0,0,84,0,21,18.3,1005.4,0,1015.3,0,0,0,.05,0,10,7,ScAs,7,2000,,01,21.7,0,22.5,23.6,24,24.3
108,서울,2018-09-15 08:00,21.7,0,,9,.3,0,0,0,78,0,20.1,17.6,1005.5,0,1015.4,0,0,0,.21,0,10,6,ScAs,8,2000,,,22.9,0,22.8,23.5,24,24.3
108,서울,2018-09-15 09:00,22.7,0,,9,1.2,0,90,0,72,0,19.7,17.3,1005.3,0,1015.1,0,0,0,.59,0,9,4,ScCi,19,2000,,,25,0,23.5,23.6,23.9,24.2
108,서울,2018-09-15 10:00,24.4,0,,9,1.6,0,110,0,65,0,19.7,17.3,1005.4,0,1015.1,0,.6,0,1.42,0,9,2,ScAcCi,12,1972,,,29.8,0,24.9,23.8,23.8,24.2
108,서울,2018-09-15 11:00,25.2,0,,9,1.2,0,110,0,64,0,20.4,17.8,1004.9,0,1014.7,0,.2,0,1.31,0,9,3,ScCi,10,1938,,,33,0,26,24.2,23.9,24.1
108,서울,2018-09-15 12:00,25.4,0,,9,.9,0,70,0,63,0,20.4,17.8,1004.6,0,1014.4,0,0,0,1.01,0,10,6,ScAs,9,2000,,,31.9,0,26.5,24.7,23.9,24.1
108,서울,2018-09-15 13:00,25.8,0,,9,1,0,70,0,65,0,21.6,18.7,1004.2,0,1014,0,0,0,1.12,0,10,9,ScAs,8,1996,,,30.7,0,27.2,25.1,24.1,24.1
108,서울,2018-09-15 14:00,25.7,0,,9,1.2,0,160,0,67,0,22.1,19.1,1003.7,0,1013.5,0,0,0,.9,0,10,8,ScAs,8,2000,,,32.1,0,27,25.4,24.3,24.2
108,서울,2018-09-15 15:00,25.2,0,,9,.2,0,0,0,71,0,22.7,19.5,1003.5,0,1013.3,0,0,0,.41,0,10,7,ScAs,7,2000,,,27.8,0,26.8,25.6,24.4,24.2
108,서울,2018-09-15 16:00,24.4,0,0,0,.6,0,160,0,74,0,22.5,19.4,1004,0,1013.7,0,0,0,.13,0,10,7,ScAs,8,1996,,01,25.7,0,26,25.7,24.6,24.3
108,서울,2018-09-15 17:00,24.4,0,0,0,.6,0,230,0,75,0,22.8,19.6,1003.9,0,1013.6,0,0,0,.17,0,10,3,ScAs,13,2000,,01,25.2,0,25.5,25.5,24.6,24.3
108,서울,2018-09-15 18:00,24.2,0,0,0,1.2,0,230,0,76,0,22.8,19.6,1003.9,0,1013.6,0,0,0,.12,0,10,5,ScAs,9,2000,,01,24.1,0,25.2,25.4,24.7,24.4
108,서울,2018-09-15 19:00,23.8,0,0,0,2.2,0,290,0,78,0,22.9,19.7,1003.9,0,1013.7,0,0,0,0,0,10,5,ScAs,10,1991,,01,23.4,0,24.7,25.2,24.7,24.4
108,서울,2018-09-15 20:00,23.5,0,,9,1.7,0,290,0,80,0,23.1,19.8,1004.5,0,1014.3,0,,9,,9,6,2,,7,1621,,,23.1,0,24.4,25,24.7,24.5
108,서울,2018-09-15 21:00,23.3,0,,9,.7,0,290,0,80,0,22.8,19.6,1004.6,0,1014.4,0,,9,,9,9,2,ScAcCi,8,1877,,,22.4,0,24,24.8,24.6,24.5
108,서울,2018-09-15 22:00,23.1,0,,9,.6,0,270,0,79,0,22.2,19.2,1004.4,0,1014.2,0,,9,,9,8,2,,12,1891,,,22.2,0,23.7,24.6,24.6,24.5
108,서울,2018-09-15 23:00,22.9,0,,9,.9,0,250,0,81,0,22.5,19.4,1004.3,0,1014.1,0,,9,,9,8,1,,5,1550,,,21.7,0,23.4,24.4,24.5,24.5
108,서울,2018-09-16 00:00,22.8,0,,9,1.5,0,250,0,82,0,22.7,19.5,1004.2,0,1014,0,,9,,9,10,7,ScAs,5,935,,19,22.1,0,23.3,24.2,24.4,24.5
108,서울,2018-09-16 01:00,22.8,0,0,0,.9,0,230,0,84,0,23.2,19.9,1004,0,1013.8,0,,9,,9,10,7,ScAs,4,827,,1901,22.3,0,23.2,24.1,24.3,24.5
108,서울,2018-09-16 02:00,22.8,0,0,0,.8,0,290,0,85,0,23.5,20.1,1003.9,0,1013.7,0,,9,,9,10,7,ScAs,4,708,,1901,22.2,0,23.2,24,24.2,24.4
108,서울,2018-09-16 03:00,22.6,0,.2,0,.6,0,270,0,89,0,24.3,20.6,1003.8,0,1013.6,0,,9,,9,10,7,ScAs,4,578,,1901,21.7,0,23.1,23.9,24.2,24.4
108,서울,2018-09-16 04:00,22.5,0,.3,0,.7,0,290,0,89,0,24.1,20.5,1004.2,0,1014,0,,9,,9,10,7,ScAs,4,444,,1901,21.6,0,23,23.8,24.1,24.3
108,서울,2018-09-16 05:00,22.2,0,0,0,1.4,0,270,0,90,0,24,20.4,1004.5,0,1014.4,0,,9,,9,10,6,ScAs,8,514,,1901,21.4,0,22.8,23.8,24.1,24.3
108,서울,2018-09-16 06:00,22,0,0,0,1.3,0,270,0,90,0,23.7,20.2,1004.8,0,1014.7,0,,9,,9,10,6,ScAs,8,471,,1901,21.2,0,22.7,23.6,24,24.3
108,서울,2018-09-16 07:00,21.9,0,0,0,1.3,0,290,0,95,0,24.9,21,1005.2,0,1015.1,0,0,0,.02,0,10,5,ScAs,10,424,,1901,21.6,0,22.7,23.6,23.9,24.2
108,서울,2018-09-16 08:00,21.9,0,0,0,1.6,0,290,0,88,0,23.1,19.8,1005.4,0,1015.3,0,0,0,.17,0,10,5,ScAs,8,601,,1901,22.4,0,22.8,23.5,23.9,24.2
108,서울,2018-09-16 09:00,22.3,0,,9,1.9,0,270,0,84,0,22.5,19.4,1005.4,0,1015.3,0,0,0,.47,0,10,10,As,30,751,,19,24.3,0,23.3,23.5,23.8,24.2
108,서울,2018-09-16 10:00,22.9,0,,9,1.3,0,290,0,74,0,20.6,18,1005.6,0,1015.4,0,0,0,.84,0,10,10,As,28,1162,,19,26,0,24.2,23.6,23.7,24.1
108,서울,2018-09-16 11:00,23.4,0,,9,2.1,0,270,0,61,0,17.5,15.4,1005.6,0,1015.4,0,0,0,.91,0,10,10,As,38,1964,,,27.2,0,24.9,24,23.8,24.1
108,서울,2018-09-16 12:00,23.7,0,0,0,1.9,0,320,0,64,0,18.6,16.4,1005.6,0,1015.4,0,0,0,.79,0,10,3,ScAs,10,1474,,01,28.1,0,25.1,24.2,23.8,24.1
108,서울,2018-09-16 13:00,23.6,0,0,0,2.1,0,320,0,66,0,19.1,16.8,1005.5,0,1015.3,0,0,0,.87,0,10,6,ScAs,10,1689,,01,27,0,25.4,24.4,23.9,24
108,서울,2018-09-16 14:00,23.4,0,0,0,2.2,0,320,0,72,0,20.6,18,1005.1,0,1014.9,0,0,0,.73,0,10,7,ScAs,8,682,,1901,27,0,25.3,24.6,24,24.1
108,서울,2018-09-16 15:00,23.2,0,.5,0,1.5,0,250,0,83,0,23.5,20.1,1005.1,0,1014.9,0,0,0,.77,0,10,7,StNs,5,349,,1901,25.7,0,25.4,24.8,24.1,24.1
108,서울,2018-09-16 16:00,22.5,0,0,0,2.5,0,290,0,86,0,23.4,20,1005.4,0,1015.3,0,0,0,.47,0,10,3,StNs,9,342,,1901,24.2,0,24.9,24.8,24.2,24.1
108,서울,2018-09-16 17:00,22,0,1,0,2.2,0,270,0,89,0,23.4,20,1005.5,0,1015.4,0,0,0,.21,0,10,8,StNs,3,285,,1901,23.2,0,24.3,24.7,24.2,24.2
108,서울,2018-09-16 18:00,21.5,0,0,0,3,0,270,0,89,0,22.8,19.6,1005.3,0,1015.2,0,0,0,.18,0,10,7,ScAs,7,350,,1901,22.2,0,23.9,24.6,24.3,24.2
108,서울,2018-09-16 19:00,21.2,0,0,0,2.7,0,290,0,87,0,21.8,18.9,1005.8,0,1015.7,0,0,0,.01,0,10,5,ScAs,10,479,,1901,21.2,0,23.4,24.4,24.3,24.2
108,서울,2018-09-16 20:00,21.1,0,,9,1.7,0,270,0,88,0,22,19,1006.1,0,1016,0,,9,,9,10,3,,3,404,,19,20.9,0,22.9,24.1,24.2,24.2
108,서울,2018-09-16 21:00,21.2,0,,9,1.7,0,270,0,88,0,22.1,19.1,1006.7,0,1016.6,0,,9,,9,10,6,ScAs,3,373,,19,20.9,0,22.7,23.9,24.1,24.3
108,서울,2018-09-16 22:00,21.4,0,,9,2.4,0,270,0,87,0,22.1,19.1,1006.5,0,1016.4,0,,9,,9,10,5,,4,540,,19,20.9,0,22.6,23.7,24,24.2
108,서울,2018-09-16 23:00,21.3,0,0,0,2.6,0,290,0,80,0,20.2,17.7,1006.5,0,1016.4,0,,9,,9,10,6,ScAs,8,1203,,1901,20.5,0,22.5,23.5,24,24.2
108,서울,2018-09-17 00:00,21,0,0,0,1.8,0,270,0,82,0,20.4,17.8,1006.6,0,1016.6,0,,9,,9,10,6,ScAs,,958,,1901,20.3,0,22.2,23.4,23.9,24.2
108,서울,2018-09-17 01:00,20.5,0,0,0,1.9,0,290,0,73,0,17.5,15.4,1006.4,0,1016.4,0,,9,,9,10,6,ScAs,10,1693,,1901,19.6,0,21.9,23.3,23.8,24.1
108,서울,2018-09-17 02:00,20.3,0,.1,0,1.9,0,270,0,81,0,19.2,16.9,1006.5,0,1016.5,0,,9,,9,10,5,ScAs,5,1234,,01,19.6,0,21.6,23,23.7,24.1
108,서울,2018-09-17 03:00,20.2,0,,9,1.4,0,270,0,82,0,19.4,17,1006.8,0,1016.8,0,,9,,9,10,3,ScAs,10,1202,,,19.5,0,21.5,22.9,23.6,24.1
108,서울,2018-09-17 04:00,20,0,,9,2,0,270,0,81,0,18.9,16.6,1006.7,0,1016.7,0,,9,,9,10,2,ScAs,10,1313,,,19.3,0,21.3,22.7,23.5,24
108,서울,2018-09-17 05:00,19.4,0,,9,1.6,0,290,0,84,0,18.9,16.6,1006.5,0,1016.4,0,,9,,9,8,3,AcCi,40,1252,,,18.3,0,21,22.6,23.4,23.9
108,서울,2018-09-17 06:00,18.8,0,,9,1.2,0,290,0,88,0,19,16.7,1006.5,0,1016.5,0,,9,,9,7,2,ScCi,10,798,,19,17.4,0,20.4,22.4,23.3,23.9
108,서울,2018-09-17 07:00,18.5,0,,9,1.4,0,290,0,88,0,18.6,16.4,1006.9,0,1016.9,0,0,0,.08,0,7,1,ScCi,10,695,,19,17.8,0,20,22.1,23.2,23.8
108,서울,2018-09-17 08:00,18.9,0,,9,.6,0,290,0,77,0,16.7,14.7,1007.5,0,1017.5,0,1,0,.56,0,5,0,Ci,,1109,,19,18.6,0,20.1,21.9,23.1,23.7
108,서울,2018-09-17 09:00,20.5,0,,9,1.1,0,250,0,66,0,15.9,13.9,1008,0,1018,0,.9,0,1.12,0,8,4,ScCi,15,1711,,,22.5,0,21.6,21.9,22.9,23.7
108,서울,2018-09-17 10:00,21.7,0,,9,1.7,0,290,0,60,0,15.5,13.5,1007.8,0,1017.7,0,.7,0,1.44,0,7,2,ScCi,13,1540,,,26.7,0,23.2,22.2,22.8,23.5
108,서울,2018-09-17 11:00,23.8,0,,9,2.1,0,290,0,54,0,15.9,13.9,1007.5,0,1017.3,0,1,0,2.55,0,3,1,ScCc,10,1626,,,32.3,0,26.1,22.9,22.8,23.5
108,서울,2018-09-17 12:00,25.2,0,,9,1.7,0,250,0,50,0,16,14,1007.1,0,1016.9,0,1,0,2.83,0,4,4,Sc,11,1710,,,36.9,0,28.4,24,22.9,23.4
108,서울,2018-09-17 13:00,25.6,0,,9,3.8,0,290,0,50,0,16.3,14.3,1006.9,0,1016.7,0,1,0,2.82,0,1,1,Sc,12,1876,,,39.3,0,30,25.1,23.2,23.5
108,서울,2018-09-17 14:00,26.7,0,,9,3.3,0,270,0,40,0,13.9,11.9,1006.1,0,1015.8,0,1,0,2.8,0,0,0,,,1822,,,41.4,0,31,26.1,23.6,23.5
108,서울,2018-09-17 15:00,27.4,0,,9,2.7,0,320,0,33,0,11.9,9.6,1005.9,0,1015.6,0,1,0,2.5,0,0,0,,,1955,,,41.1,0,31.3,26.8,24,23.6
108,서울,2018-09-17 16:00,27.6,0,,9,2.8,0,270,0,37,0,13.6,11.5,1005.6,0,1015.3,0,1,0,1.9,0,0,0,,,1935,,,37.8,0,30.9,27.3,24.4,23.7
108,서울,2018-09-17 17:00,27.3,0,,9,2.6,0,290,0,43,0,15.6,13.6,1005.9,0,1015.6,0,1,0,1.25,0,0,0,,,2000,,,30.9,0,29.9,27.5,24.8,23.9
108,서울,2018-09-17 18:00,25.3,0,,9,2.8,0,290,0,56,0,17.9,15.8,1006.3,0,1016.1,0,1,0,.54,0,1,0,Ci,,1992,,,25.7,0,28.1,27.4,25.1,24.1
108,서울,2018-09-17 19:00,23,0,,9,3.1,0,290,0,63,0,17.6,15.5,1006.8,0,1016.6,0,.2,0,.03,0,2,0,,,2000,,,22.6,0,26,26.9,25.3,24.3
108,서울,2018-09-17 20:00,21.9,0,,9,2.5,0,270,0,65,0,17,15,1007.5,0,1017.4,0,,9,,9,8,0,,,1986,,,21.3,0,24.5,26.2,25.3,24.4
108,서울,2018-09-17 21:00,21.3,0,,9,2.3,0,320,0,66,0,16.6,14.6,1007.7,0,1017.6,0,,9,,9,5,0,Ci,,1989,,,20.1,0,23.5,25.5,25.2,24.5
108,서울,2018-09-17 22:00,20.8,0,,9,.9,0,160,0,65,0,15.9,13.9,1007.8,0,1017.8,0,,9,,9,7,0,,,2000,,,19.4,0,22.7,24.9,25,24.6
108,서울,2018-09-17 23:00,20.2,0,,9,1.2,0,270,0,68,0,16,14,1007.8,0,1017.8,0,,9,,9,0,0,,,1963,,,18.5,0,21.9,24.4,24.9,24.6
108,서울,2018-09-18 00:00,19.5,0,,9,1.2,0,270,0,73,0,16.5,14.5,1007.5,0,1017.5,0,,9,,9,7,0,Ci,,1916,,,18,0,21.2,23.9,24.6,24.5
108,서울,2018-09-18 01:00,19.3,0,,,.4,0,0,0,71,0,15.9,13.9,1007.4,0,1017.4,0,,9,,9,9,9,,72,1912,,,18.4,0,20.9,23.5,24.4,24.5
108,서울,2018-09-18 02:00,18.8,0,,,.2,0,0,0,74,0,16,14,1007.2,0,1017.2,0,,9,,9,8,8,,70,1866,,,17.6,0,20.6,23.2,24.2,24.4
108,서울,2018-09-18 03:00,18.7,0,,,.5,0,20,0,76,0,16.3,14.3,1007.3,0,1017.3,0,,9,,9,8,0,Ci,,1916,,,17.5,0,20.3,22.8,24,24.4
108,서울,2018-09-18 04:00,18.3,0,,,.4,0,0,0,78,0,16.3,14.3,1007,0,1017,0,,9,,9,7,0,Ci,,1906,,,17.2,0,20,22.6,23.8,24.3
108,서울,2018-09-18 05:00,17.9,0,,,.5,0,340,0,77,0,15.8,13.8,1007.1,0,1017.1,0,,9,,9,7,0,Ci,,1658,,,16.6,0,19.5,22.3,23.6,24.2
108,서울,2018-09-18 06:00,17.7,0,,,.2,0,0,0,77,0,15.6,13.6,1007.5,0,1017.6,0,,9,,9,9,7,AcCi,35,1757,,,17.2,0,19.4,22,23.5,24.1
108,서울,2018-09-18 07:00,17.8,0,,,.5,0,20,0,76,0,15.5,13.5,1007.9,0,1018,0,0,0,.08,0,8,6,AcCi,35,1729,,,18.2,0,19.5,21.8,23.3,24
108,서울,2018-09-18 08:00,18.7,0,,,.9,0,50,0,73,0,15.7,13.7,1008.2,0,1018.2,0,.2,0,.34,0,9,8,AcCi,44,1501,,,20.4,0,20.2,21.7,23.1,23.9
108,서울,2018-09-18 09:00,20.8,0,,,1.1,0,200,0,64,0,15.7,13.7,1008.4,0,1018.4,0,.7,0,1.13,0,8,7,AcCi,42,1205,,,25.8,0,21.8,21.8,22.9,23.7
108,서울,2018-09-18 10:00,22.7,0,,,1,0,290,0,54,0,14.9,12.9,1008.2,0,1018.1,0,1,0,1.74,0,8,8,Ac,39,1619,,,30,0,24.1,22.3,22.8,23.6
108,서울,2018-09-18 11:00,24.1,0,,,2.1,0,320,0,46,0,13.7,11.7,1007.4,0,1017.2,0,.7,0,2.03,0,8,8,Ac,37,1678,,,37.5,0,26,23,22.9,23.5
108,서울,2018-09-18 12:00,24.7,0,,,1.8,0,270,0,43,0,13.3,11.2,1006.9,0,1016.6,0,.3,0,1.75,0,9,9,Ac,44,1809,,,35.6,0,27.2,23.9,23,23.5
108,서울,2018-09-18 13:00,25.6,0,,,2.5,0,290,0,40,0,13,10.9,1006.5,0,1016.3,0,.9,0,2.18,0,8,6,AcCi,35,1704,,,39.8,0,28.4,24.7,23.3,23.5
108,서울,2018-09-18 14:00,26.1,0,,,2.3,0,270,0,37,0,12.4,10.2,1005.9,0,1015.7,0,.9,0,1.92,0,8,7,AcCi,35,1749,,,37.7,0,29.2,25.5,23.6,23.6
108,서울,2018-09-18 15:00,26.1,0,,,2.8,0,290,0,43,0,14.5,12.5,1005.9,0,1015.7,0,.6,0,1.62,0,8,7,AcCi,33,1785,,,37.4,0,29.2,26,23.9,23.6
108,서울,2018-09-18 16:00,26.4,0,,,2.5,0,290,0,34,0,11.6,9.2,1005.4,0,1015.1,0,1,0,1.6,0,8,6,AcCi,35,1953,,,37.5,0,29.2,26.4,24.2,23.7
108,서울,2018-09-18 17:00,25.5,0,,,2.9,0,290,0,38,0,12.4,10.1,1005.2,0,1015,0,.4,0,.92,0,8,6,AcCi,32,1997,,,31.1,0,28.3,26.6,24.5,23.9
108,서울,2018-09-18 18:00,24.8,0,,,1.4,0,290,0,48,0,15,13,1005.5,0,1015.3,0,1,0,.51,0,7,4,AcCi,31,2000,,,26.2,0,27.2,26.5,24.7,24
108,서울,2018-09-18 19:00,23.2,0,,,2.2,0,290,0,57,0,16.2,14.2,1005.4,0,1015.2,0,.2,0,.03,0,7,2,,60,2000,,,23,0,25.4,26.2,24.8,24.1
108,서울,2018-09-18 20:00,22.6,0,,,1.4,0,320,0,58,0,15.9,13.9,1005.8,0,1015.7,0,,9,,9,10,9,,55,2000,,,21.9,0,24.5,25.7,24.8,24.2
108,서울,2018-09-18 21:00,22.1,0,,,1.5,0,270,0,61,0,16.2,14.2,1006.1,0,1016,0,,9,,9,9,9,Ac,35,2000,,,21.4,0,23.7,25.2,24.8,24.3
108,서울,2018-09-18 22:00,21.8,0,,,.3,0,0,0,65,0,16.9,14.9,1005.8,0,1015.7,0,,9,,9,9,9,,57,2000,,,20.9,0,23.1,24.7,24.7,24.3
108,서울,2018-09-18 23:00,21.2,0,,,1.3,0,270,0,69,0,17.3,15.2,1005.6,0,1015.5,0,,9,,9,9,9,,63,1999,,,19.9,0,22.6,24.4,24.6,24.3
108,서울,2018-09-19 00:00,21,0,,,.4,0,0,0,66,0,16.3,14.3,1005.4,0,1015.3,0,,9,,9,8,8,Ac,33,2000,,,20,0,22.2,24.1,24.4,24.3
108,서울,2018-09-19 01:00,20.5,0,,,.4,0,0,0,64,0,15.4,13.4,1005.7,0,1015.7,0,,9,,9,8,8,,54,2000,,,19.1,0,21.9,23.8,24.3,24.3
108,서울,2018-09-19 02:00,20,0,,,.2,0,0,0,70,0,16.3,14.3,1006.1,0,1016.1,0,,9,,9,5,5,,55,2000,,,18.3,0,21.3,23.5,24.1,24.3
108,서울,2018-09-19 03:00,19.7,0,,,.5,0,360,0,70,0,16,14,1005.4,0,1015.3,0,,9,,9,9,9,Ac,47,2000,,,19,0,21.1,23.2,23.9,24.2
108,서울,2018-09-19 04:00,19.5,0,,,.5,0,50,0,70,0,15.8,13.8,1005.3,0,1015.2,0,,9,,9,8,8,Ac,42,2000,,,19.1,0,21,22.9,23.8,24.2
108,서울,2018-09-19 05:00,19.3,0,,,.9,0,20,0,73,0,16.3,14.3,1004.9,0,1014.8,0,,9,,9,9,9,Ac,27,1782,,,19.2,0,21,22.8,23.7,24.1
108,서울,2018-09-19 06:00,19,0,0,0,.3,0,0,0,76,0,16.6,14.6,1005.5,0,1015.5,0,,9,,9,9,9,Ac,39,1488,,01,18.6,0,20.7,22.6,23.5,24
108,서울,2018-09-19 07:00,19,0,,9,.8,0,50,0,74,0,16.2,14.2,1005.8,0,1015.8,0,0,0,.03,0,9,9,Ac,39,1650,,,19.4,0,20.7,22.5,23.4,24
108,서울,2018-09-19 08:00,19.8,0,,9,1.1,0,50,0,71,0,16.3,14.3,1005.7,0,1015.7,0,0,0,.26,0,9,9,Ac,39,1534,,,22,0,21.2,22.4,23.3,23.8
108,서울,2018-09-19 09:00,21.5,0,,9,.8,0,90,0,61,0,15.6,13.6,1005.4,0,1015.3,0,.5,0,.92,0,9,7,AcCi,40,1774,,,25.9,0,22.3,22.4,23.2,23.7
108,서울,2018-09-19 10:00,22.9,0,,9,1.1,0,50,0,59,0,16.4,14.4,1005.5,0,1015.3,0,.7,0,1.49,0,9,9,Ac,41,1819,,,29.3,0,24.2,22.8,23.1,23.7
108,서울,2018-09-19 11:00,23.6,0,,9,.6,0,200,0,55,0,16,14,1005.4,0,1015.2,0,0,0,1.01,0,9,9,Ac,44,1723,,,30.8,0,24.8,23.3,23.1,23.6
108,서울,2018-09-19 12:00,24.9,0,,9,1.2,0,70,0,51,0,16,14,1004.6,0,1014.4,0,0,0,1.56,0,9,9,Ac,45,1619,,,33.7,0,26.3,23.8,23.2,23.6
108,서울,2018-09-19 13:00,26.5,0,,9,1.7,0,50,0,39,0,13.5,11.4,1004,0,1013.7,0,.7,0,2.15,0,8,6,AcCi,45,1560,,,43.3,0,27.9,24.4,23.4,23.6
108,서울,2018-09-19 14:00,26.1,0,,9,1.2,0,200,0,40,0,13.5,11.4,1003.3,0,1013,0,.2,0,1.21,0,10,10,As,39,1840,,,33.5,0,28.3,25.2,23.6,23.6
108,서울,2018-09-19 15:00,25.9,0,,9,1.4,0,320,0,39,0,12.9,10.8,1003,0,1012.7,0,0,0,.9,0,10,10,As,39,1836,,,32,0,27.9,25.6,23.9,23.6
108,서울,2018-09-19 16:00,25.6,0,,9,1.2,0,360,0,41,0,13.4,11.3,1002.8,0,1012.6,0,0,0,.65,0,10,10,As,28,1594,,,30.1,0,27.4,25.8,24.1,23.7
108,서울,2018-09-19 17:00,25,0,0,0,1.3,0,360,0,44,0,13.8,11.8,1002.3,0,1012.1,0,0,0,.36,0,10,10,As,32,1883,,01,27.4,0,26.7,25.8,24.3,23.8
108,서울,2018-09-19 18:00,24,0,0,0,2.2,0,290,0,55,0,16.3,14.3,1002.4,0,1012.1,0,0,0,.12,0,10,2,ScAs,19,1691,,01,24.7,0,25.7,25.7,24.4,23.9
108,서울,2018-09-19 19:00,23.5,0,0,0,.4,0,0,0,58,0,16.7,14.7,1002.6,0,1012.4,0,0,0,0,0,10,1,ScAs,19,1836,,01,23.4,0,24.8,25.4,24.5,24
108,서울,2018-09-19 20:00,22.6,0,0,0,.3,0,0,0,67,0,18.3,16.1,1002.8,0,1012.6,0,,9,,9,10,8,ScAs,13,1737,,01,21.8,0,24.1,25.1,24.5,24.1
108,서울,2018-09-19 21:00,21.7,0,.1,0,1.8,0,230,0,63,0,16.3,14.3,1003.5,0,1013.4,0,,9,,9,10,5,ScAs,10,1078,,01,20.5,0,23.5,24.7,24.4,24.1
108,서울,2018-09-19 22:00,20.9,0,.1,0,1.6,0,290,0,71,0,17.5,15.4,1003.8,0,1013.7,0,,9,,9,10,5,ScAs,10,1057,,01,19.9,0,23,24.4,24.4,24.2
108,서울,2018-09-19 23:00,20.4,0,0,0,.9,0,110,0,57,0,13.6,11.5,1003.2,0,1013.2,0,,9,,9,10,3,ScAs,12,2000,,01,19.4,0,22.5,24.1,24.3,24.1
108,서울,2018-09-20 00:00,20.1,0,0,0,.3,0,0,0,58,0,13.6,11.5,1003.1,0,1013.1,0,,9,,9,10,1,ScAs,19,2000,,01,19.4,0,22.1,23.8,24.2,24.2
108,서울,2018-09-20 01:00,20,0,,,1.1,0,70,0,59,0,13.7,11.7,1002.4,0,1012.4,0,,9,,9,10,3,,13,1999,,,19.2,0,21.9,23.5,24,24.1
108,서울,2018-09-20 02:00,19.9,0,,,1.5,0,70,0,64,0,14.8,12.8,1001.6,0,1011.6,0,,9,,9,10,4,,16,1755,,,19.4,0,21.7,23.3,23.9,24.1
108,서울,2018-09-20 03:00,19.6,0,,,1.7,0,70,0,72,0,16.4,14.4,1001.4,0,1011.3,0,,9,,9,10,4,ScAs,18,1140,,,19.6,0,21.5,23.1,23.8,24
108,서울,2018-09-20 04:00,19.6,0,,,1.4,0,90,0,74,0,16.8,14.8,1000.9,0,1010.8,0,,9,,9,10,10,As,24,847,,40,19.7,0,21.4,22.9,23.6,24
108,서울,2018-09-20 05:00,19.5,0,,,1.8,0,90,0,74,0,16.7,14.7,1000.9,0,1010.8,0,,9,,9,10,4,ScAs,14,1421,,40,19.7,0,21.3,22.8,23.6,23.9
108,서울,2018-09-20 06:00,18.8,0,.5,0,1.4,0,70,0,85,0,18.4,16.2,1001.2,0,1011.1,0,,9,,9,10,8,ScAs,5,412,,1901,18.8,0,21.1,22.7,23.5,23.9
108,서울,2018-09-20 07:00,18,0,1.5,0,1.6,0,70,0,95,0,19.5,17.1,1001,0,1011,0,0,0,0,0,10,4,StNs,2,375,,1901,18.7,0,20.8,22.5,23.3,23.8
108,서울,2018-09-20 08:00,18,0,.5,0,1.3,0,90,0,91,0,18.8,16.5,1000.5,0,1010.5,0,0,0,.11,0,10,4,StNs,3,896,,1901,19.5,0,20.6,22.4,23.3,23.8
108,서울,2018-09-20 09:00,18.2,0,1,0,1.4,0,70,0,93,0,19.4,17,1000.7,0,1010.7,0,0,0,.18,0,10,6,StNs,3,572,,1901,19.8,0,20.8,22.2,23.1,23.7
108,서울,2018-09-20 10:00,18.4,0,.5,0,1.2,0,70,0,91,0,19.1,16.8,1001.1,0,1011.1,0,0,0,.25,0,10,6,StNs,3,394,,1901,20.4,0,20.8,22.2,23,23.6
108,서울,2018-09-20 11:00,18.8,0,0,0,1.5,0,90,0,95,0,20.5,17.9,1000.9,0,1010.8,0,0,0,.46,0,10,6,StNs,2,597,,1901,21.7,0,21.2,22.2,23,23.6
108,서울,2018-09-20 12:00,19,0,.5,0,1.7,0,90,0,91,0,19.9,17.4,1000.4,0,1010.3,0,0,0,.67,0,10,10,St,3,965,,190201,22.8,0,21.7,22.3,22.9,23.5
108,서울,2018-09-20 13:00,18.9,0,0,0,2.6,0,70,0,89,0,19.4,17,999.8,0,1009.7,0,0,0,.58,0,10,10,St,5,586,,1902,22.5,0,21.8,22.4,22.9,23.5
108,서울,2018-09-20 14:00,19.3,0,.5,0,2.3,0,70,0,83,0,18.5,16.3,999.5,0,1009.4,0,0,0,.83,0,10,10,St,6,2000,,1902,22.3,0,22.2,22.5,22.9,23.4
108,서울,2018-09-20 15:00,19.4,0,,9,1.4,0,90,0,79,0,17.7,15.6,999.6,0,1009.5,0,0,0,.33,0,10,10,St,6,2000,,,21.2,0,22.1,22.7,22.9,23.4
108,서울,2018-09-20 16:00,19.5,0,,9,2.1,0,90,0,75,0,16.9,14.9,999.9,0,1009.8,0,0,0,.38,0,10,8,ScAs,8,2000,,,21.2,0,22,22.6,22.9,23.4
108,서울,2018-09-20 17:00,19.3,0,,9,2.1,0,90,0,76,0,16.9,14.9,999.9,0,1009.8,0,0,0,.21,0,10,8,ScAs,6,2000,,,20.1,0,21.8,22.6,22.9,23.4
108,서울,2018-09-20 18:00,19.1,0,,9,2.5,0,70,0,77,0,16.9,14.9,1000.1,0,1010,0,0,0,.08,0,10,8,ScAs,6,2000,,,19.1,0,21.4,22.5,22.9,23.4
108,서울,2018-09-20 19:00,18.9,0,0,0,2.2,0,90,0,78,0,16.9,14.9,1000.4,0,1010.3,0,0,0,0,0,10,8,ScAs,6,2000,,02,18.7,0,21,22.3,22.9,23.3
108,서울,2018-09-20 20:00,19.1,0,,9,2.2,0,90,0,77,0,16.9,14.9,1000.7,0,1010.6,0,,9,,9,7,7,,9,1834,,,18.7,0,20.7,22.1,22.8,23.3
108,서울,2018-09-20 21:00,18.7,0,0,0,2.7,0,90,0,84,0,18.1,15.9,1001.5,0,1011.4,0,,9,,9,10,8,StNs,5,1744,,0201,18.5,0,20.4,21.9,22.7,23.3
108,서울,2018-09-20 22:00,18.4,0,0,0,2.1,0,90,0,85,0,17.9,15.8,1001.3,0,1011.3,0,,9,,9,10,7,StNs,5,1772,,01,18.5,0,20.2,21.7,22.7,23.2
108,서울,2018-09-20 23:00,18.7,0,0,0,1.7,0,90,0,80,0,17.2,15.1,1001.2,0,1011.1,0,,9,,9,10,8,ScAs,13,2000,,01,18.5,0,20.1,21.6,22.6,23.2
108,서울,2018-09-21 00:00,18.9,0,,9,2.1,0,70,0,78,0,16.9,14.9,1000.9,0,1010.8,0,,9,,9,10,8,ScAs,13,2000,,,18.4,0,20.1,21.5,22.5,23.2
108,서울,2018-09-21 01:00,19,0,,,1.6,0,90,0,78,0,17,15,1000.5,0,1010.4,0,,9,,9,10,10,,13,2000,,,18.4,0,20.1,21.4,22.4,23.1
108,서울,2018-09-21 02:00,19.1,0,0,0,1.3,0,90,0,78,0,17.2,15.1,1000.4,0,1010.3,0,,9,,9,10,8,ScAs,12,2000,,01,18.5,0,20.1,21.3,22.3,23
108,서울,2018-09-21 03:00,18.5,0,1.5,0,1.2,0,110,0,88,0,18.6,16.4,1000.7,0,1010.6,0,,9,,9,10,8,StNs,8,659,,1901,18.4,0,19.9,21.3,22.2,23
108,서울,2018-09-21 04:00,17.9,0,2.5,0,1.7,0,70,0,95,0,19.4,17,1000.4,0,1010.4,0,,9,,9,10,8,StNs,8,1298,,1901,18.3,0,19.7,21.2,22.2,23
108,서울,2018-09-21 05:00,17.8,0,.5,0,1.8,0,90,0,93,0,18.9,16.6,1000,0,1010,0,,9,,9,10,7,StNs,8,2000,,01,18.2,0,19.6,21.1,22.1,22.9
108,서울,2018-09-21 06:00,17.6,0,1.5,0,1.7,0,90,0,95,0,19,16.7,999.7,0,1009.7,0,,9,,9,10,9,StNs,8,974,,1901,18.1,0,19.4,21,22,22.9
108,서울,2018-09-21 07:00,17.6,0,5,0,1.7,0,90,0,96,0,19.2,16.9,1000,0,1010,0,0,0,0,0,10,8,StNs,8,310,,1901,18,0,19.2,20.8,21.9,22.8
108,서울,2018-09-21 08:00,17.8,0,4,0,2,0,90,0,97,0,19.7,17.3,999.7,0,1009.7,0,0,0,.09,0,10,8,StNs,7,1284,,1901,18.6,0,19.2,20.6,21.9,22.7
108,서울,2018-09-21 09:00,18.2,0,1,0,1.3,0,90,0,96,0,20,17.5,999.7,0,1009.6,0,0,0,.21,0,10,8,StNs,8,1251,,01,19.3,0,19.5,20.5,21.7,22.7
108,서울,2018-09-21 10:00,18.4,0,1,0,2,0,90,0,96,0,20.2,17.7,1000,0,1009.9,0,0,0,.32,0,10,6,StNs,8,1124,,01,20,0,19.8,20.6,21.6,22.6
108,서울,2018-09-21 11:00,18.9,0,.5,0,1.8,0,90,0,91,0,19.7,17.3,999.5,0,1009.4,0,0,0,.64,0,10,6,StNs,4,1938,,01,21.6,0,20.4,20.7,21.5,22.5
108,서울,2018-09-21 12:00,19.1,0,0,0,2,0,340,0,91,0,20,17.5,1000,0,1009.9,0,0,0,.63,0,10,7,StNs,3,1971,,01,21,0,21,20.9,21.5,22.4
108,서울,2018-09-21 13:00,19.8,0,0,0,.9,0,50,0,88,0,20.2,17.7,999.6,0,1009.5,0,0,0,.65,0,10,6,ScAs,13,1796,,01,23.6,0,21.4,21.1,21.5,22.3
108,서울,2018-09-21 14:00,21.4,0,.5,0,1.4,0,50,0,76,0,19.2,16.9,999.2,0,1009.1,0,.4,0,1.5,0,9,7,ScAs,6,2000,,01,28.6,0,22.9,21.5,21.6,22.3
108,서울,2018-09-21 15:00,21.8,0,,9,1.4,0,70,0,76,0,19.7,17.3,999.1,0,1008.9,0,.2,0,1.2,0,9,9,Sc,6,2000,,,25.5,0,24,22.1,21.7,22.3
108,서울,2018-09-21 16:00,21.5,0,,9,1.2,0,70,0,78,0,19.9,17.4,999.1,0,1008.9,0,0,0,.51,0,10,9,ScAs,7,2000,,,23.3,0,23.7,22.6,21.8,22.3
108,서울,2018-09-21 17:00,21.2,0,,9,1.2,0,70,0,77,0,19.2,16.9,999.2,0,1009.1,0,0,0,.31,0,9,8,ScAs,6,2000,,,22.5,0,23.2,22.7,22.1,22.3
108,서울,2018-09-21 18:00,20.9,0,,9,.6,0,50,0,77,0,19,16.7,999.7,0,1009.6,0,0,0,.23,0,8,8,Sc,8,2000,,,21.5,0,22.8,22.7,22.2,22.4
108,서울,2018-09-21 19:00,20.3,0,,9,1,0,50,0,81,0,19.2,16.9,1000.1,0,1010,0,0,0,.02,0,6,6,,14,2000,,,20,0,22.1,22.6,22.3,22.5
108,서울,2018-09-21 20:00,20,0,,9,.4,0,0,0,82,0,19.1,16.8,1000.9,0,1010.9,0,,9,,9,10,6,,10,2000,,,20,0,21.6,22.4,22.3,22.5
108,서울,2018-09-21 21:00,19.9,0,,9,.6,0,340,0,82,0,19,16.7,1001.5,0,1011.5,0,,9,,9,9,9,Sc,13,2000,,,19.9,0,21.4,22.2,22.3,22.5
108,서울,2018-09-21 22:00,19.7,0,,9,.5,0,290,0,82,0,18.8,16.5,1002,0,1011.9,0,,9,,9,8,7,,9,2000,,,19.3,0,21,22,22.3,22.6
108,서울,2018-09-21 23:00,19.5,0,,9,.6,0,290,0,82,0,18.5,16.3,1002.1,0,1012,0,,9,,9,8,7,,7,2000,,,19.2,0,20.7,21.8,22.2,22.6
108,서울,2018-09-22 00:00,19.5,0,,9,1.1,0,250,0,81,0,18.3,16.1,1002,0,1011.9,0,,9,,9,8,8,Sc,5,2000,,,18.8,0,20.4,21.7,22.2,22.6
108,서울,2018-09-22 01:00,19.5,0,,,1.5,0,230,0,83,0,18.8,16.5,1002,0,1011.9,0,,9,,9,2,2,,5,1459,,,18.9,0,20.3,21.5,22.1,22.5
108,서울,2018-09-22 02:00,19.4,0,,,0,0,0,0,85,0,19.1,16.8,1001.8,0,1011.7,0,,9,,9,3,3,,4,1533,,,18.4,0,20.2,21.3,22,22.5
108,서울,2018-09-22 03:00,18.8,0,,,1,0,290,0,90,0,19.5,17.1,1002.3,0,1012.2,0,,9,,9,4,3,ScCi,4,1191,,,17.7,0,19.7,21.2,21.9,22.5
108,서울,2018-09-22 04:00,18.9,0,0,0,.8,0,340,0,88,0,19.1,16.8,1002.2,0,1012.1,0,,9,,9,10,7,ScAs,4,1226,,01,18.9,0,19.8,21,21.8,22.5
108,서울,2018-09-22 05:00,18.8,0,6.5,0,.2,0,0,0,96,0,20.8,18.1,1002.3,0,1012.2,0,,9,,9,9,5,ScAs,19,973,,1901,18.8,0,19.7,20.9,21.8,22.4
108,서울,2018-09-22 06:00,18.4,0,,9,.1,0,0,0,95,0,20,17.5,1002.8,0,1012.8,0,,9,,9,5,5,Sc,19,752,,19,17.6,0,19.5,20.8,21.7,22.4
108,서울,2018-09-22 07:00,18.1,0,,9,.9,0,290,0,96,0,19.9,17.4,1003.7,0,1013.7,0,0,0,.04,0,2,2,Sc,10,557,,19,17.5,0,19.1,20.6,21.6,22.3
108,서울,2018-09-22 08:00,18.2,0,,9,0,0,0,0,86,0,17.9,15.8,1004.1,0,1014.1,0,.8,0,.48,0,2,2,Sc,10,858,,19,18.4,0,19.2,20.5,21.5,22.2
108,서울,2018-09-22 09:00,19.7,0,,9,1.3,0,200,0,78,0,17.8,15.7,1004.5,0,1014.4,0,1,0,1.17,0,0,0,,,740,,19,21.6,0,20.4,20.4,21.3,22.1
108,서울,2018-09-22 10:00,21.8,0,,9,1.9,0,180,0,67,0,17.4,15.3,1004.7,0,1014.6,0,1,0,1.88,0,1,0,Ci,,878,,4019,26,0,22.4,20.9,21.3,22
108,서울,2018-09-22 11:00,22.7,0,,9,2.7,0,290,0,55,0,15.1,13.1,1005,0,1014.8,0,.9,0,1.86,0,4,4,Sc,12,1297,,40,25.2,0,24.2,21.6,21.3,22
108,서울,2018-09-22 12:00,24.2,0,,9,2.2,0,250,0,43,0,12.9,10.8,1004.7,0,1014.5,0,1,0,2.31,0,4,4,Sc,15,1798,,,29.6,0,25.4,22.4,21.5,22
108,서울,2018-09-22 13:00,24.9,0,,9,3.9,0,270,0,32,0,10,7,1004.7,0,1014.5,0,1,0,2.57,0,3,3,Sc,13,2000,,,29.6,0,26.6,23.1,21.8,22
108,서울,2018-09-22 14:00,25.2,0,,9,4.4,0,290,0,28,0,8.9,5.3,1004.4,0,1014.2,0,1,0,2.76,0,0,0,,,2000,,,29.3,0,27.4,23.8,22.1,22.1
108,서울,2018-09-22 15:00,25.4,0,,9,3.8,0,270,0,32,0,10.3,7.4,1004.2,0,1014,0,1,0,2.42,0,1,0,Ci,,1980,,,28.7,0,27.6,24.4,22.4,22.2
108,서울,2018-09-22 16:00,25.3,0,,9,3,0,270,0,38,0,12.2,9.9,1004.2,0,1014,0,1,0,1.88,0,3,1,ScCi,15,2000,,,27.3,0,27.4,24.7,22.7,22.3
108,서울,2018-09-22 17:00,24.6,0,,9,3.6,0,270,0,35,0,10.8,8.1,1004.6,0,1014.3,0,1,0,1.2,0,1,0,Ci,,1990,,,22.7,0,26.5,24.8,23,22.5
108,서울,2018-09-22 18:00,23.2,0,,9,2.8,0,270,0,36,0,10.2,7.2,1004.9,0,1014.7,0,1,0,.47,0,0,0,,,2000,,,19.1,0,24.7,24.6,23.2,22.6
108,서울,2018-09-22 19:00,21.3,0,,9,2.8,0,290,0,43,0,10.9,8.2,1005.4,0,1015.3,0,.1,0,.02,0,0,0,,,2000,,,17.3,0,22.8,24.1,23.3,22.7
108,서울,2018-09-22 20:00,20.4,0,,9,1.2,0,270,0,52,0,12.4,10.2,1005.9,0,1015.9,0,,9,,9,0,0,,,2000,,,17,0,21.5,23.4,23.2,22.9
108,서울,2018-09-22 21:00,19.4,0,,9,.8,0,290,0,55,0,12.4,10.1,1006.5,0,1016.4,0,,9,,9,0,0,,,2000,,,16.4,0,20.6,22.8,23.1,22.9
108,서울,2018-09-22 22:00,18.6,0,,9,.6,0,340,0,62,0,13.2,11.1,1006.6,0,1016.6,0,,9,,9,0,0,,,2000,,,15.9,0,19.7,22.2,22.9,22.9
108,서울,2018-09-22 23:00,17.9,0,,9,1,0,320,0,66,0,13.5,11.4,1006.8,0,1016.8,0,,9,,9,0,0,,,2000,,,15.4,0,19.1,21.7,22.8,22.9
108,서울,2018-09-23 00:00,17.2,0,,9,.6,0,360,0,69,0,13.5,11.4,1006.5,0,1016.6,0,,9,,9,3,1,AcCi,,2000,,,15.1,0,18.6,21.3,22.5,22.9
108,서울,2018-09-23 01:00,16.4,0,,,.1,0,0,0,66,0,12.3,10,1006,0,1016.1,0,,9,,9,2,2,,27,2000,,,14.7,0,18.2,20.9,22.3,22.8
108,서울,2018-09-23 02:00,16,0,,,1.3,0,50,0,72,0,13,10.9,1006.1,0,1016.2,0,,9,,9,6,6,,26,2000,,,14.7,0,17.9,20.6,22.1,22.7
108,서울,2018-09-23 03:00,15.8,0,,,.8,0,50,0,70,0,12.5,10.3,1006,0,1016.2,0,,9,,9,8,8,As,28,2000,,,15.3,0,17.7,20.3,21.9,22.7
108,서울,2018-09-23 04:00,16.2,0,,,.7,0,20,0,69,0,12.6,10.4,1006.2,0,1016.3,0,,9,,9,10,10,As,25,2000,,,16,0,18,20.1,21.7,22.6
108,서울,2018-09-23 05:00,16.3,0,,,.8,0,90,0,67,0,12.4,10.1,1006.2,0,1016.3,0,,9,,9,10,10,As,25,2000,,,16.3,0,18.2,20,21.5,22.5
108,서울,2018-09-23 06:00,16.5,0,0,0,1.2,0,50,0,73,0,13.7,11.6,1006,0,1016.1,0,,9,,9,10,5,ScAs,10,2000,,01,16.4,0,18.2,19.9,21.4,22.3
108,서울,2018-09-23 07:00,16.5,0,0,0,.4,0,0,0,74,0,13.8,11.8,1005.5,0,1015.6,0,0,0,0,0,10,10,As,26,2000,,01,16.5,0,18.3,19.9,21.3,22.3
108,서울,2018-09-23 08:00,17,0,,9,1.2,0,70,0,69,0,13.3,11.2,1005.4,0,1015.5,0,.4,0,.3,0,4,4,Sc,18,2000,,,16.9,0,18.4,19.8,21.1,22.2
108,서울,2018-09-23 09:00,18.4,0,,9,1,0,70,0,59,0,12.4,10.2,1005.7,0,1015.7,0,.6,0,.86,0,4,4,Sc,19,1951,,,20,0,19.2,19.8,21,22
108,서울,2018-09-23 10:00,19.3,0,,9,.2,0,0,0,59,0,13.1,11,1006.3,0,1016.3,0,.2,0,.94,0,9,4,ScAs,16,2000,,,21.5,0,20.5,20.1,21,22
108,서울,2018-09-23 11:00,20.1,0,,9,3,0,320,0,57,0,13.4,11.3,1006.4,0,1016.4,0,.2,0,1.29,0,9,9,As,28,1929,,,23.3,0,21.7,20.5,21,21.9
108,서울,2018-09-23 12:00,20.8,0,,9,1.2,0,360,0,52,0,12.7,10.5,1006.2,0,1016.2,0,.4,0,1.25,0,9,9,As,28,1984,,,23.5,0,22.8,21.2,21.1,21.9
108,서울,2018-09-23 13:00,22.7,0,,9,1.4,0,180,0,44,0,12.1,9.8,1005.3,0,1015.1,0,.6,0,1.77,0,2,2,Sc,17,1913,,,29.1,0,23.8,21.7,21.2,21.8
108,서울,2018-09-23 14:00,24.2,0,,9,1.2,0,340,0,40,0,12,9.7,1004.3,0,1014,0,1,0,2.62,0,0,0,,,1953,,,30.6,0,26.1,22.4,21.4,21.8
108,서울,2018-09-23 15:00,25,0,,9,2.2,0,270,0,28,0,8.8,5.2,1004,0,1013.8,0,1,0,2.39,0,2,2,Sc,18,2000,,,29.2,0,27.1,23.2,21.7,21.9
108,서울,2018-09-23 16:00,24.6,0,,9,4,0,290,0,29,0,8.9,5.3,1004.1,0,1013.8,0,1,0,1.73,0,2,2,Sc,17,1988,,,26.2,0,26.8,23.8,22,22
108,서울,2018-09-23 17:00,24.1,0,,9,2.4,0,250,0,41,0,12.3,10,1004.3,0,1014.1,0,1,0,1.17,0,0,0,,,2000,,,22.4,0,25.8,24,22.3,22.1
108,서울,2018-09-23 18:00,22.3,0,,9,2.7,0,270,0,53,0,14.2,12.2,1004.6,0,1014.5,0,1,0,.44,0,1,0,Ci,,2000,,,19.3,0,24.1,23.9,22.5,22.2
108,서울,2018-09-23 19:00,21,0,,9,2.9,0,270,0,54,0,13.4,11.3,1005,0,1014.9,0,0,0,.01,0,0,0,,,2000,,,17.5,0,22.4,23.4,22.7,22.3
108,서울,2018-09-23 20:00,20.2,0,,9,3.3,0,270,0,48,0,11.3,8.8,1005.8,0,1015.8,0,,9,,9,0,0,,,2000,,,16.4,0,21.3,22.8,22.7,22.5
108,서울,2018-09-23 21:00,19.1,0,,9,2.1,0,270,0,38,0,8.4,4.4,1006.6,0,1016.6,0,,9,,9,0,0,,,2000,,,15.1,0,20.3,22.3,22.6,22.5
108,서울,2018-09-23 22:00,18.5,0,,9,2.5,0,270,0,40,0,8.5,4.6,1007,0,1017,0,,9,,9,0,0,,,2000,,,14.3,0,19.4,21.8,22.5,22.5
108,서울,2018-09-23 23:00,17.7,0,,9,1.1,0,250,0,45,0,9.1,5.6,1007.3,0,1017.4,0,,9,,9,0,0,,,2000,,,14.2,0,18.8,21.2,22.3,22.5
108,서울,2018-09-24 00:00,17.2,0,,9,1.7,0,270,0,50,0,9.7,6.6,1007.5,0,1017.6,0,,9,,9,1,0,,,2000,,,14,0,18.2,20.8,22.1,22.5
108,서울,2018-09-24 01:00,16.8,0,,,2,0,270,0,53,0,10.1,7.1,1007.3,0,1017.4,0,,9,,9,1,0,,,2000,,,13.7,0,17.8,20.4,21.9,22.4
108,서울,2018-09-24 02:00,16.1,0,,,.7,0,290,0,57,0,10.4,7.5,1007.7,0,1017.9,0,,9,,9,0,0,,,2000,,,13.4,0,17.3,20.1,21.6,22.3
108,서울,2018-09-24 03:00,15.5,0,,,.3,0,0,0,63,0,11,8.4,1007.6,0,1017.8,0,,9,,9,3,0,Ci,,2000,,,13.1,0,16.9,19.7,21.4,22.3
108,서울,2018-09-24 04:00,14.9,0,,,.9,0,320,0,68,0,11.5,9,1007.5,0,1017.7,0,,9,,9,3,0,Ci,,2000,,,12.7,0,16.4,19.4,21.2,22.2
108,서울,2018-09-24 05:00,14.4,0,,,.3,0,0,0,66,0,10.8,8.1,1007.6,0,1017.8,0,,9,,9,3,0,Ci,,2000,,,12.5,0,16.1,19.1,21,22.1
108,서울,2018-09-24 06:00,14.3,0,,,.5,0,320,0,66,0,10.7,8,1008,0,1018.2,0,,9,,9,3,0,Ci,,2000,,,12.3,0,15.7,18.8,20.8,22
108,서울,2018-09-24 07:00,14.7,0,,,2.1,0,340,0,61,0,10.2,7.2,1008.4,0,1018.6,0,0,0,.02,0,3,0,Ci,,2000,,,12.4,0,15.5,18.5,20.6,21.9
108,서울,2018-09-24 08:00,15.4,0,,,2.2,0,320,0,52,0,9,5.5,1008.9,0,1019.1,0,1,0,.49,0,2,0,Ci,,1985,,,12.9,0,15.7,18.3,20.4,21.7
108,서울,2018-09-24 09:00,17,0,,,2.1,0,320,0,43,0,8.3,4.3,1009.4,0,1019.5,0,1,0,1.36,0,1,0,Ci,,1993,,,16.8,0,17.2,18.2,20.2,21.6
108,서울,2018-09-24 10:00,18.5,0,,,3.3,0,290,0,38,0,8,3.8,1010,0,1020,0,1,0,2.02,0,1,0,Ci,,2000,,,20.9,0,19.4,18.6,20.1,21.4
108,서울,2018-09-24 11:00,19.4,0,,,4.1,0,290,0,31,0,7,1.8,1009.8,0,1019.8,0,1,0,2.55,0,1,0,Ci,,1966,,,24.3,0,21.7,19.4,20.1,21.3
108,서울,2018-09-24 12:00,20.3,0,,,2.6,0,320,0,34,0,8.1,3.9,1009.4,0,1019.4,0,1,0,2.85,0,1,0,Ci,,2000,,,27.5,0,23.7,20.3,20.2,21.3
108,서울,2018-09-24 13:00,20.9,0,,,3.5,0,320,0,30,0,7.4,2.6,1009,0,1019,0,1,0,2.93,0,1,0,Ci,,2000,,,30.8,0,25.2,21.3,20.5,21.3
108,서울,2018-09-24 14:00,21.3,0,,,4.3,0,320,0,30,0,7.6,3,1008.4,0,1018.4,0,1,0,2.78,0,1,0,Ci,,2000,,,32.3,0,26.3,22.2,20.8,21.3
108,서울,2018-09-24 15:00,21.8,0,,,3.3,0,320,0,32,0,8.3,4.3,1007.7,0,1017.6,0,1,0,2.42,0,1,0,Ci,,2000,,,32.1,0,26.6,22.9,21.1,21.3
108,서울,2018-09-24 16:00,22,0,,,2.7,0,290,0,31,0,8.1,4,1007.6,0,1017.5,0,1,0,1.87,0,1,0,Ci,,2000,,,29.6,0,26.3,23.4,21.5,21.4
108,서울,2018-09-24 17:00,21.6,0,,,3.1,0,290,0,32,0,8.2,4.1,1007.8,0,1017.7,0,1,0,1.2,0,1,0,Ci,,2000,,,24.2,0,25.3,23.6,21.8,21.6
108,서울,2018-09-24 18:00,20.3,0,,,2.4,0,290,0,35,0,8.3,4.3,1008,0,1018,0,1,0,.46,0,0,0,,,2000,,,19.7,0,23.4,23.4,22.1,21.7
108,서울,2018-09-24 19:00,18.6,0,,,2.7,0,270,0,54,0,11.5,9,1008.2,0,1018.2,0,0,0,.01,0,0,0,,,2000,,,17.6,0,21.4,22.9,22.2,21.8
108,서울,2018-09-24 20:00,17.6,0,,,1.4,0,320,0,57,0,11.4,8.9,1008.6,0,1018.7,0,,9,,9,0,0,,,2000,,,16.2,0,20.1,22.3,22.2,22
108,서울,2018-09-24 21:00,16.8,0,,,1.2,0,320,0,58,0,11,8.4,1009.3,0,1019.4,0,,9,,9,0,0,,,2000,,,15.1,0,19,21.7,22.1,22.1
108,서울,2018-09-24 22:00,16.6,0,,,3.9,0,340,0,47,0,8.8,5.2,1009.6,0,1019.7,0,,9,,9,0,0,,,2000,,,14.3,0,18.3,21.1,22,22
108,서울,2018-09-24 23:00,15.7,0,,,.4,0,0,0,51,0,9,5.5,1009.8,0,1020,0,,9,,9,0,0,,,2000,,,13.6,0,17.8,20.6,21.7,22
108,서울,2018-09-25 00:00,14.7,0,,,1.6,0,290,0,55,0,9.2,5.7,1009.9,0,1020.1,0,,9,,9,0,0,,,2000,,,13,0,17.1,20.1,21.5,22
108,서울,2018-09-25 01:00,13.8,0,,,.8,0,290,0,60,0,9.4,6.1,1010.1,0,1020.3,0,,9,,9,0,0,,,2000,,,12.4,0,16.5,19.7,21.3,21.9
108,서울,2018-09-25 02:00,13.4,0,,,.2,0,0,0,62,0,9.5,6.2,1010.1,0,1020.4,0,,9,,9,0,0,,,2000,,,11.9,0,15.9,19.3,21.1,21.9
108,서울,2018-09-25 03:00,12.7,0,,,.5,0,20,0,67,0,9.8,6.7,1009.9,0,1020.2,0,,9,,9,0,0,,,2000,,,11.4,0,15.4,18.9,20.9,21.8
108,서울,2018-09-25 04:00,12,0,,,.5,0,20,0,69,0,9.6,6.4,1009.7,0,1020,0,,9,,9,0,0,,,2000,,,11,0,15,18.5,20.6,21.7
108,서울,2018-09-25 05:00,11.5,0,,,.5,0,20,0,70,0,9.5,6.2,1009.6,0,1020,0,,9,,9,0,0,,,2000,,,10.6,0,14.6,18.2,20.4,21.6
108,서울,2018-09-25 06:00,11.2,0,,,.9,0,20,0,70,0,9.3,5.9,1009.9,0,1020.3,0,,9,,9,0,0,,,2000,,,10.4,0,14.3,17.9,20.2,21.5
108,서울,2018-09-25 07:00,10.8,0,,,.9,0,20,0,72,0,9.3,5.9,1010.4,0,1020.8,0,0,0,.03,0,0,0,,,2000,,,10.6,0,14,17.5,20,21.3
108,서울,2018-09-25 08:00,12,0,,,1.3,0,50,0,61,0,8.5,4.6,1010.6,0,1020.9,0,1,0,.6,0,0,0,,,1988,,,11.5,0,14.2,17.3,19.7,21.2
108,서울,2018-09-25 09:00,15.3,0,,,1,0,50,0,49,0,8.5,4.6,1010.7,0,1020.9,0,1,0,1.34,0,0,0,,,2000,,,16.1,0,15.8,17.2,19.5,21
108,서울,2018-09-25 10:00,18,0,,,1.3,0,90,0,44,0,9,5.5,1011,0,1021.1,0,1,0,1.99,0,0,0,,,1984,,,21.4,0,18.5,17.6,19.4,20.9
108,서울,2018-09-25 11:00,20.1,0,,,1.6,0,90,0,40,0,9.3,6,1010.7,0,1020.7,0,1,0,2.47,0,0,0,,,1985,,,27.2,0,21.3,18.5,19.4,20.8
108,서울,2018-09-25 12:00,21.7,0,,,2,0,70,0,36,0,9.3,5.9,1009.9,0,1019.8,0,1,0,2.78,0,0,0,,,2000,,,31.5,0,23.6,19.7,19.5,20.7
108,서울,2018-09-25 13:00,22.9,0,,,2,0,90,0,30,0,8.3,4.3,1009,0,1018.9,0,1,0,2.9,0,0,0,,,2000,,,34.8,0,25.4,20.8,19.8,20.7
108,서울,2018-09-25 14:00,23.7,0,,,1.4,0,90,0,28,0,8.1,4,1008.3,0,1018.1,0,1,0,2.77,0,0,0,,,2000,,,36.2,0,26.7,21.9,20.2,20.7
108,서울,2018-09-25 15:00,24.1,0,,,1.6,0,110,0,26,0,7.7,3.3,1007.9,0,1017.7,0,1,0,2.38,0,3,0,Ci,,2000,,,35,0,27.3,22.8,20.6,20.8
108,서울,2018-09-25 16:00,24.2,0,,,1.7,0,90,0,28,0,8.4,4.5,1007.6,0,1017.4,0,1,0,1.86,0,5,0,Ci,,2000,,,31.8,0,27,23.4,21,20.9
108,서울,2018-09-25 17:00,22.9,0,,,1.4,0,70,0,33,0,9.2,5.7,1007.6,0,1017.5,0,1,0,.83,0,8,0,Ci,,2000,,,24.9,0,25.4,23.6,21.4,21.1
108,서울,2018-09-25 18:00,21.6,0,,,1,0,50,0,37,0,9.5,6.2,1008,0,1017.9,0,0,0,.24,0,8,0,Ci,,2000,,,21.7,0,23.5,23.4,21.7,21.2
108,서울,2018-09-25 19:00,20.3,0,,,.6,0,20,0,39,0,9.2,5.8,1008.5,0,1018.5,0,0,0,0,0,9,1,,75,2000,,,19.2,0,21.9,22.9,21.9,21.4
108,서울,2018-09-25 20:00,19.3,0,,,.4,0,0,0,45,0,10,7,1009.3,0,1019.3,0,,9,,9,8,6,,72,2000,,,18,0,20.7,22.4,21.9,21.5
108,서울,2018-09-25 21:00,18.5,0,,,1,0,50,0,48,0,10.2,7.2,1010.1,0,1020.1,0,,9,,9,3,0,Ci,,2000,,,16.8,0,19.9,21.8,21.9,21.6
108,서울,2018-09-25 22:00,17.7,0,,,1,0,50,0,52,0,10.5,7.7,1010.2,0,1020.3,0,,9,,9,6,1,,,2000,,,16,0,19.1,21.3,21.8,21.7
108,서울,2018-09-25 23:00,17.4,0,,,1.2,0,90,0,49,0,9.7,6.5,1010.2,0,1020.3,0,,9,,9,2,0,,,2000,,,15.4,0,18.5,20.9,21.6,21.7
108,서울,2018-09-26 00:00,17,0,,,1.5,0,70,0,51,0,9.8,6.7,1009.7,0,1019.8,0,,9,,9,3,0,,,2000,,,14.9,0,18.1,20.5,21.4,21.7
108,서울,2018-09-26 01:00,16.6,0,,,1.7,0,70,0,53,0,9.9,6.9,1009.7,0,1019.8,0,,9,,9,7,0,,,2000,,,14.9,0,17.8,20.1,21.3,21.6
108,서울,2018-09-26 02:00,16.6,0,,,1.5,0,90,0,54,0,10.2,7.2,1009.6,0,1019.7,0,,9,,9,8,8,,62,2000,,,15.1,0,17.6,19.8,21.1,21.6
108,서울,2018-09-26 03:00,16.5,0,,,1.6,0,70,0,57,0,10.6,7.9,1009.6,0,1019.7,0,,9,,9,9,0,Ci,,2000,,,15.1,0,17.5,19.6,20.9,21.5
108,서울,2018-09-26 04:00,16.4,0,,,1.7,0,90,0,59,0,10.9,8.3,1010,0,1020.2,0,,9,,9,9,0,Ci,,2000,,,15,0,17.3,19.4,20.7,21.5
108,서울,2018-09-26 05:00,16.3,0,,,1.5,0,90,0,61,0,11.2,8.7,1010.3,0,1020.5,0,,9,,9,9,0,Ci,,2000,,,15,0,17.3,19.2,20.6,21.4
108,서울,2018-09-26 06:00,16.3,0,,,2.1,0,90,0,62,0,11.4,8.9,1010.3,0,1020.5,0,,9,,9,9,0,Ci,,2000,,,15,0,17.1,19.1,20.4,21.3
108,서울,2018-09-26 07:00,16.3,0,,,2,0,90,0,62,0,11.4,8.9,1010.5,0,1020.7,0,0,0,.01,0,9,0,Ci,,2000,,,15.3,0,17.1,18.9,20.3,21.3
108,서울,2018-09-26 08:00,16.7,0,,,2,0,90,0,60,0,11.3,8.8,1010.6,0,1020.7,0,0,0,.2,0,9,0,Ci,,2000,,,16.5,0,17.3,18.8,20.2,21.2
108,서울,2018-09-26 09:00,17.7,0,,,1.8,0,90,0,54,0,10.9,8.2,1011,0,1021.1,0,0,0,.63,0,9,0,Cs,,2000,,,18.6,0,18,18.8,20.1,21.1
108,서울,2018-09-26 10:00,19.4,0,,,2.3,0,70,0,47,0,10.5,7.7,1011,0,1021,0,1,0,1.45,0,9,4,AcCi,49,2000,,,22.7,0,19.5,19.1,20,21
108,서울,2018-09-26 11:00,20.5,0,,,2.1,0,70,0,42,0,10.1,7.1,1010.7,0,1020.7,0,.8,0,1.59,0,8,2,AcCi,49,1981,,,25.9,0,20.9,19.6,20,20.9
108,서울,2018-09-26 12:00,22.5,0,,,1.8,0,90,0,37,0,10,7,1010.3,0,1020.2,0,1,0,2.5,0,3,1,ScCi,10,2000,,,33.1,0,23.3,20.2,20.1,20.9
108,서울,2018-09-26 13:00,23.4,0,,,2.1,0,90,0,34,0,9.7,6.6,1009.5,0,1019.3,0,1,0,2.84,0,3,3,Sc,10,2000,,,36.7,0,25.6,21.2,20.3,20.8
108,서울,2018-09-26 14:00,24.1,0,,,1.3,0,70,0,33,0,9.9,6.8,1009.3,0,1019.1,0,1,0,2.52,0,7,7,Sc,10,2000,,,36.6,0,26.7,22.2,20.6,20.9
108,서울,2018-09-26 15:00,24.7,0,,,1.2,0,70,0,35,0,10.8,8.1,1008.9,0,1018.7,0,1,0,2.28,0,7,3,ScAcCc,19,2000,,,35.9,0,27.4,23.1,20.9,20.9
108,서울,2018-09-26 16:00,24.4,0,,,1.8,0,110,0,35,0,10.6,7.9,1008.4,0,1018.2,0,1,0,1.71,0,4,3,ScCc,19,2000,,,32.8,0,27.2,23.7,21.3,21
108,서울,2018-09-26 17:00,23.6,0,,,1.4,0,50,0,38,0,11,8.4,1008.6,0,1018.4,0,1,0,1.04,0,5,3,ScCc,19,2000,,,26.5,0,26.3,24,21.6,21.2
108,서울,2018-09-26 18:00,22.1,0,,,1.5,0,50,0,45,0,11.9,9.6,1008.5,0,1018.4,0,.6,0,.27,0,3,1,ScCi,19,2000,,,21.9,0,24.4,23.9,22,21.3
108,서울,2018-09-26 19:00,20.7,0,,,1,0,90,0,46,0,11.2,8.6,1008.7,0,1018.7,0,0,0,.02,0,7,6,,45,2000,,,19.6,0,22.6,23.5,22.2,21.5
108,서울,2018-09-26 20:00,20,0,,,2,0,70,0,46,0,10.7,8,1009.4,0,1019.4,0,,9,,9,3,3,,17,2000,,,18.7,0,21.5,22.9,22.2,21.6
108,서울,2018-09-26 21:00,18.9,0,,,2,0,90,0,43,0,9.3,6,1009.8,0,1019.8,0,,9,,9,0,0,,,2000,,,17.4,0,20.6,22.3,22.1,21.7
108,서울,2018-09-26 22:00,18.1,0,,,1.7,0,90,0,43,0,8.9,5.3,1010.1,0,1020.2,0,,9,,9,1,0,,,2000,,,16.5,0,19.8,21.8,22,21.8
108,서울,2018-09-26 23:00,17.4,0,,,2.1,0,90,0,46,0,9.1,5.6,1010,0,1020.1,0,,9,,9,1,0,,,2000,,,15.8,0,19.1,21.4,21.8,21.8
108,서울,2018-09-27 00:00,16.7,0,,,1.7,0,70,0,50,0,9.5,6.2,1010,0,1020.1,0,,9,,9,0,0,,,2000,,,15.2,0,18.5,20.9,21.7,21.8
108,서울,2018-09-27 01:00,16.1,0,,,1.4,0,70,0,53,0,9.7,6.5,1009.9,0,1020.1,0,,9,,9,0,0,,,2000,,,14.7,0,18,20.5,21.5,21.8
108,서울,2018-09-27 02:00,15.7,0,,,1.4,0,90,0,53,0,9.4,6.1,1009.7,0,1019.9,0,,9,,9,0,0,,,2000,,,14.3,0,17.5,20.1,21.3,21.7
108,서울,2018-09-27 03:00,14.9,0,,,1.1,0,50,0,57,0,9.6,6.4,1009.5,0,1019.7,0,,9,,9,0,0,,,2000,,,13.7,0,17.1,19.8,21.1,21.7
108,서울,2018-09-27 04:00,14.4,0,,,1.1,0,90,0,58,0,9.5,6.2,1009.3,0,1019.5,0,,9,,9,0,0,,,2000,,,13.3,0,16.6,19.5,20.9,21.6
108,서울,2018-09-27 05:00,13.9,0,,,.6,0,70,0,60,0,9.5,6.2,1009.2,0,1019.4,0,,9,,9,0,0,,,2000,,,12.9,0,16.3,19.1,20.7,21.5
108,서울,2018-09-27 06:00,13.4,0,,,.8,0,70,0,61,0,9.3,6,1009.3,0,1019.6,0,,9,,9,0,0,,,2000,,,12.4,0,15.9,18.8,20.5,21.4
108,서울,2018-09-27 07:00,13.2,0,,,.5,0,70,0,60,0,9,5.5,1009.7,0,1020,0,0,0,.02,0,0,0,,,2000,,,12.5,0,15.6,18.5,20.3,21.3
108,서울,2018-09-27 08:00,14.8,0,,,1.1,0,90,0,51,0,8.5,4.7,1010.1,0,1020.4,0,.9,0,.59,0,0,0,,,2000,,,13.3,0,15.6,18.2,20.1,21.2
108,서울,2018-09-27 09:00,17.7,0,,,1.5,0,90,0,48,0,9.7,6.5,1010.4,0,1020.5,0,1,0,1.3,0,0,0,,,2000,,,18.1,0,17.2,18.1,19.9,21.1
108,서울,2018-09-27 10:00,19.9,0,,,1.8,0,70,0,47,0,10.9,8.2,1010.4,0,1020.5,0,1,0,1.93,0,0,0,,,1989,,,23.8,0,19.7,18.5,19.8,20.9
108,서울,2018-09-27 11:00,21.3,0,,,1.7,0,70,0,43,0,10.9,8.2,1010,0,1020,0,1,0,2.42,0,0,0,,,1998,,,29.9,0,22.3,19.4,19.8,20.8
108,서울,2018-09-27 12:00,23.2,0,,,1.4,0,110,0,42,0,11.9,9.5,1009.1,0,1019,0,1,0,2.73,0,3,3,Sc,15,2000,,,35.5,0,24.7,20.4,20,20.8
108,서울,2018-09-27 13:00,23,0,,,1.7,0,50,0,39,0,10.9,8.2,1008.3,0,1018.2,0,1,0,2.28,0,4,4,Sc,15,2000,,,33.7,0,25.8,21.6,20.2,20.8
108,서울,2018-09-27 14:00,24.6,0,,,1.5,0,70,0,34,0,10.4,7.6,1007.7,0,1017.5,0,1,0,2.74,0,4,4,Sc,18,2000,,,40.1,0,27.2,22.5,20.6,20.8
108,서울,2018-09-27 15:00,23.4,0,,,1.4,0,50,0,35,0,10,7,1007.3,0,1017.1,0,.7,0,1.39,0,3,3,Sc,18,2000,,,31.6,0,26.5,23.3,21,20.9
108,서울,2018-09-27 16:00,23.6,0,,,1.1,0,20,0,31,0,9,5.4,1007.3,0,1017.1,0,.7,0,1.37,0,2,2,Sc,19,2000,,,29.4,0,26.1,23.6,21.3,21
108,서울,2018-09-27 17:00,24.3,0,,,1.5,0,70,0,31,0,9.3,6,1007.2,0,1017,0,1,0,1.17,0,1,1,Sc,19,2000,,,26,0,26,23.8,21.7,21.1
108,서울,2018-09-27 18:00,22.5,0,,,.8,0,20,0,38,0,10.3,7.4,1007.3,0,1017.2,0,1,0,.31,0,1,1,Sc,19,2000,,,21,0,24.1,23.7,21.9,21.3
108,서울,2018-09-27 19:00,20.6,0,,,.7,0,20,0,44,0,10.6,7.9,1007.6,0,1017.6,0,0,0,.01,0,3,0,,,2000,,,18.4,0,22.1,23.2,22,21.4
108,서울,2018-09-27 20:00,19.5,0,,,1.2,0,50,0,47,0,10.6,7.8,1008.2,0,1018.2,0,,9,,9,1,0,,,2000,,,17.5,0,20.8,22.6,22.1,21.5
108,서울,2018-09-27 21:00,18.7,0,,,1.3,0,70,0,48,0,10.3,7.4,1008.9,0,1018.9,0,,9,,9,0,0,,,2000,,,16.7,0,20,22,22,21.6
108,서울,2018-09-27 22:00,17.9,0,,,1,0,70,0,50,0,10.2,7.3,1008.8,0,1018.9,0,,9,,9,0,0,,,2000,,,15.9,0,19.3,21.5,21.9,21.7
108,서울,2018-09-27 23:00,17.7,0,,,1.4,0,90,0,51,0,10.3,7.4,1008.9,0,1019,0,,9,,9,0,0,,,2000,,,15.5,0,18.9,21.1,21.7,21.7
108,서울,2018-09-28 00:00,17.1,0,,,1.4,0,70,0,52,0,10.1,7.1,1009.1,0,1019.2,0,,9,,9,0,0,,,2000,,,15.1,0,18.4,20.7,21.5,21.7
108,서울,2018-09-28 01:00,16.5,0,,,1.5,0,90,0,53,0,9.9,6.8,1009.1,0,1019.2,0,,9,,9,3,0,,,2000,,,14.7,0,18,20.3,21.3,21.7
108,서울,2018-09-28 02:00,16,0,,,1.5,0,90,0,56,0,10.2,7.2,1009.2,0,1019.4,0,,9,,9,6,0,,,2000,,,14.2,0,17.6,20,21.2,21.6
108,서울,2018-09-28 03:00,15.3,0,,,1.6,0,90,0,59,0,10.2,7.3,1009,0,1019.2,0,,9,,9,2,2,Ac,35,2000,,,13.7,0,17.1,19.7,21,21.5
108,서울,2018-09-28 04:00,14.7,0,,,1.5,0,70,0,62,0,10.3,7.4,1008.8,0,1019,0,,9,,9,4,0,Cc,,2000,,,13.5,0,16.8,19.4,20.8,21.5
108,서울,2018-09-28 05:00,14.5,0,,,1.4,0,70,0,60,0,9.9,6.8,1008.8,0,1019,0,,9,,9,5,0,Ci,,2000,,,13.2,0,16.5,19.1,20.7,21.4
108,서울,2018-09-28 06:00,14.4,0,,,1.2,0,70,0,61,0,9.9,6.9,1008.9,0,1019.1,0,,9,,9,8,0,Ci,,2000,,,13.3,0,16.3,18.9,20.5,21.3
108,서울,2018-09-28 07:00,14.5,0,,,1.5,0,70,0,62,0,10.2,7.2,1009,0,1019.2,0,0,0,.03,0,8,0,Ci,,2000,,,14.3,0,16.3,18.7,20.3,21.2
108,서울,2018-09-28 08:00,15.2,0,,,1.7,0,70,0,58,0,9.9,6.9,1009.5,0,1019.7,0,.2,0,.29,0,9,0,Ci,,2000,,,16.1,0,16.8,18.5,20.2,21.1
108,서울,2018-09-28 09:00,16.5,0,,,1.2,0,90,0,50,0,9.3,6,1010.2,0,1020.4,0,.2,0,.66,0,7,0,Cc,,2000,,,19.4,0,17.4,18.5,20,21
108,서울,2018-09-28 10:00,17.4,0,,,1.3,0,70,0,51,0,10.1,7.1,1009.6,0,1019.7,0,.2,0,.81,0,9,0,Ci,,1989,,,21.8,0,18.6,18.7,19.9,20.9
108,서울,2018-09-28 11:00,17.9,0,,,1.4,0,70,0,54,0,11,8.4,1009,0,1019.1,0,.1,0,.73,0,9,0,Ci,,2000,,,21.7,0,19.3,19.1,19.9,20.9
108,서울,2018-09-28 12:00,19,0,,,1.2,0,90,0,52,0,11.4,8.9,1008.5,0,1018.5,0,0,0,.98,0,10,10,As,40,2000,,,23.1,0,20.2,19.4,19.9,20.7
108,서울,2018-09-28 13:00,19.1,0,,,1.4,0,70,0,53,0,11.6,9.2,1008.4,0,1018.4,0,0,0,.76,0,10,10,As,47,2000,,,23.2,0,20.5,19.8,20,20.8
108,서울,2018-09-28 14:00,19.4,0,,,1.4,0,90,0,53,0,11.9,9.5,1007.8,0,1017.8,0,0,0,.68,0,10,10,As,41,2000,,,23.2,0,20.7,20.1,20.1,20.7
108,서울,2018-09-28 15:00,20.3,0,,,1.3,0,70,0,52,0,12.4,10.1,1007.5,0,1017.5,0,.5,0,1.15,0,9,5,AcCi,33,2000,,,24.7,0,21.8,20.4,20.2,20.7
108,서울,2018-09-28 16:00,21.9,0,,,1.2,0,90,0,46,0,12,9.7,1007.3,0,1017.2,0,1,0,1.67,0,3,1,AcCi,35,1995,,,28.9,0,23.2,20.8,20.3,20.7
108,서울,2018-09-28 17:00,21.7,0,,,1.1,0,140,0,52,0,13.5,11.4,1007.4,0,1017.3,0,.9,0,.79,0,5,5,Ac,23,2000,,,23.2,0,23.1,21.3,20.4,20.7
108,서울,2018-09-28 18:00,20.4,0,,,1.7,0,110,0,56,0,13.4,11.3,1007.4,0,1017.4,0,.4,0,.2,0,7,7,Ac,23,2000,,,20.1,0,21.6,21.4,20.6,20.8
108,서울,2018-09-28 19:00,19.3,0,,,.8,0,70,0,61,0,13.6,11.5,1007.4,0,1017.4,0,0,0,.01,0,6,4,,24,2000,,,17.7,0,20.4,21.2,20.7,20.9
108,서울,2018-09-28 20:00,18,0,,,.7,0,50,0,67,0,13.7,11.7,1008,0,1018,0,,9,,9,6,1,,51,2000,,,16.5,0,19.3,20.8,20.8,20.9
108,서울,2018-09-28 21:00,17.8,0,,,1.1,0,70,0,66,0,13.4,11.3,1008.3,0,1018.4,0,,9,,9,5,5,Ac,27,2000,,,16.6,0,18.9,20.5,20.8,20.9
108,서울,2018-09-28 22:00,17.1,0,,,1,0,50,0,70,0,13.6,11.5,1008.1,0,1018.2,0,,9,,9,5,3,,,2000,,,15.6,0,18.4,20.1,20.7,21
108,서울,2018-09-28 23:00,16.6,0,,,1,0,70,0,69,0,12.9,10.8,1008.4,0,1018.5,0,,9,,9,6,3,,25,2000,,,15.3,0,17.9,19.9,20.6,21
108,서울,2018-09-29 00:00,16.6,0,,,1,0,70,0,69,0,12.9,10.8,1007.9,0,1018,0,,9,,9,1,1,Sc,19,2000,,,15.1,0,17.6,19.6,20.5,21
108,서울,2018-09-29 01:00,16.2,0,,,.9,0,70,0,71,0,13,10.9,1007.6,0,1017.7,0,,9,,9,3,0,,,2000,,,14.6,0,17.3,19.3,20.4,20.9
108,서울,2018-09-29 02:00,15.8,0,,,1.1,0,90,0,71,0,12.7,10.5,1007.4,0,1017.6,0,,9,,9,3,0,,,2000,,,14.2,0,17,19.1,20.3,20.9
108,서울,2018-09-29 03:00,15.5,0,,,1,0,90,0,73,0,12.8,10.6,1007.2,0,1017.4,0,,9,,9,0,0,,,2000,,,13.9,0,16.7,18.9,20.1,20.8
108,서울,2018-09-29 04:00,15.4,0,,,.9,0,70,0,74,0,12.9,10.7,1006.9,0,1017.1,0,,9,,9,0,0,,,2000,,,13.7,0,16.5,18.7,20,20.8
108,서울,2018-09-29 05:00,15,0,,,.5,0,70,0,77,0,13,10.9,1006.7,0,1016.9,0,,9,,9,0,0,,,2000,,,13.3,0,16.2,18.5,19.9,20.7
108,서울,2018-09-29 06:00,14.6,0,,,1,0,70,0,81,0,13.4,11.3,1006.8,0,1017,0,,9,,9,0,0,,,2000,,,13.1,0,15.9,18.3,19.8,20.7
108,서울,2018-09-29 07:00,14.7,0,,,.8,0,90,0,76,0,12.7,10.5,1006.8,0,1017,0,0,0,.02,0,0,0,,,2000,,,13.4,0,15.8,18.1,19.6,20.6
108,서울,2018-09-29 08:00,15.7,0,,,1.2,0,90,0,65,0,11.6,9.1,1006.8,0,1017,0,.9,0,.54,0,0,0,,,2000,,,14.3,0,16,18,19.5,20.5
108,서울,2018-09-29 09:00,18.3,0,,,1.4,0,70,0,58,0,12.1,9.8,1006.7,0,1016.7,0,1,0,1.24,0,0,0,,,1958,,,18,0,17.5,17.9,19.3,20.3
108,서울,2018-09-29 10:00,20.8,0,,,1.5,0,90,0,52,0,12.7,10.5,1006.6,0,1016.6,0,1,0,1.88,0,0,0,,,2000,,,23.7,0,20,18.4,19.2,20.3
108,서울,2018-09-29 11:00,22.3,0,,,1.3,0,90,0,50,0,13.4,11.3,1005.8,0,1015.7,0,1,0,2.36,0,0,0,,,2000,,,30.1,0,22.7,19.2,19.3,20.2
108,서울,2018-09-29 12:00,23.8,0,,,1.7,0,70,0,44,0,12.9,10.8,1004.9,0,1014.7,0,1,0,2.66,0,0,0,,,2000,,,35.8,0,24.9,20.3,19.5,20.2
108,서울,2018-09-29 13:00,24.9,0,,,1.4,0,70,0,40,0,12.5,10.3,1003.9,0,1013.7,0,1,0,2.75,0,0,0,,,2000,,,39,0,26.7,21.4,19.8,20.2
108,서울,2018-09-29 14:00,26.2,0,,,1.8,0,70,0,33,0,11.2,8.6,1002.8,0,1012.5,0,1,0,2.62,0,0,0,,,2000,,,40.3,0,27.9,22.5,20.1,20.3
108,서울,2018-09-29 15:00,26.5,0,,,1.4,0,20,0,33,0,11.4,8.9,1001.9,0,1011.6,0,1,0,2.25,0,0,0,,,2000,,,38.6,0,28.4,23.3,20.6,20.4
108,서울,2018-09-29 16:00,26.6,0,,,1.3,0,70,0,34,0,11.8,9.4,1001.5,0,1011.2,0,1,0,1.69,0,0,0,,,2000,,,34.3,0,28.2,24,21,20.5
108,서울,2018-09-29 17:00,26.3,0,,,1,0,20,0,31,0,10.6,7.8,1001.6,0,1011.3,0,1,0,1.03,0,0,0,,,2000,,,27.6,0,27.4,24.2,21.4,20.7
108,서울,2018-09-29 18:00,24.8,0,,,.5,0,20,0,41,0,12.8,10.6,1001.4,0,1011.2,0,.9,0,.33,0,0,0,,,2000,,,22.4,0,25.4,24.2,21.7,20.9
108,서울,2018-09-29 19:00,22.5,0,,,.4,0,0,0,43,0,11.6,9.2,1001,0,1010.8,0,0,0,0,0,1,0,,,2000,,,19.4,0,23.1,23.7,22,21.1
108,서울,2018-09-29 20:00,21.3,0,,,.1,0,0,0,46,0,11.6,9.2,1001.2,0,1011.1,0,,9,,9,0,0,,,2000,,,18,0,21.6,23.1,22.1,21.2
108,서울,2018-09-29 21:00,20.1,0,,,1.2,0,290,0,54,0,12.6,10.4,1001.5,0,1011.5,0,,9,,9,0,0,,,2000,,,17.2,0,20.6,22.5,22,21.3
108,서울,2018-09-29 22:00,19.3,0,,,.5,0,360,0,55,0,12.3,10,1001.2,0,1011.1,0,,9,,9,0,0,,,2000,,,16.4,0,19.8,21.9,21.9,21.4
108,서울,2018-09-29 23:00,18.6,0,,,.7,0,290,0,59,0,12.6,10.4,1001.1,0,1011,0,,9,,9,4,2,,16,2000,,,16.2,0,19.1,21.4,21.8,21.4
108,서울,2018-09-30 00:00,18.1,0,,,.2,0,0,0,60,0,12.4,10.2,1000.9,0,1010.9,0,,9,,9,3,3,,,2000,,,15.9,0,18.8,21,21.6,21.5
108,서울,2018-09-30 01:00,17.5,0,,,.5,0,50,0,66,0,13.1,11,1000.4,0,1010.4,0,,9,,9,1,1,,16,2000,,,15.6,0,18.5,20.7,21.4,21.4
108,서울,2018-09-30 02:00,17.3,0,,,.7,0,70,0,68,0,13.4,11.3,999.6,0,1009.6,0,,9,,9,0,0,,,2000,,,15.2,0,18.2,20.3,21.2,21.4
108,서울,2018-09-30 03:00,17,0,,,.9,0,20,0,70,0,13.5,11.4,999.4,0,1009.4,0,,9,,9,0,0,,,2000,,,14.6,0,17.8,20.1,21.1,21.4
108,서울,2018-09-30 04:00,16.6,0,,,.3,0,0,0,73,0,13.7,11.7,999,0,1009,0,,9,,9,0,0,,,2000,,,14.1,0,17.3,19.8,20.9,21.3
108,서울,2018-09-30 05:00,16.1,0,,,.4,0,0,0,78,0,14.2,12.2,998.9,0,1009,0,,9,,9,0,0,,,2000,,,13.9,0,17,19.5,20.7,21.3
108,서울,2018-09-30 06:00,15.5,0,,,.4,0,0,0,80,0,14,12,998.6,0,1008.7,0,,9,,9,0,0,,,2000,,,13.5,0,16.7,19.2,20.6,21.2
108,서울,2018-09-30 07:00,15.1,0,,,.8,0,50,0,81,0,13.8,11.8,998.5,0,1008.6,0,0,0,.03,0,1,1,Sc,10,1939,,,13.9,0,16.5,19,20.4,21.1
108,서울,2018-09-30 08:00,16.2,0,,,1.1,0,50,0,69,0,12.6,10.4,998.2,0,1008.2,0,.9,0,.54,0,4,4,Sc,9,2000,,,16.7,0,16.8,18.8,20.2,21
108,서울,2018-09-30 09:00,18.5,0,,,.5,0,50,0,62,0,13.1,11,997.8,0,1007.7,0,1,0,1,0,3,3,Sc,7,1847,,,20.4,0,18.4,18.8,20.1,20.9
108,서울,2018-09-30 10:00,20.7,0,,,1.3,0,230,0,62,0,15.1,13.1,997.1,0,1007,0,.9,0,1.41,0,6,6,Sc,7,1679,,,24.5,0,20.7,19.2,20,20.8
108,서울,2018-09-30 11:00,20.2,0,,,2.8,0,290,0,63,0,14.9,12.9,996.7,0,1006.6,0,.8,0,1.25,0,8,8,Sc,5,1195,,,26.8,0,21.6,19.9,20,20.7
108,서울,2018-09-30 12:00,20.8,0,,,3.1,0,290,0,47,0,11.5,9,996,0,1005.9,0,.9,0,2,0,2,1,ScCi,12,1665,,,33,0,22.9,20.5,20.1,20.7
108,서울,2018-09-30 13:00,21.1,0,,,4.6,0,270,0,42,0,10.4,7.6,995.1,0,1004.9,0,1,0,2.74,0,1,1,Sc,10,1954,,,35.5,0,25,21.2,20.3,20.7
108,서울,2018-09-30 14:00,21.1,0,,,4.4,0,290,0,32,0,8,3.7,994.3,0,1004.1,0,1,0,2.48,0,0,0,,,1999,,,36.7,0,25.8,22,20.6,20.7
108,서울,2018-09-30 15:00,21.3,0,,,3.8,0,270,0,32,0,8.1,3.9,993.8,0,1003.6,0,1,0,2.31,0,0,0,,,2000,,,35.5,0,26.2,22.7,20.8,20.8
108,서울,2018-09-30 16:00,21.2,0,,,3.2,0,290,0,28,0,7,1.9,993.7,0,1003.5,0,1,0,1.77,0,0,0,,,2000,,,30.7,0,26,23.1,21.1,20.8
108,서울,2018-09-30 17:00,20.4,0,,,3.2,0,270,0,31,0,7.4,2.6,993.7,0,1003.6,0,1,0,1.06,0,0,0,,,2000,,,23.8,0,24.9,23.3,21.4,21
108,서울,2018-09-30 18:00,18.3,0,,,3.3,0,290,0,34,0,7.1,2.1,993.9,0,1003.8,0,.9,0,.36,0,0,0,,,2000,,,18.5,0,22.9,23.1,21.6,21.1
108,서울,2018-09-30 19:00,17.1,0,,,2.9,0,270,0,35,0,6.8,1.4,994.2,0,1004.2,0,0,0,0,0,0,0,,,2000,,,16.3,0,21.1,22.6,21.7,21.2
108,서울,2018-09-30 20:00,16,0,,,2.9,0,270,0,39,0,7.1,2,994.6,0,1004.6,0,,9,,9,0,0,,,2000,,,15,0,19.8,22,21.7,21.3
108,서울,2018-09-30 21:00,15.2,0,,,3,0,270,0,40,0,6.9,1.6,995.3,0,1005.4,0,,9,,9,0,0,,,2000,,,14.1,0,18.8,21.4,21.7,21.4
108,서울,2018-09-30 22:00,14.6,0,,,2.2,0,270,0,46,0,7.6,3,995.3,0,1005.4,0,,9,,9,0,0,,,2000,,,13.5,0,18,20.8,21.5,21.4
108,서울,2018-09-30 23:00,14.1,0,,,2.1,0,270,0,53,0,8.5,4.6,994.9,0,1005,0,,9,,9,5,0,,,2000,,,13,0,17.4,20.3,21.3,21.4
108,서울,2018-10-01 00:00,14.1,0,,,2.6,0,270,0,55,0,8.8,5.1,994.2,0,1004.3,0,,9,,9,0,0,,,2000,,,12.9,0,17,19.9,21.1,21.4
108,서울,2018-10-01 01:00,13.9,0,,,2,0,270,0,57,0,9,5.5,994.2,0,1004.3,0,,9,,9,2,0,,,2000,,,12.4,0,16.6,19.5,20.8,21.3
108,서울,2018-10-01 02:00,13.9,0,,,2.4,0,270,0,56,0,8.8,5.2,994.6,0,1004.7,0,,9,,9,4,0,,,2000,,,12.3,0,16.3,19.2,20.7,21.2
108,서울,2018-10-01 03:00,13.6,0,,,1.6,0,230,0,56,0,8.7,4.9,994.9,0,1005,0,,9,,9,8,2,ScAc,17,2000,,,12.6,0,16,18.9,20.5,21.2
108,서울,2018-10-01 04:00,13.7,0,,,1.9,0,270,0,56,0,8.7,5,994.9,0,1005,0,,9,,9,10,10,As,32,2000,,,13.5,0,16.1,18.6,20.3,21.1
108,서울,2018-10-01 05:00,13.7,0,,,1.8,0,250,0,57,0,8.9,5.3,995.1,0,1005.2,0,,9,,9,8,4,AcCi,38,1999,,,12.8,0,16.1,18.5,20.1,21
108,서울,2018-10-01 06:00,13.3,0,,,2.3,0,270,0,56,0,8.5,4.6,995.5,0,1005.6,0,,9,,9,7,4,AcCi,35,2000,,,12.4,0,15.7,18.3,19.9,20.9
108,서울,2018-10-01 07:00,13.1,0,,,2.1,0,250,0,58,0,8.7,5,995.9,0,1006,0,0,0,.03,0,3,3,Ac,35,1997,,,12.2,0,15.4,18.1,19.8,20.8
108,서울,2018-10-01 08:00,13.7,0,,,2.4,0,270,0,54,0,8.4,4.5,996.4,0,1006.5,0,.8,0,.39,0,7,4,ScAc,10,1960,,,15.1,0,15.6,17.9,19.6,20.7
108,서울,2018-10-01 09:00,14.9,0,,,3.4,0,320,0,50,0,8.4,4.5,996.9,0,1007,0,.9,0,1.08,0,1,1,Ac,35,1989,,,17.6,0,17,17.9,19.5,20.6
108,서울,2018-10-01 10:00,16.3,0,,,3.6,0,270,0,47,0,8.7,4.9,997.2,0,1007.2,0,1,0,1.93,0,2,1,ScCi,12,1815,,,23,0,19,18.3,19.4,20.5
108,서울,2018-10-01 11:00,17,0,,,4.5,0,320,0,45,0,8.7,4.9,997.4,0,1007.4,0,1,0,2.04,0,7,7,Sc,14,1966,,,25.8,0,20.9,18.9,19.4,20.4
108,서울,2018-10-01 12:00,18.4,0,,,3.5,0,270,0,40,0,8.4,4.5,996.9,0,1006.8,0,1,0,2.28,0,6,6,Sc,15,1958,,,30.9,0,22.3,19.6,19.5,20.4
108,서울,2018-10-01 13:00,17.6,0,,,4.7,0,320,0,49,0,9.8,6.7,996.6,0,1006.6,0,.8,0,1.89,0,6,6,Sc,14,2000,,,26.2,0,23.2,20.4,19.7,20.3
108,서울,2018-10-01 14:00,19.3,0,,,3.5,0,250,0,36,0,8,3.8,996.4,0,1006.3,0,1,0,2.28,0,6,6,Sc,17,1986,,,34.7,0,24,21,19.9,20.3
108,서울,2018-10-01 15:00,19,0,,,3.8,0,250,0,40,0,8.7,5,996.1,0,1006,0,1,0,1.96,0,6,4,ScAc,15,1983,,,31.4,0,24.4,21.5,20.2,20.4
108,서울,2018-10-01 16:00,17.7,0,,,3.4,0,270,0,47,0,9.5,6.2,996.7,0,1006.6,0,.4,0,.81,0,9,9,Sc,19,2000,,,23.2,0,23.1,21.9,20.4,20.4
108,서울,2018-10-01 17:00,17.2,0,0,0,2.9,0,270,0,53,0,10.4,7.5,997.4,0,1007.4,0,0,0,.25,0,9,4,ScAs,18,2000,,01,21,0,21.8,21.8,20.7,20.6
108,서울,2018-10-01 18:00,16.6,0,,9,2.9,0,270,0,61,0,11.5,9,998.1,0,1008.1,0,0,0,.16,0,8,8,Sc,12,2000,,,18.6,0,20.9,21.6,20.8,20.6
108,서울,2018-10-01 19:00,16.2,0,,9,2.2,0,290,0,62,0,11.4,8.9,999.2,0,1009.3,0,0,0,0,0,3,3,,9,2000,,,17.1,0,20,21.3,20.9,20.7
108,서울,2018-10-01 20:00,15.4,0,,9,2.1,0,290,0,63,0,10.9,8.3,1000.6,0,1010.7,0,,9,,9,5,5,,15,2000,,,15.6,0,19.2,20.9,20.8,20.8
108,서울,2018-10-01 21:00,14.6,0,,9,4,0,340,0,66,0,10.9,8.3,1001.5,0,1011.6,0,,9,,9,0,0,,,2000,,,14.2,0,18.3,20.5,20.8,20.8
108,서울,2018-10-01 22:00,13.9,0,,9,.5,0,290,0,69,0,10.9,8.2,1002.5,0,1012.7,0,,9,,9,0,0,,,2000,,,13.1,0,17.5,20,20.7,20.8
108,서울,2018-10-01 23:00,13.4,0,,9,3.7,0,340,0,69,0,10.6,7.8,1003,0,1013.2,0,,9,,9,0,0,,,2000,,,12.7,0,16.9,19.6,20.6,20.9
108,서울,2018-10-02 00:00,13,0,,9,1.8,0,290,0,72,0,10.7,8,1003.5,0,1013.7,0,,9,,9,0,0,,,1987,,,12.2,0,16.4,19.3,20.4,20.9
108,서울,2018-10-02 01:00,12.5,0,,,1.9,0,290,0,74,0,10.6,7.9,1004.1,0,1014.4,0,,9,,9,0,0,,,1992,,,11.7,0,15.9,18.9,20.2,20.8
108,서울,2018-10-02 02:00,12.3,0,,,1.6,0,290,0,75,0,10.6,7.9,1004.5,0,1014.8,0,,9,,9,0,0,,,1840,,,11.4,0,15.5,18.6,20.1,20.7
108,서울,2018-10-02 03:00,11.8,0,,,.3,0,0,0,78,0,10.7,8,1004.8,0,1015.1,0,,9,,9,0,0,,,1843,,,10.8,0,15.1,18.3,19.9,20.6
108,서울,2018-10-02 04:00,11.2,0,,,.3,0,0,0,80,0,10.6,7.8,1004.7,0,1015,0,,9,,9,0,0,,,1236,,,10.1,0,14.5,17.9,19.7,20.6
108,서울,2018-10-02 05:00,10.8,0,,,.3,0,0,0,82,0,10.6,7.8,1004.9,0,1015.2,0,,9,,9,0,0,,,1778,,,9.8,0,14.1,17.7,19.6,20.5
108,서울,2018-10-02 06:00,10.6,0,,,0,0,0,0,81,0,10.3,7.4,1005.6,0,1016,0,,9,,9,0,0,,,1798,,,9.5,0,13.7,17.3,19.4,20.4
108,서울,2018-10-02 07:00,10.4,0,,,.3,0,0,0,81,0,10.2,7.2,1006.1,0,1016.5,0,0,0,.02,0,0,0,,,1956,,,9.5,0,13.4,17,19.2,20.3
108,서울,2018-10-02 08:00,11.2,0,,,.9,0,20,0,69,0,9.2,5.7,1006.9,0,1017.2,0,.9,0,.49,0,0,0,,,1714,,,11.1,0,13.6,16.8,19,20.2
108,서울,2018-10-02 09:00,13.9,0,,,1.6,0,200,0,66,0,10.4,7.6,1007.3,0,1017.5,0,1,0,1.11,0,1,1,Sc,10,1427,,,15.7,0,15.1,16.7,18.8,20.1
108,서울,2018-10-02 10:00,16.7,0,,,2.4,0,180,0,58,0,10.9,8.3,1007.7,0,1017.8,0,1,0,1.81,0,1,1,Sc,10,1554,,,21.7,0,17.8,17.1,18.7,19.9
108,서울,2018-10-02 11:00,18.3,0,,,3,0,290,0,44,0,9.2,5.8,1007.7,0,1017.7,0,1,0,2.35,0,1,1,Sc,10,1878,,,28.7,0,20.6,17.9,18.6,19.9
108,서울,2018-10-02 12:00,19.4,0,,,3.1,0,290,0,41,0,9.2,5.7,1007.3,0,1017.3,0,1,0,2.67,0,1,1,Sc,10,1956,,,34.3,0,22.8,18.9,18.8,19.8
108,서울,2018-10-02 13:00,20.4,0,,,2.6,0,270,0,36,0,8.6,4.8,1007.1,0,1017.1,0,1,0,2.71,0,1,1,Sc,10,1776,,,37,0,24.5,20,19,19.8
108,서울,2018-10-02 14:00,21.5,0,,,2.5,0,180,0,39,0,9.9,6.9,1006.7,0,1016.6,0,1,0,2.56,0,1,1,Sc,14,1691,,,38,0,25.8,21,19.3,19.8
108,서울,2018-10-02 15:00,21.8,0,,,2.6,0,270,0,38,0,9.9,6.8,1006.4,0,1016.3,0,1,0,2.22,0,1,1,Sc,14,1913,,,36.6,0,26.2,21.8,19.7,19.9
108,서울,2018-10-02 16:00,21.7,0,,,3.2,0,270,0,36,0,9.3,5.9,1006.5,0,1016.4,0,1,0,1.64,0,1,1,Sc,14,1929,,,31.1,0,26,22.4,20.1,19.9
108,서울,2018-10-02 17:00,21.2,0,,,2.4,0,270,0,40,0,10,7,1006.9,0,1016.8,0,1,0,.98,0,1,1,Sc,14,2000,,,24.3,0,25.1,22.6,20.5,20.1
108,서울,2018-10-02 18:00,19.2,0,,,2.2,0,270,0,48,0,10.6,7.9,1007.2,0,1017.2,0,.9,0,.28,0,1,1,Sc,14,2000,,,18.9,0,23,22.5,20.8,20.2
108,서울,2018-10-02 19:00,17.6,0,,,1.7,0,290,0,57,0,11.4,8.9,1007.8,0,1017.9,0,0,0,0,0,0,0,,,2000,,,16.5,0,21,22.1,20.9,20.4
108,서울,2018-10-02 20:00,16.8,0,,,2,0,290,0,62,0,11.8,9.4,1008.4,0,1018.5,0,,9,,9,0,0,,,2000,,,15.4,0,19.7,21.5,21,20.5
108,서울,2018-10-02 21:00,16.2,0,,,1.5,0,290,0,65,0,11.9,9.6,1008.8,0,1019,0,,9,,9,0,0,,,2000,,,14.5,0,18.8,21,20.9,20.7
108,서울,2018-10-02 22:00,15.5,0,,,.8,0,270,0,69,0,12.1,9.8,1009.2,0,1019.4,0,,9,,9,0,0,,,1987,,,13.6,0,18,20.5,20.8,20.7
108,서울,2018-10-02 23:00,14.8,0,,,.1,0,0,0,68,0,11.4,8.9,1009.3,0,1019.5,0,,9,,9,0,0,,,1994,,,12.8,0,17.2,20,20.7,20.7
108,서울,2018-10-03 00:00,14.5,0,,,.4,0,0,0,74,0,12.2,9.9,1009.4,0,1019.6,0,,9,,9,0,0,,,2000,,,12.3,0,16.6,19.6,20.5,20.7
108,서울,2018-10-03 01:00,13.8,0,,,.5,0,20,0,75,0,11.8,9.4,1009.8,0,1020,0,,9,,9,0,0,,,2000,,,11.9,0,16.1,19.2,20.3,20.7
108,서울,2018-10-03 02:00,13.2,0,,,1.2,0,50,0,77,0,11.6,9.2,1009.9,0,1020.2,0,,9,,9,0,0,,,1972,,,11.5,0,15.6,18.8,20.2,20.6
108,서울,2018-10-03 03:00,12.6,0,,,.6,0,50,0,78,0,11.3,8.8,1010.1,0,1020.4,0,,9,,9,0,0,,,1907,,,10.9,0,15.2,18.5,20,20.6
108,서울,2018-10-03 04:00,12.1,0,,,1.2,0,50,0,80,0,11.2,8.7,1010,0,1020.3,0,,9,,9,0,0,,,1834,,,10.6,0,14.8,18.2,19.8,20.5
108,서울,2018-10-03 05:00,11.8,0,,,1.1,0,20,0,82,0,11.3,8.8,1010.4,0,1020.7,0,,9,,9,0,0,,,1878,,,10.5,0,14.5,17.8,19.6,20.4
108,서울,2018-10-03 06:00,11.4,0,,,.3,0,0,0,84,0,11.2,8.7,1010.9,0,1021.3,0,,9,,9,0,0,,,1742,,,10,0,14.2,17.6,19.4,20.3
108,서울,2018-10-03 07:00,11.2,0,,,.3,0,0,0,85,0,11.2,8.7,1011.3,0,1021.7,0,0,0,.02,0,0,0,,,1593,,,10,0,13.8,17.3,19.2,20.2
108,서울,2018-10-03 08:00,11.8,0,,,1,0,20,0,73,0,10.1,7.1,1011.8,0,1022.2,0,.9,0,.49,0,0,0,,,1649,,,11.4,0,14,17,19.1,20.1
108,서울,2018-10-03 09:00,14.4,0,,,.7,0,90,0,61,0,9.9,6.9,1012.3,0,1022.5,0,1,0,1.21,0,0,0,,,1340,,,15.9,0,15.6,16.9,18.9,20
108,서울,2018-10-03 10:00,17.3,0,,,.7,0,290,0,53,0,10.4,7.6,1012.6,0,1022.7,0,1,0,1.83,0,0,0,,,1406,,,21.8,0,18.4,17.3,18.7,19.9
108,서울,2018-10-03 11:00,20.3,0,,,1.6,0,180,0,46,0,10.9,8.2,1012.5,0,1022.5,0,1,0,2.29,0,0,0,,,1409,,,29.9,0,21.2,18.1,18.7,19.8
108,서울,2018-10-03 12:00,21.4,0,,,1.4,0,340,0,40,0,10.2,7.2,1012.2,0,1022.2,0,1,0,2.53,0,0,0,,,1973,,,35.8,0,23.4,19.2,18.8,19.7
108,서울,2018-10-03 13:00,22.5,0,,,2.6,0,290,0,40,0,10.9,8.2,1011.7,0,1021.6,0,1,0,2.64,0,0,0,,,1854,,,38.1,0,25.3,20.3,19.1,19.7
108,서울,2018-10-03 14:00,23.4,0,,,1.6,0,340,0,35,0,10,7,1010.9,0,1020.8,0,1,0,2.51,0,0,0,,,1972,,,38.8,0,26.4,21.3,19.4,19.7
108,서울,2018-10-03 15:00,24.1,0,,,2,0,270,0,34,0,10.2,7.2,1010.6,0,1020.4,0,1,0,2.14,0,0,0,,,1996,,,37.5,0,27.1,22.1,19.8,19.8
108,서울,2018-10-03 16:00,24,0,,,2.7,0,290,0,34,0,10.1,7.1,1010.6,0,1020.4,0,1,0,1.62,0,0,0,,,2000,,,32.1,0,26.8,22.7,20.2,19.9
108,서울,2018-10-03 17:00,23.3,0,,,1.7,0,320,0,36,0,10.2,7.3,1010.7,0,1020.6,0,1,0,.95,0,0,0,,,1960,,,25.3,0,25.8,23,20.6,20.1
108,서울,2018-10-03 18:00,21.5,0,,,1.8,0,340,0,43,0,10.9,8.3,1011.2,0,1021.2,0,.7,0,.26,0,0,0,,,2000,,,19.8,0,23.7,22.9,20.9,20.2
108,서울,2018-10-03 19:00,20,0,,,1.5,0,340,0,49,0,11.4,8.9,1011.6,0,1021.7,0,0,0,0,0,0,0,,,2000,,,17.1,0,21.6,22.5,21.1,20.4
108,서울,2018-10-03 20:00,18.6,0,,,1.5,0,290,0,55,0,11.7,9.3,1012.3,0,1022.4,0,,9,,9,0,0,,,2000,,,15.6,0,20.1,21.9,21.2,20.6
108,서울,2018-10-03 21:00,17.6,0,,,1.6,0,290,0,59,0,11.8,9.4,1012.9,0,1023,0,,9,,9,0,0,,,2000,,,14.7,0,19.1,21.3,21.1,20.7
108,서울,2018-10-03 22:00,16.9,0,,,.2,0,0,0,63,0,12.1,9.8,1013.1,0,1023.3,0,,9,,9,0,0,,,2000,,,13.6,0,18.2,20.8,21,20.7
108,서울,2018-10-03 23:00,16.1,0,,,.6,0,360,0,63,0,11.5,9,1013.2,0,1023.4,0,,9,,9,0,0,,,2000,,,12.9,0,17.5,20.3,20.8,20.7
108,서울,2018-10-04 00:00,15.5,0,,,.8,0,20,0,65,0,11.4,8.9,1013.6,0,1023.8,0,,9,,9,0,0,,,2000,,,12.3,0,16.8,19.8,20.7,20.7
108,서울,2018-10-04 01:00,14.7,0,,,.6,0,20,0,69,0,11.5,9,1013.6,0,1023.8,0,,9,,9,0,0,,,2000,,,11.6,0,16.2,19.3,20.5,20.7
108,서울,2018-10-04 02:00,14,0,,,.5,0,20,0,73,0,11.6,9.2,1013.6,0,1023.9,0,,9,,9,0,0,,,1992,,,11.6,0,15.8,19,20.3,20.7
108,서울,2018-10-04 03:00,13.6,0,,,.8,0,50,0,75,0,11.6,9.2,1013.3,0,1023.6,0,,9,,9,5,0,Ci,,1960,,,11.8,0,15.6,18.7,20.1,20.6
108,서울,2018-10-04 04:00,13.3,0,,,.4,0,0,0,75,0,11.4,8.9,1013.4,0,1023.7,0,,9,,9,7,0,Ci,,1792,,,11.7,0,15.4,18.4,19.9,20.5
108,서울,2018-10-04 05:00,13.2,0,,,.9,0,50,0,73,0,11,8.4,1013.6,0,1023.9,0,,9,,9,5,0,Ci,,1857,,,11.5,0,15.2,18.1,19.7,20.5
108,서울,2018-10-04 06:00,13.2,0,,,1.1,0,90,0,73,0,11,8.4,1014.2,0,1024.5,0,,9,,9,6,0,Ci,,1900,,,11.7,0,15.1,17.9,19.5,20.4
108,서울,2018-10-04 07:00,13.2,0,,,.8,0,70,0,75,0,11.3,8.8,1014.6,0,1024.9,0,0,0,.01,0,7,0,Ci,,1780,,,11.9,0,15.1,17.7,19.4,20.3
108,서울,2018-10-04 08:00,13.9,0,,,.9,0,70,0,68,0,10.7,8,1015.4,0,1025.7,0,.6,0,.34,0,6,0,Ci,,1912,,,13,0,15.3,17.6,19.2,20.2
108,서울,2018-10-04 09:00,16.7,0,,,1.8,0,70,0,58,0,10.9,8.3,1015.8,0,1026,0,1,0,1.22,0,3,0,Ci,,1821,,,17,0,16.6,17.6,19.1,20
108,서울,2018-10-04 10:00,19,0,,,1.7,0,70,0,49,0,10.7,8,1015.7,0,1025.8,0,1,0,1.73,0,6,0,Ci,,1980,,,22.2,0,18.9,17.9,19,20
108,서울,2018-10-04 11:00,21.3,0,,,1.9,0,70,0,41,0,10.4,7.5,1015.1,0,1025.1,0,1,0,2.36,0,4,0,Cc,,1963,,,30.8,0,21.5,18.6,19,19.9
108,서울,2018-10-04 12:00,23.2,0,,,1.7,0,90,0,38,0,10.7,8,1014.2,0,1024.1,0,1,0,2.44,0,7,0,Cc,,1990,,,33.8,0,23.9,19.5,19.1,19.8
108,서울,2018-10-04 13:00,23.4,0,,,1.4,0,50,0,39,0,11.2,8.6,1013.6,0,1023.5,0,.9,0,1.72,0,8,0,Ci,,2000,,,34.2,0,24.3,20.5,19.3,19.8
108,서울,2018-10-04 14:00,24.3,0,,,1.7,0,70,0,39,0,11.8,9.4,1012.8,0,1022.6,0,1,0,2.18,0,7,0,Ci,,2000,,,35.9,0,25.7,21.2,19.6,19.8
108,서울,2018-10-04 15:00,25.3,0,,,1.6,0,90,0,39,0,12.5,10.3,1012.5,0,1022.4,0,1,0,1.88,0,7,0,Cc,,2000,,,35.7,0,26.3,21.9,19.9,19.9
108,서울,2018-10-04 16:00,25.1,0,,,1,0,70,0,41,0,13,10.9,1012.4,0,1022.3,0,.6,0,1.22,0,8,1,ScCc,10,2000,,,30,0,26.1,22.5,20.3,20
108,서울,2018-10-04 17:00,24.2,0,,,1.5,0,90,0,44,0,13.2,11.1,1012.2,0,1022,0,.4,0,.58,0,8,0,Cc,,2000,,,26.1,0,25,22.7,20.6,20.1
108,서울,2018-10-04 18:00,23.1,0,,,1.3,0,90,0,48,0,13.5,11.4,1012.3,0,1022.2,0,.4,0,.2,0,7,3,AcCc,35,2000,,,21.8,0,23.7,22.7,20.8,20.3
108,서울,2018-10-04 19:00,22.3,0,,,1.4,0,70,0,50,0,13.4,11.3,1012.4,0,1022.3,0,0,0,0,0,8,8,,58,2000,,,20.4,0,22.3,22.4,21,20.4
108,서울,2018-10-04 20:00,21.3,0,,,1.8,0,70,0,53,0,13.4,11.3,1012.7,0,1022.7,0,,9,,9,6,6,,60,2000,,,19,0,21.6,22.1,21.1,20.5
108,서울,2018-10-04 21:00,20.5,0,,,2,0,70,0,57,0,13.7,11.6,1013.1,0,1023.1,0,,9,,9,8,2,ScCi,19,2000,,,18.2,0,20.9,21.7,21.1,20.6
108,서울,2018-10-04 22:00,19.8,0,,,1.6,0,90,0,60,0,13.8,11.8,1013.3,0,1023.4,0,,9,,9,7,7,,56,2000,,,17.5,0,20.3,21.4,21.1,20.7
108,서울,2018-10-04 23:00,19.4,0,,,1.7,0,90,0,62,0,13.9,11.9,1013.2,0,1023.2,0,,9,,9,8,8,,60,2000,,,17.6,0,19.9,21.1,21,20.7
108,서울,2018-10-05 00:00,19,0,,,1.9,0,70,0,64,0,14,12,1012.8,0,1022.8,0,,9,,9,9,0,Ci,,2000,,,17.6,0,19.7,20.8,20.9,20.8
108,서울,2018-10-05 01:00,18.6,0,,,1.7,0,90,0,66,0,14.1,12.1,1012.4,0,1022.5,0,,9,,9,9,9,,57,2000,,,16.7,0,19.4,20.6,20.8,20.7
108,서울,2018-10-05 02:00,18.2,0,,,2,0,90,0,64,0,13.3,11.2,1012.3,0,1022.4,0,,9,,9,9,1,,75,2000,,,16.3,0,19,20.4,20.7,20.7
108,서울,2018-10-05 03:00,18,0,,,1.8,0,70,0,61,0,12.5,10.3,1012,0,1022.1,0,,9,,9,9,0,Ci,,2000,,,16,0,18.7,20.1,20.6,20.7
108,서울,2018-10-05 04:00,17.7,0,,,1.3,0,90,0,57,0,11.5,9,1011.4,0,1021.5,0,,9,,9,9,0,Ci,,2000,,,15.6,0,18.5,19.9,20.5,20.7
108,서울,2018-10-05 05:00,17.6,0,,,1.1,0,70,0,57,0,11.4,8.9,1010.9,0,1021,0,,9,,9,9,0,Ci,,2000,,,16.1,0,18.2,19.7,20.4,20.7
108,서울,2018-10-05 06:00,17.7,0,,,1.5,0,70,0,55,0,11.1,8.5,1010.7,0,1020.8,0,,9,,9,9,3,AcCi,48,2000,,,16.5,0,18.2,19.6,20.3,20.7
108,서울,2018-10-05 07:00,17.7,0,0,0,1.3,0,70,0,56,0,11.3,8.8,1010.4,0,1020.5,0,0,0,0,0,10,3,ScAs,15,2000,,01,16.8,0,18.3,19.5,20.2,20.6
108,서울,2018-10-05 08:00,16.9,0,.3,0,1.3,0,70,0,72,0,13.8,11.8,1010.5,0,1020.6,0,0,0,.04,0,10,8,StNs,10,2000,,01,16.4,0,18.1,19.4,20.1,20.5
108,서울,2018-10-05 09:00,16.3,0,1.2,0,1.8,0,50,0,85,0,15.7,13.7,1011,0,1021.2,0,0,0,.13,0,10,7,StNs,10,942,,1901,16.7,0,18.1,19.3,20,20.5
108,서울,2018-10-05 10:00,15.8,0,1.5,0,1.8,0,110,0,89,0,15.9,13.9,1010.5,0,1020.7,0,0,0,.18,0,10,9,StNs,9,742,,1901,17,0,18.1,19.3,20,20.5
108,서울,2018-10-05 11:00,16.1,0,1.5,0,2.4,0,70,0,89,0,16.2,14.2,1009.6,0,1019.8,0,0,0,.4,0,10,6,StNs,9,1112,,1901,18.7,0,18.2,19.2,20,20.4
108,서울,2018-10-05 12:00,16.6,0,2,0,1.7,0,70,0,90,0,16.9,14.9,1008.9,0,1019,0,0,0,.51,0,10,7,StNs,8,518,,1901,18.9,0,18.6,19.3,19.9,20.4
108,서울,2018-10-05 13:00,16.9,0,4,0,1.6,0,70,0,95,0,18.2,16,1008.1,0,1018.2,0,0,0,.48,0,10,8,StNs,7,325,,1901,19.2,0,18.8,19.3,19.8,20.4
108,서울,2018-10-05 14:00,17.2,0,2.5,0,1.6,0,70,0,95,0,18.5,16.3,1007.3,0,1017.4,0,0,0,.48,0,10,9,StNs,7,553,,1901,19.6,0,19.1,19.4,19.8,20.3
108,서울,2018-10-05 15:00,17.2,0,4,0,.6,0,70,0,96,0,18.8,16.5,1007.4,0,1017.5,0,0,0,.26,0,10,5,StNs,2,213,,1901,18.6,0,19.1,19.5,19.8,20.3
108,서울,2018-10-05 16:00,17.1,0,6,0,1.7,0,70,0,97,0,18.9,16.6,1007.1,0,1017.2,0,0,0,.15,0,10,7,StNs,2,382,,1901,18.2,0,18.7,19.5,19.9,20.3
108,서울,2018-10-05 17:00,16.9,0,5.5,0,2.1,0,70,0,97,0,18.6,16.4,1006.4,0,1016.5,0,0,0,.08,0,10,6,StNs,2,728,,1901,17.7,0,18.4,19.3,19.8,20.3
108,서울,2018-10-05 18:00,16.7,0,1,0,1.6,0,70,0,96,0,18.2,16,1006.1,0,1016.2,0,0,0,.03,0,10,6,StNs,10,1461,,1901,17.3,0,18.3,19.2,19.7,20.2
108,서울,2018-10-05 19:00,16.6,0,1.5,0,2.4,0,70,0,96,0,18.1,15.9,1005.9,0,1016,0,0,0,0,0,10,7,StNs,10,1072,,01,17,0,18.2,19.1,19.7,20.1
108,서울,2018-10-05 20:00,16.5,0,1,0,2.7,0,70,0,96,0,17.9,15.8,1005.5,0,1015.6,0,,9,,9,10,7,StNs,10,1047,,01,16.8,0,18,19,19.6,20.1
108,서울,2018-10-05 21:00,16.5,0,1.5,0,2.2,0,90,0,96,0,17.9,15.8,1005.9,0,1016,0,,9,,9,10,7,StNs,8,963,,1901,16.8,0,17.9,18.8,19.5,20.1
108,서울,2018-10-05 22:00,16.2,0,1.5,0,2.6,0,70,0,92,0,16.8,14.8,1004.7,0,1014.8,0,,9,,9,10,7,StNs,8,1771,,1901,16.4,0,17.7,18.8,19.5,20
108,서울,2018-10-05 23:00,16.3,0,.5,0,1.8,0,90,0,91,0,16.8,14.8,1003.8,0,1013.9,0,,9,,9,10,7,StNs,10,1811,,01,16.4,0,17.6,18.7,19.4,20
108,서울,2018-10-06 00:00,16.4,0,1,0,1.8,0,90,0,94,0,17.5,15.4,1002.8,0,1012.9,0,,9,,9,10,7,StNs,10,1744,,01,16.5,0,17.5,18.6,19.3,20
108,서울,2018-10-06 01:00,16.7,0,1,0,2.4,0,90,0,89,0,16.8,14.8,1001.1,0,1011.1,0,,9,,9,10,8,StNs,10,1814,,01,16.5,0,17.5,18.5,19.3,19.9
108,서울,2018-10-06 02:00,16.9,0,1.5,0,2.5,0,90,0,88,0,16.8,14.8,999.8,0,1009.8,0,,9,,9,10,7,StNs,10,2000,,01,16.6,0,17.5,18.4,19.2,19.9
108,서울,2018-10-06 03:00,16.8,0,2,0,3.3,0,90,0,90,0,17.2,15.1,999.5,0,1009.5,0,,9,,9,10,8,StNs,10,1601,,01,16.6,0,17.4,18.4,19.2,19.8
108,서울,2018-10-06 04:00,16.9,0,2.5,0,2.7,0,70,0,89,0,17,15,997.7,0,1007.7,0,,9,,9,10,7,StNs,9,1577,,01,16.5,0,17.4,18.3,19.1,19.8
108,서울,2018-10-06 05:00,16.7,0,4.5,0,2.8,0,70,0,93,0,17.6,15.5,997.2,0,1007.2,0,,9,,9,10,8,StNs,8,360,,1901,16.5,0,17.4,18.2,19,19.7
108,서울,2018-10-06 06:00,16.5,0,8.5,0,2.3,0,70,0,96,0,17.9,15.8,996.1,0,1006.1,0,,9,,9,10,8,StNs,7,417,,1901,16.4,0,17.1,18,18.9,19.7
108,서울,2018-10-06 07:00,16.5,0,9.5,0,2.3,0,90,0,97,0,18.2,16,995.9,0,1005.9,0,0,0,0,0,10,8,StNs,7,364,,1901,16.4,0,16.9,17.8,18.7,19.5
108,서울,2018-10-06 08:00,16.6,0,9,0,2,0,90,0,97,0,18.3,16.1,995,0,1005,0,0,0,.01,0,10,8,StNs,8,457,,1901,16.5,0,16.8,17.6,18.5,19.4
108,서울,2018-10-06 09:00,16.7,0,6,0,2.9,0,70,0,97,0,18.4,16.2,993.5,0,1003.5,0,0,0,.05,0,10,8,StNs,8,550,,1901,16.8,0,16.9,17.6,18.4,19.2
108,서울,2018-10-06 10:00,17,0,6,0,1.5,0,50,0,97,0,18.8,16.5,993.3,0,1003.3,0,0,0,.15,0,10,8,StNs,8,676,,1901,17.5,0,17.1,17.5,18.2,19.1
108,서울,2018-10-06 11:00,17.5,0,3.5,0,2,0,50,0,95,0,18.9,16.6,992,0,1001.9,0,0,0,.35,0,10,7,StNs,8,1214,,1901,18.6,0,17.5,17.6,18.2,19
108,서울,2018-10-06 12:00,18,0,1,0,2.9,0,290,0,92,0,18.9,16.6,991.3,0,1001.2,0,0,0,.45,0,10,6,StNs,5,1999,,01,19.1,0,18.1,17.8,18.1,18.9
108,서울,2018-10-06 13:00,17.7,0,.5,0,5,0,320,0,89,0,17.9,15.8,991.7,0,1001.6,0,0,0,.62,0,10,5,ScAs,7,2000,,01,20.4,0,18.4,18,18.2,18.8
108,서울,2018-10-06 14:00,19.3,0,,9,3.6,0,340,0,79,0,17.6,15.5,992.9,0,1002.7,0,.3,0,1.36,0,9,6,ScAs,9,2000,,,22.6,0,19.7,18.3,18.2,18.8
108,서울,2018-10-06 15:00,21,0,,9,4.1,0,340,0,67,0,16.6,14.6,994.1,0,1003.9,0,1,0,2.05,0,8,3,ScAcCi,9,2000,,,25.7,0,21.7,18.8,18.3,18.8
108,서울,2018-10-06 16:00,21.5,0,,9,3.4,0,360,0,62,0,15.9,13.9,995.7,0,1005.5,0,.9,0,1.26,0,7,5,ScAc,11,2000,,,22.5,0,22.1,19.5,18.5,18.8
108,서울,2018-10-06 17:00,21.1,0,,9,1.2,0,360,0,64,0,16,14,997.3,0,1007.2,0,.3,0,.4,0,7,7,Sc,12,2000,,,20.5,0,21.2,19.8,18.7,18.9
108,서울,2018-10-06 18:00,20.5,0,,9,1.2,0,360,0,66,0,15.9,13.9,998.2,0,1008.1,0,.5,0,.16,0,6,6,Sc,15,2000,,,18.4,0,20.4,19.9,19,19
108,서울,2018-10-06 19:00,19.7,0,,9,.6,0,20,0,72,0,16.5,14.5,999.1,0,1009,0,0,0,0,0,9,8,,15,2000,,,18.3,0,19.6,19.8,19.1,19.1
108,서울,2018-10-06 20:00,19.4,0,,9,.8,0,50,0,67,0,15.1,13.1,1000,0,1009.9,0,,9,,9,10,5,,14,2000,,,17.7,0,19.3,19.6,19.2,19.1
108,서울,2018-10-06 21:00,18.5,0,,9,.1,0,0,0,78,0,16.5,14.5,1000.7,0,1010.6,0,,9,,9,0,0,,,2000,,,16,0,18.5,19.4,19.2,19.2
108,서울,2018-10-06 22:00,17.7,0,,9,.3,0,0,0,78,0,15.8,13.8,1001.7,0,1011.7,0,,9,,9,0,0,,,2000,,,15.3,0,17.7,19.1,19.2,19.3
108,서울,2018-10-06 23:00,16.9,0,,9,.9,0,290,0,84,0,16.1,14.1,1002.7,0,1012.8,0,,9,,9,3,0,,,2000,,,14.8,0,17.2,18.8,19.1,19.3
108,서울,2018-10-07 00:00,16.3,0,,9,.3,0,0,0,86,0,15.9,13.9,1003.1,0,1013.2,0,,9,,9,6,6,,,2000,,,14.7,0,16.7,18.5,19.1,19.3
108,서울,2018-10-07 01:00,16,0,,,1.2,0,290,0,88,0,16,14,1003.6,0,1013.7,0,,9,,9,0,0,,,2000,,,14.2,0,16.4,18.2,18.9,19.3
108,서울,2018-10-07 02:00,15.7,0,,,.4,0,0,0,88,0,15.7,13.7,1003.9,0,1014,0,,9,,9,0,0,,,2000,,,13.8,0,16.1,17.9,18.8,19.3
108,서울,2018-10-07 03:00,15.5,0,,,1.7,0,270,0,88,0,15.5,13.5,1004,0,1014.1,0,,9,,9,0,0,,,1998,,,13.7,0,15.8,17.7,18.7,19.2
108,서울,2018-10-07 04:00,15.1,0,,,1.2,0,270,0,90,0,15.4,13.4,1004.4,0,1014.6,0,,9,,9,4,0,Cc,,850,,19,13.5,0,15.6,17.5,18.6,19.2
108,서울,2018-10-07 05:00,15.1,0,,,1.1,0,290,0,89,0,15.2,13.2,1005.1,0,1015.3,0,,9,,9,9,9,Ac,33,1615,,19,14,0,15.6,17.3,18.4,19.2
108,서울,2018-10-07 06:00,14.8,0,,,.2,0,0,0,89,0,14.9,12.9,1005.7,0,1015.9,0,,9,,9,4,4,Ac,35,1490,,,13.1,0,15.4,17.1,18.4,19.1
108,서울,2018-10-07 07:00,14.3,0,,,.6,0,270,0,89,0,14.5,12.5,1006.1,0,1016.3,0,0,0,.03,0,6,6,Ac,32,1165,,,13.2,0,15.1,17,18.2,19
108,서울,2018-10-07 08:00,14.6,0,,,1,0,250,0,71,0,11.7,9.3,1006.4,0,1016.6,0,.8,0,.43,0,1,1,Ac,35,1896,,,13.5,0,15.1,16.8,18.1,18.9
108,서울,2018-10-07 09:00,16.2,0,,,1.9,0,320,0,60,0,11,8.4,1006.9,0,1017,0,1,0,1.16,0,2,0,Cc,,1899,,,15.7,0,16.1,16.7,17.9,18.9
108,서울,2018-10-07 10:00,18.1,0,,,2.6,0,290,0,56,0,11.6,9.1,1007.3,0,1017.3,0,1,0,1.79,0,3,0,Cc,,1720,,,19,0,18.3,17,17.9,18.8
108,서울,2018-10-07 11:00,19.1,0,,,2.4,0,320,0,56,0,12.4,10.1,1007.2,0,1017.2,0,1,0,2.15,0,7,0,Ci,,1802,,,23.4,0,20.5,17.8,17.9,18.7
108,서울,2018-10-07 12:00,19.8,0,,,2.5,0,320,0,46,0,10.6,7.8,1006.9,0,1016.9,0,1,0,2.3,0,7,0,Ci,,1837,,,25.2,0,22.3,18.7,18,18.7
108,서울,2018-10-07 13:00,20.1,0,,,3,0,320,0,41,0,9.6,6.4,1006.6,0,1016.6,0,1,0,2.34,0,5,0,Ci,,1963,,,25.5,0,23.4,19.5,18.3,18.7
108,서울,2018-10-07 14:00,20.2,0,,,2.8,0,320,0,42,0,9.9,6.8,1006.1,0,1016.1,0,1,0,1.87,0,3,0,Cc,,1832,,,24.6,0,23.7,20.3,18.6,18.8
108,서울,2018-10-07 15:00,20.4,0,,,2.8,0,290,0,36,0,8.6,4.8,1005.6,0,1015.6,0,1,0,1.56,0,4,0,Cc,,2000,,,23.9,0,23.4,20.7,19,18.9
108,서울,2018-10-07 16:00,20.7,0,,,2,0,290,0,34,0,8.2,4.2,1005.7,0,1015.7,0,1,0,1.23,0,4,0,Cc,,2000,,,20.9,0,22.9,20.9,19.3,19
108,서울,2018-10-07 17:00,19.4,0,,,3.2,0,290,0,32,0,7.2,2.2,1005.9,0,1015.8,0,1,0,.63,0,3,0,Cc,,2000,,,17,0,21.8,20.9,19.5,19.1
108,서울,2018-10-07 18:00,17.9,0,,,2.8,0,290,0,29,0,5.9,-.4,1006.6,0,1016.6,0,.7,0,.16,0,1,0,Ci,,2000,,,14,0,19.9,20.6,19.7,19.2
108,서울,2018-10-07 19:00,16.6,0,,,1.4,0,290,0,36,0,6.8,1.4,1006.9,0,1017,0,0,0,0,0,4,0,,,2000,,,12.9,0,18.3,20,19.7,19.4
108,서울,2018-10-07 20:00,15.5,0,,,1.9,0,270,0,37,0,6.5,.8,1007.6,0,1017.8,0,,9,,9,4,0,,,2000,,,12.1,0,17.1,19.4,19.6,19.5
108,서울,2018-10-07 21:00,14.4,0,,,1,0,290,0,36,0,5.9,-.5,1008.1,0,1018.3,0,,9,,9,5,0,Cc,,2000,,,11.3,0,16.2,18.8,19.5,19.5
108,서울,2018-10-07 22:00,13.6,0,,,1.5,0,340,0,38,0,5.9,-.4,1008.7,0,1018.9,0,,9,,9,1,0,,,2000,,,10.3,0,15.3,18.2,19.3,19.5
108,서울,2018-10-07 23:00,12.9,0,,,1.5,0,320,0,38,0,5.6,-1.1,1009.2,0,1019.5,0,,9,,9,0,0,,,2000,,,9.9,0,14.7,17.8,19.1,19.5
108,서울,2018-10-08 00:00,12.3,0,,,.8,0,270,0,44,0,6.2,.3,1009.2,0,1019.5,0,,9,,9,0,0,,,2000,,,9.7,0,14.1,17.2,18.8,19.4
108,서울,2018-10-08 01:00,11.7,0,,,1.1,0,270,0,52,0,7.1,2.1,1009.3,0,1019.6,0,,9,,9,1,0,,,2000,,,9.4,0,13.6,16.8,18.6,19.4
108,서울,2018-10-08 02:00,11.1,0,,,1.4,0,270,0,56,0,7.4,2.6,1009.6,0,1020,0,,9,,9,3,0,,,2000,,,9.2,0,13.2,16.4,18.4,19.3
108,서울,2018-10-08 03:00,10.8,0,,,.5,0,270,0,59,0,7.6,3,1009.5,0,1019.9,0,,9,,9,1,0,Ci,,2000,,,8.9,0,12.8,16.1,18.2,19.2
108,서울,2018-10-08 04:00,10.4,0,,,.6,0,340,0,61,0,7.6,3.1,1009.3,0,1019.7,0,,9,,9,1,0,Ci,,2000,,,8.6,0,12.4,15.8,18,19.1
108,서울,2018-10-08 05:00,9.8,0,,,.5,0,20,0,63,0,7.6,3,1009.3,0,1019.7,0,,9,,9,1,0,Ci,,2000,,,8.4,0,12.1,15.5,17.7,18.9
108,서울,2018-10-08 06:00,9.5,0,,,.9,0,50,0,68,0,8,3.8,1009.8,0,1020.2,0,,9,,9,1,0,Ci,,2000,,,8.2,0,11.8,15.1,17.5,18.8
108,서울,2018-10-08 07:00,9.2,0,,,1,0,50,0,72,0,8.4,4.4,1009.9,0,1020.3,0,0,0,.01,0,3,0,Ci,,2000,,,8.4,0,11.6,14.9,17.3,18.7
108,서울,2018-10-08 08:00,9.9,0,,,1.2,0,50,0,66,0,8,3.8,1010.1,0,1020.5,0,.8,0,.35,0,7,0,Ci,,2000,,,9.6,0,11.8,14.7,17.1,18.6
108,서울,2018-10-08 09:00,12.2,0,,,.7,0,20,0,51,0,7.2,2.3,1010.6,0,1020.9,0,1,0,1.02,0,8,0,Ci,,1918,,,12.4,0,13.1,14.6,16.9,18.4
108,서울,2018-10-08 10:00,15,0,,,.5,0,20,0,44,0,7.5,2.8,1010.7,0,1020.9,0,1,0,1.48,0,8,0,Ci,,1839,,,16.3,0,15.3,14.9,16.7,18.3
108,서울,2018-10-08 11:00,17.9,0,,,1.3,0,50,0,39,0,8,3.7,1010.4,0,1020.5,0,1,0,2.06,0,8,0,Ci,,1873,,,21.5,0,18,15.7,16.7,18.2
108,서울,2018-10-08 12:00,19.2,0,,,.5,0,230,0,31,0,6.9,1.6,1009.9,0,1019.9,0,1,0,2.4,0,9,0,Ci,,1994,,,25.4,0,20.3,16.7,16.8,18.1
108,서울,2018-10-08 13:00,20.2,0,,,1.3,0,70,0,28,0,6.6,1,1009,0,1019,0,1,0,2.25,0,9,0,Ci,,2000,,,25.4,0,21.8,17.7,17,18.1
108,서울,2018-10-08 14:00,20.2,0,,,1.5,0,360,0,24,0,5.7,-1,1008.5,0,1018.5,0,1,0,1.8,0,9,0,Ci,,2000,,,24.1,0,22.1,18.7,17.4,18.1
108,서울,2018-10-08 15:00,20.6,0,,,1.2,0,340,0,26,0,6.3,.4,1008,0,1018,0,1,0,1.76,0,9,0,Ci,,2000,,,23.5,0,22.6,19.3,17.8,18.1
108,서울,2018-10-08 16:00,20.3,0,,,1.8,0,340,0,25,0,6,-.3,1008.2,0,1018.2,0,1,0,1.15,0,8,0,Ci,,2000,,,20.4,0,22,19.6,18.1,18.2
108,서울,2018-10-08 17:00,20,0,,,.7,0,360,0,28,0,6.5,.9,1007.7,0,1017.7,0,1,0,.79,0,2,0,Ci,,2000,,,17.6,0,21.2,19.8,18.4,18.4
108,서울,2018-10-08 18:00,18.1,0,,,1,0,290,0,39,0,8.1,3.9,1007.8,0,1017.8,0,.7,0,.21,0,2,0,Ci,,2000,,,14.6,0,19.4,19.6,18.6,18.5
108,서울,2018-10-08 19:00,16.4,0,,,1.8,0,290,0,42,0,7.8,3.4,1008.4,0,1018.5,0,0,0,0,0,0,0,,,2000,,,12.8,0,17.5,19.1,18.8,18.6
108,서울,2018-10-08 20:00,15.5,0,,,2.2,0,290,0,45,0,7.9,3.6,1008.9,0,1019.1,0,,9,,9,1,0,,,2000,,,12,0,16.4,18.5,18.7,18.7
108,서울,2018-10-08 21:00,15.1,0,,,2.6,0,320,0,48,0,8.2,4.1,1009.4,0,1019.6,0,,9,,9,3,0,Ci,,2000,,,11.5,0,15.7,18,18.7,18.8
108,서울,2018-10-08 22:00,14.4,0,,,1.1,0,290,0,49,0,8,3.8,1009.7,0,1019.9,0,,9,,9,5,0,,,2000,,,11,0,15.1,17.5,18.5,18.8
108,서울,2018-10-08 23:00,13.5,0,,,.5,0,20,0,55,0,8.5,4.6,1009.8,0,1020.1,0,,9,,9,2,0,,,2000,,,10.6,0,14.4,17.1,18.3,18.8
108,서울,2018-10-09 00:00,12.6,0,,,.2,0,0,0,54,0,7.8,3.5,1009.6,0,1019.9,0,,9,,9,2,0,Ci,,2000,,,10,0,13.8,16.7,18.1,18.7
108,서울,2018-10-09 01:00,12,0,,,.7,0,20,0,58,0,8.1,3.9,1009.6,0,1019.9,0,,9,,9,6,0,,,2000,,,9.7,0,13.4,16.3,18,18.7
108,서울,2018-10-09 02:00,11.4,0,,,1.1,0,20,0,65,0,8.7,5,1009.2,0,1019.6,0,,9,,9,6,0,,,2000,,,9.5,0,12.9,16,17.8,18.6
108,서울,2018-10-09 03:00,11,0,,,.9,0,50,0,66,0,8.6,4.8,1008.6,0,1019,0,,9,,9,7,0,Ci,,2000,,,9.5,0,12.6,15.7,17.5,18.6
108,서울,2018-10-09 04:00,11,0,,,.8,0,70,0,63,0,8.2,4.2,1008.2,0,1018.6,0,,9,,9,8,0,Ci,,2000,,,10,0,12.7,15.4,17.4,18.5
108,서울,2018-10-09 05:00,10.8,0,,,.8,0,70,0,64,0,8.2,4.2,1007.7,0,1018.1,0,,9,,9,8,4,AcCi,37,2000,,,9.8,0,12.7,15.2,17.2,18.4
108,서울,2018-10-09 06:00,10.8,0,,,.8,0,50,0,69,0,8.9,5.3,1007.9,0,1018.3,0,,9,,9,9,0,Ci,,2000,,,10.3,0,12.7,15.1,17,18.3
108,서울,2018-10-09 07:00,10.9,0,,,.7,0,50,0,70,0,9.1,5.6,1007.7,0,1018.1,0,0,0,0,0,9,0,Ci,,2000,,,10.7,0,12.8,15,16.9,18.2
108,서울,2018-10-09 08:00,11.4,0,,,.8,0,70,0,66,0,8.8,5.2,1007.9,0,1018.2,0,0,0,.18,0,9,7,AcCi,49,1991,,,12.2,0,13.1,14.9,16.8,18.1
108,서울,2018-10-09 09:00,12.8,0,,,1.2,0,90,0,57,0,8.4,4.4,1008.1,0,1018.4,0,0,0,.55,0,9,4,AcCi,47,1838,,,14.7,0,13.8,15,16.7,18
108,서울,2018-10-09 10:00,14.8,0,,,1,0,70,0,51,0,8.5,4.7,1008,0,1018.2,0,.3,0,1.07,0,9,8,AcCi,43,1998,,,17.1,0,15.4,15.2,16.6,17.9
108,서울,2018-10-09 11:00,16.4,0,,,.7,0,90,0,45,0,8.4,4.4,1007.7,0,1017.8,0,0,0,1.22,0,9,4,AcCi,40,2000,,,19.9,0,16.8,15.7,16.6,17.8
108,서울,2018-10-09 12:00,18.3,0,,,.6,0,90,0,40,0,8.4,4.4,1007,0,1017,0,.7,0,1.82,0,8,3,AcCs,39,1995,,,24.1,0,18.8,16.4,16.7,17.8
108,서울,2018-10-09 13:00,19.2,0,,,1,0,70,0,39,0,8.6,4.8,1005.8,0,1015.8,0,.6,0,1.66,0,9,9,As,30,2000,,,22,0,20.2,17.2,16.8,17.8
108,서울,2018-10-09 14:00,18.8,0,,,1.6,0,140,0,39,0,8.4,4.5,1005.5,0,1015.5,0,0,0,.67,0,10,10,As,30,2000,,,19.6,0,19.6,17.9,17.1,17.8
108,서울,2018-10-09 15:00,18.3,0,,,1.2,0,90,0,40,0,8.4,4.4,1004.9,0,1014.9,0,0,0,.33,0,10,2,ScAs,10,2000,,,18.5,0,18.7,18.1,17.4,17.8
108,서울,2018-10-09 16:00,19,0,,,1.4,0,180,0,39,0,8.5,4.7,1005.1,0,1015.1,0,.4,0,.89,0,8,5,AcCi,32,2000,,,19.6,0,19.1,18.1,17.6,17.9
108,서울,2018-10-09 17:00,18.4,0,,,2.1,0,140,0,39,0,8.2,4.1,1005,0,1015,0,.3,0,.45,0,8,4,AcCc,36,2000,,,17.3,0,18.7,18.2,17.7,18
108,서울,2018-10-09 18:00,17.7,0,,,1.5,0,140,0,43,0,8.7,4.9,1004.8,0,1014.8,0,0,0,.05,0,9,4,AcCi,35,2000,,,15.5,0,17.8,18.2,17.8,18
108,서울,2018-10-09 19:00,17.3,0,,,2.2,0,110,0,47,0,9.2,5.8,1004.5,0,1014.5,0,0,0,0,0,10,9,,36,2000,,,14.8,0,17.2,17.9,17.9,18.1
108,서울,2018-10-09 20:00,17,0,,,1.4,0,140,0,49,0,9.4,6.1,1004.7,0,1014.8,0,,9,,9,10,9,,34,2000,,,14.5,0,16.8,17.7,17.9,18.1
108,서울,2018-10-09 21:00,16.8,0,0,0,1.6,0,110,0,52,0,9.9,6.8,1003.8,0,1013.9,0,,9,,9,10,10,As,32,2000,,01,14.5,0,16.5,17.5,17.9,18.2
108,서울,2018-10-09 22:00,16.7,0,,9,1.9,0,110,0,55,0,10.4,7.6,1003.3,0,1013.4,0,,9,,9,10,7,,30,2000,,,14.1,0,16.3,17.3,17.9,18.2
108,서울,2018-10-09 23:00,16.6,0,,9,1.1,0,110,0,53,0,9.9,6.9,1003.3,0,1013.4,0,,9,,9,7,2,,11,2000,,,14.3,0,16.1,17.2,17.8,18.2
108,서울,2018-10-10 00:00,16.6,0,,9,.9,0,110,0,53,0,9.9,6.9,1002.4,0,1012.5,0,,9,,9,10,7,ScAs,,2000,,,14.6,0,16.1,17,17.7,18.2
108,서울,2018-10-10 01:00,16.6,0,0,0,1.5,0,160,0,57,0,10.7,8,1001.7,0,1011.8,0,,9,,9,10,8,ScAs,10,2000,,01,14.6,0,16.1,17,17.7,18.2
108,서울,2018-10-10 02:00,14.4,0,4.5,0,.4,0,0,0,91,0,14.9,12.9,1001.9,0,1012,0,,9,,9,10,8,StNs,7,402,,1901,14.1,0,15.7,16.9,17.6,18.2
108,서울,2018-10-10 03:00,14.3,0,2.5,0,1,0,250,0,95,0,15.5,13.5,1001.7,0,1011.8,0,,9,,9,10,8,ScAs,14,967,,1901,14.3,0,15.4,16.7,17.6,18.2
108,서울,2018-10-10 04:00,14.3,0,,9,2,0,270,0,92,0,15,13,1002,0,1012.1,0,,9,,9,8,8,Sc,5,714,,19,14.2,0,15.4,16.6,17.5,18.2
108,서울,2018-10-10 05:00,13.6,0,,9,2.7,0,290,0,89,0,13.8,11.8,1003,0,1013.2,0,,9,,9,8,8,Sc,3,990,,19,13.9,0,15.3,16.5,17.4,18.1
108,서울,2018-10-10 06:00,12.6,0,,9,1.9,0,290,0,86,0,12.5,10.3,1003.9,0,1014.1,0,,9,,9,7,7,Sc,9,1430,,19,12.7,0,15,16.4,17.3,18.1
108,서울,2018-10-10 07:00,12.3,0,,9,3.2,0,270,0,84,0,11.9,9.6,1004.7,0,1015,0,0,0,0,0,7,7,Sc,5,1220,,,12.3,0,14.5,16.2,17.3,18.1
108,서울,2018-10-10 08:00,11.8,0,,9,3.7,0,290,0,80,0,11,8.4,1005.9,0,1016.2,0,.3,0,.16,0,8,8,Sc,5,1518,,,12.3,0,14.4,16,17.2,18
108,서울,2018-10-10 09:00,12,0,,9,3.3,0,290,0,72,0,10,7,1007.2,0,1017.5,0,.8,0,.68,0,8,8,Sc,6,1650,,,13.9,0,14.6,15.9,17.1,17.9
108,서울,2018-10-10 10:00,12,0,,9,4.1,0,320,0,61,0,8.5,4.6,1007.4,0,1017.7,0,.6,0,.86,0,8,8,Sc,9,1981,,,14.1,0,15.3,15.9,17,17.9
108,서울,2018-10-10 11:00,12.7,0,,9,3.3,0,320,0,50,0,7.3,2.5,1007.7,0,1018,0,.9,0,1.61,0,7,7,Sc,11,1999,,,16.6,0,16.6,16.1,16.9,17.9
108,서울,2018-10-10 12:00,13.7,0,,9,3.4,0,290,0,43,0,6.7,1.3,1007.7,0,1017.9,0,1,0,1.65,0,7,7,Sc,14,1980,,,18.5,0,17.4,16.5,16.9,17.8
108,서울,2018-10-10 13:00,14.3,0,,9,3.6,0,290,0,43,0,7,1.8,1007.4,0,1017.6,0,.9,0,1.86,0,8,8,Sc,15,1995,,,20.6,0,18.5,16.9,17,17.8
108,서울,2018-10-10 14:00,14,0,,9,2.8,0,290,0,43,0,6.8,1.5,1007.4,0,1017.6,0,.5,0,1.13,0,9,9,Sc,16,2000,,,17.5,0,18.4,17.3,17.1,17.8
108,서울,2018-10-10 15:00,13.7,0,,9,3.9,0,290,0,44,0,6.9,1.6,1007.2,0,1017.4,0,.2,0,.83,0,8,8,Sc,17,2000,,,15.7,0,17.7,17.5,17.3,17.8
108,서울,2018-10-10 16:00,13.8,0,,9,3.7,0,320,0,43,0,6.8,1.4,1007.5,0,1017.7,0,.2,0,.74,0,6,6,Sc,16,2000,,,15.4,0,17.2,17.5,17.4,17.8
108,서울,2018-10-10 17:00,13.1,0,,9,3.1,0,290,0,45,0,6.8,1.4,1007.9,0,1018.2,0,.6,0,.62,0,7,7,Sc,16,2000,,,13.1,0,17.1,17.4,17.5,17.9
108,서울,2018-10-10 18:00,12.2,0,,9,3.1,0,270,0,45,0,6.3,.5,1008.5,0,1018.8,0,.5,0,.16,0,8,5,ScCi,19,2000,,,11.2,0,15.8,17.2,17.5,17.9
108,서울,2018-10-10 19:00,11.3,0,,9,1.1,0,290,0,50,0,6.7,1.2,1008.8,0,1019.2,0,0,0,0,0,5,2,,19,2000,,,9.9,0,14.7,16.8,17.5,17.9
108,서울,2018-10-10 20:00,10.6,0,,9,2,0,270,0,48,0,6.1,0,1009.7,0,1020.1,0,,9,,9,5,0,,,2000,,,9.2,0,13.7,16.3,17.4,17.9
108,서울,2018-10-10 21:00,9.9,0,,9,1.2,0,340,0,50,0,6.1,0,1010.1,0,1020.5,0,,9,,9,5,0,Ci,,2000,,,8.5,0,13,15.9,17.3,18
108,서울,2018-10-10 22:00,9.2,0,,9,.9,0,360,0,55,0,6.4,.6,1010.3,0,1020.7,0,,9,,9,6,0,,,2000,,,8,0,12.4,15.5,17.1,17.9
108,서울,2018-10-10 23:00,8.5,0,,9,.6,0,290,0,52,0,5.8,-.8,1010.4,0,1020.9,0,,9,,9,4,0,,,2000,,,7.5,0,11.8,15,16.9,17.9
108,서울,2018-10-11 00:00,7.9,0,,9,.9,0,50,0,53,0,5.6,-1.1,1010.6,0,1021.1,0,,9,,9,1,0,,,2000,,,7,0,11.2,14.6,16.7,17.8
108,서울,2018-10-11 01:00,7.3,0,,,.1,0,0,0,59,0,6.1,-.1,1011.1,0,1021.6,0,,9,,9,0,0,,,2000,,,6.6,0,10.7,14.3,16.5,17.7
108,서울,2018-10-11 02:00,7.1,0,,,.9,0,320,0,64,0,6.4,.7,1011,0,1021.5,0,,9,,9,1,0,,,2000,,,6.3,0,10.2,13.9,16.3,17.6
108,서울,2018-10-11 03:00,6.7,0,,,1,0,320,0,71,0,7,1.8,1011,0,1021.6,0,,9,,9,1,1,Sc,19,2000,,,6,0,9.9,13.5,16.1,17.5
108,서울,2018-10-11 04:00,6.6,0,,,.9,0,290,0,69,0,6.7,1.3,1011.1,0,1021.7,0,,9,,9,8,8,Sc,19,2000,,,6.5,0,9.7,13.3,15.9,17.4
108,서울,2018-10-11 05:00,6.6,0,,,1.1,0,290,0,73,0,7.1,2,1011.2,0,1021.8,0,,9,,9,1,1,Sc,19,2000,,,6.1,0,9.6,13,15.6,17.2
108,서울,2018-10-11 06:00,6.6,0,,,1.6,0,340,0,65,0,6.3,.4,1011.5,0,1022.1,0,,9,,9,0,0,,,2000,,,5.7,0,9.3,12.8,15.5,17.1
108,서울,2018-10-11 07:00,6.3,0,,,1,0,320,0,65,0,6.2,.1,1011.9,0,1022.5,0,0,0,.01,0,0,0,,,2000,,,5.5,0,9,12.6,15.3,17
108,서울,2018-10-11 08:00,7,0,,,3.1,0,340,0,56,0,5.6,-1.1,1012.5,0,1023.1,0,.6,0,.44,0,0,0,,,1971,,,5.9,0,9.1,12.4,15.1,16.9
108,서울,2018-10-11 09:00,8.4,0,,,2.6,0,320,0,49,0,5.4,-1.7,1012.9,0,1023.4,0,1,0,1.17,0,0,0,,,2000,,,7.9,0,10.2,12.3,14.9,16.8
108,서울,2018-10-11 10:00,10.2,0,,,2.3,0,320,0,44,0,5.5,-1.5,1012.9,0,1023.4,0,1,0,1.8,0,0,0,,,1986,,,11.8,0,12.6,12.6,14.8,16.6
108,서울,2018-10-11 11:00,11.7,0,,,4.3,0,320,0,36,0,4.9,-2.9,1013,0,1023.4,0,1,0,2.28,0,0,0,,,2000,,,16.7,0,14.9,13.3,14.8,16.5
108,서울,2018-10-11 12:00,13.2,0,,,3.8,0,270,0,31,0,4.7,-3.5,1012.6,0,1022.9,0,1,0,2.58,0,1,1,Sc,15,2000,,,20.2,0,16.7,14.2,14.9,16.4
108,서울,2018-10-11 13:00,13.5,0,,,5,0,270,0,32,0,4.9,-2.9,1012,0,1022.3,0,1,0,2.56,0,6,6,Sc,18,1990,,,20.2,0,18,15.1,15.1,16.4
108,서울,2018-10-11 14:00,13.4,0,,,4.9,0,290,0,32,0,4.9,-2.9,1011.6,0,1021.9,0,.9,0,1.78,0,8,8,Sc,19,2000,,,18.1,0,17.9,15.8,15.3,16.4
108,서울,2018-10-11 15:00,13,0,,,3.7,0,290,0,39,0,5.8,-.6,1011.5,0,1021.8,0,.6,0,1.09,0,8,8,Sc,17,2000,,,14.4,0,17.4,16.2,15.7,16.4
108,서울,2018-10-11 16:00,13.8,0,,,2.9,0,290,0,36,0,5.7,-1,1011.7,0,1022,0,.9,0,.98,0,8,8,Sc,19,2000,,,15.5,0,16.9,16.2,15.9,16.5
108,서울,2018-10-11 17:00,13.2,0,,9,3.6,0,320,0,36,0,5.5,-1.5,1011.7,0,1022,0,.7,0,.55,0,3,3,Sc,18,2000,,,11.8,0,16.1,16.2,16.1,16.6
108,서울,2018-10-11 18:00,12.1,0,,,2.4,0,250,0,40,0,5.6,-1.1,1011.8,0,1022.1,0,.6,0,.18,0,1,1,Sc,19,1854,,,9.8,0,14.8,16,16.2,16.7
108,서울,2018-10-11 19:00,11.1,0,,,2,0,270,0,43,0,5.7,-1,1012.5,0,1022.9,0,0,0,0,0,0,0,,,2000,,,8.5,0,13.6,15.6,16.2,16.7
108,서울,2018-10-11 20:00,10.2,0,,,.2,0,0,0,46,0,5.7,-.9,1013.5,0,1024,0,,9,,9,0,0,,,2000,,,7.8,0,12.6,15.2,16.2,16.8
108,서울,2018-10-11 21:00,9.3,0,,,1.5,0,320,0,52,0,6.1,0,1014.1,0,1024.6,0,,9,,9,0,0,,,2000,,,7.4,0,11.8,14.8,16.1,16.8
108,서울,2018-10-11 22:00,8.8,0,,,1.6,0,320,0,55,0,6.2,.2,1014.5,0,1025,0,,9,,9,0,0,,,2000,,,7,0,11.1,14.3,15.9,16.8
108,서울,2018-10-11 23:00,8.4,0,,,1.5,0,320,0,60,0,6.6,1,1014.7,0,1025.2,0,,9,,9,0,0,,,2000,,,6.6,0,10.6,13.9,15.8,16.8
108,서울,2018-10-12 00:00,8.2,0,,,1.3,0,320,0,61,0,6.6,1.1,1014.6,0,1025.1,0,,9,,9,0,0,,,2000,,,6.2,0,10.3,13.5,15.5,16.7
108,서울,2018-10-12 01:00,7.6,0,,,1.2,0,290,0,63,0,6.5,.9,1014.9,0,1025.5,0,,9,,9,0,0,,,2000,,,5.9,0,10,13.2,15.4,16.7
108,서울,2018-10-12 02:00,7.1,0,,,.6,0,270,0,61,0,6.1,0,1015.1,0,1025.7,0,,9,,9,0,0,,,2000,,,5.4,0,9.5,12.9,15.2,16.5
108,서울,2018-10-12 03:00,6.5,0,,,.3,0,0,0,69,0,6.7,1.2,1015.5,0,1026.1,0,,9,,9,0,0,,,1981,,,5,0,9.1,12.6,15.1,16.5
108,서울,2018-10-12 04:00,6.2,0,,,1.1,0,290,0,71,0,6.7,1.3,1015.5,0,1026.1,0,,9,,9,0,0,,,2000,,,4.8,0,8.7,12.4,14.9,16.4
108,서울,2018-10-12 05:00,6,0,,,1.3,0,320,0,72,0,6.7,1.3,1015.5,0,1026.1,0,,9,,9,0,0,,,2000,,,4.6,0,8.5,12.1,14.7,16.3
108,서울,2018-10-12 06:00,5.8,0,,,1.1,0,290,0,67,0,6.2,.1,1015.8,0,1026.5,0,,9,,9,0,0,,,2000,,,4.4,0,8.2,11.9,14.6,16.3
108,서울,2018-10-12 07:00,5.3,0,,,.7,0,20,0,73,0,6.5,.8,1015.9,0,1026.6,0,0,0,.01,0,0,0,,,2000,,,4.4,0,8,11.6,14.3,16.1
108,서울,2018-10-12 08:00,6,0,,,1.1,0,20,0,64,0,6,-.3,1016.3,0,1027,0,.5,0,.42,0,0,0,,,1920,,,5.6,0,8.1,11.3,14.1,15.9
108,서울,2018-10-12 09:00,8.6,0,,,.8,0,20,0,50,0,5.6,-1.2,1016.6,0,1027.1,0,1,0,1.13,0,0,0,,,1785,,,11.8,0,9.5,11.3,13.9,15.8
108,서울,2018-10-12 10:00,11.6,0,,,1.7,0,290,0,40,0,5.5,-1.5,1016.7,0,1027.1,0,1,0,1.77,0,0,0,,,1991,,,17.5,0,12,11.7,13.8,15.7
108,서울,2018-10-12 11:00,13,0,,,2.7,0,340,0,38,0,5.7,-1,1016.4,0,1026.8,0,1,0,2.3,0,0,0,,,2000,,,20.9,0,14.5,12.6,13.8,15.6
108,서울,2018-10-12 12:00,14.7,0,,,1,0,250,0,38,0,6.3,.5,1015.9,0,1026.2,0,1,0,2.55,0,0,0,,,1884,,,24.4,0,16.5,13.6,13.9,15.6
108,서울,2018-10-12 13:00,15.8,0,,,1.5,0,250,0,36,0,6.4,.7,1015.2,0,1025.4,0,1,0,2.59,0,0,0,,,1888,,,26.3,0,18.3,14.7,14.2,15.5
108,서울,2018-10-12 14:00,16.5,0,,,1.4,0,250,0,32,0,6,-.2,1014.6,0,1024.8,0,1,0,2.43,0,0,0,,,1841,,,26.8,0,19.5,15.8,14.7,15.6
108,서울,2018-10-12 15:00,17.1,0,,,2.1,0,200,0,33,0,6.4,.6,1014.1,0,1024.3,0,1,0,2.04,0,0,0,,,1929,,,25.2,0,19.9,16.7,15.1,15.7
108,서울,2018-10-12 16:00,16.9,0,,,1.2,0,290,0,34,0,6.5,.9,1014.4,0,1024.6,0,1,0,1.47,0,0,0,,,1942,,,22.6,0,19.6,17.2,15.6,15.8
108,서울,2018-10-12 17:00,16.3,0,,,1.7,0,290,0,39,0,7.2,2.3,1014.6,0,1024.8,0,1,0,.8,0,0,0,,,1969,,,17,0,18.6,17.4,15.9,15.9
108,서울,2018-10-12 18:00,14.3,0,,,1.3,0,290,0,46,0,7.5,2.8,1014.8,0,1025.1,0,.6,0,.16,0,0,0,,,2000,,,12.6,0,16.8,17.3,16.2,16.1
108,서울,2018-10-12 19:00,12.9,0,,,1.4,0,290,0,50,0,7.4,2.7,1015.2,0,1025.5,0,,9,,9,0,0,,,2000,,,10.5,0,15.2,16.9,16.4,16.3
108,서울,2018-10-12 20:00,11.8,0,,,1.5,0,290,0,53,0,7.3,2.5,1015.8,0,1026.2,0,,9,,9,0,0,,,2000,,,9.4,0,14.1,16.3,16.5,16.4
108,서울,2018-10-12 21:00,11,0,,,1.1,0,270,0,60,0,7.8,3.5,1015.9,0,1026.3,0,,9,,9,0,0,,,1995,,,8.6,0,13.2,15.7,16.4,16.5
108,서울,2018-10-12 22:00,10.5,0,,,1.2,0,270,0,62,0,7.8,3.5,1016,0,1026.5,0,,9,,9,0,0,,,2000,,,8.1,0,12.6,15.2,16.3,16.6
108,서울,2018-10-12 23:00,9.8,0,,,.5,0,360,0,66,0,8,3.7,1016,0,1026.5,0,,9,,9,0,0,,,1979,,,7.2,0,12,14.7,16,16.6
108,서울,2018-10-13 00:00,9.1,0,,,.9,0,20,0,69,0,8,3.7,1016.3,0,1026.8,0,,9,,9,0,0,,,1885,,,6.8,0,11.4,14.3,15.8,16.5
108,서울,2018-10-13 01:00,8.5,0,,,.2,0,0,0,70,0,7.7,3.3,1016.2,0,1026.7,0,,9,,9,0,0,,,1856,,,6.4,0,11,14,15.7,16.5
108,서울,2018-10-13 02:00,8,0,,,.5,0,360,0,74,0,7.9,3.6,1016.5,0,1027.1,0,,9,,9,0,0,,,1786,,,6,0,10.6,13.6,15.5,16.4
108,서울,2018-10-13 03:00,7.6,0,,,.7,0,20,0,78,0,8.1,4,1016.5,0,1027.1,0,,9,,9,0,0,,,1614,,,5.6,0,10.2,13.3,15.3,16.4
108,서울,2018-10-13 04:00,7.1,0,,,1.2,0,50,0,79,0,7.9,3.6,1016.4,0,1027,0,,9,,9,0,0,,,1567,,,5.5,0,9.9,13,15.1,16.3
108,서울,2018-10-13 05:00,6.7,0,,,1.1,0,50,0,81,0,7.9,3.6,1016.6,0,1027.2,0,,9,,9,0,0,,,1467,,,5.3,0,9.7,12.7,14.9,16.2
108,서울,2018-10-13 06:00,6.6,0,,,1,0,50,0,80,0,7.7,3.3,1016.8,0,1027.4,0,,9,,9,0,0,,,1424,,,5.1,0,9.4,12.4,14.6,16
108,서울,2018-10-13 07:00,6.2,0,,,.8,0,50,0,83,0,7.8,3.5,1016.7,0,1027.3,0,0,0,.01,0,0,0,,,1100,,,5.2,0,9.2,12.2,14.5,16
108,서울,2018-10-13 08:00,7.4,0,,,.5,0,90,0,70,0,7.2,2.2,1017,0,1027.6,0,.5,0,.36,0,0,0,,,1373,,,6.9,0,9.3,12,14.3,15.9
108,서울,2018-10-13 09:00,10,0,,,1,0,70,0,56,0,6.9,1.6,1017,0,1027.5,0,1,0,1.03,0,0,0,,,1761,,,12.4,0,10.5,11.9,14.2,15.8
108,서울,2018-10-13 10:00,12.6,0,,,1.4,0,50,0,50,0,7.3,2.4,1017,0,1027.4,0,1,0,1.68,0,0,0,,,1712,,,18.1,0,12.8,12.3,14.1,15.6
108,서울,2018-10-13 11:00,15.2,0,,,1.2,0,20,0,44,0,7.6,3,1016.6,0,1026.9,0,1,0,2.16,0,0,0,,,1301,,,23.2,0,15.3,13.1,14,15.5
108,서울,2018-10-13 12:00,16.6,0,,,.7,0,50,0,36,0,6.8,1.4,1016.1,0,1026.3,0,1,0,2.45,0,0,0,,,1442,,,26.5,0,17.5,14.2,14.2,15.5
108,서울,2018-10-13 13:00,18.3,0,,,1.9,0,200,0,33,0,6.9,1.7,1015.3,0,1025.4,0,1,0,2.53,0,0,0,,,1324,,,28.7,0,19.3,15.3,14.5,15.5
108,서울,2018-10-13 14:00,19.3,0,,,1.3,0,180,0,27,0,6.1,-.1,1014.2,0,1024.2,0,1,0,2.38,0,0,0,,,1384,,,28.7,0,20.3,16.3,14.9,15.5
108,서울,2018-10-13 15:00,19.8,0,,,2,0,180,0,29,0,6.7,1.2,1013.7,0,1023.8,0,1,0,1.97,0,0,0,,,1246,,,27.4,0,20.7,17.2,15.3,15.6
108,서울,2018-10-13 16:00,19.4,0,,,1.2,0,230,0,29,0,6.5,.8,1013.4,0,1023.4,0,1,0,1.37,0,0,0,,,1154,,,24.1,0,20.4,17.8,15.8,15.8
108,서울,2018-10-13 17:00,18.7,0,,,1.1,0,250,0,33,0,7.1,2,1013.1,0,1023.2,0,1,0,.7,0,0,0,,,1164,,,18.8,0,19.4,18.1,16.2,16
108,서울,2018-10-13 18:00,16.5,0,,,1.6,0,290,0,38,0,7.1,2.1,1013.1,0,1023.3,0,.5,0,.14,0,0,0,,,1246,,,14.4,0,17.7,17.9,16.5,16.1
108,서울,2018-10-13 19:00,14.8,0,,,1.3,0,270,0,47,0,7.8,3.5,1013.7,0,1024,0,,9,,9,0,0,,,1111,,,11.9,0,16,17.4,16.6,16.2
108,서울,2018-10-13 20:00,13.8,0,,,1.6,0,320,0,52,0,8.1,4,1013.9,0,1024.2,0,,9,,9,0,0,,,1088,,,10.6,0,14.8,16.8,16.7,16.4
108,서울,2018-10-13 21:00,12.6,0,,,1.1,0,270,0,56,0,8.1,4,1013.9,0,1024.2,0,,9,,9,0,0,,,1053,,,9.6,0,13.9,16.2,16.6,16.5
108,서울,2018-10-13 22:00,11.7,0,,,.5,0,360,0,60,0,8.2,4.1,1014.1,0,1024.5,0,,9,,9,0,0,,,1002,,,8.6,0,13.1,15.7,16.5,16.6
108,서울,2018-10-13 23:00,11,0,,,.3,0,0,0,62,0,8.1,3.9,1014.1,0,1024.5,0,,9,,9,0,0,,,946,,40,7.9,0,12.4,15.1,16.3,16.6
108,서울,2018-10-14 00:00,10.4,0,,,0,0,0,0,59,0,7.4,2.7,1014.1,0,1024.6,0,,9,,9,0,0,,,971,,40,7.4,0,11.8,14.7,16.1,16.6
108,서울,2018-10-14 01:00,9.5,0,,,.9,0,20,0,65,0,7.7,3.2,1013.7,0,1024.2,0,,9,,9,0,0,,,990,,40,7,0,11.4,14.3,15.9,16.6
108,서울,2018-10-14 02:00,9.1,0,,,.3,0,0,0,68,0,7.8,3.4,1013.6,0,1024.1,0,,9,,9,0,0,,,921,,40,6.5,0,11,14,15.7,16.6
108,서울,2018-10-14 03:00,8.4,0,,,.4,0,0,0,73,0,8,3.8,1013.3,0,1023.8,0,,9,,9,0,0,,,820,,40,6,0,10.6,13.6,15.5,16.4
108,서울,2018-10-14 04:00,7.9,0,,,1.3,0,50,0,76,0,8.1,3.9,1012.9,0,1023.4,0,,9,,9,0,0,,,771,,40,5.7,0,10.2,13.3,15.3,16.4
108,서울,2018-10-14 05:00,7.6,0,,,.3,0,0,0,79,0,8.2,4.1,1012.9,0,1023.4,0,,9,,9,0,0,,,765,,40,5.4,0,9.9,13,15.1,16.2
108,서울,2018-10-14 06:00,7.2,0,,,.7,0,20,0,80,0,8.1,3.9,1013.1,0,1023.7,0,,9,,9,0,0,,,729,,4019,5.2,0,9.6,12.7,14.9,16.1
108,서울,2018-10-14 07:00,6.9,0,,,.8,0,20,0,81,0,8,3.8,1013.4,0,1024,0,0,0,.01,0,0,0,,,665,,19,5.4,0,9.3,12.5,14.7,16.1
108,서울,2018-10-14 08:00,7.5,0,,,1.1,0,20,0,72,0,7.4,2.7,1013.9,0,1024.5,0,.5,0,.34,0,0,0,,,697,,19,6.9,0,9.4,12.2,14.5,15.9
108,서울,2018-10-14 09:00,10.1,0,,,.8,0,50,0,60,0,7.4,2.6,1014.4,0,1024.9,0,1,0,1.02,0,1,0,Ci,,726,,4019,12.9,0,10.6,12.1,14.3,15.8
108,서울,2018-10-14 10:00,13.3,0,,,.5,0,70,0,47,0,7.2,2.2,1014.1,0,1024.4,0,1,0,1.67,0,1,0,Ci,,818,,40,19.2,0,13.1,12.5,14.2,15.7
108,서울,2018-10-14 11:00,16.2,0,,,1,0,200,0,41,0,7.5,2.9,1013.8,0,1024,0,1,0,2.11,0,2,0,Ci,,878,,40,24.1,0,15.8,13.3,14.2,15.6
108,서울,2018-10-14 12:00,17.2,0,,,1.1,0,340,0,33,0,6.4,.7,1012.7,0,1022.8,0,1,0,2.28,0,5,0,Ci,,1258,,40,27.3,0,17.9,14.4,14.3,15.5
108,서울,2018-10-14 13:00,18.1,0,,,1.5,0,270,0,32,0,6.6,1.1,1012.1,0,1022.2,0,1,0,2.21,0,4,0,Ci,,1684,,,28.9,0,19.3,15.6,14.7,15.6
108,서울,2018-10-14 14:00,18.9,0,,,2.6,0,320,0,31,0,6.7,1.3,1011.5,0,1021.5,0,1,0,2.37,0,4,0,Ci,,1936,,,30,0,20.5,16.5,15,15.6
108,서울,2018-10-14 15:00,20.1,0,,,2.4,0,270,0,32,0,7.5,2.8,1011,0,1021,0,1,0,2,0,4,0,Ci,,1893,,,29,0,21,17.4,15.5,15.7
108,서울,2018-10-14 16:00,19.1,0,,,2.1,0,270,0,31,0,6.8,1.5,1011.3,0,1021.3,0,1,0,1.27,0,6,0,Ci,,1960,,,23.7,0,20.5,17.9,15.9,15.8
108,서울,2018-10-14 17:00,18.2,0,,,2.3,0,290,0,43,0,9,5.4,1011.5,0,1021.6,0,1,0,.68,0,6,0,Ci,,1925,,,19.1,0,19.4,18.1,16.3,15.9
108,서울,2018-10-14 18:00,16.2,0,,,2.4,0,290,0,58,0,10.6,7.9,1011.6,0,1021.8,0,.4,0,.12,0,4,0,Ci,,1991,,,15.2,0,17.8,18,16.6,16.2
108,서울,2018-10-14 19:00,15.1,0,,,2.9,0,320,0,60,0,10.2,7.3,1012,0,1022.3,0,,9,,9,6,0,,,1979,,,13.4,0,16.4,17.5,16.7,16.3
108,서울,2018-10-14 20:00,14.4,0,,,2.3,0,320,0,61,0,9.9,6.9,1012.4,0,1022.6,0,,9,,9,8,0,,,1945,,,12.4,0,15.6,17,16.8,16.5
108,서울,2018-10-14 21:00,13.8,0,,,2.4,0,290,0,66,0,10.4,7.5,1012.2,0,1022.5,0,,9,,9,6,4,ScCi,18,1897,,,11.7,0,14.9,16.6,16.7,16.5
108,서울,2018-10-14 22:00,13.5,0,,,1.7,0,290,0,71,0,10.9,8.3,1012,0,1022.3,0,,9,,9,5,5,,16,1711,,,11.1,0,14.4,16.1,16.6,16.6
108,서울,2018-10-14 23:00,13.2,0,,,1.2,0,320,0,73,0,11,8.4,1011.8,0,1022.1,0,,9,,9,7,7,,16,1639,,,10.9,0,14.1,15.8,16.5,16.6
108,서울,2018-10-15 00:00,12.6,0,,,1.3,0,290,0,78,0,11.3,8.8,1011.7,0,1022,0,,9,,9,7,0,Ci,,1427,,,10.3,0,13.5,15.5,16.3,16.6
108,서울,2018-10-15 01:00,12.2,0,,,1.4,0,290,0,80,0,11.3,8.8,1011.8,0,1022.1,0,,9,,9,1,1,,16,1283,,,9.8,0,13.2,15.2,16.2,16.6
108,서울,2018-10-15 02:00,11.8,0,,,.7,0,290,0,82,0,11.3,8.8,1011.9,0,1022.3,0,,9,,9,6,1,,16,1262,,,9.2,0,12.7,14.9,16,16.5
108,서울,2018-10-15 03:00,11.3,0,,,0,0,0,0,85,0,11.3,8.8,1011.7,0,1022.1,0,,9,,9,3,3,Sc,14,907,,19,8.7,0,12.3,14.6,15.8,16.5
108,서울,2018-10-15 04:00,11,0,,,.1,0,0,0,82,0,10.7,8,1011.5,0,1021.9,0,,9,,9,6,6,Sc,12,951,,19,10.1,0,12.2,14.4,15.8,16.5
108,서울,2018-10-15 05:00,11.1,0,,,.3,0,0,0,79,0,10.4,7.5,1011.4,0,1021.8,0,,9,,9,6,6,Sc,8,1140,,19,9.5,0,12.2,14.2,15.6,16.4
108,서울,2018-10-15 06:00,11.2,0,,,.2,0,0,0,81,0,10.7,8,1011.5,0,1021.9,0,,9,,9,5,5,Sc,8,1071,,19,10.4,0,12.3,14,15.4,16.4
108,서울,2018-10-15 07:00,11.5,0,,,.8,0,50,0,81,0,10.9,8.3,1011.5,0,1021.9,0,0,0,0,0,8,8,Sc,5,960,,19,11.5,0,12.6,14,15.4,16.3
108,서울,2018-10-15 08:00,12,0,,,.4,0,0,0,77,0,10.7,8,1011.6,0,1022,0,0,0,.12,0,9,9,Sc,5,891,,19,12.8,0,12.9,14,15.2,16.2
108,서울,2018-10-15 09:00,12.8,0,,,.5,0,20,0,74,0,10.9,8.2,1011.8,0,1022.1,0,0,0,.31,0,9,9,Sc,5,831,,19,14.5,0,13.6,14.2,15.2,16.2
108,서울,2018-10-15 10:00,14.1,0,,,.6,0,20,0,66,0,10.6,7.8,1011.6,0,1021.8,0,0,0,.58,0,9,9,Sc,5,827,,4019,17.7,0,14.4,14.3,15.2,16.1
108,서울,2018-10-15 11:00,16.7,0,,,1.5,0,180,0,65,0,12.3,10,1010.9,0,1021,0,.6,0,1.42,0,2,2,Sc,9,675,,40,23.2,0,16.2,14.7,15.1,16
108,서울,2018-10-15 12:00,19,0,,,1.8,0,230,0,60,0,13.1,11,1010.6,0,1020.6,0,1,0,2.11,0,6,6,Sc,7,513,,40,27.9,0,18.7,15.4,15.2,16
108,서울,2018-10-15 13:00,19.7,0,,,2.1,0,320,0,52,0,11.9,9.5,1009.4,0,1019.4,0,1,0,1.83,0,3,3,Sc,8,512,,40,30.2,0,19.9,16.4,15.4,16
108,서울,2018-10-15 14:00,20,0,,,2.1,0,320,0,48,0,11.2,8.6,1008.4,0,1018.4,0,1,0,1.72,0,2,2,Sc,9,586,,40,28.4,0,20.7,17.3,15.8,16.1
108,서울,2018-10-15 15:00,20.4,0,,,1.7,0,320,0,43,0,10.2,7.3,1007.8,0,1017.8,0,1,0,1.43,0,2,2,Sc,11,690,,40,27,0,20.8,17.9,16.1,16.1
108,서울,2018-10-15 16:00,20.3,0,,,2.2,0,290,0,44,0,10.4,7.6,1007.9,0,1017.9,0,1,0,1.09,0,1,0,Ci,,793,,40,23.8,0,20.6,18.3,16.4,16.2
108,서울,2018-10-15 17:00,19.3,0,,,2.8,0,270,0,49,0,10.9,8.3,1008,0,1018,0,1,0,.55,0,3,0,Ci,,966,,40,19.2,0,19.7,18.5,16.8,16.4
108,서울,2018-10-15 18:00,18,0,,,2.3,0,270,0,66,0,13.6,11.5,1008.1,0,1018.1,0,.2,0,.1,0,3,0,Ci,,554,,40,16.3,0,18.4,18.4,17,16.6
108,서울,2018-10-15 19:00,16.9,0,,,1.8,0,270,0,74,0,14.2,12.2,1008.6,0,1018.7,0,,9,,9,4,4,,10,366,,40,14.5,0,17.3,18,17.2,16.7
108,서울,2018-10-15 20:00,15.9,0,,,2.8,0,270,0,81,0,14.6,12.6,1008.9,0,1019.1,0,,9,,9,1,0,,,250,,4019,13.6,0,16.4,17.6,17.2,16.8
108,서울,2018-10-15 21:00,15.5,0,,,1.3,0,320,0,86,0,15.1,13.1,1008.9,0,1019.1,0,,9,,9,0,0,,,178,,19,12.7,0,15.8,17.1,17.2,16.9
108,서울,2018-10-15 22:00,14.8,0,,,1.5,0,320,0,83,0,13.9,11.9,1008.9,0,1019.1,0,,9,,9,4,0,,,227,,19,11.8,0,15.1,16.8,17,16.9
108,서울,2018-10-15 23:00,14.1,0,,,1.5,0,290,0,74,0,11.9,9.5,1008.9,0,1019.1,0,,9,,9,6,2,,,486,,19,10.8,0,14.5,16.4,16.9,16.9
108,서울,2018-10-16 00:00,13.3,0,,,1.7,0,320,0,64,0,9.7,6.6,1009,0,1019.3,0,,9,,9,4,0,Ci,,860,,4019,10.1,0,14,16,16.8,17
108,서울,2018-10-16 01:00,12.4,0,,,1.1,0,290,0,65,0,9.3,5.9,1008.9,0,1019.2,0,,9,,9,7,3,,63,1099,,40,9.6,0,13.5,15.7,16.6,16.9
108,서울,2018-10-16 02:00,11.7,0,,,1,0,320,0,70,0,9.6,6.4,1008.6,0,1018.9,0,,9,,9,8,8,,62,1012,,,9.6,0,13,15.3,16.5,16.9
108,서울,2018-10-16 03:00,11.5,0,,,1.4,0,290,0,61,0,8.2,4.2,1008.2,0,1018.5,0,,9,,9,7,0,Ci,,1399,,,9.3,0,12.9,15.1,16.3,16.9
108,서울,2018-10-16 04:00,11,0,,,.6,0,320,0,69,0,9,5.5,1007.9,0,1018.3,0,,9,,9,5,0,Ci,,1510,,,8.3,0,12.4,14.7,16.1,16.7
108,서울,2018-10-16 05:00,10.2,0,,,1.5,0,270,0,70,0,8.7,4.9,1007.9,0,1018.3,0,,9,,9,7,0,Ci,,1519,,,8.4,0,12.1,14.5,16,16.8
108,서울,2018-10-16 06:00,10.1,0,,,.2,0,0,0,71,0,8.7,5,1008.3,0,1018.7,0,,9,,9,8,0,Ci,,1474,,,8.5,0,11.7,14.1,15.7,16.6
108,서울,2018-10-16 07:00,10.2,0,,,.4,0,0,0,68,0,8.4,4.5,1008.3,0,1018.7,0,0,0,0,0,7,0,Ci,,1493,,,9.1,0,11.8,14,15.6,16.6
108,서울,2018-10-16 08:00,10.4,0,,,.6,0,50,0,63,0,7.9,3.6,1008.6,0,1019,0,0,0,.19,0,6,0,Ci,,1367,,,10.7,0,12,13.9,15.5,16.5
108,서울,2018-10-16 09:00,11.8,0,,,.7,0,50,0,55,0,7.6,3,1008.6,0,1018.9,0,0,0,.55,0,8,0,Ci,,1182,,,13.3,0,12.7,13.8,15.3,16.3
108,서울,2018-10-16 10:00,14.4,0,,,.6,0,70,0,45,0,7.4,2.6,1008.1,0,1018.3,0,.9,0,1.28,0,5,0,Ci,,1206,,,20,0,14.3,14,15.2,16.3
108,서울,2018-10-16 11:00,16.5,0,,,.7,0,50,0,39,0,7.3,2.4,1007.4,0,1017.5,0,1,0,1.68,0,6,0,Ci,,1351,,,24.5,0,16.5,14.6,15.2,16.2
108,서울,2018-10-16 12:00,18.8,0,,,1.2,0,160,0,35,0,7.5,2.9,1006.7,0,1016.7,0,1,0,2.06,0,4,0,Ci,,1057,,,28.3,0,18.6,15.4,15.2,16.1
108,서울,2018-10-16 13:00,19.4,0,,,2,0,270,0,31,0,7,1.8,1005.8,0,1015.7,0,1,0,2.02,0,4,0,Ci,,1862,,,29.3,0,20,16.4,15.5,16.1
108,서울,2018-10-16 14:00,19.9,0,,,1.9,0,290,0,29,0,6.7,1.3,1005,0,1015,0,1,0,2.09,0,2,0,Ci,,1833,,,30.3,0,21,17.3,15.8,16.1
108,서울,2018-10-16 15:00,19.9,0,,,2,0,270,0,31,0,7.2,2.2,1004.7,0,1014.7,0,1,0,1.57,0,5,0,Ci,,1613,,,27.3,0,21.1,18,16.2,16.2
108,서울,2018-10-16 16:00,19.5,0,,,2.1,0,290,0,32,0,7.2,2.3,1004.8,0,1014.7,0,1,0,1.1,0,6,0,Ci,,1436,,,24.2,0,20.8,18.5,16.6,16.4
108,서울,2018-10-16 17:00,18.4,0,,,1.8,0,320,0,38,0,8,3.8,1004.6,0,1014.6,0,1,0,.5,0,6,0,Ci,,1565,,,19.1,0,19.5,18.6,16.9,16.5
108,서울,2018-10-16 18:00,16.9,0,,,1.4,0,290,0,47,0,9,5.5,1004.8,0,1014.9,0,.3,0,.11,0,5,0,Ci,,1637,,,15.1,0,18,18.3,17.1,16.6
108,서울,2018-10-16 19:00,15.5,0,,,1.7,0,290,0,63,0,11,8.4,1005,0,1015.2,0,,9,,9,3,1,,48,1774,,,13.6,0,16.8,18,17.3,16.8
108,서울,2018-10-16 20:00,14.8,0,,,2,0,270,0,68,0,11.4,8.9,1005.3,0,1015.5,0,,9,,9,4,0,,,1502,,,12.6,0,15.8,17.4,17.2,16.9
108,서울,2018-10-16 21:00,14.3,0,,,1,0,290,0,72,0,11.7,9.3,1005.4,0,1015.6,0,,9,,9,5,0,Ci,,1374,,,11.6,0,15.1,16.9,17.1,16.9
108,서울,2018-10-16 22:00,13.6,0,,,.6,0,290,0,71,0,11,8.4,1005.6,0,1015.8,0,,9,,9,5,0,,,1457,,,10.9,0,14.5,16.5,17,17
108,서울,2018-10-16 23:00,12.9,0,,,.6,0,270,0,78,0,11.6,9.1,1005.5,0,1015.7,0,,9,,9,5,1,,65,1201,,,10.3,0,13.8,16,16.8,17
108,서울,2018-10-17 00:00,12.3,0,,,1.2,0,320,0,75,0,10.6,7.9,1005.3,0,1015.6,0,,9,,9,3,0,,,1332,,,9.6,0,13.4,15.6,16.6,16.9
108,서울,2018-10-17 01:00,11.5,0,,,1.2,0,290,0,74,0,10,7,1005.3,0,1015.6,0,,9,,9,0,0,,,1305,,,8.9,0,12.8,15.3,16.5,16.9
108,서울,2018-10-17 02:00,10.8,0,,,.3,0,0,0,77,0,9.9,6.9,1005.2,0,1015.5,0,,9,,9,0,0,,,1268,,,8.1,0,12.4,15,16.3,16.9
108,서울,2018-10-17 03:00,10.2,0,,,.3,0,0,0,80,0,9.9,6.8,1005.1,0,1015.5,0,,9,,9,0,0,,,1191,,,7.6,0,11.9,14.6,16.1,16.8
108,서울,2018-10-17 04:00,9.7,0,,,0,0,0,0,76,0,9.1,5.6,1005.3,0,1015.7,0,,9,,9,0,0,,,1308,,,7.1,0,11.5,14.3,15.9,16.7
108,서울,2018-10-17 05:00,9.2,0,,,0,0,0,0,77,0,8.9,5.3,1005.3,0,1015.7,0,,9,,9,0,0,,,1278,,,6.8,0,11.1,14,15.8,16.7
108,서울,2018-10-17 06:00,8.8,0,,,.2,0,0,0,77,0,8.7,4.9,1005.6,0,1016,0,,9,,9,0,0,,,1077,,,6.5,0,10.8,13.7,15.6,16.5
108,서울,2018-10-17 07:00,8.6,0,,,.7,0,320,0,77,0,8.5,4.7,1006,0,1016.4,0,0,0,0,0,0,0,,,965,,19,6.4,0,10.5,13.4,15.4,16.5
108,서울,2018-10-17 08:00,9.2,0,,,.2,0,0,0,68,0,7.8,3.5,1006.3,0,1016.7,0,.5,0,.28,0,0,0,,,952,,4019,8.1,0,10.5,13.2,15.2,16.4
108,서울,2018-10-17 09:00,11.2,0,,,1.1,0,50,0,63,0,8.4,4.4,1006.5,0,1016.8,0,1,0,.88,0,0,0,,,656,,40,13.5,0,11.8,13.1,15.1,16.3
108,서울,2018-10-17 10:00,14,0,,,1.6,0,180,0,58,0,9.2,5.8,1006.2,0,1016.4,0,1,0,1.53,0,0,0,,,841,,40,19.9,0,14.3,13.6,15.1,16.3
108,서울,2018-10-17 11:00,15.5,0,,,2.5,0,290,0,25,0,4.4,-4.4,1006.3,0,1016.5,0,1,0,2.1,0,0,0,,,1727,,40,25.2,0,16.7,14.2,14.9,16.1
108,서울,2018-10-17 12:00,16.2,0,,,2.5,0,290,0,29,0,5.4,-1.8,1005.9,0,1016,0,1,0,2.45,0,0,0,,,1935,,,29,0,18.5,15.2,15.1,16.1
108,서울,2018-10-17 13:00,17.7,0,,,2.1,0,270,0,25,0,5,-2.6,1005.4,0,1015.4,0,1,0,2.48,0,0,0,,,1917,,,31.6,0,20.1,16.2,15.3,16
108,서울,2018-10-17 14:00,18.3,0,,,1.7,0,270,0,24,0,5,-2.6,1004.9,0,1014.9,0,1,0,2.4,0,0,0,,,1983,,,31.9,0,21,17.2,15.6,16
108,서울,2018-10-17 15:00,18.3,0,,,2.7,0,290,0,21,0,4.4,-4.4,1004.8,0,1014.8,0,1,0,2.02,0,0,0,,,2000,,,29.4,0,21.5,18.1,16.2,16.2
108,서울,2018-10-17 16:00,18,0,,,2.1,0,270,0,26,0,5.4,-1.8,1005,0,1015,0,1,0,1.45,0,0,0,,,2000,,,25.9,0,21.2,18.8,16.7,16.5
108,서울,2018-10-17 17:00,16.9,0,,,2.5,0,290,0,34,0,6.5,.9,1005.2,0,1015.3,0,1,0,.74,0,0,0,,,2000,,,18.3,0,19.7,18.8,17,16.6
108,서울,2018-10-17 18:00,14.6,0,,,2.3,0,320,0,39,0,6.4,.7,1005.3,0,1015.5,0,.5,0,.11,0,0,0,,,2000,,,14.1,0,17.6,18.4,17.2,16.7
108,서울,2018-10-17 19:00,13.2,0,,,1.3,0,290,0,42,0,6.3,.5,1005.9,0,1016.1,0,,9,,9,0,0,,,2000,,,11.6,0,15.8,17.7,17.2,16.8
108,서울,2018-10-17 20:00,12.2,0,,,1.1,0,290,0,47,0,6.7,1.2,1006.3,0,1016.6,0,,9,,9,0,0,,,2000,,,10.1,0,14.6,17.2,17.3,16.9
108,서울,2018-10-17 21:00,10.8,0,,,.9,0,290,0,53,0,6.8,1.5,1006.5,0,1016.9,0,,9,,9,0,0,,,2000,,,9.2,0,13.7,16.6,17.3,17.1
108,서울,2018-10-17 22:00,9.9,0,,,.1,0,0,0,50,0,6.1,0,1006.9,0,1017.3,0,,9,,9,0,0,,,2000,,,8.2,0,12.9,16,17.1,17.1
108,서울,2018-10-17 23:00,9.7,0,,,.7,0,20,0,56,0,6.7,1.3,1007,0,1017.4,0,,9,,9,0,0,,,2000,,,7.5,0,12.1,15.3,16.7,17
108,서울,2018-10-18 00:00,9.2,0,,,.7,0,70,0,64,0,7.4,2.7,1006.9,0,1017.3,0,,9,,9,0,0,,,2000,,,7.7,0,11.7,14.9,16.5,17
108,서울,2018-10-18 01:00,9,0,,,.7,0,20,0,66,0,7.5,2.9,1007.2,0,1017.6,0,,9,,9,0,0,,,2000,,,7,0,11.1,14.3,16.1,16.7
108,서울,2018-10-18 02:00,8.7,0,,,.8,0,20,0,71,0,8,3.7,1007.5,0,1017.9,0,,9,,9,0,0,,,2000,,,7,0,10.8,13.9,15.8,16.6
108,서울,2018-10-18 03:00,8.6,0,,,.6,0,50,0,74,0,8.2,4.2,1007.7,0,1018.1,0,,9,,9,1,1,Sc,10,1985,,,6.9,0,10.8,13.8,15.7,16.7
108,서울,2018-10-18 04:00,8.1,0,,,.6,0,20,0,78,0,8.4,4.4,1007.7,0,1018.2,0,,9,,9,0,0,,,2000,,,6.5,0,10.4,13.5,15.6,16.6
108,서울,2018-10-18 05:00,7.8,0,,,1.1,0,20,0,81,0,8.5,4.7,1007.7,0,1018.2,0,,9,,9,0,0,,,2000,,,6.3,0,10.1,13.1,15.2,16.4
108,서울,2018-10-18 06:00,7.6,0,,,.3,0,0,0,82,0,8.5,4.7,1008.1,0,1018.6,0,,9,,9,0,0,,,1933,,,5.8,0,9.8,12.9,15.1,16.3
108,서울,2018-10-18 07:00,7.7,0,,,.4,0,0,0,81,0,8.5,4.6,1008.7,0,1019.2,0,0,0,0,0,3,3,Sc,17,1992,,,6.3,0,9.7,12.7,15,16.3
108,서울,2018-10-18 08:00,8.5,0,,,.5,0,20,0,77,0,8.5,4.6,1009.2,0,1019.7,0,0,0,.21,0,6,6,Sc,16,1995,,,9.9,0,10.1,12.6,14.8,16.2
108,서울,2018-10-18 09:00,10.9,0,,,.9,0,110,0,60,0,7.8,3.4,1009.5,0,1019.9,0,.9,0,.93,0,4,4,Sc,14,1997,,,12.3,0,11.7,12.7,14.6,16.1
108,서울,2018-10-18 10:00,13.7,0,,,1.2,0,90,0,57,0,8.9,5.3,1009.5,0,1019.7,0,1,0,1.33,0,6,6,Sc,13,2000,,,19.4,0,13.5,12.8,14.4,15.8
108,서울,2018-10-18 11:00,15,0,,,1.4,0,50,0,52,0,8.8,5.2,1009.7,0,1019.9,0,.7,0,1.5,0,7,7,Sc,13,2000,,,25.3,0,15.4,13.6,14.4,15.7
108,서울,2018-10-18 12:00,16.8,0,,,1.6,0,70,0,50,0,9.5,6.3,1009.5,0,1019.6,0,.9,0,1.94,0,7,7,Sc,17,2000,,,24.1,0,17.9,14.6,14.6,15.7
108,서울,2018-10-18 13:00,18.1,0,,,2.2,0,50,0,43,0,8.9,5.3,1009.2,0,1019.2,0,1,0,2.3,0,7,7,Sc,14,2000,,,29.8,0,19.4,15.6,14.9,15.7
108,서울,2018-10-18 14:00,18.7,0,,,1.3,0,90,0,39,0,8.4,4.4,1008.9,0,1018.9,0,.9,0,1.66,0,7,7,Sc,15,2000,,,28.9,0,19.6,16.3,15.1,15.6
108,서울,2018-10-18 15:00,19,0,,,1.9,0,70,0,38,0,8.3,4.3,1009,0,1019,0,.9,0,1.72,0,4,4,Sc,16,2000,,,29.2,0,20.2,17,15.4,15.7
108,서울,2018-10-18 16:00,18.5,0,,,1.8,0,50,0,40,0,8.5,4.6,1009.3,0,1019.3,0,1,0,1.28,0,3,3,Sc,15,2000,,,25.4,0,20.3,17.8,16,16
108,서울,2018-10-18 17:00,16.9,0,,,1.6,0,70,0,44,0,8.4,4.5,1009.8,0,1019.9,0,.5,0,.44,0,7,7,CuSc,15,2000,,,18.6,0,18.9,17.9,16.2,16
108,서울,2018-10-18 18:00,15.7,0,,,2.5,0,90,0,45,0,8,3.7,1010.5,0,1020.7,0,.3,0,.06,0,7,7,Sc,15,2000,,,15.7,0,17.6,17.6,16.5,16.2
108,서울,2018-10-18 19:00,14.9,0,,,2.1,0,90,0,49,0,8.2,4.2,1011.4,0,1021.7,0,,9,,9,7,4,,18,2000,,,14.3,0,16.4,17.2,16.5,16.2
108,서울,2018-10-18 20:00,13.8,0,,,1.9,0,50,0,56,0,8.8,5.1,1011.9,0,1022.2,0,,9,,9,8,8,,38,2000,,,12.6,0,15.6,16.8,16.6,16.3
108,서울,2018-10-18 21:00,12.6,0,,,.5,0,50,0,60,0,8.7,5,1012.4,0,1022.7,0,,9,,9,2,2,Ac,38,2000,,,10.8,0,14.5,16.4,16.5,16.4
108,서울,2018-10-18 22:00,11.6,0,,,.2,0,0,0,61,0,8.3,4.3,1012.8,0,1023.2,0,,9,,9,3,0,,,2000,,,9.8,0,13.7,16,16.6,16.6
108,서울,2018-10-18 23:00,10.9,0,,,.2,0,0,0,64,0,8.3,4.3,1012.9,0,1023.3,0,,9,,9,0,0,,,2000,,,8.9,0,12.9,15.5,16.4,16.6
108,서울,2018-10-19 00:00,10.3,0,,,1.5,0,290,0,67,0,8.4,4.4,1013,0,1023.5,0,,9,,9,0,0,,,2000,,,8.6,0,12.4,15.2,16.3,16.6
108,서울,2018-10-19 01:00,9.8,0,,,1.7,0,270,0,68,0,8.2,4.1,1013.2,0,1023.7,0,,9,,9,0,0,,,2000,,,8.2,0,12,14.7,16.1,16.6
108,서울,2018-10-19 02:00,9.2,0,,,1.5,0,290,0,72,0,8.4,4.4,1013.7,0,1024.2,0,,9,,9,0,0,,,2000,,,7.3,0,11.5,14.3,15.9,16.5
108,서울,2018-10-19 03:00,8.5,0,,,1.3,0,270,0,74,0,8.2,4.1,1014,0,1024.5,0,,9,,9,0,0,,,2000,,,6.7,0,11,14,15.7,16.5
108,서울,2018-10-19 04:00,8.1,0,,,.3,0,0,0,76,0,8.2,4.1,1014.2,0,1024.7,0,,9,,9,0,0,,,2000,,,5.8,0,10.4,13.5,15.3,16.2
108,서울,2018-10-19 05:00,7.7,0,,,0,0,0,0,73,0,7.6,3.1,1014.6,0,1025.2,0,,9,,9,0,0,,,2000,,,5.5,0,10.1,13.3,15.3,16.3
108,서울,2018-10-19 06:00,7.2,0,,,.5,0,320,0,77,0,7.8,3.4,1014.7,0,1025.3,0,,9,,9,0,0,,,2000,,,5,0,9.6,12.9,15,16.2
108,서울,2018-10-19 07:00,7.3,0,,,.4,0,0,0,72,0,7.3,2.5,1015,0,1025.6,0,0,0,0,0,0,0,,,2000,,,5,0,9.2,12.5,14.7,16
108,서울,2018-10-19 08:00,7.9,0,,,.6,0,360,0,63,0,6.7,1.2,1015.6,0,1026.2,0,.5,0,.3,0,0,0,,,2000,,,6.2,0,9.3,12.3,14.6,15.9
108,서울,2018-10-19 09:00,11.1,0,,,1,0,90,0,53,0,7,1.8,1016.2,0,1026.6,0,1,0,1.05,0,0,0,,,2000,,,12.5,0,10.6,12.1,14.3,15.7
108,서울,2018-10-19 10:00,13.8,0,,,1.5,0,50,0,44,0,6.9,1.7,1016.3,0,1026.6,0,1,0,1.66,0,0,0,,,1953,,,20.2,0,13.4,12.6,14.3,15.7
108,서울,2018-10-19 11:00,16.4,0,,,1.1,0,140,0,35,0,6.5,.8,1016.2,0,1026.4,0,1,0,2.13,0,0,0,,,2000,,,26.2,0,16,13.4,14.2,15.5
108,서울,2018-10-19 12:00,17.4,0,,,1.1,0,50,0,33,0,6.5,.9,1015.6,0,1025.8,0,1,0,2.39,0,0,0,,,2000,,,30.6,0,18.3,14.5,14.3,15.5
108,서울,2018-10-19 13:00,18.9,0,,,1.8,0,270,0,33,0,7.2,2.2,1014.9,0,1025,0,1,0,2.43,0,0,0,,,2000,,,32.7,0,20,15.7,14.6,15.4
108,서울,2018-10-19 14:00,19.8,0,,,2.3,0,250,0,32,0,7.4,2.6,1013.9,0,1024,0,1,0,2.25,0,0,0,,,1978,,,32.8,0,21.5,17,15.3,15.8
108,서울,2018-10-19 15:00,19.7,0,,,3,0,320,0,30,0,6.9,1.6,1013.6,0,1023.6,0,1,0,1.89,0,0,0,,,1971,,,29.7,0,21.6,17.7,15.6,15.6
108,서울,2018-10-19 16:00,19.3,0,,,2.8,0,290,0,29,0,6.4,.7,1013.6,0,1023.6,0,1,0,1.34,0,0,0,,,2000,,,26.2,0,21.3,18.5,16.2,16
108,서울,2018-10-19 17:00,18.5,0,,,2.2,0,320,0,35,0,7.4,2.7,1013.7,0,1023.8,0,1,0,.68,0,0,0,,,2000,,,18.8,0,19.8,18.5,16.4,16
108,서울,2018-10-19 18:00,16.6,0,,,2.4,0,270,0,40,0,7.5,2.9,1014,0,1024.2,0,.4,0,.11,0,0,0,,,2000,,,14.6,0,17.7,18,16.6,16
108,서울,2018-10-19 19:00,15.3,0,,,2.4,0,320,0,53,0,9.2,5.7,1014.5,0,1024.8,0,,9,,9,0,0,,,2000,,,13.2,0,16.5,17.7,16.9,16.3
108,서울,2018-10-19 20:00,14.2,0,,,1.8,0,290,0,56,0,9,5.5,1014.8,0,1025.1,0,,9,,9,1,0,,,2000,,,11.6,0,15.3,17,16.7,16.3
108,서울,2018-10-19 21:00,13.3,0,,,1.1,0,250,0,56,0,8.5,4.6,1015.2,0,1025.5,0,,9,,9,0,0,,,2000,,,10.7,0,14.5,16.6,16.8,16.5
108,서울,2018-10-19 22:00,12.3,0,,,1.7,0,270,0,65,0,9.2,5.8,1015.6,0,1026,0,,9,,9,0,0,,,2000,,,9.9,0,13.7,16.1,16.7,16.6
108,서울,2018-10-19 23:00,11.7,0,,,1.7,0,290,0,70,0,9.6,6.4,1015.8,0,1026.2,0,,9,,9,0,0,,,2000,,,9.1,0,13,15.6,16.4,16.5
108,서울,2018-10-20 00:00,11.3,0,,,1.2,0,320,0,71,0,9.5,6.2,1015.7,0,1026.1,0,,9,,9,0,0,,,1997,,,8.5,0,12.5,15.1,16.3,16.5
108,서울,2018-10-20 01:00,10.9,0,,,0,0,0,0,72,0,9.3,6,1015.8,0,1026.3,0,,9,,9,0,0,,,1966,,,7.8,0,12,14.7,16,16.4
108,서울,2018-10-20 02:00,10.1,0,,,.1,0,0,0,78,0,9.6,6.4,1016,0,1026.5,0,,9,,9,0,0,,,1887,,,7.3,0,11.4,14.3,15.7,16.3
108,서울,2018-10-20 03:00,9.5,0,,,.4,0,0,0,77,0,9.1,5.6,1015.9,0,1026.4,0,,9,,9,0,0,,,1611,,,6.8,0,11,14,15.7,16.4
108,서울,2018-10-20 04:00,8.9,0,,,.4,0,0,0,75,0,8.5,4.7,1015.7,0,1026.2,0,,9,,9,0,0,,,1877,,,6.1,0,10.5,13.6,15.4,16.2
108,서울,2018-10-20 05:00,8.1,0,,,.6,0,20,0,76,0,8.2,4.1,1015.9,0,1026.4,0,,9,,9,0,0,,,1309,,,5.9,0,10.2,13.4,15.3,16.3
108,서울,2018-10-20 06:00,7.5,0,,,.6,0,20,0,79,0,8.1,4,1016.1,0,1026.7,0,,9,,9,0,0,,,1025,,,5.5,0,9.8,13,15,16.1
108,서울,2018-10-20 07:00,7,0,,,.5,0,50,0,82,0,8.2,4.1,1016.2,0,1026.8,0,0,0,0,0,0,0,,,867,,19,4.9,0,9.3,12.6,14.7,15.9
108,서울,2018-10-20 08:00,7.8,0,,,1.4,0,50,0,70,0,7.4,2.6,1016.7,0,1027.3,0,.5,0,.29,0,0,0,,,1034,,19,6.7,0,9.4,12.4,14.6,15.9
108,서울,2018-10-20 09:00,10.4,0,,,1.3,0,50,0,60,0,7.5,2.9,1017.1,0,1027.6,0,1,0,.99,0,0,0,,,1326,,,12.2,0,10.7,12.2,14.4,15.7
108,서울,2018-10-20 10:00,13,0,,,.5,0,340,0,49,0,7.3,2.5,1017.2,0,1027.6,0,1,0,1.61,0,0,0,,,1685,,,19.9,0,13.3,12.6,14.2,15.6
108,서울,2018-10-20 11:00,16.2,0,,,1.6,0,230,0,39,0,7.2,2.2,1016.7,0,1026.9,0,1,0,2.05,0,0,0,,,1580,,,26.2,0,16.2,13.5,14.3,15.6
108,서울,2018-10-20 12:00,17.7,0,,,2.2,0,290,0,33,0,6.7,1.2,1016.1,0,1026.2,0,1,0,2.37,0,0,0,,,1556,,,30.5,0,18.3,14.5,14.3,15.4
108,서울,2018-10-20 13:00,19.4,0,,,1.1,0,270,0,26,0,5.8,-.6,1015.2,0,1025.2,0,1,0,2.45,0,0,0,,,1942,,,33,0,20.1,15.6,14.6,15.4
108,서울,2018-10-20 14:00,20,0,,,1.6,0,340,0,22,0,5.2,-2.3,1014.1,0,1024.2,0,1,0,2.29,0,0,0,,,1950,,,33.4,0,21.5,16.9,15.2,15.6
108,서울,2018-10-20 15:00,21.3,0,,,1.5,0,270,0,24,0,6.1,-.1,1013.7,0,1023.7,0,1,0,1.91,0,1,0,Ci,,1832,,,30.4,0,21.8,17.7,15.5,15.5
108,서울,2018-10-20 16:00,20.9,0,,,2,0,290,0,20,0,4.9,-2.9,1013.8,0,1023.8,0,1,0,1.35,0,1,0,Ci,,1976,,,26.3,0,21.5,18.4,16,15.7
108,서울,2018-10-20 17:00,19.2,0,,,1.5,0,290,0,23,0,5.1,-2.4,1013.7,0,1023.7,0,1,0,.62,0,1,0,Ci,,2000,,,18.2,0,19.8,18.6,16.5,15.9
108,서울,2018-10-20 18:00,16.6,0,,,2.4,0,270,0,41,0,7.7,3.2,1013.9,0,1024.1,0,.2,0,.04,0,2,0,Ci,,1811,,,14.4,0,17.7,18.1,16.6,16
108,서울,2018-10-20 19:00,14.6,0,,,1.9,0,290,0,48,0,7.9,3.6,1014.3,0,1024.5,0,,9,,9,0,0,,,1998,,,12,0,16.2,17.6,16.8,16.2
108,서울,2018-10-20 20:00,13.7,0,,,1,0,270,0,51,0,8,3.7,1014.5,0,1024.8,0,,9,,9,1,0,,,1954,,,10.9,0,14.9,17,16.8,16.3
108,서울,2018-10-20 21:00,13.3,0,,,2,0,250,0,55,0,8.4,4.4,1014.8,0,1025.1,0,,9,,9,3,0,Ci,,1554,,,10.8,0,14.3,16.5,16.8,16.5
108,서울,2018-10-20 22:00,12.7,0,,,0,0,0,0,58,0,8.5,4.6,1015,0,1025.4,0,,9,,9,5,0,,,1480,,,9.4,0,13.5,15.8,16.5,16.4
108,서울,2018-10-20 23:00,11.7,0,,,0,0,0,0,58,0,7.9,3.6,1015,0,1025.4,0,,9,,9,5,0,,,1567,,,8.9,0,12.9,15.5,16.4,16.6
108,서울,2018-10-21 00:00,11.2,0,,,0,0,0,0,62,0,8.2,4.1,1014.9,0,1025.3,0,,9,,9,3,0,Ci,,1613,,,8.4,0,12.3,15.1,16.2,16.5
108,서울,2018-10-21 01:00,10.6,0,,,.5,0,360,0,60,0,7.6,3.1,1014.8,0,1025.3,0,,9,,9,2,0,,,1642,,,7.9,0,11.8,14.7,16.1,16.5
108,서울,2018-10-21 02:00,9.8,0,,,.6,0,20,0,63,0,7.6,3,1014.7,0,1025.2,0,,9,,9,1,0,,,1591,,,7.1,0,11.3,14.2,15.7,16.3
108,서울,2018-10-21 03:00,9.2,0,,,.4,0,0,0,68,0,7.8,3.5,1014.5,0,1025,0,,9,,9,1,0,Ci,,1538,,,6.8,0,10.9,13.9,15.6,16.3
108,서울,2018-10-21 04:00,8.8,0,,,.9,0,20,0,71,0,8,3.8,1014.6,0,1025.1,0,,9,,9,3,0,Ci,,1516,,,6.2,0,10.4,13.5,15.3,16.1
108,서울,2018-10-21 05:00,8.2,0,,,1.3,0,50,0,73,0,7.9,3.6,1014.4,0,1024.9,0,,9,,9,0,0,,,1305,,,5.9,0,10,13.2,15.1,16.1
108,서울,2018-10-21 06:00,7.6,0,,,.6,0,20,0,75,0,7.8,3.4,1014.7,0,1025.3,0,,9,,9,0,0,,,1181,,,5.4,0,9.6,12.9,14.9,16
108,서울,2018-10-21 07:00,7.2,0,,,.5,0,50,0,76,0,7.7,3.2,1014.5,0,1025.1,0,0,0,0,0,1,0,Ci,,1113,,,5.5,0,9.4,12.7,14.8,15.9
108,서울,2018-10-21 08:00,7.9,0,,,1.1,0,70,0,67,0,7.1,2.1,1014.6,0,1025.1,0,.4,0,.28,0,0,0,,,1210,,,6.7,0,9.4,12.3,14.5,15.7
108,서울,2018-10-21 09:00,10.5,0,,,1.2,0,70,0,56,0,7.1,2,1014.9,0,1025.4,0,1,0,.98,0,1,0,Ci,,1741,,,12.2,0,10.6,12.2,14.3,15.6
108,서울,2018-10-21 10:00,13.4,0,,,.8,0,110,0,46,0,7,1.9,1015.1,0,1025.4,0,1,0,1.61,0,0,0,,,1718,,,20,0,13.2,12.5,14.2,15.5
108,서울,2018-10-21 11:00,16.8,0,,,1.5,0,180,0,38,0,7.2,2.3,1014.6,0,1024.8,0,1,0,2.07,0,0,0,,,1326,,,26.6,0,16,13.4,14.2,15.4
108,서울,2018-10-21 12:00,18.4,0,,,1.9,0,270,0,28,0,5.9,-.4,1014,0,1024.1,0,1,0,2.33,0,1,0,Ci,,1690,,,30.4,0,18.3,14.4,14.3,15.4
108,서울,2018-10-21 13:00,19.3,0,,,1.5,0,270,0,24,0,5.4,-1.8,1013.1,0,1023.1,0,1,0,2.4,0,1,0,Ci,,1745,,,32.8,0,19.9,15.6,14.5,15.3
108,서울,2018-10-21 14:00,20.1,0,,,2.3,0,250,0,23,0,5.4,-1.7,1012.3,0,1022.4,0,1,0,2.23,0,1,0,Ci,,1896,,,32.5,0,21,16.6,14.9,15.3
108,서울,2018-10-21 15:00,20.9,0,,,1.5,0,270,0,23,0,5.7,-1,1011.8,0,1021.8,0,1,0,1.87,0,1,0,Ci,,1892,,,30.1,0,21.4,17.5,15.3,15.4
108,서울,2018-10-21 16:00,20.2,0,,,2.5,0,290,0,24,0,5.7,-1,1011.8,0,1021.8,0,1,0,1.31,0,1,0,Ci,,1881,,,25.6,0,21,18.2,15.9,15.7
108,서울,2018-10-21 17:00,18.8,0,,,2.1,0,320,0,24,0,5.2,-2.2,1011.5,0,1021.5,0,1,0,.63,0,1,0,Ci,,2000,,,18,0,19.5,18.3,16.3,15.8
108,서울,2018-10-21 18:00,16.2,0,,,1.4,0,290,0,41,0,7.5,2.9,1011.6,0,1021.8,0,.2,0,.06,0,3,0,Ci,,1907,,,13.8,0,17.4,17.9,16.5,15.9
108,서울,2018-10-21 19:00,14.9,0,,,1.4,0,270,0,46,0,7.7,3.3,1011.8,0,1022.1,0,,9,,9,4,3,,51,1455,,,12.3,0,16,17.5,16.7,16.2
108,서울,2018-10-21 20:00,13.8,0,,,1.6,0,270,0,52,0,8.1,4,1012.3,0,1022.6,0,,9,,9,6,6,,51,1341,,,11.5,0,15,16.9,16.7,16.3
108,서울,2018-10-21 21:00,13,0,,,1,0,270,0,49,0,7.3,2.5,1012,0,1022.3,0,,9,,9,5,0,Cc,,1702,,,10.1,0,14.2,16.4,16.7,16.4
108,서울,2018-10-21 22:00,12.2,0,,,0,0,0,0,57,0,8.1,3.9,1012.2,0,1022.5,0,,9,,9,5,5,,50,1544,,,9.8,0,13.4,15.9,16.6,16.4
108,서울,2018-10-21 23:00,11.8,0,,,0,0,0,0,56,0,7.7,3.2,1012,0,1022.4,0,,9,,9,5,5,,50,1655,,,9.8,0,13,15.4,16.3,16.4
108,서울,2018-10-22 00:00,11.4,0,,,.2,0,0,0,56,0,7.5,2.9,1011.5,0,1021.9,0,,9,,9,7,0,,,1778,,,8.7,0,12.5,15,16.1,16.4
108,서울,2018-10-22 01:00,10.7,0,,,.9,0,50,0,57,0,7.3,2.5,1011.5,0,1021.9,0,,9,,9,7,7,,48,1828,,,8.7,0,12,14.7,16,16.3
108,서울,2018-10-22 02:00,10.5,0,,,.2,0,0,0,57,0,7.2,2.3,1011.4,0,1021.8,0,,9,,9,8,8,,48,1837,,,9,0,11.7,14.2,15.6,16.2
108,서울,2018-10-22 03:00,10.2,0,,,1,0,20,0,60,0,7.4,2.7,1010.8,0,1021.2,0,,9,,9,8,4,AcCi,47,1796,,,9,0,11.8,14.1,15.6,16.3
108,서울,2018-10-22 04:00,10,0,,,.6,0,20,0,62,0,7.6,3,1010.8,0,1021.2,0,,9,,9,7,4,AcCi,47,1759,,,8.3,0,11.4,13.7,15.3,16.1
108,서울,2018-10-22 05:00,9.4,0,,,.8,0,50,0,65,0,7.6,3.1,1010.9,0,1021.3,0,,9,,9,7,7,Ac,45,1659,,,7.8,0,11.2,13.6,15.2,16
108,서울,2018-10-22 06:00,9.2,0,,,.8,0,50,0,65,0,7.5,2.9,1011,0,1021.4,0,,9,,9,7,7,Ac,47,1689,,,7.9,0,11,13.5,15.1,16
108,서울,2018-10-22 07:00,8.9,0,,,.8,0,50,0,67,0,7.6,3,1011,0,1021.5,0,0,0,0,0,7,7,Ac,47,1557,,,8,0,10.7,13.1,14.9,15.8
108,서울,2018-10-22 08:00,9.7,0,,,.6,0,90,0,58,0,7,1.8,1011.3,0,1021.7,0,.3,0,.22,0,8,8,Ac,47,1559,,,9.9,0,10.8,13,14.7,15.7
108,서울,2018-10-22 09:00,11.9,0,,,1.1,0,90,0,50,0,6.9,1.7,1011.5,0,1021.9,0,.7,0,.75,0,8,8,Ac,45,1529,,,14.7,0,12,12.9,14.6,15.6
108,서울,2018-10-22 10:00,14.6,0,,,.7,0,90,0,43,0,7.1,2.1,1011.2,0,1021.4,0,1,0,1.35,0,7,0,Cc,,1339,,,20.3,0,14,13.3,14.5,15.5
108,서울,2018-10-22 11:00,16.7,0,,,.7,0,140,0,37,0,7,1.9,1010.9,0,1021,0,1,0,1.74,0,6,0,Ci,,1074,,,24.9,0,16.2,13.9,14.5,15.5
108,서울,2018-10-22 12:00,18.2,0,,,1,0,20,0,34,0,7.1,2,1010.6,0,1020.7,0,1,0,2.03,0,5,0,Ci,,758,,40,29.8,0,18.3,14.9,14.7,15.5
108,서울,2018-10-22 13:00,19.4,0,,,1.2,0,180,0,35,0,7.8,3.5,1009.9,0,1019.9,0,.8,0,1.73,0,9,4,AcCi,43,678,,40,27.6,0,19.8,15.9,14.9,15.5
108,서울,2018-10-22 14:00,20.6,0,,,2.2,0,180,0,30,0,7.2,2.3,1009.1,0,1019.1,0,.7,0,1.69,0,8,0,Ci,,839,,40,30.5,0,20.5,16.7,15.2,15.5
108,서울,2018-10-22 15:00,20.2,0,,,1.6,0,180,0,31,0,7.3,2.5,1008.8,0,1018.8,0,1,0,1.25,0,8,0,Ci,,855,,40,26.7,0,20.7,17.4,15.5,15.6
108,서울,2018-10-22 16:00,19.7,0,,,1.6,0,270,0,34,0,7.7,3.3,1008.7,0,1018.7,0,.7,0,.88,0,9,6,AcCi,40,688,,40,22.7,0,20.3,17.9,15.9,15.7
108,서울,2018-10-22 17:00,18.9,0,,,1.7,0,250,0,35,0,7.6,3,1008.7,0,1018.7,0,.4,0,.41,0,8,8,Ac,41,720,,40,19.1,0,19.2,18,16.2,15.8
108,서울,2018-10-22 18:00,17.3,0,,,.9,0,290,0,43,0,8.4,4.5,1008.7,0,1018.8,0,0,0,.08,0,6,6,Ac,42,783,,40,14.9,0,17.7,17.7,16.4,15.9
108,서울,2018-10-22 19:00,15.6,0,,,1.5,0,290,0,44,0,7.7,3.3,1009,0,1019.2,0,,9,,9,0,0,,,828,,40,12.8,0,16.4,17.5,16.7,16.2
108,서울,2018-10-22 20:00,14.5,0,,,1.4,0,290,0,51,0,8.4,4.4,1009,0,1019.2,0,,9,,9,0,0,,,751,,40,11.2,0,15.2,16.9,16.6,16.3
108,서울,2018-10-22 21:00,13.4,0,,,.7,0,20,0,56,0,8.5,4.7,1009,0,1019.3,0,,9,,9,0,0,,,758,,40,10,0,14.1,16.3,16.5,16.3
108,서울,2018-10-22 22:00,12.7,0,,,0,0,0,0,60,0,8.8,5.1,1008.7,0,1019,0,,9,,9,0,0,,,680,,40,9.3,0,13.4,15.9,16.5,16.4
108,서울,2018-10-22 23:00,12,0,,,.4,0,0,0,59,0,8.2,4.2,1008.6,0,1018.9,0,,9,,9,0,0,,,685,,40,8.6,0,12.8,15.3,16.2,16.3
108,서울,2018-10-23 00:00,11.6,0,,,.7,0,20,0,61,0,8.3,4.3,1008.5,0,1018.8,0,,9,,9,0,0,,,673,,40,8.3,0,12.3,14.9,16.1,16.4
108,서울,2018-10-23 01:00,11.1,0,,,.2,0,0,0,62,0,8.1,4,1008.4,0,1018.8,0,,9,,9,0,0,,,666,,40,7.9,0,11.9,14.6,15.9,16.3
108,서울,2018-10-23 02:00,10.6,0,,,.9,0,20,0,68,0,8.7,4.9,1008.1,0,1018.5,0,,9,,9,0,0,,,603,,40,7.9,0,11.6,14.3,15.7,16.3
108,서울,2018-10-23 03:00,10.1,0,,,1.1,0,50,0,70,0,8.6,4.8,1007.6,0,1018,0,,9,,9,5,5,Ac,39,606,,40,7.9,0,11.3,14,15.5,16.2
108,서울,2018-10-23 04:00,10,0,,,.9,0,50,0,73,0,8.9,5.3,1007.3,0,1017.7,0,,9,,9,8,8,Ac,35,622,,40,8.3,0,11.2,13.6,15.2,16
108,서울,2018-10-23 05:00,10,0,,,.5,0,20,0,73,0,8.9,5.3,1007.3,0,1017.7,0,,9,,9,7,7,Ac,40,593,,40,8.3,0,11.2,13.4,15.1,15.9
108,서울,2018-10-23 06:00,9.9,0,,,1,0,50,0,75,0,9.1,5.6,1007.3,0,1017.7,0,,9,,9,9,9,Ac,34,560,,40,9.3,0,11.2,13.4,15,15.9
108,서울,2018-10-23 07:00,10.4,0,0,0,.6,0,50,0,71,0,8.9,5.3,1006.9,0,1017.3,0,0,0,0,0,10,5,ScAs,15,557,,4001,10.6,0,11.8,13.6,15.1,16.1
108,서울,2018-10-23 08:00,11,0,0,0,.8,0,50,0,78,0,10.2,7.3,1007.2,0,1017.6,0,0,0,.03,0,10,7,ScAs,10,412,,401901,11.1,0,11.8,13.2,14.7,15.7
108,서울,2018-10-23 09:00,11.7,0,0,0,.8,0,70,0,77,0,10.5,7.7,1007.2,0,1017.5,0,0,0,.25,0,8,3,ScAc,10,394,,1901,12.4,0,12.3,13.3,14.6,15.6
108,서울,2018-10-23 10:00,13.8,0,,9,1.1,0,50,0,65,0,10.2,7.3,1007.3,0,1017.5,0,.7,0,1.06,0,8,4,ScAc,8,475,,4019,18.7,0,13.7,13.5,14.6,15.5
108,서울,2018-10-23 11:00,13,0,0,0,5,0,340,0,70,0,10.4,7.6,1008,0,1018.3,0,.2,0,.5,0,10,8,ScAs,6,989,,4001,14.6,0,15.2,14.3,15,15.9
108,서울,2018-10-23 12:00,11.5,0,5,0,1.2,0,90,0,90,0,12.2,9.9,1007.1,0,1017.4,0,0,0,.06,0,10,7,CbStNs,3,973,,40190401,12.7,0,13.8,14.5,14.9,15.7
108,서울,2018-10-23 13:00,13.5,0,0,0,.8,0,110,0,82,0,12.6,10.4,1006.4,0,1016.6,0,.7,0,1.33,0,8,8,Sc,8,962,,1904,20.5,0,14.8,14.2,14.7,15.5
108,서울,2018-10-23 14:00,15.1,0,,9,.9,0,140,0,71,0,12.1,9.8,1005.7,0,1015.9,0,1,0,1.62,0,3,0,Ci,,973,,19,22.2,0,17.2,15,15,15.7
108,서울,2018-10-23 15:00,16.6,0,,9,1.5,0,180,0,68,0,12.8,10.6,1005.8,0,1015.9,0,1,0,1.55,0,3,3,Sc,10,955,,4019,21.7,0,18.1,15.5,14.9,15.4
108,서울,2018-10-23 16:00,16.1,0,,9,1.3,0,230,0,70,0,12.8,10.6,1005.7,0,1015.8,0,.9,0,.83,0,3,3,Sc,10,898,,40,17.8,0,18.1,16.4,15.4,15.7
108,서울,2018-10-23 17:00,15.7,0,,9,3.2,0,250,0,63,0,11.2,8.6,1005.6,0,1015.8,0,.7,0,.39,0,6,6,Sc,9,1118,,40,15.6,0,17.2,16.6,15.7,15.8
108,서울,2018-10-23 18:00,14.5,0,,9,2.1,0,290,0,71,0,11.6,9.2,1005.9,0,1016.1,0,.1,0,.06,0,8,8,Sc,15,1235,,,13.6,0,16,16.4,15.9,15.9
108,서울,2018-10-23 19:00,14,0,,9,1.6,0,270,0,70,0,11.2,8.6,1006.3,0,1016.5,0,,9,,9,0,0,,,1265,,,11.7,0,14.9,16,15.8,15.8
108,서울,2018-10-23 20:00,13.6,0,,9,1.4,0,270,0,70,0,10.9,8.2,1007,0,1017.2,0,,9,,9,0,0,,,1392,,,10.7,0,13.9,15.5,15.7,15.8
108,서울,2018-10-23 21:00,12.6,0,,9,1.2,0,270,0,70,0,10.2,7.2,1007.4,0,1017.7,0,,9,,9,0,0,,,1425,,,10.3,0,13.6,15.4,16,16.1
108,서울,2018-10-23 22:00,12.3,0,,9,.9,0,290,0,73,0,10.4,7.5,1008.2,0,1018.5,0,,9,,9,0,0,,,1392,,,9.3,0,12.7,14.7,15.6,15.9
108,서울,2018-10-23 23:00,11.2,0,,9,.5,0,320,0,78,0,10.3,7.4,1008.7,0,1019.1,0,,9,,9,0,0,,,802,,19,9,0,12.5,14.7,15.8,16.2
108,서울,2018-10-24 00:00,10.8,0,,9,1,0,290,0,80,0,10.3,7.4,1008.9,0,1019.3,0,,9,,9,0,0,,,1151,,19,8.2,0,11.9,14.2,15.5,16
108,서울,2018-10-24 01:00,10.2,0,,,1.2,0,290,0,84,0,10.4,7.6,1009.4,0,1019.8,0,,9,,9,0,0,,,1036,,,7.6,0,11.2,13.7,15.2,15.9
108,서울,2018-10-24 02:00,9.5,0,,,1,0,290,0,87,0,10.3,7.4,1009.7,0,1020.1,0,,9,,9,0,0,,,919,,19,7.4,0,11,13.5,15.2,15.9
108,서울,2018-10-24 03:00,9.4,0,,,1.6,0,290,0,85,0,9.9,6.9,1009.8,0,1020.2,0,,9,,9,0,0,,,983,,19,7.1,0,10.6,13.1,14.9,15.8
108,서울,2018-10-24 04:00,9,0,,,.6,0,340,0,87,0,9.9,6.9,1009.6,0,1020,0,,9,,9,0,0,,,972,,19,6.7,0,10.4,12.9,14.7,15.7
108,서울,2018-10-24 05:00,8.5,0,,,1.2,0,20,0,87,0,9.6,6.4,1009.8,0,1020.3,0,,9,,9,0,0,,,1046,,19,6.3,0,9.9,12.5,14.4,15.5
108,서울,2018-10-24 06:00,8.1,0,,,.9,0,20,0,88,0,9.5,6.2,1010.1,0,1020.6,0,,9,,9,0,0,,,831,,19,6.3,0,9.8,12.4,14.4,15.5
108,서울,2018-10-24 07:00,7.8,0,,,.6,0,50,0,90,0,9.5,6.2,1010.3,0,1020.8,0,0,0,0,0,0,0,,,763,,19,5.9,0,9.3,12,14.1,15.3
108,서울,2018-10-24 08:00,8.1,0,,,1.2,0,50,0,85,0,9.2,5.7,1010.9,0,1021.4,0,.4,0,.26,0,0,0,,,772,,19,7.4,0,9.5,11.9,14.1,15.3
108,서울,2018-10-24 09:00,10.1,0,,,1.1,0,50,0,72,0,8.8,5.2,1011.3,0,1021.7,0,1,0,.9,0,0,0,,,728,,19,11.8,0,10.6,11.7,13.7,15.1
108,서울,2018-10-24 10:00,13,0,,,.9,0,50,0,63,0,9.4,6.1,1011.4,0,1021.7,0,1,0,1.5,0,0,0,,,854,,4019,18,0,13.1,12.2,13.7,15.1
108,서울,2018-10-24 11:00,15.7,0,,,1,0,200,0,53,0,9.4,6.1,1011.1,0,1021.3,0,1,0,1.99,0,1,1,Sc,9,1172,,40,23.2,0,15.8,13.1,13.8,15
108,서울,2018-10-24 12:00,16.8,0,,,1.6,0,290,0,48,0,9.2,5.7,1010.8,0,1020.9,0,1,0,2.1,0,3,3,Sc,13,1673,,,20.8,0,17.9,14.1,13.8,14.8
108,서울,2018-10-24 13:00,17.2,0,,,2.3,0,320,0,43,0,8.4,4.4,1010.1,0,1020.2,0,1,0,1.68,0,1,1,Sc,13,1835,,,24.3,0,18.1,15.1,14.1,14.9
108,서울,2018-10-24 14:00,17.6,0,,,2.5,0,290,0,39,0,7.8,3.4,1009.7,0,1019.8,0,1,0,1.63,0,1,1,Sc,13,1964,,,22.7,0,18.8,15.9,14.6,15
108,서울,2018-10-24 15:00,18,0,,,3,0,290,0,40,0,8.2,4.1,1009.3,0,1019.4,0,1,0,1.71,0,1,1,Sc,14,1808,,,21.5,0,19.5,16.6,15.1,15.2
108,서울,2018-10-24 16:00,18.2,0,,,1.3,0,270,0,42,0,8.7,5,1009.4,0,1019.4,0,1,0,1.22,0,0,0,,,1976,,,18.9,0,18.8,16.7,15.1,15
108,서울,2018-10-24 17:00,17,0,,,2.2,0,290,0,47,0,9,5.5,1009.5,0,1019.6,0,1,0,.59,0,0,0,,,1989,,,14.4,0,17.8,17.1,15.7,15.5
108,서울,2018-10-24 18:00,15.1,0,,,1.7,0,270,0,53,0,9,5.5,1009.9,0,1020.1,0,.2,0,.06,0,0,0,,,2000,,,11.6,0,16.1,16.7,15.9,15.5
108,서울,2018-10-24 19:00,13.9,0,,,1.9,0,290,0,61,0,9.6,6.4,1010.5,0,1020.7,0,,9,,9,0,0,,,2000,,,10.2,0,14.6,16.1,15.8,15.5
108,서울,2018-10-24 20:00,13.1,0,,,.4,0,0,0,63,0,9.5,6.2,1011,0,1021.3,0,,9,,9,0,0,,,2000,,,9.4,0,13.6,15.5,15.7,15.6
108,서울,2018-10-24 21:00,12.1,0,,,1,0,270,0,67,0,9.4,6.1,1011.2,0,1021.5,0,,9,,9,0,0,,,1977,,,9.1,0,13,15.2,15.8,15.8
108,서울,2018-10-24 22:00,11.6,0,,,.2,0,0,0,71,0,9.7,6.5,1011.5,0,1021.9,0,,9,,9,0,0,,,1858,,,8.1,0,12.2,14.5,15.5,15.6
108,서울,2018-10-24 23:00,11,0,,,.1,0,0,0,74,0,9.7,6.5,1011.7,0,1022.1,0,,9,,9,0,0,,,1817,,,7.6,0,11.6,14.1,15.3,15.6
108,서울,2018-10-25 00:00,10.5,0,,,.3,0,0,0,75,0,9.5,6.2,1011.7,0,1022.1,0,,9,,9,0,0,,,1800,,,7.2,0,11.2,13.8,15.2,15.7
108,서울,2018-10-25 01:00,10,0,,,.4,0,0,0,78,0,9.5,6.3,1012,0,1022.5,0,,9,,9,0,0,,,1669,,,6.8,0,10.8,13.5,15,15.7
108,서울,2018-10-25 02:00,9.1,0,,,.5,0,20,0,79,0,9.1,5.6,1012,0,1022.5,0,,9,,9,0,0,,,1625,,,6.6,0,10.5,13.2,14.9,15.7
108,서울,2018-10-25 03:00,9.1,0,,,.2,0,0,0,79,0,9.1,5.6,1012.2,0,1022.7,0,,9,,9,0,0,,,1689,,,6,0,10,12.7,14.5,15.4
108,서울,2018-10-25 04:00,8.5,0,,,1.2,0,20,0,83,0,9.2,5.7,1012.2,0,1022.7,0,,9,,9,0,0,,,1577,,,6,0,9.7,12.5,14.4,15.4
108,서울,2018-10-25 05:00,7.8,0,,,.9,0,50,0,85,0,9,5.4,1012.3,0,1022.8,0,,9,,9,0,0,,,1542,,,5.9,0,9.7,12.4,14.4,15.5
108,서울,2018-10-25 06:00,7.5,0,,,1.3,0,50,0,86,0,8.9,5.3,1012,0,1022.5,0,,9,,9,0,0,,,1301,,,5.5,0,9.2,11.9,14,15.2
108,서울,2018-10-25 07:00,7.3,0,,,1.4,0,50,0,85,0,8.7,4.9,1011.9,0,1022.4,0,0,0,0,0,0,0,,,1039,,,5.6,0,9,11.7,13.8,15.1
108,서울,2018-10-25 08:00,7.9,0,,,1.2,0,70,0,76,0,8.1,3.9,1012.3,0,1022.8,0,.3,0,.25,0,1,0,Ci,,1290,,,6.6,0,9,11.5,13.6,15
108,서울,2018-10-25 09:00,10.3,0,,,1,0,70,0,64,0,8,3.7,1012.8,0,1023.3,0,1,0,.91,0,0,0,,,1544,,,11.3,0,10.3,11.4,13.5,14.9
108,서울,2018-10-25 10:00,13.4,0,,,1.1,0,50,0,53,0,8.1,4,1012.6,0,1022.9,0,1,0,1.53,0,0,0,,,1768,,,17.8,0,12.7,11.8,13.4,14.7
108,서울,2018-10-25 11:00,16.4,0,,,.7,0,110,0,43,0,8,3.7,1012.2,0,1022.4,0,1,0,1.96,0,0,0,,,1713,,,21.8,0,15.3,12.7,13.4,14.7
108,서울,2018-10-25 12:00,18.2,0,,,1.4,0,70,0,37,0,7.7,3.2,1011.4,0,1021.5,0,1,0,2.25,0,1,0,Ci,,1861,,,24.6,0,17.8,14,13.7,14.8
108,서울,2018-10-25 13:00,19.4,0,,,1.1,0,20,0,32,0,7.2,2.2,1010.5,0,1020.5,0,1,0,2.31,0,5,0,Ci,,1787,,,25.9,0,19.2,14.8,13.8,14.6
108,서울,2018-10-25 14:00,20.6,0,,,1.4,0,200,0,31,0,7.5,2.8,1009.6,0,1019.6,0,1,0,1.7,0,7,0,Ci,,1562,,,24.7,0,19.9,15.9,14.2,14.6
108,서울,2018-10-25 15:00,20.6,0,,,1.4,0,290,0,32,0,7.7,3.3,1009.2,0,1019.2,0,1,0,1.4,0,7,0,Ci,,1651,,,22.5,0,20.2,16.7,14.8,14.8
108,서울,2018-10-25 16:00,20.4,0,,,.9,0,290,0,32,0,7.6,3.1,1008.8,0,1018.8,0,1,0,.84,0,7,0,Ci,,1720,,,19.1,0,19.4,17.1,15.2,15
108,서울,2018-10-25 17:00,19.2,0,,,.7,0,340,0,36,0,8,3.7,1008.6,0,1018.6,0,.4,0,.38,0,8,0,Ci,,1643,,,16.3,0,18.1,17,15.4,15
108,서울,2018-10-25 18:00,17.3,0,,,1.3,0,320,0,39,0,7.6,3.1,1008.5,0,1018.6,0,0,0,.03,0,8,0,Ci,,1641,,,14.1,0,16.7,16.9,15.8,15.3
108,서울,2018-10-25 19:00,16.4,0,,,1,0,290,0,47,0,8.7,5,1008.6,0,1018.7,0,,9,,9,9,9,,59,1694,,,12.7,0,15.7,16.4,15.8,15.4
108,서울,2018-10-25 20:00,15.3,0,,,.5,0,340,0,50,0,8.7,4.9,1008.1,0,1018.3,0,,9,,9,7,7,,58,1647,,,11.3,0,14.7,16.1,15.8,15.5
108,서울,2018-10-25 21:00,14.5,0,,,.7,0,70,0,50,0,8.2,4.1,1007.8,0,1018,0,,9,,9,8,0,Ci,,1741,,,10.8,0,14,15.6,15.8,15.6
108,서울,2018-10-25 22:00,13.6,0,,,1,0,50,0,56,0,8.7,4.9,1007.8,0,1018,0,,9,,9,6,6,,57,1611,,,9.6,0,13.5,15.3,15.8,15.7
108,서울,2018-10-25 23:00,12.5,0,,,.8,0,50,0,59,0,8.5,4.6,1007.3,0,1017.6,0,,9,,9,3,0,,,1602,,,9,0,12.9,14.9,15.7,15.8
108,서울,2018-10-26 00:00,12.5,0,,,.9,0,70,0,57,0,8.2,4.1,1006.9,0,1017.2,0,,9,,9,8,0,Ci,,1877,,,9.7,0,12.6,14.5,15.5,15.8
108,서울,2018-10-26 01:00,12.7,0,,,1.2,0,90,0,56,0,8.2,4.1,1006.4,0,1016.7,0,,9,,9,10,8,,46,1952,,,10.1,0,12.5,14.1,15.2,15.7
108,서울,2018-10-26 02:00,12.8,0,,,.9,0,20,0,59,0,8.7,4.9,1005.9,0,1016.2,0,,9,,9,10,9,,32,1804,,,10.7,0,12.6,14.1,15.2,15.6
108,서울,2018-10-26 03:00,12.8,0,,,.5,0,90,0,57,0,8.4,4.4,1005.7,0,1016,0,,9,,9,10,10,As,39,1715,,,10.7,0,12.5,13.8,14.8,15.5
108,서울,2018-10-26 04:00,12.6,0,,,.6,0,70,0,60,0,8.7,5,1005,0,1015.3,0,,9,,9,10,10,As,30,1648,,,10.8,0,12.6,13.9,14.9,15.5
108,서울,2018-10-26 05:00,12.4,0,,,.8,0,70,0,60,0,8.6,4.8,1004.9,0,1015.2,0,,9,,9,10,10,As,37,1563,,,10.7,0,12.6,13.8,14.8,15.5
108,서울,2018-10-26 06:00,12.6,0,0,0,1.3,0,50,0,64,0,9.3,5.9,1004,0,1014.2,0,,9,,9,10,3,ScAs,12,1348,,01,10.9,0,12.6,13.7,14.7,15.4
108,서울,2018-10-26 07:00,12.6,0,,9,.8,0,90,0,63,0,9.2,5.7,1003.2,0,1013.4,0,0,0,0,0,10,7,ScAs,10,1265,,,11.3,0,12.7,13.7,14.7,15.4
108,서울,2018-10-26 08:00,12.1,0,.5,0,.8,0,360,0,81,0,11.4,8.9,1003.7,0,1014,0,0,0,0,0,10,7,ScAs,10,706,,1901,12,0,13.1,14.1,15,15.8
108,서울,2018-10-26 09:00,12,0,.5,0,.8,0,70,0,86,0,12,9.7,1003.3,0,1013.6,0,0,0,.07,0,10,7,StNs,8,405,,1901,12.8,0,13.2,14,15,15.7
108,서울,2018-10-26 10:00,12.9,0,0,0,1,0,70,0,84,0,12.4,10.2,1002.2,0,1012.4,0,0,0,.27,0,10,7,ScAs,19,534,,1901,13.5,0,13.1,13.6,14.4,15.1
108,서울,2018-10-26 11:00,12.4,0,1,0,1,0,90,0,87,0,12.4,10.2,1001.4,0,1011.6,0,0,0,.24,0,10,7,StNs,9,317,,1901,14.9,0,13.9,14.2,14.9,15.6
108,서울,2018-10-26 12:00,12.4,0,1,0,1.1,0,50,0,90,0,12.9,10.7,1000.5,0,1010.7,0,0,0,.19,0,10,7,StNs,7,297,,1901,14.2,0,14.1,14.4,14.9,15.6
108,서울,2018-10-26 13:00,12.6,0,1.5,0,2.3,0,180,0,87,0,12.6,10.4,999.4,0,1009.6,0,0,0,.13,0,10,8,StNs,5,539,,1901,13.9,0,14.2,14.5,15,15.6
108,서울,2018-10-26 14:00,12.7,0,5.5,0,1.9,0,270,0,95,0,13.9,11.9,999.1,0,1009.3,0,0,0,.09,0,10,8,StNs,2,255,,1901,13.9,0,14.1,14.5,14.9,15.6
108,서울,2018-10-26 15:00,14,0,1,0,1.2,0,290,0,87,0,13.8,11.8,998.5,0,1008.6,0,.4,0,.68,0,8,4,ScAc,11,1482,,1901,18.3,0,14.4,14.2,14.6,15.2
108,서울,2018-10-26 16:00,14.5,0,,9,1.8,0,270,0,81,0,13.3,11.2,998.9,0,1009,0,.8,0,.78,0,6,6,Sc,4,1588,,,16.6,0,15.4,14.6,14.7,15.2
108,서울,2018-10-26 17:00,14.3,0,,9,2.9,0,270,0,77,0,12.5,10.3,999.1,0,1009.2,0,1,0,.5,0,1,1,Sc,6,1966,,,13.3,0,14.9,14.6,14.6,15
108,서울,2018-10-26 18:00,13.1,0,,9,1.6,0,270,0,74,0,11.1,8.5,999.1,0,1009.3,0,.2,0,.05,0,1,1,Sc,10,1989,,,11.1,0,14,14.7,14.7,15.1
108,서울,2018-10-26 19:00,12.9,0,,9,2.5,0,270,0,66,0,9.7,6.6,999.6,0,1009.8,0,,9,,9,1,1,,13,1997,,,10.7,0,13.4,14.5,14.8,15.1
108,서울,2018-10-26 20:00,12.2,0,0,0,5.4,0,290,0,67,0,9.5,6.2,1000.3,0,1010.5,0,,9,,9,3,3,Sc,11,1956,,01,10.1,0,13,14.3,14.9,15.3
108,서울,2018-10-26 21:00,10.6,0,,9,2.4,0,270,0,70,0,8.9,5.3,1000.6,0,1010.9,0,,9,,9,7,7,Sc,17,2000,,,9.3,0,12.3,14,14.8,15.3
108,서울,2018-10-26 22:00,10.5,0,0,0,2.4,0,270,0,72,0,9.1,5.6,1000.8,0,1011.1,0,,9,,9,4,4,Sc,10,2000,,01,8.9,0,12,13.6,14.6,15.1
108,서울,2018-10-26 23:00,10.2,0,,9,3.9,0,290,0,64,0,7.9,3.6,1001.1,0,1011.4,0,,9,,9,8,3,,19,2000,,,8.2,0,11.7,13.5,14.6,15.2
108,서울,2018-10-27 00:00,9.9,0,,9,3.2,0,270,0,65,0,7.9,3.6,1001.2,0,1011.6,0,,9,,9,4,4,Sc,19,2000,,,7.8,0,11.3,13.2,14.5,15.2
108,서울,2018-10-27 01:00,9.9,0,,,3.5,0,270,0,62,0,7.5,2.9,1001.3,0,1011.7,0,,9,,9,5,1,,23,2000,,,7,0,10.8,12.9,14.2,15
108,서울,2018-10-27 02:00,9.5,0,,,3,0,270,0,58,0,6.9,1.6,1001.5,0,1011.8,0,,9,,9,6,2,,32,2000,,,6.5,0,10.4,12.7,14.2,15.1
108,서울,2018-10-27 03:00,9.1,0,,,2.8,0,270,0,60,0,6.9,1.7,1001.7,0,1012.1,0,,9,,9,1,1,Sc,10,2000,,,5.9,0,9.9,12.3,13.9,14.8
108,서울,2018-10-27 04:00,8.8,0,,,2.8,0,270,0,61,0,6.9,1.6,1002,0,1012.4,0,,9,,9,1,1,Sc,10,2000,,,5.6,0,9.5,12,13.8,14.8
108,서울,2018-10-27 05:00,8,0,,,1.6,0,250,0,65,0,7,1.8,1002.2,0,1012.6,0,,9,,9,1,1,Sc,10,2000,,,5.2,0,9.2,11.7,13.6,14.7
108,서울,2018-10-27 06:00,7.4,0,,,2.3,0,270,0,66,0,6.8,1.4,1002.8,0,1013.2,0,,9,,9,1,1,Sc,18,2000,,,5.1,0,9,11.6,13.6,14.8
108,서울,2018-10-27 07:00,7.3,0,,,3.2,0,270,0,65,0,6.6,1.1,1003.5,0,1014,0,0,0,0,0,1,1,Sc,18,2000,,,5,0,8.7,11.4,13.5,14.7
108,서울,2018-10-27 08:00,7.7,0,,,2.4,0,290,0,62,0,6.5,.8,1004.4,0,1014.8,0,.2,0,.23,0,0,0,,,1985,,,5.7,0,8.7,11.1,13.2,14.6
108,서울,2018-10-27 09:00,8.3,0,,,4,0,290,0,55,0,6,-.2,1005.4,0,1015.8,0,1,0,.89,0,1,1,Sc,10,1853,,,8.7,0,9.7,11.2,13.2,14.6
108,서울,2018-10-27 10:00,9.5,0,,,3.7,0,320,0,46,0,5.5,-1.5,1005.5,0,1015.9,0,1,0,1.49,0,1,1,Sc,13,1871,,,13,0,11.1,11.2,12.9,14.3
108,서울,2018-10-27 11:00,10.4,0,,,4.1,0,320,0,42,0,5.3,-1.9,1005.4,0,1015.8,0,1,0,2.01,0,3,3,Sc,16,1988,,,15.9,0,12.7,11.7,12.8,14.2
108,서울,2018-10-27 12:00,10.4,0,,,4.9,0,290,0,41,0,5.2,-2.3,1005.3,0,1015.7,0,.7,0,1.33,0,3,3,Sc,15,1966,,,15.8,0,13,12.3,13,14.2
108,서울,2018-10-27 13:00,10.6,0,,,4.6,0,290,0,38,0,4.9,-3.1,1005,0,1015.4,0,.9,0,1.63,0,6,6,Sc,16,2000,,,12.5,0,13.9,12.8,13.1,14.1
108,서울,2018-10-27 14:00,10.8,0,,,4.4,0,290,0,37,0,4.8,-3.3,1004.6,0,1014.9,0,.6,0,1.29,0,6,6,Sc,16,2000,,,13,0,13.8,13.1,13.2,14.1
108,서울,2018-10-27 15:00,11.4,0,,,3.8,0,270,0,32,0,4.3,-4.7,1004.5,0,1014.8,0,.8,0,1.21,0,5,5,Sc,18,2000,,,16.3,0,13.8,13.5,13.6,14.3
108,서울,2018-10-27 16:00,10.6,0,,,3.3,0,270,0,35,0,4.5,-4.2,1004.7,0,1015.1,0,.8,0,1.02,0,4,4,Sc,18,2000,,,11,0,14.1,13.7,13.8,14.4
108,서울,2018-10-27 17:00,9.5,0,,,5.7,0,290,0,34,0,4,-5.6,1004.7,0,1015.1,0,.8,0,.45,0,3,3,Sc,19,2000,,,8.1,0,13,13.7,13.9,14.4
108,서울,2018-10-27 18:00,8.9,0,,,3.5,0,270,0,39,0,4.4,-4.3,1004.9,0,1015.3,0,.2,0,.05,0,1,1,Sc,17,2000,,,5.8,0,11.4,13.2,13.7,14.2
108,서울,2018-10-27 19:00,8,0,,,2.9,0,290,0,42,0,4.5,-4.1,1005.6,0,1016,0,,9,,9,0,0,,,2000,,,5,0,10.6,13,13.9,14.5
108,서울,2018-10-27 20:00,7.6,0,,,4.2,0,290,0,44,0,4.6,-3.8,1005.9,0,1016.4,0,,9,,9,0,0,,,2000,,,4.4,0,9.7,12.4,13.7,14.4
108,서울,2018-10-27 21:00,7.3,0,,,3.4,0,270,0,49,0,5,-2.7,1006,0,1016.5,0,,9,,9,0,0,,,2000,,,3.9,0,9.1,11.8,13.4,14.3
108,서울,2018-10-27 22:00,6.6,0,,,1.8,0,270,0,51,0,5,-2.8,1005.7,0,1016.2,0,,9,,9,0,0,,,2000,,,3.9,0,8.9,11.7,13.5,14.5
108,서울,2018-10-27 23:00,6.3,0,,,1.8,0,270,0,52,0,5,-2.8,1005.7,0,1016.2,0,,9,,9,2,1,,17,2000,,,3.9,0,8.3,11.3,13.3,14.3
108,서울,2018-10-28 00:00,6.7,0,,,1.5,0,200,0,55,0,5.4,-1.7,1005.1,0,1015.6,0,,9,,9,1,1,Sc,16,2000,,,3.9,0,8.1,10.8,12.9,14.1
108,서울,2018-10-28 01:00,6.9,0,,,1.8,0,270,0,55,0,5.5,-1.5,1004.9,0,1015.4,0,,9,,9,2,2,,18,2000,,,4.4,0,8.3,10.8,13,14.2
108,서울,2018-10-28 02:00,6.6,0,,,.4,0,0,0,59,0,5.8,-.8,1004.1,0,1014.6,0,,9,,9,0,0,,,2000,,,3.5,0,7.7,10.4,12.6,13.9
108,서울,2018-10-28 03:00,6.2,0,,,.6,0,270,0,59,0,5.6,-1.2,1003.5,0,1014,0,,9,,9,9,4,ScAs,19,2000,,,5.4,0,7.7,10.4,12.6,14
108,서울,2018-10-28 04:00,6.8,0,,,1.1,0,20,0,65,0,6.4,.6,1002.2,0,1012.7,0,,9,,9,10,8,ScAs,16,2000,,,6.1,0,8,10.2,12.3,13.8
108,서울,2018-10-28 05:00,7.2,0,0,0,2.5,0,180,0,68,0,6.9,1.6,1001.5,0,1011.9,0,,9,,9,10,8,ScAs,13,1740,,01,6.8,0,8.4,10.2,12.3,13.8
108,서울,2018-10-28 06:00,6.9,0,1.5,0,1.7,0,160,0,86,0,8.5,4.7,1001.2,0,1011.7,0,,9,,9,10,6,StNs,7,1988,,0401,6.8,0,8.6,10.3,12.2,13.7
108,서울,2018-10-28 07:00,6.9,0,0,0,.9,0,70,0,88,0,8.7,5,1000.4,0,1010.8,0,0,0,0,0,9,4,ScAs,13,1991,,01,6.7,0,8.4,10.1,12,13.4
108,서울,2018-10-28 08:00,6.8,0,,9,1.4,0,70,0,89,0,8.8,5.1,999.8,0,1010.2,0,0,0,.05,0,10,5,ScAs,18,1856,,,7.7,0,8.8,10.3,12.1,13.6
108,서울,2018-10-28 09:00,7.3,0,2.5,0,1.1,0,180,0,90,0,9.2,5.7,1000.6,0,1011,0,0,0,.12,0,10,4,ScAs,13,1889,,04,8.5,0,8.7,10.2,11.9,13.3
108,서울,2018-10-28 10:00,8.2,0,,9,.4,0,0,0,89,0,9.6,6.4,1000.5,0,1010.9,0,0,0,.39,0,10,3,ScAs,10,1365,,,10.5,0,9.4,10.3,11.8,13.2
108,서울,2018-10-28 11:00,9.4,0,0,0,1.2,0,50,0,86,0,10.1,7.1,999.5,0,1009.8,0,.1,0,.75,0,10,4,ScAs,19,1220,,01,14.1,0,10.7,10.7,12,13.4
108,서울,2018-10-28 12:00,11.9,0,0,0,1.6,0,110,0,74,0,10.3,7.4,998,0,1008.2,0,1,0,1.84,0,9,4,AcCi,35,1801,,01,19.5,0,12.9,11,11.8,13.1
108,서울,2018-10-28 13:00,12.1,0,0,0,1.2,0,70,0,75,0,10.5,7.7,996.1,0,1006.3,0,.5,0,.99,0,9,5,ScAs,11,1775,,01,16.7,0,14,12.1,12.1,13.2
108,서울,2018-10-28 14:00,12.4,0,0,0,1.9,0,20,0,72,0,10.3,7.4,994.6,0,1004.8,0,.5,0,1.06,0,9,5,ScAs,7,1860,,01,15.8,0,14.9,12.9,12.5,13.4
108,서울,2018-10-28 15:00,12.2,0,,9,3.3,0,340,0,67,0,9.5,6.2,995.3,0,1005.5,0,.3,0,.86,0,10,7,CbStNs,4,2000,,,15.2,0,14.7,13.1,12.6,13.2
108,서울,2018-10-28 16:00,12.2,0,0,0,1.9,0,270,0,65,0,9.2,5.8,995.1,0,1005.3,0,.4,0,.52,0,10,7,CbStNs,4,2000,,04,13.2,0,14,13.4,12.8,13.2
108,서울,2018-10-28 17:00,9.4,0,1.5,0,1.2,0,250,0,85,0,9.9,6.9,996.6,0,1006.9,0,0,0,.07,0,10,5,ScAs,14,2000,,04,10.9,0,12.9,13.4,13.2,13.5
108,서울,2018-10-28 18:00,8.9,0,,9,1.8,0,290,0,85,0,9.7,6.5,997.4,0,1007.7,0,0,0,.01,0,8,8,Ac,33,2000,,,9.6,0,12.1,13.2,13.3,13.6
108,서울,2018-10-28 19:00,8.4,0,,9,1.2,0,290,0,85,0,9.3,6,998.7,0,1009.1,0,,9,,9,8,2,,9,2000,,,8.4,0,11.1,12.7,13.2,13.6
108,서울,2018-10-28 20:00,8.2,0,,9,2.8,0,360,0,82,0,8.9,5.3,1000,0,1010.4,0,,9,,9,7,3,,15,2000,,,8,0,10.6,12.5,13.3,13.7
108,서울,2018-10-28 21:00,7.6,0,,9,1.1,0,340,0,75,0,7.8,3.4,1000.6,0,1011,0,,9,,9,1,1,Sc,10,2000,,,6.1,0,9.9,12,13,13.6
108,서울,2018-10-28 22:00,6.7,0,,9,.6,0,360,0,76,0,7.4,2.7,1000.9,0,1011.4,0,,9,,9,0,0,,,2000,,,5.4,0,9.4,11.8,13.1,13.8
108,서울,2018-10-28 23:00,6,0,,9,1.1,0,180,0,74,0,6.9,1.7,1001.2,0,1011.7,0,,9,,9,0,0,,,2000,,,4.5,0,8.5,11.3,12.9,13.7
108,서울,2018-10-29 00:00,5.3,0,,9,1.7,0,290,0,81,0,7.2,2.2,1001.7,0,1012.2,0,,9,,9,1,1,,,1993,,,3.9,0,7.9,10.9,12.7,13.6
108,서울,2018-10-29 01:00,5.1,0,,,1.1,0,270,0,83,0,7.3,2.4,1001.9,0,1012.4,0,,9,,9,1,1,,18,1989,,,3.7,0,7.4,10.5,12.4,13.5
108,서울,2018-10-29 02:00,4.7,0,,,1,0,290,0,81,0,6.9,1.7,1002.3,0,1012.8,0,,9,,9,2,2,,35,1918,,,3.7,0,7.3,10.3,12.4,13.5
108,서울,2018-10-29 03:00,5,0,,,.8,0,290,0,67,0,5.8,-.6,1002.2,0,1012.8,0,,9,,9,10,6,ScAs,16,2000,,,5.4,0,7.5,10.1,12.3,13.6
108,서울,2018-10-29 04:00,5.6,0,0,0,.7,0,20,0,66,0,6,-.2,1002,0,1012.5,0,,9,,9,8,4,ScAs,13,2000,,01,5.2,0,7.5,9.8,11.9,13.2
108,서울,2018-10-29 05:00,5.1,0,,9,.7,0,290,0,76,0,6.7,1.2,1002,0,1012.5,0,,9,,9,2,2,Sc,12,2000,,,4,0,7.4,9.7,11.8,13.2
108,서울,2018-10-29 06:00,4.7,0,,9,.6,0,340,0,76,0,6.5,.8,1002.4,0,1012.9,0,,9,,9,9,9,Sc,12,2000,,,4.6,0,7.2,9.8,11.8,13.3
108,서울,2018-10-29 07:00,4.6,0,,9,.7,0,360,0,76,0,6.4,.7,1002.6,0,1013.1,0,0,0,0,0,4,4,Sc,12,2000,,,4.1,0,7.1,9.6,11.7,13.2
108,서울,2018-10-29 08:00,5.1,0,,9,.3,0,0,0,67,0,5.9,-.5,1003.5,0,1014.1,0,.1,0,.24,0,8,8,Sc,13,1981,,,6.1,0,7,9.4,11.5,13
108,서울,2018-10-29 09:00,7.5,0,,9,1.6,0,180,0,53,0,5.5,-1.4,1003.9,0,1014.4,0,1,0,1.01,0,0,0,,,1981,,,9.4,0,8.7,9.4,11.4,13
108,서울,2018-10-29 10:00,9.6,0,,9,1.8,0,290,0,43,0,5.2,-2.3,1003.8,0,1014.1,0,1,0,1.49,0,0,0,,,1930,,,14.1,0,10.7,9.8,11.2,12.7
108,서울,2018-10-29 11:00,11,0,,9,2.6,0,320,0,46,0,6.1,-.1,1003.3,0,1013.6,0,1,0,1.97,0,3,3,Sc,18,1946,,,18.1,0,12.9,10.7,11.4,12.8
108,서울,2018-10-29 12:00,10.8,0,0,0,2.7,0,320,0,49,0,6.3,.4,1003.3,0,1013.6,0,.9,0,1.45,0,10,7,ScAs,13,2000,,01,14.3,0,14.1,11.7,11.7,12.9
108,서울,2018-10-29 13:00,10.4,0,0,0,2.7,0,270,0,49,0,6.2,.1,1002.9,0,1013.2,0,0,0,.54,0,9,9,Sc,14,2000,,01,13.1,0,13,12.1,11.8,12.8
108,서울,2018-10-29 14:00,11.3,0,,9,3.7,0,270,0,39,0,5.2,-2.1,1002.4,0,1012.7,0,.7,0,1.18,0,8,8,Sc,15,2000,,,13.7,0,13.6,12.5,12.2,12.9
108,서울,2018-10-29 15:00,11,0,,9,3.4,0,290,0,46,0,6.1,-.1,1002.5,0,1012.8,0,.2,0,.57,0,9,9,Sc,15,2000,,,11.3,0,12.9,12.5,12.2,12.8
108,서울,2018-10-29 16:00,11.3,0,,9,3.6,0,290,0,41,0,5.5,-1.4,1003.1,0,1013.4,0,1,0,.94,0,3,3,Sc,15,2000,,,12.2,0,13,12.8,12.6,13.1
108,서울,2018-10-29 17:00,10,0,,9,4.9,0,290,0,43,0,5.3,-2,1003.7,0,1014.1,0,.6,0,.43,0,8,8,Sc,17,2000,,,8.9,0,12.2,12.7,12.8,13.2
108,서울,2018-10-29 18:00,9.4,0,,9,3.4,0,290,0,51,0,6,-.2,1004.1,0,1014.5,0,0,0,.02,0,8,8,Sc,15,2000,,,7.2,0,11,12.2,12.6,13
108,서울,2018-10-29 19:00,8.1,0,,9,3.7,0,340,0,53,0,5.7,-.9,1005.4,0,1015.8,0,,9,,9,2,2,,15,2000,,,5.9,0,10.4,12.2,12.8,13.3
108,서울,2018-10-29 20:00,6.8,0,,9,3.2,0,320,0,59,0,5.8,-.6,1006.6,0,1017.1,0,,9,,9,0,0,,,2000,,,4.5,0,9.3,11.5,12.5,13
108,서울,2018-10-29 21:00,5.7,0,,9,2.3,0,320,0,61,0,5.6,-1.2,1007.5,0,1018.1,0,,9,,9,1,1,Sc,14,2000,,,3.7,0,8.5,11.1,12.4,13.1
108,서울,2018-10-29 22:00,5.1,0,,9,2.2,0,340,0,58,0,5.1,-2.4,1008,0,1018.6,0,,9,,9,4,0,,,2000,,,3.2,0,8,10.8,12.4,13.2
108,서울,2018-10-29 23:00,4.3,0,,9,1.4,0,360,0,58,0,4.8,-3.2,1008.5,0,1019.1,0,,9,,9,0,0,,,2000,,,2.2,0,7.2,10.3,12.1,13.1
108,서울,2018-10-30 00:00,3.4,0,,9,1.5,0,340,0,55,0,4.3,-4.8,1008.7,0,1019.4,0,,9,,9,0,0,,,2000,,,1.8,0,6.9,10.1,12.2,13.2
108,서울,2018-10-30 01:00,3,0,,,1,0,360,0,55,0,4.2,-5.1,1008.6,0,1019.3,0,,9,,9,0,0,,,2000,,,1.2,0,6.2,9.7,11.9,13
108,서울,2018-10-30 02:00,2.1,0,,,.5,0,250,0,56,0,4,-5.7,1009.1,0,1019.8,0,,9,,9,0,0,,,2000,,,.9,0,5.8,9.4,11.7,13
108,서울,2018-10-30 03:00,1.7,0,,,.5,0,290,0,59,0,4.1,-5.4,1009.3,0,1020.1,0,,9,,9,0,0,,,2000,,,.6,0,5.5,9,11.5,13
108,서울,2018-10-30 04:00,1.6,0,,,.3,0,0,0,63,0,4.3,-4.6,1009.3,0,1020.1,0,,9,,9,0,0,,,2000,,,.2,0,5,8.5,11.1,12.7
108,서울,2018-10-30 05:00,1.1,0,,,.6,0,320,0,68,0,4.5,-4.1,1009.8,0,1020.6,0,,9,,9,0,0,,,2000,,,.4,0,5,8.4,11.2,12.8
108,서울,2018-10-30 06:00,.8,0,,,1.4,0,290,0,69,0,4.5,-4.2,1010.3,0,1021.1,0,,9,,9,0,0,,,2000,,,.4,0,4.6,8.1,10.9,12.6
108,서울,2018-10-30 07:00,1.3,0,,,1.2,0,320,0,65,0,4.4,-4.5,1010.5,0,1021.3,0,0,0,0,0,0,0,,,2000,,,.4,0,4.4,7.9,10.7,12.5
108,서울,2018-10-30 08:00,1.4,0,,,.9,0,320,0,58,0,3.9,-5.9,1011.5,0,1022.3,0,.1,0,.15,0,0,0,,,1883,,,.6,0,4.2,7.7,10.5,12.3
108,서울,2018-10-30 09:00,3.7,0,,,1.9,0,320,0,49,0,3.9,-6,1011.8,0,1022.5,0,1,0,.89,0,0,0,,,1961,,,3.9,0,4.8,7.4,10.2,12.1
108,서울,2018-10-30 10:00,6.1,0,,,2.5,0,270,0,38,0,3.6,-7.1,1011.7,0,1022.3,0,1,0,1.51,0,0,0,,,1914,,,10.5,0,7.2,7.6,10,11.9
108,서울,2018-10-30 11:00,7.5,0,,,1.4,0,290,0,36,0,3.7,-6.6,1011.8,0,1022.3,0,1,0,1.98,0,0,0,,,1993,,,15.2,0,9.8,8.5,10.2,12.1
108,서울,2018-10-30 12:00,8.5,0,,,1.5,0,290,0,34,0,3.8,-6.4,1011.6,0,1022.1,0,1,0,2.21,0,0,0,,,1892,,,17.8,0,11.8,9.4,10.2,11.9
108,서울,2018-10-30 13:00,9.8,0,,,1.8,0,290,0,33,0,4,-5.7,1010.9,0,1021.4,0,1,0,2.3,0,0,0,,,1937,,,19.4,0,13.2,10.4,10.4,11.8
108,서울,2018-10-30 14:00,10.7,0,,,1.7,0,290,0,33,0,4.2,-4.9,1010.3,0,1020.7,0,1,0,2.12,0,0,0,,,2000,,,19.8,0,14.5,11.5,10.9,12
108,서울,2018-10-30 15:00,10.9,0,,,2.6,0,270,0,33,0,4.3,-4.7,1010.1,0,1020.5,0,1,0,1.73,0,0,0,,,1963,,,16.8,0,14.9,12.2,11.2,12
108,서울,2018-10-30 16:00,11,0,,,2.3,0,270,0,34,0,4.5,-4.2,1010.7,0,1021.1,0,1,0,1.16,0,0,0,,,1999,,,12.7,0,14.2,12.6,11.6,12.1
108,서울,2018-10-30 17:00,9.9,0,,,2.6,0,270,0,40,0,4.9,-3,1010.9,0,1021.4,0,1,0,.47,0,1,1,Ac,35,2000,,,8.4,0,12.4,12.5,11.8,12.1
108,서울,2018-10-30 18:00,8.4,0,,,2.6,0,270,0,52,0,5.7,-.9,1011.3,0,1021.8,0,0,0,.03,0,7,7,Ac,35,2000,,,7.1,0,11,12.3,12.1,12.2
108,서울,2018-10-30 19:00,8,0,,,2.1,0,270,0,52,0,5.6,-1.2,1011.8,0,1022.3,0,,9,,9,7,7,,28,2000,,,7.1,0,10.5,11.9,12.3,12.5
108,서울,2018-10-30 20:00,7.6,0,,,1.1,0,290,0,59,0,6.1,0,1012.1,0,1022.6,0,,9,,9,8,5,,25,2000,,,6.1,0,9.7,11.5,12.2,12.5
108,서울,2018-10-30 21:00,7.6,0,,,2,0,270,0,55,0,5.8,-.8,1012.4,0,1022.9,0,,9,,9,9,9,Ac,33,2000,,,6.4,0,9.5,11.2,12.2,12.6
108,서울,2018-10-30 22:00,7.6,0,,,1.8,0,340,0,50,0,5.2,-2.1,1012.5,0,1023,0,,9,,9,9,4,,18,2000,,,6.6,0,9.3,10.9,12.1,12.7
108,서울,2018-10-30 23:00,7.7,0,0,0,1,0,340,0,50,0,5.3,-2,1012.8,0,1023.3,0,,9,,9,10,5,ScAs,12,1988,,01,6.7,0,9,10.6,11.7,12.4
108,서울,2018-10-31 00:00,7.1,0,0,0,1.7,0,360,0,59,0,6,-.3,1012.9,0,1023.5,0,,9,,9,10,7,,,2000,,01,6.7,0,9.1,10.7,11.9,12.7
